date,portfolio_value,cash,holdings_value,net_contribution,daily_return,drawdown,benchmark_nifty_50,benchmark_nifty_500
2007-09-17,511054.83830369567,1483.0642100677433,509571.77409362793,500000.0,0.0,0.0,500000.0,500000.0
2007-09-18,520226.5349665985,1483.0642100677433,518743.47075653076,0.0,0.01794659980785185,0.0,505734.6282901666,505470.24319514923
2007-09-19,532820.5058375702,1483.0642100677433,531337.4416275024,0.0,0.02420862840412452,0.0,526442.5706647976,522460.9375
2007-09-20,541836.723858963,1483.0642100677433,540353.6596488953,0.0,0.016921679857684335,0.0,528133.4372908416,525664.0019998517
2007-09-21,550888.3402720795,1483.0642100677433,549405.2760620117,0.0,0.016705431755623446,0.0,538145.3405486536,532063.5339089171
2007-09-24,567944.6116458282,1483.0642100677433,566461.5474357605,0.0,0.03096139476345572,0.0,548674.5689292272,541026.8239636195
2007-09-25,570752.8015261993,1483.0642100677433,569269.7373161316,0.0,0.004944478427629351,0.0,549414.3264729996,541890.1739520859
2007-09-26,573231.9088374481,1483.0642100677433,571748.8446273804,0.0,0.004343574494281244,0.0,549597.8671691159,543392.8946566269
2007-09-27,567962.1256533966,1483.0642100677433,566479.0614433289,0.0,-0.00919310858800404,-0.00919310858800404,556278.0097822465,547044.0786059118
2007-09-28,583835.8964701996,1483.0642100677433,582352.8322601318,0.0,0.02794864322782331,0.0,558591.9044593273,552105.6883526659
2007-10-01,617934.6138998718,2641.800846740724,615292.8130531311,20000.0,0.058404626429839235,0.0,583887.0997126249,578597.4829878733
2007-10-03,621419.8720556946,2641.800846740724,618778.0712089539,0.0,0.0056401730497452895,0.0,600226.6086488005,590844.4766221467
2007-10-04,632019.7918822021,2641.800846740724,629377.9910354614,0.0,0.01705758103847299,0.0,599978.9636343913,591902.6036455601
2007-10-05,629376.859436676,2641.800846740724,626735.0585899353,0.0,-0.004181724179325608,-0.004181724179325608,597352.6778513293,587328.7642540311
2007-10-08,602157.5403029175,2641.800846740724,599515.7394561768,0.0,-0.04324804562741824,-0.04724891840863499,585747.390162678,572788.0509645432
2007-10-09,633492.9930540771,2641.800846740724,630851.1922073364,0.0,0.052038628853499524,0.0,613640.3855024105,596606.1755967895
2007-10-10,646513.7659231873,2641.800846740724,643871.9650764465,0.0,0.020553933527089008,0.0,626794.9871967204,608190.9065136618
2007-10-11,661129.058567688,2641.800846740724,658487.2577209473,0.0,0.022606313144208023,0.0,636401.7351858484,617645.7834648077
2007-10-12,654052.9765249939,2641.800846740724,651411.1756782532,0.0,-0.010703026816010985,-0.010703026816010985,625274.470430984,607760.8424115928
2007-10-15,684640.6396834106,2641.800846740724,681998.8388366699,0.0,0.046766338899533855,0.0,653167.4657707164,630923.5709521569
2007-10-16,684765.5216795654,2641.800846740724,682123.7208328247,0.0,0.00018240517567358339,0.0,652896.7604665258,632698.4937011085
2007-10-17,661393.484726593,2641.800846740724,658751.6838798523,0.0,-0.03413144530940515,-0.03413144530940515,640369.9611003638,618724.4436991089
2007-10-18,632161.8194395752,2641.800846740724,629520.0185928345,0.0,-0.044197086850805034,-0.076820021707527,616376.1232950205,597036.2396988585
2007-10-19,605549.8231245728,2641.800846740724,602908.022277832,0.0,-0.04209681049481051,-0.11568295430630848,600744.9589674004,580324.6726881375
2007-10-22,614235.0222288818,2641.800846740724,611593.2213821411,0.0,0.014342666404383309,-0.10299948992421404,597139.5670269831,578672.6158731673
2007-10-23,662321.0854422302,2641.800846740724,659679.2845954895,0.0,0.07828609811087928,-0.03277681998691229,630509.8311466858,609720.0973946508
2007-10-24,671787.8523451538,2641.800846740724,669146.0514984131,0.0,0.014293319525834791,-0.018951990022191167,633095.7895449349,613577.1410606417
2007-10-25,683233.5496412964,2641.800846740724,680591.7487945557,0.0,0.01703766636474091,-0.002237221340396167,641481.5795570485,620629.0323414917
2007-10-26,711781.9375578613,2641.800846740724,709140.1367111206,0.0,0.0417842301970579,0.0,656841.9823358689,634903.5472183982
2007-10-29,731336.1925703735,2641.800846740724,728694.3917236328,0.0,0.027472255167928727,0.0,680294.46577744,653028.2391355768
2007-10-30,726272.507874176,2641.800846740724,723630.7070274353,0.0,-0.006923880901341106,-0.006923880901341106,676015.2071739212,651382.9822800563
2007-10-31,744894.649243042,2641.800846740724,742252.8483963013,0.0,0.025640708090925335,0.0,679689.7237390735,656291.3530100108
2007-11-01,758263.4794907913,3499.9087510452346,754763.5707397461,20000.0,0.01794727651935024,0.0,695750.2950644805,669601.2595716548
2007-11-02,760249.5413575516,3499.9087510452346,756749.6326065063,0.0,0.002619223951144223,0.0,703571.81005204,677011.0014092688
2007-11-05,756846.658514534,3499.9087510452346,753346.7497634888,0.0,-0.004476007755218281,-0.004476007755218281,693479.0936591417,672071.1506112602
2007-11-06,743234.2947221146,3499.9087510452346,739734.3859710693,0.0,-0.017985629769623923,-0.02238113370651096,686268.347698153,669171.9732402205
2007-11-07,739315.8483109818,3499.9087510452346,735815.9395599365,0.0,-0.005272155010820456,-0.027535291911112814,685776.1768479751,668137.6178919332
2007-11-08,733569.3948502884,3499.9087510452346,730069.4860992432,0.0,-0.007772663704993632,-0.03509393305206254,675861.3577196663,659974.9241840572
2007-11-12,734502.3513627396,3499.9087510452346,731002.4426116943,0.0,0.0012718040297217126,-0.03386676162781521,666177.8281990302,652931.041227275
2007-11-13,753811.1640534744,3499.9087510452346,750311.2553024292,0.0,0.026288292549248915,-0.008468768415934025,675464.0422468965,663873.2728787812
2007-11-14,777398.5410218582,3499.9087510452346,773898.632270813,0.0,0.03129082997596799,0.0,704224.1000222015,689951.7131457399
2007-11-15,784396.5008683548,3499.9087510452346,780896.5921173096,0.0,0.009001766117670007,0.0,701164.2902349682,692963.4519079897
2007-11-16,779205.6480164871,3499.9087510452346,775705.7392654419,0.0,-0.006617638969731776,-0.006617638969731776,700541.6498089049,695109.6774087674
2007-11-19,790714.518797432,3499.9087510452346,787214.6100463867,0.0,0.014770004311751794,0.0,700636.505186313,701337.2497634832
2007-11-20,790617.3898377762,3499.9087510452346,787117.481086731,0.0,-0.000122836949805194,-0.000122836949805194,685604.186328499,687235.465215116
2007-11-21,743083.4477143631,3499.9087510452346,739583.5389633179,0.0,-0.06012256084218737,-0.06023801252000427,659530.3656666426,656787.1965799948
2007-11-22,736833.4382386551,3499.9087510452346,733333.5294876099,0.0,-0.00841091198428967,-0.06814226788287958,654584.8564566135,650306.3267356573
2007-11-23,762519.6150956497,3499.9087510452346,759019.7063446045,0.0,0.034860221488312915,-0.035657500945679876,665169.7436996896,662170.3523442405
2007-11-26,785597.4848313675,3499.9087510452346,782097.5760803223,0.0,0.03026528010407037,-0.006471405095541671,679769.1907955223,677545.771095714
2007-11-27,781769.5699067459,3499.9087510452346,778269.6611557007,0.0,-0.0048726160642472705,-0.011312488487362105,675790.1872319774,676279.146210009
2007-11-28,765545.4821763382,3499.9087510452346,762045.573425293,0.0,-0.020753030502764447,-0.0318307505714861,666231.1626328476,669164.9639228191
2007-11-29,761867.91914991,3499.9087510452346,758368.0103988647,0.0,-0.004803846553928404,-0.0364816870839727,668253.2962859079,667236.8518870602
2007-11-30,796298.7867570267,3499.9087510452346,792798.8780059814,0.0,0.04519269907772805,0.0,683451.641008819,685321.4405329579
2007-12-03,837898.5467148667,3974.83936318208,833923.7073516846,20000.0,0.05224139562896668,0.0,715578.3045450043,719451.3997885266
2007-12-04,855545.8841248398,3974.83936318208,851571.0447616577,0.0,0.021061425012804724,0.0,714766.9616900119,724279.0986998505
2007-12-05,878425.1546250229,3974.83936318208,874450.3152618408,0.0,0.02674230678298084,0.0,724728.9222501833,735555.9813398595
2007-12-06,873229.533165062,3974.83936318208,869254.6938018799,0.0,-0.005914700225289948,-0.005914700225289948,726522.467150132,735606.5908921364
2007-12-07,867501.0765152817,3974.83936318208,863526.2371520996,0.0,-0.006560081206847479,-0.012435980518345269,728913.7809176183,737647.7250277484
2007-12-10,881458.1445771103,3974.83936318208,877483.3052139282,0.0,0.016088819299099555,0.0,727242.3038280726,739348.6583601364
2007-12-11,893220.7197037583,3974.83936318208,889245.8803405762,0.0,0.013344451122283552,0.0,743914.7173720421,751674.9823725675
2007-12-12,911760.461074913,3974.83936318208,907785.621711731,0.0,0.020756058342784156,0.0,751485.3045903933,761989.152579601
2007-12-13,906954.9249268417,3974.83936318208,902980.0855636597,0.0,-0.0052706125712074225,-0.0052706125712074225,739138.1068448054,755236.0994860582
2007-12-14,905949.0143929367,3974.83936318208,901974.1750297546,0.0,-0.0011091075270208695,-0.006373874422153536,737869.2331045541,756227.721565516
2007-12-17,859253.9950638657,3974.83936318208,855279.1557006836,0.0,-0.051542657022879745,-0.05758800502178529,704841.5797709274,721029.2727431017
2007-12-18,858720.2375756149,3974.83936318208,854745.3982124329,0.0,-0.0006211870894019533,-0.058173419185963304,700607.8701495976,718836.1685831947
2007-12-19,857239.0153084641,3974.83936318208,853264.175945282,0.0,-0.0017249183172074467,-0.059797993106842307,701687.6549536756,719335.5491514013
2007-12-20,846569.9137955551,3974.83936318208,842595.074432373,0.0,-0.012445888862244403,-0.07149964279269361,703560.4932922024,719610.579553509
2007-12-24,862880.5530053024,3974.83936318208,858905.7136421204,0.0,0.019266736206841273,-0.05361047134242258,730231.5056117645,742099.1037486787
2007-12-26,881944.7403641586,3974.83936318208,877969.9010009766,0.0,0.02209365745056835,-0.032701265281457115,740681.4991162122,756886.3525824371
2007-12-27,880756.5092621689,3974.83936318208,876781.6698989868,0.0,-0.0013472852068929786,-0.0340044925573898,741993.0876539545,757718.7242131801
2007-12-28,901578.036201561,3974.83936318208,897603.1968383789,0.0,0.02364050304531351,-0.011167872821933433,741773.4966587638,764942.3189121796
2007-12-31,927779.4439774399,3974.83936318208,923804.6046142578,0.0,0.029061719256458396,0.0,748959.7698483644,775147.9189065074
2008-01-01,959952.8363455047,3054.1781004180266,956898.6582450867,20000.0,0.03467784566355103,0.0,769661.3172057613,799468.9568252051
2008-01-02,961809.7556150665,3054.1781004180266,958755.5775146484,0.0,0.001934385939866612,0.0,774051.7699655864,807375.2300504767
2008-01-03,963931.3036916961,3054.1781004180266,960877.1255912781,0.0,0.0022057876458874137,0.0,773945.2839627604,808028.5763524331
2008-01-04,975872.6906584015,3054.1781004180266,972818.5125579834,0.0,0.01238821368387133,0.0,785939.2410047855,816996.4285723281
2008-01-07,968591.8453291168,3054.1781004180266,965537.6672286987,0.0,-0.007460855702778657,-0.007460855702778657,786540.5413458437,816632.6367677102
2008-01-08,940414.783027481,3054.1781004180266,937360.604927063,0.0,-0.029090749047202102,-0.03633456286905379,787636.5948614334,810715.9088780563
2008-01-09,928320.4319151153,3054.1781004180266,925266.2538146973,0.0,-0.012860656096270962,-0.048727932647857575,785651.1599747393,809468.736615234
2008-01-10,887007.4673765411,3054.1781004180266,883953.289276123,0.0,-0.04450291420748542,-0.09106231184920732,771239.6465009508,789870.0874934341
2008-01-11,886042.2139166107,3054.1781004180266,882988.0358161926,0.0,-0.0010882134541496669,-0.0920514300704367,776644.7438908047,794071.9625838785
2008-01-14,910027.1201704254,3054.1781004180266,906972.9420700073,0.0,0.027069710536468783,-0.06747352510044258,777483.9710273788,799572.9180543447
2008-01-15,896341.8751447906,3054.1781004180266,893287.6970443726,0.0,-0.015038282620711163,-0.08149712178127766,760880.3505224107,784257.7760620485
2008-01-16,884002.6272886505,3054.1781004180266,880948.4491882324,0.0,-0.013766229379997386,-0.09414144308902439,743531.3891613614,766863.9894659251
2008-01-17,903627.4612234344,3054.1781004180266,900573.2831230164,0.0,0.02219997240842586,-0.07403140811966435,740706.7271380932,764814.9962865874
2008-01-18,839682.7154348602,3054.1781004180266,836628.5373344421,0.0,-0.07076450034176529,-0.13955711285624428,714664.44667672,731363.6946253724
2008-01-21,706578.148425888,3054.1781004180266,703523.97032547,0.0,-0.15851769312655095,-0.2759525343934216,652471.238620684,657081.8014630369
2008-01-22,640465.6020143738,3054.1781004180266,637411.4239139557,0.0,-0.09356721058923145,-0.34369963608443166,613702.2599835376,613838.5699727017
2008-01-23,703653.317767929,3054.1781004180266,700599.139667511,0.0,0.09865903110927299,-0.2789496780638584,651794.8292552315,655812.3725075049
2008-01-24,654041.1433008423,3054.1781004180266,650986.9652004242,0.0,-0.07050655942966688,-0.3297884554392295,630506.3750992257,633556.0422845712
2008-01-25,714128.3964994659,3054.1781004180266,711074.2183990479,0.0,0.09187075433110037,-0.2682156152790196,674335.9771641835,678113.2886132285
2008-01-28,707964.423690628,3054.1781004180266,704910.24559021,0.0,-0.008631462968077708,-0.27453198509635635,660650.9661266771,667764.5789795116
2008-01-29,713367.794029068,3054.1781004180266,710313.6159286499,0.0,0.007632262522842659,-0.2689950227546861,661490.1932632511,666836.6126385174
2008-01-30,681453.4381178131,3054.1781004180266,678399.260017395,0.0,-0.04473759003193023,-0.3016984237379875,647310.4290512131,651150.2841098235
2008-01-31,676041.2437036743,3054.1781004180266,672987.0656032562,0.0,-0.007942133844224708,-0.30724442832029353,643533.7540273783,645716.0987174867
2008-02-01,701320.6388581963,2960.212214824751,698360.4266433716,20000.0,0.03739327354649191,-0.28134002972761796,686056.063516531,680719.4295197346
2008-02-04,727174.7434190484,2960.212214824751,724214.5312042236,0.0,0.036864884802113584,-0.2548467127116363,704925.9115186548,701882.6981760447
2008-02-05,745498.933329937,2960.212214824751,742538.7211151123,0.0,0.02519915615431234,-0.23606947866635752,707558.000793764,706303.4857851837
2008-02-06,732360.5366471978,2960.212214824751,729400.324432373,0.0,-0.01762362908294679,-0.2495327068194838,686739.8687055503,688880.3377421843
2008-02-07,703725.8470720025,2960.212214824751,700765.6348571777,0.0,-0.039099170616547774,-0.2788753555576876,662315.5367993291,666057.415772223
2008-02-08,681432.1449693413,2960.212214824751,678471.9327545166,0.0,-0.03167952718436973,-0.3017202433346168,660651.1320371493,659900.4156844243
2008-02-11,632060.1392930718,2960.212214824751,629099.9270782471,0.0,-0.07245329713421556,-0.3523129140271015,626672.4905730953,625153.4971292001
2008-02-12,622968.262111065,2960.212214824751,620008.0498962402,0.0,-0.01438451282844011,-0.3616295772240937,624253.2792907718,620197.2808621447
2008-02-13,618438.4147371026,2960.212214824751,615478.2025222778,0.0,-0.007271393503437862,-0.3662714197690533,636020.348168111,628954.7530367154
2008-02-14,659603.0392259331,2960.212214824751,656642.8270111084,0.0,0.06656220491466325,-0.32408904815144235,671185.9781678489,664428.2367408389
2008-02-15,677825.7639268609,2960.212214824751,674865.5517120361,0.0,0.02762680524078953,-0.30541578792460555,684204.547881734,678050.1662222572
2008-02-18,692973.4791139336,2960.212214824751,690013.2668991089,0.0,0.022347505794582334,-0.28989356322042525,680849.908236912,676321.5723141641
2008-02-19,693961.1810029717,2960.212214824751,691000.968788147,0.0,0.0014253097972825035,-0.2888814415589699,681353.0915835765,677453.6022701361
2008-02-20,680562.7625001641,2960.212214824751,677602.5502853394,0.0,-0.0193071584831922,-0.3026111202671301,665050.8835559938,661797.2156799316
2008-02-21,687687.9039262505,2960.212214824751,684727.6917114258,0.0,0.010469484695152964,-0.295309818064197,669869.9020301473,666539.2530146337
2008-02-22,676770.9251664849,2960.212214824751,673810.7129516602,0.0,-0.01587490298642269,-0.3064967063379125,659412.4832605409,657055.1783452295
2008-02-25,673197.8276323052,2960.212214824751,670237.6154174805,0.0,-0.00527962623882039,-0.31015814452383916,671018.2713857252,664933.0790786862
2008-02-26,687763.9351686211,2960.212214824751,684803.7229537964,0.0,0.02163718737409792,-0.29523190703840607,679966.0771150443,673988.7958833833
2008-02-27,700716.8743776055,2960.212214824751,697756.6621627808,0.0,0.018833408596524714,-0.28195872157786683,679753.1991222586,674279.4966348113
2008-02-28,697285.6709626885,2960.212214824751,694325.4587478638,0.0,-0.004896704418549502,-0.2854747574786174,681907.9351711656,673728.7934898271
2008-02-29,687024.0507692071,2960.212214824751,684063.8385543823,0.0,-0.014716522396500786,-0.2959900842130484,673960.0071049132,667051.7139230476
2008-03-03,664162.0617509118,2163.4042458763943,661998.6575050354,20000.0,-0.03327683942461479,-0.31941730913402744,659058.8523385919,653130.8500852998
2008-03-04,645040.4723801842,2163.4042458763943,642877.0681343079,0.0,-0.028790547476195583,-0.3390116574068811,647249.5502701384,638352.7549409743
2008-03-05,641424.2931733361,2163.4042458763943,639260.8889274597,0.0,-0.005606127617860168,-0.34271724240937607,654854.0624950394,641563.9839963092
2008-03-07,611816.683458828,2163.4042458763943,609653.2792129517,0.0,-0.04615916489228922,-0.3730568655978602,634921.3172178561,618974.7734488405
2008-03-10,612013.8545098534,2163.4042458763943,609850.450263977,0.0,0.0003222714521460279,-0.3728548197235234,638753.4929143874,619826.8839217196
2008-03-11,645953.1852631798,2163.4042458763943,643789.7810173035,0.0,0.05545516740059364,-0.33807637876681607,647469.0904973022,635054.6890556427
2008-03-12,637463.556581997,2163.4042458763943,635300.1523361206,0.0,-0.013142792503955114,-0.34677590357415033,648280.7850986513,632806.0235306851
2008-03-13,593704.4810014,2163.4042458763943,591541.0767555237,0.0,-0.06864561139028535,-0.39161687104816956,615228.0585572238,597292.9191658283
2008-03-14,605056.9155717125,2163.4042458763943,602893.5113258362,0.0,0.019121355714149857,-0.3799837608289941,631488.2642249258,610477.1693705803
2008-03-17,559764.265615963,2163.4042458763943,557600.8613700867,0.0,-0.07485684204262488,-0.4263962185084804,599194.0202558306,574766.8136438851
2008-03-18,547775.5816407433,2163.4042458763943,545612.177394867,0.0,-0.021417379978744155,-0.43868130865392874,603172.5777611219,574837.8164290156
2008-03-19,544661.4044213524,2163.4042458763943,542498.0001754761,0.0,-0.005685133335193604,-0.4418724802577676,608621.5155212062,577204.8327710761
2008-03-24,524962.283773922,2163.4042458763943,522798.87952804565,0.0,-0.036167645600588716,-0.46205863859174023,613398.4483776042,576991.7858900281
2008-03-25,568837.9375519982,2163.4042458763943,566674.5333061218,0.0,0.08357867819123443,-0.41709821066084474,649012.629170499,612228.7768739678
2008-03-26,578398.0849061242,2163.4042458763943,576234.6806602478,0.0,0.016806451755430052,-0.4073016998601624,642539.1486929993,610256.263255584
2008-03-27,574653.7719788781,2163.4042458763943,572490.3677330017,0.0,-0.0064735915020427415,-0.41113858653922286,642725.4232805338,609467.2578082305
2008-03-28,603538.3634705773,2163.4042458763943,601374.9592247009,0.0,0.05026433811133302,-0.3815398573523128,657595.1641948962,626651.7810413276
2008-03-31,584117.1328988305,2163.4042458763943,581953.7286529541,0.0,-0.03217894958667966,-0.40144125510394346,629984.6833024557,603723.3135617594
2008-04-01,604477.5942731897,1762.7467733422818,602714.8474998474,20000.0,0.03485681249121253,-0.3805774051681261,650656.6232341896,622397.7612948116
2008-04-02,600961.6227041284,1762.7467733422818,599198.8759307861,0.0,-0.0058165457286945,-0.38418030501635225,652667.8635599472,625340.6446660627
2008-04-03,597252.0542150537,1762.7467733422818,595489.3074417114,0.0,-0.006172721100530354,-0.38798158824170004,655056.5633669187,626123.2455339048
2008-04-04,584040.9565626184,1762.7467733422818,582278.2097892761,0.0,-0.022119802785439013,-0.40151931481085124,637951.1668342176,611066.4681637227
2008-04-07,597544.9990240136,1762.7467733422818,595782.2522506714,0.0,0.023121738826115124,-0.38768140071543333,653628.8401400719,624525.44372138
2008-04-08,596785.403694729,1762.7467733422818,595022.6569213867,0.0,-0.0012711935176854539,-0.38845977614960203,646551.8938198524,620710.3192221586
2008-04-09,610114.9670835534,1762.7467733422818,608352.2203102112,0.0,0.02233560557329395,-0.3748006549174757,651686.2409986089,626791.6864257044
2008-04-10,607733.9868055383,1762.7467733422818,605971.240032196,0.0,-0.003902510848728391,-0.3772405021442782,649757.4505328926,624566.2037686141
2008-04-11,614571.2389074365,1762.7467733422818,612808.4921340942,0.0,0.01125040272609601,-0.3702342069919,655907.6738327282,629612.2896552531
2008-04-15,623650.8051458398,1762.7467733422818,621888.0583724976,0.0,0.01477382224157564,-0.3609301591121734,669889.896480024,642052.264032057
2008-04-16,629170.4664503137,1762.7467733422818,627407.7196769714,0.0,0.008850563903598507,-0.3552740306465333,670940.0931932504,645598.3881414266
2008-04-17,643816.7073598901,1762.7467733422818,642053.9605865479,0.0,0.02327865290977238,-0.34026567858403733,680700.883006427,656709.5610955576
2008-04-21,661351.3900266687,1762.7467733422818,659588.6432533264,0.0,0.027235519778110895,-0.32229747142481435,691491.2905840229,668424.0145925408
2008-04-22,668637.8513113061,1762.7467733422818,666875.1045379639,0.0,0.011017533786908063,-0.3148308609187641,693179.836904708,671864.178500995
2008-04-23,680474.9383626977,1762.7467733422818,678712.1915893555,0.0,0.017703285909071997,-0.3027011157535363,689541.854137093,669320.7356316918
2008-04-24,674488.9737478296,1762.7467733422818,672726.2269744873,0.0,-0.008796745151659957,-0.3088350763327893,686391.2639974137,665790.9314631093
2008-04-25,687603.4772611657,1762.7467733422818,685840.7304878235,0.0,0.019443614386258634,-0.29539633207969607,701746.310330602,678662.9066139681
2008-04-28,695508.5327039758,1762.7467733422818,693745.7859306335,0.0,0.011496532091863632,-0.28729583339940545,698719.1938837653,677741.7454683702
2008-04-29,709014.417820553,1762.7467733422818,707251.6710472107,0.0,0.019418719514582294,-0.27345603109131444,713250.5460054181,690189.8798155676
2008-04-30,708697.4809270898,1762.7467733422818,706934.7341537476,0.0,-0.00044701050570650214,-0.2737808038782743,709186.974488695,688371.9976308189
2008-05-02,739457.6542857629,1936.4928401452635,737521.1614456177,20000.0,0.04340381359678869,-0.24226012125939722,737739.706271249,717877.2088020317
2008-05-05,736473.2270778161,1936.4928401452635,734536.7342376709,0.0,-0.0040359676996371,-0.24531833493472122,732666.8541348643,715772.44780642
2008-05-06,721954.2360270959,1936.4928401452635,720017.7431869507,0.0,-0.01971421433516163,-0.2601962910346348,725950.1101787149,707328.0995228433
2008-05-07,722969.8317607385,1936.4928401452635,721033.3389205933,0.0,0.0014067314560426425,-0.2591555858859361,724658.9878009717,704158.3468243318
2008-05-08,715172.7092402917,1936.4928401452635,713236.2164001465,0.0,-0.010784851840162535,-0.2671454831287683,717067.4169687774,696393.2020150996
2008-05-09,690121.1066173059,1936.4928401452635,688184.6137771606,0.0,-0.03502874522379007,-0.2928164572863544,703083.622506981,681600.9954583988
2008-05-12,689159.7337115747,1936.4928401452635,687223.2408714294,0.0,-0.0013930495626245376,-0.29380159901122693,707323.8836399692,681969.9550983384
2008-05-13,687901.3628047449,1936.4928401452635,685964.8699645996,0.0,-0.0018259495517137792,-0.29509108166493336,699584.1083019568,677810.6732001354
2008-05-14,702023.5000689966,1936.4928401452635,700087.0072288513,0.0,0.020529305548505183,-0.28061979109656654,707196.9004208978,684485.6448417511
2008-05-15,723314.8859828454,1936.4928401452635,721378.3931427002,0.0,0.03032859428745094,-0.2588020006023126,721801.555320596,697567.1905620255
2008-05-16,733280.1985743982,1936.4928401452635,731343.7057342529,0.0,0.01377728121551347,-0.24859030732823462,727791.6080062371,704074.4904995514
2008-05-20,727732.6853526575,1936.4928401452635,725796.1925125122,0.0,-0.007565338914818476,-0.2542749763171761,720348.1727795793,697500.1218803896
2008-05-21,739448.7873881799,1936.4928401452635,737512.2945480347,0.0,0.016099458319430715,-0.24226920738063806,722140.2002048806,700133.2432348717
2008-05-22,726237.1147960168,1936.4928401452635,724300.6219558716,0.0,-0.01786692035675419,-0.2558075231042285,709130.1045232893,687596.7226801988
2008-05-23,712144.6858638269,1936.4928401452635,710208.1930236816,0.0,-0.019404721467792485,-0.2702483708368175,697996.6458128592,677114.6820826463
2008-05-26,690569.1986163598,1936.4928401452635,688632.7057762146,0.0,-0.030296494063276058,-0.2923572867374259,687907.4397710386,664561.373884829
2008-05-27,682202.703365658,1936.4928401452635,680266.2105255127,0.0,-0.01211536116505807,-0.30093063378442364,685755.5461747063,661492.2242087715
2008-05-28,707297.0902827722,1936.4928401452635,705360.597442627,0.0,0.036784355724934326,-0.27521581754114544,694017.4478470234,669425.0407220934
2008-05-29,706919.8054774744,1936.4928401452635,704983.3126373291,0.0,-0.0005334177257070305,-0.2756024302713811,682298.4056428936,660687.1953017851
2008-05-30,703633.0982898218,1936.4928401452635,701696.6054496765,0.0,-0.004649335274222066,-0.27897039744488106,687208.9976160047,664083.3764553922
2008-06-02,702281.7998001672,2533.1012756921555,699748.6985244751,20000.0,-0.0019204589621194534,-0.2803551052070614,688794.432742472,666289.0889042697
2008-06-03,697276.0462257959,2533.1012756921555,694742.9449501038,0.0,-0.00712784180907966,-0.2854846201758573,685350.1416103506,662502.4951237163
2008-06-04,671267.765414486,2533.1012756921555,668734.664138794,0.0,-0.03729983405006809,-0.31213592526951917,666413.9912586441,643094.1705186554
2008-06-05,678392.7081482507,2533.1012756921555,675859.6068725586,0.0,0.010614158910736915,-0.3048348266713429,679689.6764218757,652638.4316223325
2008-06-06,672087.3097336389,2533.1012756921555,669554.2084579468,0.0,-0.0092946140765916,-0.31129611867691953,672546.770958953,645013.4070305518
2008-06-09,658303.685488949,2533.1012756921555,655770.5842132568,0.0,-0.02050868100775871,-0.32542052688778,654112.0290117867,624489.8686523904
2008-06-10,651235.1056282617,2533.1012756921555,648702.0043525696,0.0,-0.010737566895796968,-0.33266386910685386,646678.4684646585,617366.2871285026
2008-06-11,658617.1011116601,2533.1012756921555,656083.999835968,0.0,0.011335377069817021,-0.32509936243086734,657403.6836482718,628043.0269446496
2008-06-12,666161.7292015649,2533.1012756921555,663628.6279258728,0.0,0.011455256896868438,-0.3173682022476527,659692.5924363906,630333.9873100577
2008-06-13,666598.4522965051,2533.1012756921555,664065.351020813,0.0,0.0006555811836619352,-0.316920681685677,656459.0546246038,628466.6300414007
2008-06-16,674864.0774757959,2533.1012756921555,672330.9762001038,0.0,0.012399706526192489,-0.3084506986044677,664510.186264955,636238.5965743662
2008-06-17,685742.7160217859,2533.1012756921555,683209.6147460938,0.0,0.016119747530020545,-0.2973030984614098,676209.0534042286,648998.8219955296
2008-06-18,677547.0185349084,2533.1012756921555,675013.9172592163,0.0,-0.01195156331287528,-0.3057014249699095,665948.9147396296,639947.3503837779
2008-06-19,671736.4165070154,2533.1012756921555,669203.3152313232,0.0,-0.008575939187892234,-0.31165568732760784,654591.5815164403,628233.1945531063
2008-06-20,644045.1923592187,2533.1012756921555,641512.0910835266,0.0,-0.04122334812781059,-0.3400315445607003,631818.7272846493,607052.6175898997
2008-06-23,617306.3863861657,2533.1012756921555,614773.2851104736,0.0,-0.04151697161981038,-0.36743143619514373,620025.4114351516,590739.2760890428
2008-06-24,595831.7270691491,2533.1012756921555,593298.625793457,0.0,-0.03478768370230789,-0.38943703131281027,609082.275899098,580788.7190405496
2008-06-25,603719.6076347925,2533.1012756921555,601186.5063591003,0.0,0.013238436637879714,-0.3813541321384093,618027.1577312384,588050.6311422205
2008-06-26,614695.1119988061,2533.1012756921555,612162.010723114,0.0,0.018179804374770514,-0.37010727128342547,627211.8867764196,593229.0576388751
2008-06-27,587304.4416763879,2533.1012756921555,584771.3404006958,0.0,-0.0445597659518584,-0.39817514384981345,601169.1628473161,569480.8591546941
2008-06-30,572639.1025955774,2533.1012756921555,570106.0013198853,0.0,-0.024970591128087083,-0.4132030662634596,587203.2073394533,553867.7819061544
2008-07-01,563596.4918263437,1779.7309926034795,561816.7608337402,20000.0,-0.015791116478505618,-0.4224692449933233,586305.0996890023,551814.0380215431
2008-07-02,597320.5870869638,1779.7309926034795,595540.8560943604,0.0,0.05983730514598595,-0.38791136097479706,615885.555159642,578581.2615802193
2008-07-03,581027.0430729868,1779.7309926034795,579247.3120803833,0.0,-0.027277720484134016,-0.40460774378164055,590668.4403936872,555922.3959713449
2008-07-04,587516.2062275888,1779.7309926034795,585736.4752349854,0.0,0.01116843567260073,-0.3979581436681012,604247.4575867153,570176.1178260767
2008-07-07,583689.6110966684,1779.7309926034795,581909.8801040649,0.0,-0.0065131737479903196,-0.4018793468819535,606353.8979269081,575495.5036118032
2008-07-08,578614.5045598032,1779.7309926034795,576834.7735671997,0.0,-0.00869487213817266,-0.4070799294840153,600117.3372663755,571584.4649285515
2008-07-09,595379.5523884775,1779.7309926034795,593599.821395874,0.0,0.028974468660146746,-0.38990038548287786,625477.3817087339,595875.8901427794
2008-07-10,595559.8083622934,1779.7309926034795,593780.0773696899,0.0,0.00030275808615320976,-0.3897156728912239,626244.742526023,596279.551488068
2008-07-11,581603.3702824594,1779.7309926034795,579823.639289856,0.0,-0.023434150330278736,-0.40401716755690387,609212.6383885982,579872.9691251307
2008-07-14,578962.3530934335,1779.7309926034795,577182.6221008301,0.0,-0.004540924836359261,-0.40672348080278853,607813.3528159322,578186.57924706
2008-07-15,557550.695943165,1779.7309926034795,555770.9649505615,0.0,-0.0369828142293962,-0.42866451609892176,580941.2145160876,553554.2581723307
2008-07-16,557441.5762303354,1779.7309926034795,555661.8452377319,0.0,-0.00019571262958428814,-0.42877633366885093,574260.767397148,547158.4859325606
2008-07-17,567780.7442753793,1779.7309926034795,566001.0132827759,0.0,0.018547536613544136,-0.418181541803051,593895.8005682302,564435.1564708621
2008-07-18,571507.843800831,1779.7309926034795,569728.1128082275,0.0,0.006564328859387958,-0.4143622941069841,615720.0344395508,582716.5565664091
2008-07-21,580542.8338902475,1779.7309926034795,578763.102897644,0.0,0.015809039521363477,-0.40510392446932086,625838.4710736909,590206.7170845406
2008-07-22,589441.432561207,1779.7309926034795,587661.7015686035,0.0,0.01532806565077971,-0.3959853183681953,637965.5637255908,602065.3641038702
2008-07-23,609688.2942479135,1779.7309926034795,607908.5632553101,0.0,0.03434923398365641,-0.3752378767392607,673579.4073971927,637031.4331380095
2008-07-24,604710.8054478647,1779.7309926034795,602931.0744552612,0.0,-0.008163989446753006,-0.3803384281202924,667072.0113462402,632313.0717641807
2008-07-25,605998.6056263925,1779.7309926034795,604218.8746337891,0.0,0.0021296133075943136,-0.37901878859061255,648761.0704690786,619386.9297028185
2008-07-28,608445.6830342294,1779.7309926034795,606665.952041626,0.0,0.00403809082251505,-0.376511210059866,651807.8859611431,622427.8364106469
2008-07-29,598572.7877552988,1779.7309926034795,596793.0567626953,0.0,-0.016226420129560215,-0.38662820111150575,630404.9475045418,601087.615383072
2008-07-30,610139.5574696542,1779.7309926034795,608359.8264770508,0.0,0.019323915070933895,-0.3747754565628786,649016.8084303024,618902.5448484841
2008-07-31,609215.0002034189,1779.7309926034795,607435.2692108154,0.0,-0.0015153209702869486,-0.37572287242468694,651935.7916751594,620149.401132808
2008-08-01,638143.1809866297,3228.055971370937,634915.1250152588,20000.0,0.047484354084439184,-0.34607947625208424,684062.8108602506,652268.2205035931
2008-08-04,639896.7528936731,3228.055971370937,636668.6969223022,0.0,0.0027479286142841897,-0.3442825493334096,681242.0105295491,653545.2544890953
2008-08-05,648006.0164892542,3228.055971370937,644777.9605178833,0.0,0.012672768784823818,-0.33597279369293787,697903.5993688493,669230.7852226356
2008-08-06,638301.4434835779,3228.055971370937,635073.387512207,0.0,-0.0149760538617425,-0.34591730090025485,700181.929365248,669730.5373944442
2008-08-07,634930.1677725184,3228.055971370937,631702.1118011475,0.0,-0.0052816357310122575,-0.349371927454857,701158.4213746662,671044.5783445678
2008-08-08,639912.4750006067,3228.055971370937,636684.4190292358,0.0,0.007847016067243251,-0.34426643851579575,702034.1083498639,672765.8314621723
2008-08-11,642839.3893530237,3228.055971370937,639611.3333816528,0.0,0.0045739291961985895,-0.3412671596339959,716122.822753437,686239.6651293911
2008-08-12,638504.7290594446,3228.055971370937,635276.6730880737,0.0,-0.006742991119355057,-0.3457089893266114,705560.1655228321,676671.0377190197
2008-08-13,634713.1245367395,3228.055971370937,631485.0685653687,0.0,-0.00593825597547315,-0.34959433683044094,701964.3318922429,673265.5384484319
2008-08-14,627880.6760351526,3228.055971370937,624652.6200637817,0.0,-0.010764624579921445,-0.35659570961911613,686720.9760418984,657274.6437748299
2008-08-18,622163.8058874476,3228.055971370937,618935.7499160767,0.0,-0.009105026426048157,-0.3624539226856668,680885.484616477,651352.0834978588
2008-08-19,626559.3098699915,3228.055971370937,623331.2538986206,0.0,0.0070648661027046256,-0.35794974501513643,677041.7250909136,647918.8403001925
2008-08-20,633072.0450155603,3228.055971370937,629843.9890441895,0.0,0.010394443180359536,-0.35127599012076105,684403.822485023,654609.4645388635
2008-08-21,617364.6792471277,3228.055971370937,614136.6232757568,0.0,-0.024811340023782824,-0.36737170211146664,663960.4555939029,635564.7497224483
2008-08-22,622162.2722570765,3228.055971370937,618934.2162857056,0.0,0.00777108437074725,-0.36245549423325263,670718.1011799659,640330.5599453234
2008-08-25,620802.9566213953,3228.055971370937,617574.9006500244,0.0,-0.0021848249183445967,-0.3638484173560056,671942.5190843582,641746.4039373172
2008-08-26,624638.4959852564,3228.055971370937,621410.4400138855,0.0,0.006178352282236732,-0.3599180487735285,672275.7357252532,642024.0239503002
2008-08-27,618943.9634344446,3228.055971370937,615715.9074630737,0.0,-0.009116525137999432,-0.36575337197226443,665239.1356676166,635796.0997332676
2008-08-28,608109.367159115,3228.055971370937,604881.3111877441,0.0,-0.017504971233921918,-0.3768558409511019,653134.2825005688,624978.1822644725
2008-08-29,619310.6207144129,3228.055971370937,616082.564743042,0.0,0.01841980104274077,-0.36537764952047525,675763.0450171998,645753.4132360348
2008-09-01,639383.8091327937,2419.334527233368,636964.4746055603,20000.0,0.03241214948845084,-0.34480817502802086,694003.8760829269,664365.3131711197
2008-09-02,647894.7979328425,2419.334527233368,645475.4634056091,0.0,0.013311236034569518,-0.33608676199789844,718796.2995578981,686911.2182337694
2008-09-04,645472.4945080073,2419.334527233368,643053.1599807739,0.0,-0.003738729547703934,-0.33856895403792875,709819.3253460571,679850.7089081587
2008-09-05,636802.0072948725,2419.334527233368,634382.6727676392,0.0,-0.013432775659547813,-0.34745380889259725,694586.3663800927,665853.7541843952
2008-09-08,645343.1760303767,2419.334527233368,642923.8415031433,0.0,0.013412597067316012,-0.33870146976346194,715333.1512252364,682207.4110615143
2008-09-09,641282.0133182795,2419.334527233368,638862.6787910461,0.0,-0.006293028055364469,-0.3428630399672117,713162.7806892276,679430.9041577558
2008-09-10,636120.1859142573,2419.334527233368,633700.8513870239,0.0,-0.008049231534364432,-0.3481524875083041,702238.769344947,669298.10051741
2008-09-11,625235.816777447,2419.334527233368,622816.4822502136,0.0,-0.017110554542718814,-0.3593059599243288,684691.7459154858,655119.8717637033
2008-09-12,612620.7812855036,2419.334527233368,610201.4467582703,0.0,-0.020176444076673405,-0.3722328873941735,674821.1263888758,644586.3178777725
2008-09-15,589233.3519909175,2419.334527233368,586814.0174636841,0.0,-0.038176029950389156,-0.39619854348688277,649996.7536133241,618958.6145419943
2008-09-16,589948.887757519,2419.334527233368,587529.5532302856,0.0,0.001214350416832044,-0.39546531693648224,650315.934918634,616191.6581846604
2008-09-17,583728.6033565791,2419.334527233368,581309.2688293457,0.0,-0.010543768333192594,-0.401839390584084,639679.2335042063,604723.0825097397
2008-09-18,583506.9997379573,2419.334527233368,581087.6652107239,0.0,-0.00037963467499713133,-0.40206647309263577,644450.9784335647,604866.2009420155
2008-09-19,602290.4466945918,2419.334527233368,599871.1121673584,0.0,0.03219061119244482,-0.3828186274090336,677502.2181834296,632459.4533200202
2008-09-22,600310.3672458918,2419.334527233368,597891.0327186584,0.0,-0.0032875823609136434,-0.3848476620030481,673959.2745244403,629940.5316415394
2008-09-23,594514.0616695674,2419.334527233368,592094.727142334,0.0,-0.009655514701364942,-0.3907872744461567,658614.6488566916,617126.6799736504
2008-09-24,595963.6474430354,2419.334527233368,593544.312915802,0.0,0.002438269953442651,-0.3893018493621839,664096.6033604137,621315.2701073185
2008-09-25,589005.7262546809,2419.334527233368,586586.3917274475,0.0,-0.01167507652221278,-0.39643179700285425,656005.3261007584,614779.5283667194
2008-09-26,579343.4304668696,2419.334527233368,576924.0959396362,0.0,-0.016404417405669447,-0.40633298173760923,636008.6484931424,596088.2704290941
2008-09-29,557821.827210644,2419.334527233368,555402.4926834106,0.0,-0.03714826495725032,-0.4283866814284013,614432.0000467054,573981.2246216653
2008-09-30,567684.7150394709,2419.334527233368,565265.3805122375,0.0,0.017681071890186972,-0.4182799452493484,625786.8593980805,583656.0679139408
2008-10-01,591002.488450268,1942.5520489008632,589059.9364013672,20000.0,0.04107521797407543,-0.39438566720057444,650502.7709765466,608274.0133444367
2008-10-03,592559.615403393,1942.5520489008632,590617.0633544922,0.0,0.002634721483505187,-0.392790042107229,628694.4914718923,588838.7631285809
2008-10-06,572351.970444897,1942.5520489008632,570409.4183959961,0.0,-0.034102298626509486,-0.4134972974202785,593137.6879207806,554319.006009016
2008-10-07,568122.9314129145,1942.5520489008632,566180.3793640137,0.0,-0.0073888782608629855,-0.4178308944893072,593837.4630967978,550678.5576594744
2008-10-08,557375.0217602046,1942.5520489008632,555432.4697113037,0.0,-0.018918281692978045,-0.4288445336203076,578532.9362060576,531539.2757210174
2008-10-10,515746.62082026317,1942.5520489008632,513804.0687713623,0.0,-0.07468652041219548,-0.47150214801861157,540053.5422139324,494770.1789619896
2008-10-13,527490.7169506343,1942.5520489008632,525548.1649017334,0.0,0.0227710578339666,-0.4594676928660162,574754.1582952605,523735.61734447133
2008-10-14,540235.3601391108,1942.5520489008632,538292.80809021,0.0,0.024160886208864474,-0.44640795330113703,579356.2011190191,529793.0917875165
2008-10-15,529288.6153118403,1942.5520489008632,527346.0632629395,0.0,-0.020262918044556932,-0.4576253435735147,549677.5010067562,503797.2114226536
2008-10-16,529459.7171337397,1942.5520489008632,527517.1650848389,0.0,0.0003232675272990537,-0.45745001145946196,538300.0040287172,496180.9418154892
2008-10-17,512572.096780041,1942.5520489008632,510629.54473114014,0.0,-0.03189594941258389,-0.47475515844774896,506200.91311204387,470875.6540978902
2008-10-20,518135.10215876414,1942.5520489008632,516192.5501098633,0.0,0.010853117861213457,-0.46905461427638795,514178.3420789446,475502.6152001744
2008-10-21,526424.1867534907,1942.5520489008632,524481.6347045898,0.0,0.015997921314712782,-0.46056059177317177,532635.9173084527,491593.43351580756
2008-10-22,516405.86776850536,1942.5520489008632,514463.3157196045,0.0,-0.019030886568433103,-0.47082660196167925,504686.073513409,469247.8285721967
2008-10-23,502952.16813013866,1942.5520489008632,501009.6160812378,0.0,-0.026052569263983916,-0.4846129285667303,484598.40963714785,450937.24817607243
2008-10-24,468944.1762630732,1942.5520489008632,467001.62421417236,0.0,-0.06761675169529413,-0.5194617282027985,425463.30701851455,401579.6243839641
2008-10-27,449854.3102505,1942.5520489008632,447911.7582015991,0.0,-0.04070818442548263,-0.5390235687946218,415617.05061979836,389435.04976698186
2008-10-29,464330.37458918407,1942.5520489008632,462387.8225402832,0.0,0.032179450121580855,-0.524189600719424,444077.334740271,414059.62008094764
2008-10-31,471779.58961603954,1942.5520489008632,469837.0375671387,0.0,0.016042919943469514,-0.5165562125754954,475122.6626477464,439157.72036998346
2008-11-03,553938.8795358088,303.9801064875501,553634.8994293213,20000.0,0.17414761411496227,-0.432365630436817,521178.9971429786,481907.82492709
2008-11-04,542757.1924783137,303.9801064875501,542453.2123718262,0.0,-0.020185777656309578,-0.4438237716108989,538001.7166680715,498427.7322104728
2008-11-05,523945.23787321115,303.9801064875501,523641.25776672363,0.0,-0.0346599821537219,-0.4631008297611895,512806.1376107384,479612.5557316069
2008-11-06,528626.31210722,303.9801064875501,528322.3320007324,0.0,0.008934281477602779,-0.4583040214491846,495289.95411110634,464626.26218810084
2008-11-07,516475.6798745539,303.9801064875501,516171.6997680664,0.0,-0.022985295953640517,-0.4707550638330721,509047.78776693245,475989.4780810184
2008-11-10,514001.2660104182,303.9801064875501,513697.28590393066,0.0,-0.004790959111059645,-0.47329065468198317,539054.725138663,501896.4182042073
2008-11-11,478274.56029142404,303.9801064875501,477970.5801849365,0.0,-0.0695070383703491,-0.509900661357024,503166.24009740935,473961.78088458825
2008-11-12,478665.60029996897,303.9801064875501,478361.62019348145,0.0,0.0008176057039426254,-0.5094999533422511,487721.87898044725,460972.3263092218
2008-11-14,476114.07925809885,303.9801064875501,475810.0991516113,0.0,-0.005330487589396693,-0.5121145577535586,481198.28458207083,453612.9906658457
2008-11-17,468911.77928556467,303.9801064875501,468607.79917907715,0.0,-0.015127256861962812,-0.5194949261576329,479349.06125084584,448003.4271334821
2008-11-18,453675.61664976145,303.9801064875501,453371.6365432739,0.0,-0.032492599480049456,-0.5351077850701245,459418.60815174796,431112.9698221095
2008-11-19,440452.2303887751,303.9801064875501,440148.2502822876,0.0,-0.029147227172217183,-0.5486581040692808,451174.20812844497,423074.30083703547
2008-11-20,423030.7728082087,303.9801064875501,422726.7927017212,0.0,-0.03955356876088234,-0.5665102867846435,437159.53906002204,409333.4433770255
2008-11-21,422545.88730253244,303.9801064875501,422241.9071960449,0.0,-0.0011462180456931481,-0.5670071605165533,461182.219678774,425544.5673467001
2008-11-24,414160.9988595393,303.9801064875501,413857.01875305176,0.0,-0.01984373459772848,-0.5755993555059797,463716.3374435906,427160.5534581861
2008-11-25,415203.0446053889,303.9801064875501,414899.06449890137,0.0,0.0025160402566128948,-0.5745315463995002,454427.45668800495,420027.6538857592
2008-11-26,425815.2143975643,303.9801064875501,425511.2342910767,0.0,0.0255589883794356,-0.5636570031381087,471250.1762130978,430392.4754234573
2008-11-27,425815.2143975643,303.9801064875501,425511.2342910767,0.0,0.0,-0.5636570031381087,,
2008-11-28,427345.1725198177,303.9801064875501,427041.19241333014,0.0,0.0035930095274261387,-0.5620892185931583,471738.18021808733,430876.25605134695
2008-12-01,442006.57033564406,946.8000872309931,441059.7702484131,20000.0,0.034308092751758945,-0.5470653348876571,479375.80224964855,441674.47309668525
2008-12-02,442903.35354639846,946.8000872309931,441956.5534591675,0.0,0.0020288911318069314,-0.5461463797623227,474891.00488360063,437577.73345912993
2008-12-03,440505.65980555373,946.8000872309931,439558.85971832275,0.0,-0.005413582267205674,-0.5486033536727486,474649.7718258504,439992.65865361295
2008-12-04,446870.24427821,946.8000872309931,445923.444190979,0.0,0.014448360267302007,-0.5420814123031604,498154.9015319094,459840.39583268
2008-12-05,435163.781387585,946.8000872309931,434216.981300354,0.0,-0.026196559382765328,-0.5540773037782327,485004.16645275295,449156.50356518145
2008-12-08,434352.7450564082,946.8000872309931,433405.94496917725,0.0,-0.0018637496176512336,-0.554908392032818,497440.18861722946,457468.58396210504
2008-12-10,441122.68476893264,946.8000872309931,440175.88468170166,0.0,0.015586271272776786,-0.5479710734898051,523214.52310287434,477510.4363816005
2008-12-11,435357.90559412795,946.8000872309931,434411.105506897,0.0,-0.013068426027159297,-0.5538783800780398,521767.2120016017,479181.48565405107
2008-12-12,444914.92873408156,946.8000872309931,443968.1286468506,0.0,0.021952106570595653,-0.5440850707340663,521981.66077409725,480884.8567590774
2008-12-15,452756.4105150874,946.8000872309931,451809.61042785645,0.0,0.017624676706887055,-0.5360497174999108,532675.526586427,492118.6413117328
2008-12-16,459897.00420405227,946.8000872309931,458950.2041168213,0.0,0.015771380643382127,-0.5287325809949973,543494.5020569173,503869.89103412704
2008-12-17,464916.44425989944,946.8000872309931,463969.64417266846,0.0,0.010914269956018519,-0.5235890411625006,527878.0423202066,489110.7105081849
2008-12-18,487057.2901613887,946.8000872309931,486110.4900741577,0.0,0.04762327978468317,-0.5009007887772932,546889.388401647,506133.89327422134
2008-12-19,497842.8007586177,946.8000872309931,496896.0006713867,0.0,0.02214423398457943,-0.4898486190624586,549882.2487318692,511093.13627633266
2008-12-22,485469.492325085,946.8000872309931,484522.692237854,0.0,-0.02485384626367626,-0.5025278430554824,543056.7491211987,505260.6247390436
2008-12-23,481139.2409441646,946.8000872309931,480192.4408569336,0.0,-0.008919718848204639,-0.5069651548302374,530433.1060920958,492927.2135403379
2008-12-24,490672.49667383987,946.8000872309931,489725.6965866089,0.0,0.01981392270347282,-0.497196200517925,521177.60874508234,486243.0164505357
2008-12-26,477795.48440577346,946.8000872309931,476848.6843185425,0.0,-0.026243599051010258,-0.5103915818328572,510528.36886730563,477057.6148770132
2008-12-29,486730.6336519893,946.8000872309931,485783.8335647583,0.0,0.01870078210832893,-0.5012355214863098,522133.5110948981,487051.5886791408
2008-12-30,489715.7202761348,946.8000872309931,488768.9201889038,0.0,0.006132933531937557,-0.4981766320914939,532371.782322211,496873.0039027939
2008-12-31,483225.086578625,946.8000872309931,482278.28649139404,0.0,-0.013253880626600933,-0.504827739105392,528735.662919731,495007.9183520466
2009-01-02,498625.0153620532,1518.0458052446847,497106.9695568085,20000.0,0.031869058977182174,-0.48904706511907714,564387.8932002672,533260.0677358574
2009-01-05,500194.7026713183,1518.0458052446847,498676.6568660736,0.0,0.003148031608733781,-0.4874385691294967,578225.5064156795,545155.6158935734
2009-01-06,501967.85498073604,1518.0458052446847,500449.80917549133,0.0,0.0035449242064102826,-0.4856215777059316,576623.1760110919,544651.5681698172
2009-01-07,484447.5342867663,1518.0458052446847,482929.4884815216,0.0,-0.034903272231729066,-0.5035750678093887,540982.4725317323,508841.75578500493
2009-01-09,491413.2153265765,1518.0458052446847,489895.1695213318,0.0,0.014378607685691991,-0.49643716846402375,532201.9913561558,498547.9920983876
2009-01-12,476580.4656870654,1518.0458052446847,475062.4198818207,0.0,-0.030183863959893253,-0.5116366404663643,513696.27365214285,483941.8201085235
2009-01-13,476630.68815830257,1518.0458052446847,475112.64235305786,0.0,0.00010538088497757947,-0.5115851763033459,508481.6673117489,478643.7403558915
2009-01-14,482933.18692615535,1518.0458052446847,481415.14112091064,0.0,0.01322302345282389,-0.5051268556348982,525218.3543607845,492992.25513800664
2009-01-15,468469.3881933978,1518.0458052446847,466951.3423881531,0.0,-0.029949896019403677,-0.5199482548514285,506953.41585728026,477904.45942251355
2009-01-16,480612.96760013606,1518.0458052446847,479094.92179489136,0.0,0.025921820534674955,-0.5075044396663295,523949.4244569765,490483.2285182896
2009-01-19,482585.3906653216,1518.0458052446847,481067.3448600769,0.0,0.004103973879511669,-0.5054832507509447,527237.4806165908,493809.9653721514
2009-01-20,480414.70142963436,1518.0458052446847,478896.65562438965,0.0,-0.004498041751107684,-0.507707607735689,518049.4747648716,486876.5198439083
2009-01-21,474273.16850879695,1518.0458052446847,472755.12270355225,0.0,-0.01278381552971053,-0.5140009828650759,501294.2453656841,472875.1941840158
2009-01-22,471854.4376890948,1518.0458052446847,470336.3918838501,0.0,-0.005099868557411957,-0.5164795139714954,502711.3783949742,471654.2348323305
2009-01-23,460631.761476784,1518.0458052446847,459113.7156715393,0.0,-0.023784191301185587,-0.5279796577092396,496181.57672588114,464362.3881828012
2009-01-27,471194.16836765315,1518.0458052446847,469676.12256240845,0.0,0.022930261814786856,-0.5171561076786071,513372.09910119494,477041.9558847928
2009-01-28,474364.9403746417,1518.0458052446847,472846.894569397,0.0,0.006729225911205505,-0.5139069420473307,527848.790243427,490236.8380022825
2009-01-29,477424.53166034725,1518.0458052446847,475906.48585510254,0.0,0.006449868076863208,-0.5107717059504568,523115.8327545391,486551.6453344561
2009-01-30,482779.56078937557,1518.0458052446847,481261.51498413086,0.0,0.011216493443277908,-0.5052842799979842,532535.4370821796,494874.0661223032
2009-02-02,491821.528550194,1905.1397161943896,489916.38883399963,20000.0,0.018728977975029037,-0.4960187601741658,532501.4226984538,499136.5760805841
2009-02-03,492405.8866110308,1905.1397161943896,490500.7468948364,0.0,0.001188150633745888,-0.4954199545446706,535821.5571085816,500023.4020192914
2009-02-04,494156.09842972585,1905.1397161943896,492250.9587135315,0.0,0.003554408804372411,-0.49362647078859356,539507.4156767997,502508.7936735344
2009-02-05,492276.5653067095,1905.1397161943896,490371.42559051514,0.0,-0.0038035210513215345,-0.4955524731667811,535080.5697966293,498611.4885218865
2009-02-06,496403.1718588335,1905.1397161943896,494498.03214263916,0.0,0.0083826995696068,-0.49132384110070715,547215.911053122,508914.850494515
2009-02-09,501485.02127365896,1905.1397161943896,499579.8815574646,0.0,0.010237342754672474,-0.4861163489109248,561997.6892695896,522112.0625315755
2009-02-10,504049.6640997393,1905.1397161943896,502144.5243835449,0.0,0.005114096567763404,-0.48348829829466056,564807.7928417486,524830.8264341285
2009-02-11,505059.3423910601,1905.1397161943896,503154.2026748657,0.0,0.002003132554654341,-0.48245365689011466,563114.033715658,523745.6682697456
2009-02-12,507099.75856690237,1905.1397161943896,505194.618850708,0.0,0.004039953337329649,-0.4803627938140451,556829.8560774667,519439.96168355516
2009-02-13,512383.68773941824,1905.1397161943896,510478.5480232239,0.0,0.010419900785298308,-0.47494822568123785,567473.542743902,528424.7932434906
2009-02-16,498507.6714354021,1905.1397161943896,496602.53171920776,0.0,-0.0270812998853176,-0.4891673102368823,548255.2386811113,511855.36361347977
2009-02-17,490194.17224793264,1905.1397161943896,488289.0325317383,0.0,-0.016676772823839614,-0.49768635095505276,533242.4570005331,498798.1977156639
2009-02-18,493226.0238752825,1905.1397161943896,491320.88415908813,0.0,0.006185001370877963,-0.49457954034709906,534329.9025185242,499148.2560881289
2009-02-19,494195.1227636797,1905.1397161943896,492289.98304748535,0.0,0.0019648170240147422,-0.4935864816236877,536870.5647027236,500781.861826299
2009-02-20,488457.71659760305,1905.1397161943896,486552.5768814087,0.0,-0.011609596901708485,-0.49946573843761266,526688.7909842554,491505.314955976
2009-02-24,489197.1161985857,1905.1397161943896,487291.97648239136,0.0,0.00151374331054277,-0.4987080580474751,526197.9791082111,489124.8724426966
2009-02-25,487737.7432127459,1905.1397161943896,485832.6034965515,0.0,-0.002983200304164102,-0.5002035123211829,531702.6845204738,493138.9206941461
2009-02-26,486160.90912918875,1905.1397161943896,484255.7694129944,0.0,-0.003232954811268951,-0.5018193317806794,536158.3823385946,495309.2370229119
2009-02-27,491238.4818411333,1905.1397161943896,489333.34212493896,0.0,0.010444222512747015,-0.4966162220302479,531924.0080184316,493080.57763206854
2009-03-02,496246.60294596123,2087.6991297380664,494158.90381622314,20000.0,0.010194887595242452,-0.4914842809965778,534784.4531918732,499089.86576536606
2009-03-03,493770.925390877,2087.6991297380664,491683.2262611389,0.0,-0.00498880504246757,-0.4940211667797161,524347.0599788964,490191.9083163493
2009-03-04,498423.27686945366,2087.6991297380664,496335.5777397156,0.0,0.00942208469422079,-0.48925379135963154,528905.914087958,492890.4740471283
2009-03-05,487391.95872942376,2087.6991297380664,485304.25959968567,0.0,-0.02213242970777063,-0.5005578459208748,515209.38611888164,481658.56335997366
2009-03-06,484600.7285830157,2087.6991297380664,482513.0294532776,0.0,-0.005726869507007293,-0.5034180859635846,523897.17402370775,486812.6099340806
2009-03-09,469935.414377846,2087.6991297380664,467847.7152481079,0.0,-0.030262674693146696,-0.5184459828865688,514499.5562931006,478169.87529449846
2009-03-12,478850.13304773736,2087.6991297380664,476762.43391799927,0.0,0.018970093330151983,-0.5093108582384174,523357.3206406314,484867.69341790536
2009-03-13,477166.91139475274,2087.6991297380664,475079.21226501465,0.0,-0.003515132474270044,-0.5110356955753952,543712.1705096498,501934.3536535858
2009-03-16,487693.7147909777,2087.6991297380664,485606.0156612396,0.0,0.022061050640446167,-0.5002486292941135,555309.2306878458,514138.6929217572
2009-03-17,488351.5360476153,2087.6991297380664,486263.8369178772,0.0,0.0013488409562947279,-0.49957454417734093,551350.2245190358,511525.21135314665
2009-03-18,482223.19637171197,2087.6991297380664,480135.4972419739,0.0,-0.012549033275295773,-0.5058543998742646,558798.3364438255,519025.2600561624
2009-03-19,483598.0615049975,2087.6991297380664,481510.3623752594,0.0,0.0028510970513864198,-0.5044455428107906,561287.6956327192,521541.51954062085
2009-03-20,479570.70525423455,2087.6991297380664,477483.00612449646,0.0,-0.008327899905614777,-0.5085724707280435,561267.7299908277,520192.2218366959
2009-03-23,488407.99810091424,2087.6991297380664,486320.29897117615,0.0,0.018427507664369847,-0.49951668616590217,587830.9669888491,542279.2037651679
2009-03-24,493474.4744040148,2087.6991297380664,491386.77527427673,0.0,0.010373450727262146,-0.4943249471700273,587591.0375758986,540747.5701378515
2009-03-25,491431.2325598376,2087.6991297380664,489343.5334300995,0.0,-0.0041405218509932284,-0.49641870577577196,596718.7530228427,548369.23547727
2009-03-26,502851.1699396746,2087.6991297380664,500763.4708099365,0.0,0.023238118831705457,-0.48471642381916524,616293.7712800839,562615.7133457687
2009-03-27,507101.39729563164,2087.6991297380664,505013.69816589355,0.0,0.008452257069357039,-0.48036111456966724,621572.4136279972,569787.592999165
2009-03-30,501915.4710413592,2087.6991297380664,499827.7719116211,0.0,-0.010226606122422432,-0.48567525677685786,595479.0282270559,549317.3585372487
2009-03-31,508143.57981935906,2087.6991297380664,506055.880689621,0.0,0.01240868061922451,-0.4792931653036372,604036.8686044611,557911.4821347549
2009-04-01,527462.5138079188,2533.969862606282,524928.5439453125,20000.0,0.038018652120779484,-0.459496593298404,631914.9008425479,585180.5838723031
2009-04-02,540204.2149378321,2533.969862606282,537670.2450752258,0.0,0.024156600320138333,-0.44643986853104034,663032.1069343225,611434.746027869
2009-04-06,535783.5491358301,2533.969862606282,533249.5792732239,0.0,-0.008183323416887212,-0.45096983011754543,672437.4866033485,622573.2516032425
2009-04-08,553110.0302034876,2533.969862606282,550576.0603408813,0.0,0.03233858354853103,-0.43321497209813764,690267.394091346,638746.1099810447
2009-04-09,551136.478724148,2533.969862606282,548602.5088615417,0.0,-0.0035680992416888824,-0.4352373173263949,690081.5781937615,640860.5135762639
2009-04-13,548842.8965631983,2533.969862606282,546308.926700592,0.0,-0.004161550268382164,-0.4375876056200475,698454.5352956334,654201.5485026998
2009-04-15,561113.3386827967,2533.969862606282,558579.3688201904,0.0,0.022356929818049487,-0.42501379119009375,719422.9973055277,677447.697149715
2009-04-16,557322.5093676111,2533.969862606282,554788.5395050049,0.0,-0.006755906612529339,-0.4288983443203058,695749.5680051862,652930.3621291863
2009-04-17,557879.4168955347,2533.969862606282,555345.4470329285,0.0,0.000999255401608501,-0.4283276679060003,698826.1670908023,657637.5311630586
2009-04-20,560448.8323122523,2533.969862606282,557914.862449646,0.0,0.004605682408961531,-0.42569472670238484,697318.8704717638,659928.1248154625
2009-04-21,558167.4599024317,2533.969862606282,555633.4900398254,0.0,-0.0040706167597999166,-0.4280325033731116,694882.3431310283,657650.0678814631
2009-04-22,551607.3665758631,2533.969862606282,549073.3967132568,0.0,-0.011752912517894343,-0.4347547873240465,687655.3851609492,650664.9033680933
2009-04-23,561698.6077753565,2533.969862606282,559164.6379127502,0.0,0.0182942466162761,-0.4244140520046833,706941.0185508856,666044.8757613137
2009-04-24,567163.0495707056,2533.969862606282,564629.0797080994,0.0,0.009728423249955043,-0.4188145082858582,718720.9701243661,677107.8537537503
2009-04-27,564468.5480295679,2533.969862606282,561934.5781669617,0.0,-0.004750841126157979,-0.42157562822182015,716501.2616049848,673281.757914805
2009-04-28,551374.6606699488,2533.969862606282,548840.6908073425,0.0,-0.02319684135693112,-0.4349932466109411,694273.223898659,651545.9151085183
2009-04-29,563009.2265841028,2533.969862606282,560475.2567214966,0.0,0.021101016684403673,-0.42307102968087773,717316.8653507849,670311.4774704716
2009-04-30,562354.5960718653,2533.969862606282,559820.626209259,0.0,-0.0011627349629940165,-0.4237418451658319,,
2009-05-04,596303.6718282053,3264.7294453928275,593038.9423828125,20000.0,0.06036951772685706,-0.38895341827232466,774494.4120762576,721801.3788314637
2009-05-05,596232.5573071787,3264.7294453928275,592967.8278617859,0.0,-0.00011925890177499898,-0.3890262910165948,776168.8593179606,727134.4978253477
2009-05-06,587556.2890004466,3264.7294453928275,584291.5595550537,0.0,-0.0145518190853543,-0.39791706989562925,768358.2392759025,719277.1904846424
2009-05-07,589947.0530461619,3264.7294453928275,586682.323600769,0.0,0.004068995754913152,-0.39546719700892885,780831.9345959238,733063.1422249746
2009-05-08,584640.4365567515,3264.7294453928275,581375.7071113586,0.0,-0.008995072459485942,-0.40090501337596973,767436.2014196486,723846.5933378352
2009-05-11,581530.1954640696,3264.7294453928275,578265.4660186768,0.0,-0.005319921268189587,-0.40409215153697664,753425.8108375713,711601.0310756776
2009-05-12,594346.4117116282,3264.7294453928275,591081.6822662354,0.0,0.02203878035487228,-0.39095906935295555,780238.4936858598,731496.8383532153
2009-05-13,594768.9344662974,3264.7294453928275,591504.2050209045,0.0,0.0007109031809453548,-0.3905261002180327,770520.2001916299,724649.1810689033
2009-05-14,595245.1853741953,3264.7294453928275,591980.4559288025,0.0,0.0008007326548171712,-0.39003807456421846,761660.3468139896,721283.5966064747
2009-05-15,597194.8498982737,3264.7294453928275,593930.1204528809,0.0,0.0032753973857893026,-0.38804020686821505,778235.449497967,733606.7756377102
2009-05-18,676697.2642010996,3264.7294453928275,673432.5347557068,0.0,0.13312642317054202,-0.3065721884843957,916326.0651158328,852619.0706161032
2009-05-19,669895.2449559519,3264.7294453928275,666630.5155105591,0.0,-0.010051790667689575,-0.31354237968890464,915329.9247671468,856683.6484410993
2009-05-20,676744.7552098582,3264.7294453928275,673480.0257644653,0.0,0.010224748280392104,-0.3065235233160667,905124.0658513418,865123.4607849172
2009-05-21,677650.298899586,3264.7294453928275,674385.5694541931,0.0,0.0013380874883131,-0.30559559111917656,892533.7832998614,861498.9852099943
2009-05-22,673316.6545972178,3264.7294453928275,670051.925151825,0.0,-0.006395104243893113,-0.3100363797013883,898383.8438930536,868592.6396158463
2009-05-25,689706.3835210154,3264.7294453928275,686441.6540756226,0.0,0.024341784525740096,-0.2932414339254801,898182.442426192,880669.8847313797
2009-05-26,675133.9846944163,3264.7294453928275,671869.2552490234,0.0,-0.021128409385172908,-0.3081741182459803,872567.4048885521,856851.9023818856
2009-05-27,682698.0545605967,3264.7294453928275,679433.3251152039,0.0,0.011203805522549848,-0.30042303561134165,906342.8241626277,891180.8891809917
2009-05-28,687138.6504964182,3264.7294453928275,683873.9210510254,0.0,0.006504480137532687,-0.2958726511418003,919282.9201560364,902934.5204059068
2009-05-29,699090.6160725901,3264.7294453928275,695825.8866271973,0.0,0.017393819380611575,-0.2836251872148119,942990.4394841561,926804.2683367323
2009-06-01,731063.9946226084,2895.6268171274496,728168.367805481,20000.0,0.04573567119187061,-0.2508613043271306,980148.3748303283,966039.8906362415
2009-06-02,723280.3064817393,2895.6268171274496,720384.6796646118,0.0,-0.010647068106380053,-0.25883743504108436,979142.2611581502,962682.4773569738
2009-06-03,726403.8266538584,2895.6268171274496,723508.199836731,0.0,0.004318547241128234,-0.2556366894909534,980321.5366814991,966647.9413581697
2009-06-04,731300.7095273936,2895.6268171274496,728405.0827102661,0.0,0.00674126800252739,-0.2506187369235634,989398.3238197787,980289.1633391062
2009-06-05,743429.0905469859,2895.6268171274496,740533.4637298584,0.0,0.0165846701111918,-0.2381904958879325,992481.6401495956,980923.6117624746
2009-06-08,711787.3894590342,2895.6268171274496,708891.7626419067,0.0,-0.04256182800792874,-0.27061450097675577,958511.0672526662,941850.560228947
2009-06-09,727987.223092457,2895.6268171274496,725091.5962753296,0.0,0.022759371510831183,-0.2540141454298728,984703.0914659756,967903.671625215
2009-06-10,747589.4836515391,2895.6268171274496,744693.8568344116,0.0,0.0269266546682132,-0.23392724193649106,1007270.7610091107,986818.9478193305
2009-06-11,737921.50014629,2895.6268171274496,735025.8733291626,0.0,-0.012932209075529721,-0.2438342550108361,1003473.4557895975,981082.2561393454
2009-06-12,722648.2780012095,2895.6268171274496,719752.651184082,0.0,-0.02069762453330426,-0.25948508968556816,991724.3343843775,968868.5753820164
2009-06-15,709685.8675397837,2895.6268171274496,706790.2407226562,0.0,-0.01793737127178774,-0.27276798056417273,970216.8717823646,950191.2657532069
2009-06-16,727248.9357999766,2895.6268171274496,724353.3089828491,0.0,0.024747665218524784,-0.2547706860109832,977530.239483248,962127.2865799834
2009-06-17,704945.8059705698,2895.6268171274496,702050.1791534424,0.0,-0.030667806759831384,-0.2776252346041601,942553.5529141405,926411.7128677808
2009-06-18,691290.4397748911,2895.6268171274496,688394.8129577637,0.0,-0.019370802805015574,-0.2916182137359623,919888.4732265396,902129.8291503021
2009-06-19,700703.010201832,2895.6268171274496,697807.3833847046,0.0,0.013615941846390811,-0.2819729285291487,933346.9208002117,914396.3698525688
2009-06-22,694760.2656873667,2895.6268171274496,691864.6388702393,0.0,-0.008481117431982432,-0.28806260044163534,916394.0691829303,900979.8833151896
2009-06-23,703032.8565916026,2895.6268171274496,700137.2297744751,0.0,0.01190711575316028,-0.27958547941609,918936.4528233056,904244.7432842732
2009-06-24,719201.1422361338,2895.6268171274496,716305.5154190063,0.0,0.02299790897813403,-0.2630174518451752,928878.8379156077,916577.3750532266
2009-06-25,710946.2324384653,2895.6268171274496,708050.6056213379,0.0,-0.011477887496121553,-0.2714764546195012,917822.1526132392,907602.1565635408
2009-06-26,722184.7237638438,2895.6268171274496,719289.0969467163,0.0,0.015807793631357647,-0.25996010475854137,946740.3930606013,931051.3186575914
2009-06-29,726973.5250410044,2895.6268171274496,724077.898223877,0.0,0.00663099220958685,-0.2550529059784118,950083.3993417164,939894.2904718466
2009-06-30,708998.2660306895,2895.6268171274496,706102.639213562,0.0,-0.024726153554630592,-0.2734725822152655,928478.5265952378,917264.6834215327
2009-07-01,737097.8118937341,3011.321533474147,734086.49036026,20000.0,0.03963274271509776,-0.24467830799073875,959253.8635085471,946239.8373691613
2009-07-02,743227.4981768457,3011.321533474147,740216.1766433716,0.0,0.008315974059620812,-0.23839707239332086,961010.7009709924,952465.023978099
2009-07-03,747789.5934450952,3011.321533474147,744778.2719116211,0.0,0.006138221849218972,-0.23372218466265637,977672.6027099286,963632.5523476645
2009-07-06,704422.6395266382,3011.321533474147,701411.3179931641,0.0,-0.057993524246123584,-0.27816133572568924,920538.1594757146,911265.435715236
2009-07-07,724358.214592251,3011.321533474147,721346.8930587769,0.0,0.028300588236359392,-0.25773287691497826,928592.8308756708,913601.6032635744
2009-07-08,709818.7511904566,3011.321533474147,706807.4296569824,0.0,-0.02007220061689896,-0.27263181152086935,901356.9946810618,889916.2494619158
2009-07-09,720274.4136011926,3011.321533474147,717263.0920677185,0.0,0.014730045371724287,-0.26191764510262283,901810.015322634,892873.5312408812
2009-07-10,717027.2447817652,3011.321533474147,714015.923248291,0.0,-0.004508238468714287,-0.2652450963680504,884783.4635281558,876358.5522112218
2009-07-13,695590.8548205225,3011.321533474147,692579.5332870483,0.0,-0.02989620006387217,-0.28721147596494223,878187.2304994772,863827.2099620077
2009-07-14,729269.413559231,3011.321533474147,726258.0920257568,0.0,0.04841719597851579,-0.2527002543054999,908538.8581806545,894777.5562555116
2009-07-15,754015.5717318384,3011.321533474147,751004.2501983643,0.0,0.03393280687836975,-0.22734227635459348,935520.5884777042,927888.4174104759
2009-07-16,748139.6695025293,3011.321533474147,745128.3479690552,0.0,-0.0077928128404738395,-0.23336345338470876,935056.5080253042,929738.441092316
2009-07-17,771197.2972491113,3011.321533474147,768185.9757156372,0.0,0.03081995072111887,-0.20973575279701673,966778.3113923224,956651.1492725842
2009-07-20,788830.7022288172,3011.321533474147,785819.380695343,0.0,0.022864972481886126,-0.1916663825313022,994909.075108951,980620.092491008
2009-07-21,786187.2284472315,3011.321533474147,783175.9069137573,0.0,-0.003351129430074984,-0.1943752131061205,987583.5959194852,973058.0597009701
2009-07-22,778261.8727381555,3011.321533474147,775250.5512046814,0.0,-0.010080748481158919,-0.20249651395298496,972070.7276001277,962808.817731611
2009-07-23,791511.3334353296,3011.321533474147,788500.0119018555,0.0,0.017024424761499013,-0.18891947585774427,999660.1540394507,984752.216452703
2009-07-24,800806.5017931787,3011.321533474147,797795.1802597046,0.0,0.011743569504565565,-0.17939449534868035,1009560.0334878826,996473.3409029845
2009-07-27,806165.5767557947,3011.321533474147,803154.2552223206,0.0,0.006692097217762205,-0.17390292353412296,1010388.7100455279,1001429.199480733
2009-07-28,815815.421749386,3011.321533474147,812804.1002159119,0.0,0.011970053388318247,-0.1640144974248927,1008576.7353798329,1006330.9907899982
2009-07-29,820274.8562929956,3011.321533474147,817263.5347595215,0.0,0.005466229768060771,-0.15944480858504928,997395.1047818869,995393.0505044076
2009-07-30,838490.7247965662,3011.321533474147,835479.403263092,0.0,0.02220703019703918,-0.14077857406701944,1010200.9630129363,1005034.6950602606
2009-07-31,842965.2405512659,3011.321533474147,839953.9190177917,0.0,0.0053363926664606876,-0.13619343115080473,1024564.6900121216,1016580.2986950505
2009-08-03,887886.3939247553,5730.773700756254,882155.620223999,20000.0,0.05328944921158629,-0.09016165487148087,1061127.107403903,1052703.6197066712
2009-08-04,886059.8531151239,5730.773700756254,880329.0794143677,0.0,-0.0020571785108198792,-0.09203335476339913,1054167.6633590925,1047858.2600452519
2009-08-05,882800.6354866449,5730.773700756254,877069.8617858887,0.0,-0.003678326714635083,-0.09537315273057057,1057241.9685954542,1053667.1802019703
2009-08-06,854470.7496681635,5730.773700756254,848739.9759674072,0.0,-0.03209092141496317,-0.12440346179615969,1032771.2467328531,1030335.2510658005
2009-08-07,832135.5770073358,5730.773700756254,826404.8033065796,0.0,-0.026139189281203068,-0.14729084544223603,1009325.2566245864,1008600.0927643698
2009-08-10,819398.0172005121,5730.773700756254,813667.2434997559,0.0,-0.015307072740036731,-0.160343326497147,999471.6437046077,997973.3701311562
2009-08-11,834210.3628883783,5730.773700756254,828479.5891876221,0.0,0.018077107067543174,-0.14516476291025882,1007061.7849603118,1004236.5133506
2009-08-12,829169.7961616938,5730.773700756254,823439.0224609375,0.0,-0.006042320919188882,-0.1503299517457859,1003942.3906469726,1002378.2181096661
2009-08-13,862934.8784981195,5730.773700756254,857204.1047973633,0.0,0.04072155364646379,-0.11573006729400848,1037163.1427771865,1034629.9375172601
2009-08-14,866041.5330009882,5730.773700756254,860310.7593002319,0.0,0.003600103067192606,-0.11254660439704733,1031543.724105478,1032276.1506488607
2009-08-17,827357.7231789057,5730.773700756254,821626.9494781494,0.0,-0.04466738412421889,-0.15218682611078682,988266.6781556034,992811.4389063398
2009-08-18,843681.571826977,5730.773700756254,837950.7981262207,0.0,0.019730097623735343,-0.13545938942326363,1004257.6842657402,1009191.9673264236
2009-08-19,836425.875820202,5730.773700756254,830695.1021194458,0.0,-0.00860004087924171,-0.1428944740159882,989663.1198616065,993031.6947477945
2009-08-20,847923.2640800897,5730.773700756254,842192.4903793335,0.0,0.013745854345566855,-0.13111282629703147,1003030.2716117237,1005103.6909113107
2009-08-21,857527.7182503168,5730.773700756254,851796.9445495605,0.0,0.011327032264702552,-0.12127091324611172,1020000.9203992173,1018910.1766215404
2009-08-24,884028.5604057733,5730.773700756254,878297.7867050171,0.0,0.030903773244237875,-0.09411486880595332,1045676.6203507046,1040521.4620161047
2009-08-25,889270.9135399286,5730.773700756254,883540.1398391724,0.0,0.005930072136752118,-0.08874290463036161,1049404.1673364488,1044637.2284034957
2009-08-26,887415.0660515253,5730.773700756254,881684.292350769,0.0,-0.002086931507762624,-0.09064463577436066,1054246.5142571242,1051863.9321182386
2009-08-27,884981.4937401239,5730.773700756254,879250.7200393677,0.0,-0.0027423157488516425,-0.09313837531097946,1055901.9432223523,1054933.5336682042
2009-08-28,888092.1027260248,5730.773700756254,882361.3290252686,0.0,0.003514885913325383,-0.0899508601610246,1065845.6243229276,1063880.8811245526
2009-08-31,889636.3391457025,5730.773700756254,883905.5654449463,0.0,0.0017388246274656627,-0.08836844430446866,1050023.537291419,1057232.3405920477
2009-09-01,911213.7920298884,3362.809245617123,907850.9827842712,20000.0,0.024254239552429002,-0.06625751416907577,1061746.502438637,1067032.3510492814
2009-09-02,910231.9847026179,3362.809245617123,906869.1754570007,0.0,-0.001077471978429334,-0.06726359553262751,1057844.1620405333,1063034.346422213
2009-09-03,907160.9251437495,3362.809245617123,903798.1158981323,0.0,-0.0033739306138222958,-0.07041058344228646,1054446.76314902,1061771.8186452438
2009-09-04,918465.4794345209,3362.809245617123,915102.6701889038,0.0,0.01246146519040181,-0.05882653728648668,1074383.1540115634,1076739.8142441385
2009-09-07,937238.9169421503,3362.809245617123,933876.1076965332,0.0,0.020440003383891847,-0.039588948523793355,1097911.9711177768,1100952.3050884255
2009-09-08,933814.3779521296,3362.809245617123,930451.5687065125,0.0,-0.0036538591474558624,-0.04309815522954741,1103042.4234110443,1102509.3678828082
2009-09-09,927384.0643840143,3362.809245617123,924021.2551383972,0.0,-0.00688607256424667,-0.04968745076949821,1105108.3683276873,1101316.980537893
2009-09-10,924784.8481860468,3362.809245617123,921422.0389404297,0.0,-0.0028027397685488342,-0.052350929543777625,1106290.5255019406,1100461.3220640486
2009-09-11,924344.4799990961,3362.809245617123,920981.670753479,0.0,-0.00047618447449093715,-0.052802185318394645,1108620.4298521066,1098132.6460205582
2009-09-14,927407.0712199518,3362.809245617123,924044.2619743347,0.0,0.003313257434997219,-0.04966387511648762,1103811.436435843,1096701.7538080537
2009-09-15,950634.6519847224,3362.809245617123,947271.8427391052,0.0,0.02504572316255471,-0.025862019621280208,1122978.8142735874,1114671.7461995494
2009-09-16,980832.6239238093,3362.809245617123,977469.8146781921,0.0,0.03176611737857438,0.0,1138197.8969923176,1127661.7679152228
2009-09-17,979088.6731982538,3362.809245617123,975725.8639526367,0.0,-0.0017780309127348737,-0.0017780309127348737,1139839.1530369362,1128727.9161817443
2009-09-18,987925.9644809077,3362.809245617123,984563.1552352905,0.0,0.00902603770686694,0.0,1142249.422106353,1134942.3310631078
2009-09-22,1002725.6691661188,3362.809245617123,999362.8599205017,0.0,0.014980580749274663,0.0,1152384.1193374116,1141675.812540276
2009-09-23,989566.3229976008,3362.809245617123,986203.5137519836,0.0,-0.013123575643038565,-0.013123575643038565,1140849.2602194876,1130186.8234691608
2009-09-24,988171.0248751948,3362.809245617123,984808.2156295776,0.0,-0.0014100097082723195,-0.014515080982247075,1144659.69117577,1133721.860146765
2009-09-25,991247.1641574213,3362.809245617123,987884.3549118042,0.0,0.003112962437463729,-0.011447303446657786,1138324.2164324792,1133848.1677216743
2009-09-29,998602.1260180781,3362.809245617123,995239.3167724609,0.0,0.007419907089377231,-0.004112334285278574,1149319.6119607873,1142461.3990785822
2009-09-30,1018984.1465297053,3362.809245617123,1015621.3372840881,0.0,0.020410551891072437,0.0,1167017.8958303004,1155535.5345155075
2009-10-01,1019979.2641949427,4492.507370449272,1015486.7568244934,20000.0,0.0009765781623065628,0.0,1186891.576390139,1175647.7318081874
2009-10-05,1002503.004929043,4492.507370449272,998010.4975585938,0.0,-0.017133935835149994,-0.017133935835149994,1168166.2432404768,1154997.8379696854
2009-10-06,996564.4294056665,4492.507370449272,992071.9220352173,0.0,-0.005923748352052893,-0.02295618706303526,1173816.483036338,1155354.609490896
2009-10-07,1005435.2057308924,4492.507370449272,1000942.6983604431,0.0,0.008901357567534518,-0.014259170724935988,1164091.9051556017,1153927.523406054
2009-10-08,1001792.2064556848,4492.507370449272,997299.6990852356,0.0,-0.0036233058624193237,-0.017830811250474476,1167944.3880187753,1159022.248601715
2009-10-09,991176.337124325,4492.507370449272,986683.8297538757,0.0,-0.010596877539024274,-0.02823873786625597,1154624.182266897,1150102.9605714523
2009-10-12,1018747.2450184595,4492.507370449272,1014254.7376480103,0.0,0.027816349988868172,-0.0012078864931196476,1180085.546133019,1170224.8046857875
2009-10-13,1018531.2144016993,4492.507370449272,1014038.70703125,0.0,-0.00021205516659472678,-0.0014196855211427994,,
2009-10-14,1050558.506229855,4492.507370449272,1046065.9988594055,0.0,0.03144458547298323,0.0,1195016.8813777468,1187221.4835745818
2009-10-15,1057420.118225552,4492.507370449272,1052927.6108551025,0.0,0.006531394448769268,0.0,1192833.7849541286,1188891.2021666223
2009-10-16,1067319.3711209071,4492.507370449272,1062826.8637504578,0.0,0.009361702813038164,0.0,1200608.7502211358,1197311.0100671903
2009-10-20,1074935.2441105617,4492.507370449272,1070442.7367401123,0.0,0.007135514632004014,0.0,1194141.317090662,1196811.5299374955
2009-10-21,1057621.9472355617,4492.507370449272,1053129.4398651123,0.0,-0.016106362657525075,-0.016106362657525075,1182268.6425566375,1185366.2716642872
2009-10-22,1034815.2447628748,4492.507370449272,1030322.7373924255,0.0,-0.021564135022254072,-0.03732317790071493,1164757.3568149395,1167299.3478937992
2009-10-23,1051659.4901051295,4492.507370449272,1047166.9827346802,0.0,0.01627753884328853,-0.021653168535460288,1166730.2266050442,1171566.3213510893
2009-10-26,1038777.3302922022,4492.507370449272,1034284.8229217529,0.0,-0.012249363918771405,-0.033637294912846394,1160624.6477775923,1161005.8843232582
2009-10-27,992885.1431393396,4492.507370449272,988392.6357688904,0.0,-0.04417904185486343,-0.0763302733078709,1131626.0269928004,1130309.248701918
2009-10-28,995562.9733090174,4492.507370449272,991070.4659385681,0.0,0.0026970190743420552,-0.07383911843658975,1126827.8662961153,1127198.2289097372
2009-10-29,977353.5860371363,4492.507370449272,972861.078666687,0.0,-0.018290542898916184,-0.09077910377212328,1109176.4674673306,1108232.2687785737
2009-10-30,971065.0033306848,4492.507370449272,966572.4959602356,0.0,-0.0064342964473580455,-0.09662930055458607,1100105.7126577443,1099755.3216890618
2009-11-03,951317.860460873,2696.8964525416523,948620.9640083313,20000.0,-0.020335551999176693,-0.1149998423876909,1085596.7371526451,1083878.39145252
2009-11-04,994597.7422434047,2696.8964525416523,991900.845790863,0.0,0.04549465912640849,-0.07473706189030105,1120539.2332820017,1115501.022638595
2009-11-05,1018798.1093622402,2696.8964525416523,1016101.2129096985,0.0,0.024331813848932793,-0.052223736318899205,1133562.39825733,1133980.2847622626
2009-11-06,1054067.0955721096,2696.8964525416523,1051370.1991195679,0.0,0.03461822895602684,-0.019413400623699117,1140841.1219110012,1148722.9593099428
2009-11-09,1101267.9804102138,2696.8964525416523,1098571.0839576721,0.0,0.04477977259358923,0.0,1165162.9231662946,1170924.255670443
2009-11-10,1093973.7363878444,2696.8964525416523,1091276.8399353027,0.0,-0.006623495962946535,-0.006623495962946535,1161190.6302035984,1173221.4115161663
2009-11-11,1132588.9316660122,2696.8964525416523,1129892.0352134705,0.0,0.03529810085356333,0.0,1190269.7519978245,1201194.7041692848
2009-11-12,1103743.5544801906,2696.8964525416523,1101046.658027649,0.0,-0.025468531767647296,-0.025468531767647296,1178067.1551281495,1187586.1251972099
2009-11-13,1102149.771170254,2696.8964525416523,1099452.8747177124,0.0,-0.0014439797210749061,-0.026875735445324178,1189080.4218630914,1196411.4120445198
2009-11-16,1114397.0809541896,2696.8964525416523,1111700.184501648,0.0,0.01111220099508925,-0.016062183024394106,1203138.2111392207,1210310.7738320988
2009-11-17,1119970.655005093,2696.8964525416523,1117273.7585525513,0.0,0.005001425565590134,-0.011141091271621328,1204137.294910605,1209903.7062871524
2009-11-18,1123441.6816850856,2696.8964525416523,1120744.785232544,0.0,0.0030992121663910854,-0.008076407710846278,1202341.4528653664,1211081.3198964256
2009-11-19,1099179.902876492,2696.8964525416523,1096483.0064239502,0.0,-0.021595939695065236,-0.02949792979203525,1186713.608436764,1194957.497966999
2009-11-20,1111042.5383821682,2696.8964525416523,1108345.6419296265,0.0,0.010792260188375424,-0.019024018936994014,1201806.2543047364,1206050.8339817226
2009-11-23,1114628.1645227626,2696.8964525416523,1111931.268070221,0.0,0.003227262698524358,-0.015858151745161142,1213961.1153652926,1215704.738266182
2009-11-24,1114587.6945291713,2696.8964525416523,1111890.7980766296,0.0,-3.6308066563739416e-05,-0.01589388403289571,1210868.8570149865,1215152.2793134835
2009-11-25,1106624.4829469875,2696.8964525416523,1103927.5864944458,0.0,-0.00714453570703355,-0.022924865317932697,1215055.3223183514,1216809.7981553758
2009-11-26,1088781.3017259792,2696.8964525416523,1086084.4052734375,0.0,-0.016123971135620585,-0.03867919658687902,1190650.2447245223,1198417.785074739
2009-11-27,1080649.1311441616,2696.8964525416523,1077952.2346916199,0.0,-0.007469057898887632,-0.04585935732697677,1175474.4386635355,1183209.829625493
2009-11-30,1097241.962236996,2696.8964525416523,1094545.0657844543,0.0,0.015354503709512413,-0.031209001289657312,1197108.4002725403,1205425.679325148
2009-12-01,1134037.195274157,5021.210231584846,1129015.985042572,20000.0,0.03353429262051266,0.0,1238349.7900206666,1246056.6348948886
2009-12-02,1133515.0334470696,5021.210231584846,1128493.8232154846,0.0,-0.00046044506235187743,-0.00046044506235187743,1238652.003460246,1248332.2443440286
2009-12-03,1151181.495130343,5021.210231584846,1146160.284898758,0.0,0.015585555693556907,0.0,1240695.0135326528,1255144.0655016769
2009-12-04,1143087.1375692314,5021.210231584846,1138065.9273376465,0.0,-0.007031347876378935,-0.007031347876378935,1235182.5695634491,1252691.2557733012
2009-12-07,1123841.3116805977,5021.210231584846,1118820.1014490128,0.0,-0.016836709342701428,-0.02374967245859838,1224979.9146745226,1241121.4339582974
2009-12-08,1138706.2374866433,5021.210231584846,1133685.0272550583,0.0,0.01322689035502389,-0.01083691641715201,1244623.7882471853,1257463.9750206259
2009-12-09,1127193.9424303002,5021.210231584846,1122172.7321987152,0.0,-0.010109978041178636,-0.02083733347131911,1235932.082504031,1252646.9557034923
2009-12-10,1122838.714647097,5021.210231584846,1117817.504415512,0.0,-0.0038637785559891835,-0.024620601185077917,1241408.1664187852,1258424.4351660588
2009-12-11,1123721.0991971917,5021.210231584846,1118699.8889656067,0.0,0.0007858515551557588,-0.023854097767652238,1237213.420266998,1253888.079157649
2009-12-14,1113639.2858579583,5021.210231584846,1108618.0756263733,0.0,-0.008971811018264275,-0.032611894328733904,1234408.9739894008,1250474.8092838405
2009-12-15,1101292.8681810326,5021.210231584846,1096271.6579494476,0.0,-0.011086550046960575,-0.0433368909770927,1216844.2344393444,1233275.126805666
2009-12-16,1105278.9042957253,5021.210231584846,1100257.6940641403,0.0,0.003619415170894813,-0.039874330006859804,1219020.1712043162,1234501.5316698537
2009-12-17,1115311.7291171975,5021.210231584846,1110290.5188856125,0.0,0.009077188375240963,-0.031159088436427673,1218947.687199667,1238092.2904227013
2009-12-18,1104120.0196941323,5021.210231584846,1099098.8094625473,0.0,-0.010034602103506707,-0.04088102148556694,1205880.0252931027,1227335.0213539314
2009-12-21,1086300.8722455925,5021.210231584846,1081279.6620140076,0.0,-0.016138777606329535,-0.05636002937782125,1197393.8482992873,1221217.715622961
2009-12-22,1104380.7679336495,5021.210231584846,1099359.5577020645,0.0,0.016643543377335535,-0.0406545165941834,1205432.7257921002,1231930.5403220204
2009-12-23,1131888.947438044,5021.210231584846,1126867.737206459,0.0,0.024908238447382214,-0.016758910540092153,1243813.8326186875,1263330.198922712
2009-12-24,1137659.444940371,5021.210231584846,1132638.234708786,0.0,0.0050981127745686194,-0.011746236581435698,1251985.6368040654,1270866.1169868778
2009-12-29,1141212.8510225243,5021.210231584846,1136191.6407909393,0.0,0.0031234356625409188,-0.00865948953313389,1254294.618313727,1273791.7974929854
2009-12-30,1141677.2122238106,5021.210231584846,1136656.0019922256,0.0,0.00040690148281297134,-0.008256111609452277,1249821.8594079516,1272787.0372777435
2009-12-31,1153327.5666788048,5021.210231584846,1148306.3564472198,0.0,0.01020459577388011,0.0,1257461.7207188196,1279362.4951964766
2010-01-04,1179006.3037731382,6072.411240789661,1172933.8925323486,20000.0,0.022264912273171067,0.0,1284992.974074839,1310754.9724323433
2010-01-05,1195442.247159216,6072.411240789661,1189369.8359184265,0.0,0.013940505096095235,0.0,1296216.512980144,1325280.0406225082
2010-01-06,1194398.6673366758,6072.411240789661,1188326.2560958862,0.0,-0.0008729654862208447,-0.0008729654862208447,1297174.302614376,1327260.76504294
2010-01-07,1189318.6512195799,6072.411240789661,1183246.2399787903,0.0,-0.004253199753164183,-0.0051224523427945146,1292581.781064084,1323929.5666816412
2010-01-08,1180669.687585089,6072.411240789661,1174597.2763442993,0.0,-0.007272200453277922,-0.0123574012958233,1288075.1212113143,1322053.9084304369
2010-01-11,1193135.0651714536,6072.411240789661,1187062.653930664,0.0,0.010557887373106922,-0.0019299819738218815,1289217.1057720745,1330216.8317539978
2010-01-12,1193177.987797949,6072.411240789661,1187105.5765571594,0.0,3.597465848437231e-05,-0.0018940767457799046,1279638.9695926108,1317972.5933044574
2010-01-13,1195762.3961841795,6072.411240789661,1189689.98494339,0.0,0.0021659873151029796,0.0,1285422.7622367379,1325145.081149902
2010-01-14,1209159.351205084,6072.411240789661,1203086.9399642944,0.0,0.01120369319494885,0.0,1291795.8347434686,1335603.7808657766
2010-01-15,1203604.107972357,6072.411240789661,1197531.6967315674,0.0,-0.004594302005927142,-0.004594302005927142,1289904.838782256,1340915.5571117064
2010-01-18,1209108.0108654234,6072.411240789661,1203035.5996246338,0.0,0.004572851535326272,-4.2459531582439425e-05,1295467.5015796917,1350353.928046086
2010-01-19,1199221.6240093443,6072.411240789661,1193149.2127685547,0.0,-0.008176595281179977,-0.008218707638356748,1283384.2664320166,1341260.6489227677
2010-01-20,1211530.2049877378,6072.411240789661,1205457.7937469482,0.0,0.010263808400354124,0.0,1282414.245103445,1336564.0299689125
2010-01-21,1173518.5819065305,6072.411240789661,1167446.170665741,0.0,-0.03137488683709044,-0.03137488683709044,1251088.7559807485,1303432.4319268023
2010-01-22,1165437.87878916,6072.411240789661,1159365.4675483704,0.0,-0.00688587572617938,-0.03804471899158668,1236807.5333276475,1293679.0090205406
2010-01-25,1150762.5556614134,6072.411240789661,1144690.1444206238,0.0,-0.01259211099521973,-0.050157766662482395,1229906.3394300118,1284015.5590960165
2010-01-27,1096759.5355732176,6072.411240789661,1090687.124332428,0.0,-0.04692803030696191,-0.09473199177537783,1191888.5545620318,1238084.498454849
2010-01-28,1107835.33607218,6072.411240789661,1101762.9248313904,0.0,0.010098658949132089,-0.08558999890275731,1195363.674858815,1241685.762297161
2010-01-29,1106779.857190344,6072.411240789661,1100707.4459495544,0.0,-0.0009527398589560532,-0.08646119375823069,1198998.4067748748,1247252.6573724146
2010-02-01,1152612.1078288632,3802.2187411862833,1148809.889087677,20000.0,0.04141044882662426,-0.04863114177122063,1223333.2233140282,1279331.8965101694
2010-02-02,1148150.6060435849,3802.2187411862833,1144348.3873023987,0.0,-0.0038707746994627312,-0.05231367627750927,1205955.8107347344,1261634.169898752
2010-02-03,1178361.7802035885,3802.2187411862833,1174559.5614624023,0.0,0.026312901810075617,-0.02737729909464781,1231360.2539680747,1284148.9543253777
2010-02-04,1159811.1121509152,3802.2187411862833,1156008.893409729,0.0,-0.01574276114884543,-0.04268906596294564,1209763.3562807632,1262076.2930085873
2010-02-05,1124966.1848552304,3802.2187411862833,1121163.9661140442,0.0,-0.03004362256114579,-0.07145015433881285,1178129.4700943306,1226695.8749487465
2010-02-06,77078.16898227515,3802.2187411862833,73275.95024108887,0.0,-0.9314840125686141,-0.9363794904452627,,
2010-02-08,1133178.1122195798,3802.2187411862833,1129375.8934783936,0.0,13.701673991246013,-0.06467200936930095,1188553.4062613277,1240003.557260297
2010-02-09,1151478.8959720212,3802.2187411862833,1147676.677230835,0.0,0.016149962265504136,-0.04956649761474541,1196605.428809487,1251192.3236306354
2010-02-10,1149247.6783397275,3802.2187411862833,1145445.4595985413,0.0,-0.0019376973734375191,-0.05140815011594424,1187754.5190314632,1243783.933143891
2010-02-11,1161807.4824435788,3802.2187411862833,1158005.2637023926,0.0,0.010928718274198168,-0.041041257031360856,1205144.3666019742,1257167.833311413
2010-02-15,1156451.3842227536,3802.2187411862833,1152649.1654815674,0.0,-0.004610142645629978,-0.045462193627720304,1198927.4805517774,1248814.38606952
2010-02-16,1161374.2873408871,3802.2187411862833,1157572.068599701,0.0,0.0042569045143581175,-0.04139881733064865,1212359.9531232603,1260536.60300016
2010-02-17,1169306.0556285458,3802.2187411862833,1165503.8368873596,0.0,0.006829639999882842,-0.03485191634955509,1226903.528733502,1271786.3287689758
2010-02-18,1161083.17824436,3802.2187411862833,1157280.9595031738,0.0,-0.007032271272866764,-0.04163909949227251,1220349.5568919766,1263951.22249289
2010-02-19,1142057.8540599423,3802.2187411862833,1138255.635318756,0.0,-0.016385840860415724,-0.05734264869483685,1209650.9537130943,1250796.050324783
2010-02-22,1132993.3174865323,3802.2187411862833,1129191.098745346,0.0,-0.007937020476840306,-0.06482453939478994,1212522.2175674767,1248219.8272477412
2010-02-23,1132700.640379675,3802.2187411862833,1128898.4216384888,0.0,-0.00025832200626441093,-0.06506611579598276,1215930.258542734,1246832.647382757
2010-02-24,1133800.7065703946,3802.2187411862833,1129998.4878292084,0.0,0.000971188813269297,-0.06415811846649744,1213071.5515912473,1244073.5461102831
2010-02-25,1125998.7669131833,3802.2187411862833,1122196.548171997,0.0,-0.00688122666708435,-0.07059785857788026,1213358.65359435,1241543.1728372243
2010-02-26,1140205.5311915951,3802.2187411862833,1136403.312450409,0.0,0.012617033602406513,-0.058871560529408784,1228975.7834463413,1258371.986117965
2010-03-02,1199082.0781048872,3972.241801176162,1195109.836303711,20000.0,0.05163678416097661,-0.01027471443270922,1272620.0658640575,1298112.4108146229
2010-03-03,1215665.0180234052,3972.241801176162,1211692.776222229,0.0,0.013829695415618959,0.0,1290655.427825835,1315932.4029500184
2010-03-04,1230614.1428326704,3972.241801176162,1226641.9010314941,0.0,0.01229707574671468,0.0,1288664.1597779307,1319802.928888321
2010-03-05,1233638.7883099653,3972.241801176162,1229666.546508789,0.0,0.0024578341593999298,0.0,1290807.6495357857,1322249.071042844
2010-03-08,1241742.7956647016,3972.241801176162,1237770.5538635254,0.0,0.006569189807851705,0.0,1299761.8531966177,1327667.8073564672
2010-03-09,1234330.3156918623,3972.241801176162,1230358.073890686,0.0,-0.005969416531924732,-0.005969416531924732,1294054.4680098644,1316721.9297644645
2010-03-10,1232178.6836155988,3972.241801176162,1228206.4418144226,0.0,-0.001743157442469001,-0.0077021683415390285,1297795.976076736,1317155.3984310704
2010-03-11,1218077.4161061384,3972.241801176162,1214105.1743049622,0.0,-0.011444174207009383,-0.019058197592276116,1302146.2471252242,1316861.329175211
2010-03-12,1227884.4194821455,3972.241801176162,1223912.1776809692,0.0,0.008051215174284643,-0.01116042406764095,1303059.4535267418,1317016.150212743
2010-03-15,1213286.7740315534,3972.241801176162,1209314.5322303772,0.0,-0.011888452381168313,-0.02291619627872754,1301004.7700878736,1310838.730338245
2010-03-16,1233064.3487576582,3972.241801176162,1229092.106956482,0.0,0.0163008244624534,-0.006988924709160793,1318558.1998499623,1323301.8238595785
2010-03-17,1245011.2695683576,3972.241801176162,1241039.0277671814,0.0,0.00968880563511254,0.0,1327131.9111650109,1332761.479968241
2010-03-18,1256046.541727934,3972.241801176162,1252074.2999267578,0.0,0.00886359218531596,0.0,1330683.1730589906,1333504.5907099112
2010-03-19,1265472.466715727,3972.241801176162,1261500.2249145508,0.0,0.00750443926610056,0.0,1334970.028716515,1338892.332577544
2010-03-22,1243278.7324322797,3972.241801176162,1239306.4906311035,0.0,-0.01753790372148245,-0.01753790372148245,1320359.221724975,1324881.0286808896
2010-03-23,1258491.244501982,3972.241801176162,1254519.0027008057,0.0,0.012235801733647689,-0.0055166923005945945,1325457.7200719262,1327528.4079457207
2010-03-25,1265365.6524037458,3972.241801176162,1261393.4106025696,0.0,0.0054624201255244476,-8.44066661193077e-05,1334361.2657348984,1329510.238180067
2010-03-26,1272362.9089230634,3972.241801176162,1268390.6671218872,0.0,0.0055298296630901245,0.0,1339840.3802858186,1335470.8481250526
2010-03-29,1273806.9446477033,3972.241801176162,1269834.702846527,0.0,0.001134924410726601,0.0,1345129.248663847,1337947.984725566
2010-03-30,1273403.6159581281,3972.241801176162,1269431.374156952,0.0,-0.0003166325095571576,-0.0003166325095571576,1334881.3462557138,1335548.2586438186
2010-03-31,1286106.9887150861,3972.241801176162,1282134.74691391,0.0,0.009975920122858861,0.0,1331494.9396066032,1335563.680270604
2010-04-01,1326076.4564054853,2741.4982908612583,1323334.958114624,20000.0,0.031077871468789375,0.0,1361996.503578592,1365456.8050458727
2010-04-05,1341168.6303213483,2741.4982908612583,1338427.132030487,0.0,0.011381073725396318,0.0,1382051.204385945,1383902.8859667208
2010-04-06,1334659.0618627912,2741.4982908612583,1331917.56357193,0.0,-0.004853653978618144,-0.004853653978618144,1381433.3689070456,1385914.0223503402
2010-04-07,1345696.6675032026,2741.4982908612583,1342955.1692123413,0.0,0.008269981417581063,0.0,1383660.2164164463,1390517.8322270557
2010-04-08,1338656.0738218671,2741.4982908612583,1335914.5755310059,0.0,-0.005231932166703257,-0.005231932166703257,1365587.8687122965,1376926.7422510537
2010-04-09,1348807.080375517,2741.4982908612583,1346065.5820846558,0.0,0.007582983226355422,0.0,1380339.240726305,1385835.461136606
2010-04-12,1349310.1193273908,2741.4982908612583,1346568.6210365295,0.0,0.00037295100180956275,0.0,1374662.6965643228,1381011.9253652277
2010-04-13,1349294.7774084455,2741.4982908612583,1346553.2791175842,0.0,-1.1370194831883396e-05,-1.1370194831883396e-05,1370350.5443225799,1377445.2155737248
2010-04-15,1341536.2271803266,2741.4982908612583,1338794.7288894653,0.0,-0.005750078009655213,-0.005761382824979733,1357645.76018893,1369918.9899220483
2010-04-16,1335795.4927481061,2741.4982908612583,1333053.9944572449,0.0,-0.004279224307111362,-0.010015952882663881,1354813.899015248,1364529.721347862
2010-04-19,1317754.6348265058,2741.4982908612583,1315013.1365356445,0.0,-0.013505703544848147,-0.023386383937159638,1339637.6472619355,1348173.338024367
2010-04-20,1336601.4829901105,2741.4982908612583,1333859.9846992493,0.0,0.01430224388175727,-0.009418617821983943,1346447.0364566422,1357459.2121117916
2010-04-21,1358671.8448980695,2741.4982908612583,1355930.3466072083,0.0,0.016512297935346698,0.0,1350257.126663243,1365205.3170980013
2010-04-22,1355614.7415922529,2741.4982908612583,1352873.2433013916,0.0,-0.0022500674591118264,-0.0022500674591118264,1356551.632008189,1369039.1657041744
2010-04-23,1367432.6193350202,2741.4982908612583,1364691.121044159,0.0,0.00871772589968045,0.0,1365497.7388977755,1372935.7712174123
2010-04-26,1375891.6858404523,2741.4982908612583,1373150.187549591,0.0,0.006186093841717533,0.0,1370221.8233601397,1377586.5336945239
2010-04-27,1362601.6332052595,2741.4982908612583,1359860.1349143982,0.0,-0.009659228827358368,-0.009659228827358368,1366591.8670785162,1375858.1869923733
2010-04-28,1340771.2563055402,2741.4982908612583,1338029.758014679,0.0,-0.016021099907511105,-0.025525577264796873,1342675.5373979604,1355998.004224311
2010-04-29,1366924.6705320722,2741.4982908612583,1364183.172241211,0.0,0.019506246202351418,-0.006517239257029628,1352638.4644683846,1363272.7419281162
2010-04-30,1364617.6781729108,2741.4982908612583,1361876.1798820496,0.0,-0.0016877245753882386,-0.00819396452756005,1358778.4795175898,1372652.9815359437
2010-05-03,1357770.6988069592,10376.065128522921,1347394.6336784363,20000.0,-0.005017507449499692,-0.01317035869900185,1364554.81316796,1384215.4764929255
2010-05-04,1331391.1134111462,10376.065128522921,1321015.0482826233,0.0,-0.019428601176172178,-0.032343078228664,1345155.4172792572,1364000.3020541444
2010-05-05,1336977.6282350598,10376.065128522921,1326601.5631065369,0.0,0.004195998281527169,-0.028282791447803657,1338989.3884921107,1361975.561840376
2010-05-06,1355024.765808302,10376.065128522921,1344648.700679779,0.0,0.013498458906201938,-0.015166106639712629,1330093.1509019989,1357272.4974514854
2010-05-07,1310567.5689355908,10376.065128522921,1300191.5038070679,0.0,-0.032809139725347714,-0.04747765945322857,1311072.5218903583,1333518.0366398015
2010-05-10,1352658.437278944,10376.065128522921,1342282.3721504211,0.0,0.032116519087633355,-0.016885957521660888,1356938.7795560618,1370616.4773808885
2010-05-11,1338059.3507959424,10376.065128522921,1327683.2856674194,0.0,-0.01079288464896555,-0.027496593978907913,1341928.69089949,1355120.2476464
2010-05-12,1351333.3014757214,10376.065128522921,1340957.2363471985,0.0,0.009920300375228619,-0.017849068075245778,1347284.7530640475,1359552.2568478878
2010-05-13,1353589.1529848156,10376.065128522921,1343213.0878562927,0.0,0.0016693524141162541,-0.01620951204601062,1353098.0400475308,1368065.6627970836
2010-05-14,1328830.9335100232,10376.065128522921,1318454.8683815002,0.0,-0.018290793347595757,-0.03420382055850746,1330785.4943987369,1350863.544671802
2010-05-17,1323443.9415170727,10376.065128522921,1313067.8763885498,0.0,-0.004053933316197744,-0.03811909386700185,1322006.7523605865,1343402.4431520458
2010-05-18,1319029.5153276501,10376.065128522921,1308653.4501991272,0.0,-0.003335559634178642,-0.04132750499038618,1323652.8382530524,1344725.6470795213
2010-05-19,1264934.1132280407,10376.065128522921,1254558.0480995178,0.0,-0.041011517536946096,-0.08064411883166078,1285363.4490152597,1309333.094729227
2010-05-20,1268955.0038721142,10376.065128522921,1258578.9387435913,0.0,0.003178735241642361,-0.07772172989257997,1292666.0335813707,1317958.1299543376
2010-05-21,1245886.3586923657,10376.065128522921,1235510.2935638428,0.0,-0.018179246001124083,-0.09448805344635391,1288368.069253914,1307802.6682546907
2010-05-24,1241006.5864069043,10376.065128522921,1230630.5212783813,0.0,-0.003916707371756645,-0.09803467876263428,1291712.4187595323,1310736.0116124465
2010-05-25,1182361.8501932202,10376.065128522921,1171985.7850646973,0.0,-0.04725578160183552,-0.14065775499545663,1255865.9419262058,1276013.0792282745
2010-05-26,1206955.9681551037,10376.065128522921,1196579.9030265808,0.0,0.020800838557049506,-0.12278271569186461,1284775.5885337838,1297902.303582361
2010-05-27,1231696.814762312,10376.065128522921,1221320.749633789,0.0,0.020498549458292104,-0.10480103380380557,1307166.5921244414,1315502.9086416787
2010-05-28,1260816.1756555615,10376.065128522921,1250440.1105270386,0.0,0.023641662902951444,-0.0836370416139246,1323744.1811577263,1334968.750158594
2010-05-31,1276545.1223756848,10376.065128522921,1266169.0572471619,0.0,0.012475210124858194,-0.07220522115742167,1328904.2898284586,1347659.1461266438
2010-06-01,1268658.8009098035,2665.9805171948683,1265992.8203926086,20000.0,-0.006177863459463695,-0.0779370106195143,1318570.791043417,1342948.1298460327
2010-06-02,1276018.640696333,2665.9805171948683,1273352.6601791382,0.0,0.005801275946890838,-0.07258786877770296,1331742.6771719416,1356105.3709455666
2010-06-03,1298111.5948131543,2665.9805171948683,1295445.6142959595,0.0,0.01731397442968774,-0.056530678851937854,1355791.6709235688,1376626.1533516252
2010-06-04,1304359.9010227185,2665.9805171948683,1301693.9205055237,0.0,0.004813381403055317,-0.051989401167170546,1362424.0536205827,1379960.071274469
2010-06-07,1279207.7275264722,2665.9805171948683,1276541.7470092773,0.0,-0.019283154500935762,-0.07027003601298853,1335496.5798707064,1356186.2889819022
2010-06-08,1266684.2517192822,2665.9805171948683,1264018.2712020874,0.0,-0.009790025136422353,-0.07937211573050651,1323054.2558388535,1343886.747458916
2010-06-09,1272191.7055767041,2665.9805171948683,1269525.7250595093,0.0,0.004347929525409855,-0.07536929057057562,1326556.076179642,1350360.1903657508
2010-06-10,1283530.9736774426,2665.9805171948683,1280864.9931602478,0.0,0.008913175625208325,-0.06712789466897018,1347328.776509924,1368793.382260179
2010-06-11,1295860.572703169,2665.9805171948683,1293194.5921859741,0.0,0.00960600038377013,-0.05816672486715191,1358139.5603060566,1374716.519302717
2010-06-14,1305629.4815090161,2665.9805171948683,1302963.5009918213,0.0,0.007538549294288099,-0.05106666829556217,1378925.4735862429,1391482.6732142032
2010-06-15,1310527.198622511,2665.9805171948683,1307861.2181053162,0.0,0.0037512304852631573,-0.047507000653190246,1385464.9770177538,1396580.5095033357
2010-06-16,1304016.1948764783,2665.9805171948683,1301350.2143592834,0.0,-0.00496823244330713,-0.05223920727456788,1388383.2254044397,1398247.5474862775
2010-06-17,1310167.6259716016,2665.9805171948683,1307501.6454544067,0.0,0.004717296548380601,-0.04776833855835372,1399392.9806814827,1406128.8377909171
2010-06-18,1306671.8248012525,2665.9805171948683,1304005.8442840576,0.0,-0.002668209090998297,-0.05030909173414877,1396143.113159946,1401063.4003249267
2010-06-21,1333435.6291606885,2665.9805171948683,1330769.6486434937,0.0,0.020482422480875728,-0.030857121324801007,1420205.3198614775,1420500.0074785224
2010-06-22,1360740.418154524,2665.9805171948683,1358074.437637329,0.0,0.02047702071004509,-0.011011962527176178,1410455.7172968672,1414026.5645716875
2010-06-23,1359356.556093977,2665.9805171948683,1356690.5755767822,0.0,-0.0010169919567933894,-0.012017755406650954,1412206.6922366237,1417603.0785604978
2010-06-24,1365123.9653995496,2665.9805171948683,1362457.9848823547,0.0,0.004242749468281293,-0.007825994263731095,1411530.241017018,1415207.9362935768
2010-06-25,1349841.1644885999,2665.9805171948683,1347175.183971405,0.0,-0.011195174429801114,-0.018933555322663165,1397854.1901725407,1413104.0673488555
2010-06-28,1365076.5239780408,2665.9805171948683,1362410.543460846,0.0,0.011286779430239813,-0.00786047475518048,1414952.5245809322,1433624.8497549142
2010-06-29,1369927.7086933118,2665.9805171948683,1367261.728176117,0.0,0.0035537822459461577,-0.004334626924863971,1394431.9066086265,1418897.7671418649
2010-06-30,1384692.271895216,2665.9805171948683,1382026.2913780212,0.0,0.010777622138899101,0.0,1409381.3231154406,1430857.516129458
2010-07-01,1400373.0985225353,7530.441624036866,1392842.6568984985,20000.0,0.011324412611805057,0.0,1413171.7538961938,1439739.3463283612
2010-07-02,1396470.1972736034,7530.441624036866,1388939.7556495667,0.0,-0.0027870438621319105,-0.0027870438621319105,1409323.6218844634,1438491.969536069
2010-07-05,1404725.0506290111,7530.441624036866,1397194.6090049744,0.0,0.005911227730834634,0.0,1409000.6447457338,1437540.129529719
2010-07-06,1410100.2998965892,7530.441624036866,1402569.8582725525,0.0,0.0038265490212274766,0.0,1423303.4862948998,1448716.5166054594
2010-07-07,1418654.9948695812,7530.441624036866,1411124.5532455444,0.0,0.006066728000567956,0.0,1410400.0371490982,1439591.5779353902
2010-07-08,1437832.9631122265,7530.441624036866,1430302.5214881897,0.0,0.013518415902386671,0.0,1425402.5748999466,1452212.1526348416
2010-07-09,1436216.809337965,7530.441624036866,1428686.3677139282,0.0,-0.0011240205334862585,-0.0011240205334862585,1440364.7733580405,1464422.277383752
2010-07-12,1444349.8209117565,7530.441624036866,1436819.3792877197,0.0,0.005662802106835452,0.0,1448585.84238235,1468738.6530448094
2010-07-13,1452233.1272624645,7530.441624036866,1444702.6856384277,0.0,0.0054580311753917865,0.0,1453335.4984578819,1474203.6795436358
2010-07-14,1447424.155998579,7530.441624036866,1439893.7143745422,0.0,-0.003311432010197013,-0.003311432010197013,1449433.4931235805,1470232.0433763752
2010-07-15,1438321.21338307,7530.441624036866,1430790.7717590332,0.0,-0.006289063629195124,-0.00957966983277625,1447442.1511636756,1466687.2046391382
2010-07-16,1438542.621586195,7530.441624036866,1431012.1799621582,0.0,0.0001539351579222803,-0.009427209322842578,1451519.0476988105,1473776.8821136123
2010-07-19,1432107.5474132213,7530.441624036866,1424577.1057891846,0.0,-0.004473328823499156,-0.013858367139152783,1449514.3031074367,1473415.9554097394
2010-07-20,1438351.5628207836,7530.441624036866,1430821.1211967468,0.0,0.004360018504783847,-0.009558771371541708,1444549.2851399693,1468755.000524292
2010-07-21,1448291.7339290294,7530.441624036866,1440761.2923049927,0.0,0.0069108077365676035,-0.0027140224661207357,1452985.7160562144,1476763.8230461509
2010-07-22,1457105.84379994,7530.441624036866,1449575.4021759033,0.0,0.006085866310235,0.0,1464449.5649042453,1486446.6595209185
2010-07-23,1459489.4886897716,7530.441624036866,1451959.0470657349,0.0,0.0016358762817225703,0.0,1466373.6309101104,1484674.2401522999
2010-07-26,1460616.2637294445,7530.441624036866,1453085.8221054077,0.0,0.0007720336791767757,0.0,1458165.9645172697,1476222.2727209348
2010-07-27,1465183.8906482372,7530.441624036866,1457653.4490242004,0.0,0.003127191605500901,0.0,1461395.2103111744,1479964.0825589977
2010-07-28,1477241.6286471996,7530.441624036866,1469711.1870231628,0.0,0.008229504894179396,0.0,1452501.2503481202,1475270.432714585
2010-07-29,1479300.8364375744,7530.441624036866,1471770.3948135376,0.0,0.0013939546181489515,0.0,1455555.6049411912,1473891.7952782111
2010-07-30,1476368.6617396984,7530.441624036866,1468838.2201156616,0.0,-0.0019821354964802973,-0.0019821354964802973,1444441.6698931754,1468886.2611683737
2010-08-02,1519996.759045042,3615.7300228253152,1516381.0290222168,20000.0,0.02955095054234902,0.0,1481677.716758802,1504756.2980885268
2010-08-03,1525679.7186550274,3615.7300228253152,1522063.9886322021,0.0,0.003738797188985954,0.0,1483832.6990344923,1508864.5963598322
2010-08-04,1539143.91097299,3615.7300228253152,1535528.1809501648,0.0,0.00882504509519988,0.0,1491552.6210146346,1514187.045960676
2010-08-05,1538086.8891948834,3615.7300228253152,1534471.159172058,0.0,-0.0006867595489745693,-0.0006867595489745693,1485892.3127886795,1511309.629130874
2010-08-06,1542231.498649992,3615.7300228253152,1538615.7686271667,0.0,0.0026946523530138045,0.0,1483750.9165314157,1510195.2087600431
2010-08-09,1565022.5019458905,3615.7300228253152,1561406.7719230652,0.0,0.014777939184777988,0.0,1496544.5504125156,1523434.7371708332
2010-08-10,1553817.7778400555,3615.7300228253152,1550202.0478172302,0.0,-0.007159465178234403,-0.007159465178234403,1489602.2281928947,1516133.0990816387
2010-08-11,1560552.6527141705,3615.7300228253152,1556936.9226913452,0.0,0.0043344045680036025,-0.00285609262880393,1478663.4854157728,1508714.8374935
2010-08-12,1586318.4149402753,3615.7300228253152,1582702.68491745,0.0,0.016510665103988575,0.0,1477531.4504098336,1511808.608780953
2010-08-13,1609167.81987039,3615.7300228253152,1605552.0898475647,0.0,0.014404046952310567,0.0,1487256.2424816808,1522353.6145956619
2010-08-16,1601148.824860014,3615.7300228253152,1597533.0948371887,0.0,-0.004983318030198913,-0.004983318030198913,1478035.9978392369,1515051.9765064672
2010-08-17,1638222.1055111066,3615.7300228253152,1634606.3754882812,0.0,0.023154175349273887,0.0,1476903.9628332977,1516399.1565903723
2010-08-18,1645511.3147396222,3615.7300228253152,1641895.5847167969,0.0,0.004449463356643868,0.0,1494635.048842314,1530387.154476281
2010-08-19,1662174.769001402,3615.7300228253152,1658559.0389785767,0.0,0.01012661177867158,0.0,1511288.7103116147,1540799.2939648943
2010-08-20,1650115.667286314,3615.7300228253152,1646499.9372634888,0.0,-0.007255014298125029,-0.007255014298125029,1508683.5246802268,1540034.0943778101
2010-08-23,1660329.5008281842,3615.7300228253152,1656713.770805359,0.0,0.006189768235257853,-0.0011101529199161186,1512188.850630492,1548749.6705705004
2010-08-24,1660124.367451109,3615.7300228253152,1656508.6374282837,0.0,-0.00012354979958673074,-0.0012335655603320506,1501713.897227494,1538470.7222645252
2010-08-25,1630586.9722942486,3615.7300228253152,1626971.2422714233,0.0,-0.0177922785400777,-0.019003896158362843,1490052.2983523333,1524216.5044416115
2010-08-26,1649431.4722789899,3615.7300228253152,1645815.7422561646,0.0,0.011556881236593597,-0.007666640692704063,1494294.0664190636,1527792.5252671782
2010-08-27,1657709.158855833,3615.7300228253152,1654093.4288330078,0.0,0.005018508932296717,-0.0026866068652044994,1475417.3593856816,1513870.9605443173
2010-08-30,1662696.916683592,3615.7300228253152,1659081.1866607666,0.0,0.0030088256441807015,0.0,1477258.6644712333,1516099.801285979
2010-08-31,1654536.2069515362,3615.7300228253152,1650920.476928711,0.0,-0.0049081162358398656,-0.0049081162358398656,1473698.7280547447,1509330.2782142519
2010-09-01,1700369.374495901,3014.531085409064,1697354.843410492,20000.0,0.027701519828817522,0.0,1512643.7647690359,1551351.978409051
2010-09-02,1717590.585772909,3014.531085409064,1714576.0546875,0.0,0.010127923694293495,0.0,1516596.817212345,1553879.460915523
2010-09-03,1758022.7548326624,3014.531085409064,1755008.2237472534,0.0,0.023540050460604478,0.0,1514730.8403982937,1558159.2325633639
2010-09-06,1778288.7928194178,3014.531085409064,1775274.2617340088,0.0,0.011527744980004195,0.0,1541697.7418625308,1581799.5860306376
2010-09-07,1765409.5703577173,3014.531085409064,1762395.0392723083,0.0,-0.007242480812849839,-0.007242480812849839,1549175.417176826,1587983.5261397345
2010-09-08,1759563.144946493,3014.531085409064,1756548.613861084,0.0,-0.003311653856073571,-0.010530150079411937,1550239.7420595512,1590881.7389904177
2010-09-09,1753886.9067834986,3014.531085409064,1750872.3756980896,0.0,-0.0032259360394633063,-0.013722116528233186,1559141.0615765227,1597486.9261839266
2010-09-13,1780697.1763528956,3014.531085409064,1777682.6452674866,0.0,0.015286202015479367,0.0,1592300.214657123,1622054.0232369069
2010-09-14,1791131.3045572413,3014.531085409064,1788116.7734718323,0.0,0.005859574745727514,0.0,1602127.6385520753,1627210.021730253
2010-09-15,1789676.2636560572,3014.531085409064,1786661.7325706482,0.0,-0.000812358590060902,-0.000812358590060902,1620206.9885574307,1638246.6953418478
2010-09-16,1777399.8196138514,3014.531085409064,1774385.2885284424,0.0,-0.006859589240529318,-0.007666375384346447,1611291.7660014078,1625727.264903051
2010-09-17,1798295.1724352015,3014.531085409064,1795280.6413497925,0.0,0.011756135333629958,0.0,1626841.5727851687,1643369.1257081549
2010-09-20,1793830.3892091883,3014.531085409064,1790815.8581237793,0.0,-0.0024827866383955177,-0.0024827866383955177,1653241.689191376,1661398.500920989
2010-09-21,1773551.2305635584,3014.531085409064,1770536.6994781494,0.0,-0.011304947651472164,-0.013759666516890867,1661147.7940779948,1660033.7261873512
2010-09-22,1753328.7245439661,3014.531085409064,1750314.1934585571,0.0,-0.011402267761482343,-0.0250050428764389,1656158.0878491013,1654355.2825795487
2010-09-23,1755284.2868379725,3014.531085409064,1752269.7557525635,0.0,0.0011153426431858016,-0.023917589423868013,1647463.964108285,1648440.8747846186
2010-09-24,1772801.991443075,3014.531085409064,1769787.460357666,0.0,0.00997998144030543,-0.014176305082109653,1663704.8734157686,1662813.9569444703
2010-09-27,1782570.3974641932,3014.531085409064,1779555.8663787842,0.0,0.005510150636262923,-0.008744268022314872,1668501.1519265966,1670969.2017689017
2010-09-28,1778559.914111532,3014.531085409064,1775545.383026123,0.0,-0.0022498316803455376,-0.01097442657144243,1666801.0667144312,1671727.4465208433
2010-09-29,1794410.7680467737,3014.531085409064,1791396.2369613647,0.0,0.008912184408001789,-0.0021600482768173723,1656240.9661595635,1660067.29431439
2010-09-30,1782854.6989549769,3014.531085409064,1779840.1678695679,0.0,-0.006440035524516885,-0.008586173013696907,1666925.5191610858,1659764.029323542
2010-10-01,1833906.6572210672,3014.03419755731,1830892.62302351,20000.0,0.028634951741167924,0.0,1718287.6706990453,1711323.8279777616
2010-10-04,1883350.9972951296,3014.03419755731,1880336.9630975723,0.0,0.02696120867404761,0.0,1722776.882040926,1718433.350238737
2010-10-05,1906901.1689994219,3014.03419755731,1903887.1348018646,0.0,0.01250439866924169,0.0,1718958.9150708425,1720837.3780583716
2010-10-06,1878394.9879944208,3014.03419755731,1875380.9537968636,0.0,-0.014948955650364804,-0.014948955650364804,1730328.6885074356,1735959.826898442
2010-10-07,1865275.4518315676,3014.03419755731,1862261.4176340103,0.0,-0.00698443950644323,-0.021828985080383556,1711826.6534080277,1722951.370802045
2010-10-08,1863768.5643803957,3014.03419755731,1860754.5301828384,0.0,-0.0008078632299011179,-0.02261921347589213,1707113.8760363134,1716046.471450574
2010-10-11,1883173.4749128702,3014.03419755731,1880159.440715313,0.0,0.010411652446196129,-0.012443064419013328,1716176.0164820103,1727060.312041796
2010-10-12,1879702.2921645525,3014.03419755731,1876688.2579669952,0.0,-0.0018432623412339977,-0.014263390928194286,1703603.602569721,1714273.4613909237
2010-10-13,1892612.583629835,3014.03419755731,1889598.5494322777,0.0,0.006868263936846919,-0.007493091724876555,1743600.2071886424,1746445.0444321574
2010-10-14,1876692.242014635,3014.03419755731,1873678.2078170776,0.0,-0.008411833331820384,-0.01584189441796713,1727783.4227175713,1733811.7025872762
2010-10-15,1862077.3636658075,3014.03419755731,1859063.3294682503,0.0,-0.007787573274741222,-0.02350609777911772,1695702.1754334655,1704470.209225255
2010-10-18,1852555.098631132,3014.03419755731,1849541.0644335747,0.0,-0.005113785936331605,-0.028499678563208453,1699422.2213019056,1705493.1572773247
2010-10-19,1843411.6904733065,3014.03419755731,1840397.6562757492,0.0,-0.004935566107902356,-0.03329458262350804,1685814.875578939,1696474.098686729
2010-10-20,1835399.7236759546,3014.03419755731,1832385.6894783974,0.0,-0.004346271014097125,-0.03749614635822218,1673172.6741032747,1686517.3377150693
2010-10-21,1841233.4550144556,3014.03419755731,1838219.4208168983,0.0,0.0031784527714850963,-0.034436873317049255,1706568.4131632803,1717154.6651736496
2010-10-22,1848177.2998502138,3014.03419755731,1845163.2656526566,0.0,0.003771300601152605,-0.030795444516939163,1696653.1163410593,1711289.8629057202
2010-10-25,1867833.246761072,3014.03419755731,1864819.2125635147,0.0,0.01063531454068345,-0.02048764921511348,1707771.0536389763,1720922.6237293773
2010-10-26,1878754.4234745386,3014.03419755731,1875740.3892769814,0.0,0.0058469762932020775,-0.014760463721175565,1701114.3307152456,1715518.0148885185
2010-10-27,1880001.3718082788,3014.03419755731,1876987.3376107216,0.0,0.000663710125261785,-0.014106550265139184,1681717.3486436328,1700378.4170169758
2010-10-28,1856545.8166968706,3014.03419755731,1853531.7824993134,0.0,-0.012476349998004288,-0.026406902004771138,1674739.0020178508,1692092.43789794
2010-10-29,1848576.9931146982,3014.03419755731,1845562.958917141,0.0,-0.004292284903773758,-0.03058584096171446,1683129.8980917505,1695689.905111656
2010-11-01,1908696.2048426426,4115.329938010065,1904580.8749046326,20000.0,0.0325218868090793,0.0,1731057.4879345868,1742968.519833517
2010-11-02,1910377.845770911,4115.329938010065,1906262.515832901,0.0,0.000881041689086981,0.0,1731467.8436382294,1745693.518213214
2010-11-03,1930126.9843121327,4115.329938010065,1926011.6543741226,0.0,0.010337818031622037,0.0,1743210.9251075848,1756093.448675612
2010-11-04,1941016.5620184697,4115.329938010065,1936901.2320804596,0.0,0.00564189703312068,0.0,1777534.6236295663,1783602.4749046199
2010-11-08,1966835.0375910557,4115.329938010065,1962719.7076530457,0.0,0.013301522551532052,0.0,1775101.2281236565,1784809.7675917866
2010-11-09,2011438.57719715,4115.329938010065,2007323.24725914,0.0,0.022677824399917057,0.0,1783123.1985457053,1793105.5256852154
2010-11-10,2045856.3674469746,4115.329938010065,2041741.0375089645,0.0,0.01711103219357768,0.0,1775808.642670003,1788914.5290425308
2010-11-11,2018879.4959879674,4115.329938010065,2014764.1660499573,0.0,-0.01318610235217621,-0.01318610235217621,1752761.0214832656,1765924.2605568247
2010-11-12,1954885.2517071522,4115.329938010065,1950769.9217691422,0.0,-0.031697901934210626,-0.0444660325071331,1718069.3844970418,1728946.54288151
2010-11-15,1959675.4294739522,4115.329938010065,1955560.099535942,0.0,0.0024503626300402814,-0.04212462778145454,1732203.5823998107,1739467.2362982468
2010-11-16,1917567.3185778416,4115.329938010065,1913451.9886398315,0.0,-0.0214872882839654,-0.0627067720444251,1694597.4527493997,1702662.1574349222
2010-11-18,1909021.0328570164,4115.329938010065,1904905.7029190063,0.0,-0.004456837388719936,-0.06688413554697148,1697455.2969831177,1704024.572410716
2010-11-19,1879612.0279455937,4115.329938010065,1875496.6980075836,0.0,-0.015405280719935077,-0.0812590473830953,1666753.50567167,1673152.37369603
2010-11-22,1917828.4594851292,4115.329938010065,1913713.1295471191,0.0,0.020332085010812406,-0.06257912823157352,1700624.5694175123,1702920.8630107436
2010-11-23,1887159.0928726948,4115.329938010065,1883043.7629346848,0.0,-0.01599171524478682,-0.07757009587741404,1679331.3915724761,1682293.304041719
2010-11-24,1878149.6737309254,4115.329938010065,1874034.3437929153,0.0,-0.004774064452645055,-0.08197383569274241,1659806.7500933066,1662286.7395115313
2010-11-25,1842041.7604285039,4115.329938010065,1837926.4304904938,0.0,-0.019225258672113,-0.09962312616931712,1641131.0060697533,1636002.3540649435
2010-11-26,1779396.0731468953,4115.329938010065,1775280.7432088852,0.0,-0.03400883119340126,-0.13024389128186709,1627605.2952103654,1613460.441206084
2010-11-29,1791088.520679549,4115.329938010065,1786973.190741539,0.0,0.0065710201956192815,-0.12452870632621704,1649690.7220805485,1633794.7668368893
2010-11-30,1810482.3043938435,4115.329938010065,1806366.9744558334,0.0,0.010827931445251071,-0.11504916317603198,1658943.7596135251,1649299.7532909194
2010-12-01,1871550.5647204597,5089.138288327056,1866461.4264321327,20000.0,0.033730382328736486,-0.0851994331078243,1706730.920093882,1702034.5984658974
2010-12-02,1891947.4403770645,5089.138288327056,1886858.3020887375,0.0,0.010898383426606095,-0.07522958577095673,1721276.1116220106,1715961.520118822
2010-12-03,1847695.1411712845,5089.138288327056,1842606.0028829575,0.0,-0.02338981425243003,-0.09685979398591682,1715864.5325634768,1701860.0773467459
2010-12-06,1823174.6525200089,5089.138288327056,1818085.5142316818,0.0,-0.013270851941371453,-0.10884523394222945,1715707.1119264015,1698840.8960715786
2010-12-07,1801980.2319172104,5089.138288327056,1796891.0936288834,0.0,-0.011625008373993828,-0.11920491556017565,1711211.8160431709,1690777.986280617
2010-12-08,1760287.0757668694,5089.138288327056,1755197.9374785423,0.0,-0.02313741039544137,-0.13958423290314725,1690353.441825515,1666484.7828393343
2010-12-09,1661426.3597624977,5089.138288327056,1656337.2214741707,0.0,-0.05616170076196403,-0.18790664574571647,1651070.1424212265,1619241.8817988313
2010-12-10,1691204.5785277565,5089.138288327056,1686115.4402394295,0.0,0.017923285368793396,-0.17335126481131635,1677082.4347434822,1645140.7136224653
2010-12-13,1722347.963593789,5089.138288327056,1717258.8253054619,0.0,0.018414912933326866,-0.15812860032637188,1691484.32595811,1663395.7249441943
2010-12-14,1747731.7134869774,5089.138288327056,1742642.5751986504,0.0,0.014737875522100374,-0.14572120443236547,1701920.7829365006,1678474.247380427
2010-12-15,1723229.0714710434,5089.138288327056,1718139.9331827164,0.0,-0.014019681525974992,-0.1576979210806172,1687089.2703917378,1661545.6988227188
2010-12-16,1743009.547774144,5089.138288327056,1737920.409485817,0.0,0.011478727135339595,-0.1480293653511724,1703252.147702813,1673640.1487245513
2010-12-20,1747715.9587333878,5089.138288327056,1742626.8204450607,0.0,0.002700163613707174,-0.14572890524354676,1702765.3460524613,1672889.571567575
2010-12-21,1752792.6847661217,5089.138288327056,1747703.5464777946,0.0,0.0029047775225519157,-0.14324743776933235,1718112.1805050923,1687549.345576312
2010-12-22,1752669.2902439316,5089.138288327056,1747580.1519556046,0.0,-7.039881171488904e-05,-0.14330775213164715,1713459.463984786,1685071.282028983
2010-12-23,1741729.444402047,5089.138288327056,1736640.30611372,0.0,-0.006241819778996627,-0.14865507074890494,1712199.6794726325,1682784.9531096285
2010-12-24,1747749.529709645,5089.138288327056,1742660.391421318,0.0,0.003456383726500478,-0.14571249598980263,1721247.4515593105,1689329.4950778147
2010-12-27,1746377.7009533127,5089.138288327056,1741288.5626649857,0.0,-0.0007849115293769859,-0.14638303610110304,1717382.1178347485,1685140.9882181755
2010-12-28,1767877.3449104507,5089.138288327056,1762788.2066221237,0.0,0.012310993174845297,-0.13587416348461157,1716780.81573878,1685018.7893486132
2010-12-29,1784750.3475435455,5089.138288327056,1779661.2092552185,0.0,0.00954421565595065,-0.12762676014703,1735205.6011202286,1701074.7323105636
2010-12-30,1787610.82484562,5089.138288327056,1782521.686557293,0.0,0.0016027324527554399,-0.1262285792446023,1747087.9233105488,1711929.9800079511
2010-12-31,1810174.2284987648,5089.138288327056,1805085.0902104378,0.0,0.012622100593451924,-0.11519974847614434,1756436.2765426193,1724600.3155168279
2011-01-03,1842022.4718782129,3224.163273018769,1838798.308605194,20000.0,0.017594020994244675,-0.09963255427512063,1783050.3199879066,1753797.4421514946
2011-01-04,1831494.888004464,3224.163273018769,1828270.7247314453,0.0,-0.005715230967304308,-0.10477836218288006,1779792.6683408795,1750196.246168675
2011-01-05,1798273.4366800012,3224.163273018769,1795049.2734069824,0.0,-0.018138981190747305,-0.12101677063279481,1760521.7642075655,1731130.5433522656
2011-01-06,1780882.754638833,3224.163273018769,1777658.5913658142,0.0,-0.009670766239685546,-0.12951721197260901,1751385.9177005773,1717696.1808000526
2011-01-07,1715300.9141351404,3224.163273018769,1712076.7508621216,0.0,-0.03682546778156248,-0.16157314783751642,1709789.3540592089,1677340.512130691
2011-01-10,1667582.155237359,3224.163273018769,1664357.9919643402,0.0,-0.027819468003864145,-0.18489773682483113,1668742.9433066677,1636896.576318661
2011-01-11,1662154.9321500482,3224.163273018769,1658930.7688770294,0.0,-0.0032545461525032016,-0.18755052475934453,1666209.2142478689,1632924.5548985756
2011-01-12,1704982.0762159051,3224.163273018769,1701757.9129428864,0.0,0.025766036148302307,-0.1666169222116246,1697815.6461716876,1662900.0420694668
2011-01-13,1693744.738012475,3224.163273018769,1690520.5747394562,0.0,-0.006590883482113008,-0.1721096529732925,1665572.105813776,1638167.4852556777
2011-01-14,1664933.613794488,3224.163273018769,1661709.450521469,0.0,-0.0170103106869548,-0.18619232499094762,1637382.5319499422,1612375.8951266292
2011-01-17,1650402.1641046228,3224.163273018769,1647178.000831604,0.0,-0.008727945408434024,-0.19329519395139128,1637440.5023134525,1607750.6623714438
2011-01-18,1667367.08538453,3224.163273018769,1664142.9221115112,0.0,0.0102792650475656,-0.18500286143487266,1657507.579902687,1623532.896439288
2011-01-19,1679332.2696210565,3224.163273018769,1676108.1063480377,0.0,0.007176094779253184,-0.17915436472370916,1647951.8017380745,1618413.4021645114
2011-01-20,1699192.217064065,3224.163273018769,1695968.0537910461,0.0,0.011826097671242763,-0.16944696406791848,1653902.5302479889,1623303.4363477023
2011-01-21,1696927.769235772,3224.163273018769,1693703.6059627533,0.0,-0.001332661370239463,-0.17055381001484027,1649530.0095368642,1621538.093494331
2011-01-24,1707203.6439000787,3224.163273018769,1703979.48062706,0.0,0.006055575759087439,-0.16553103577329864,1663067.3619367322,1634248.5620386042
2011-01-25,1697384.5338823022,3224.163273018769,1694160.3706092834,0.0,-0.005751575128638331,-0.1703305467135655,1646894.9030374873,1620408.2051094682
2011-01-27,1676935.1838361444,3224.163273018769,1673711.0205631256,0.0,-0.012047564731478722,-0.18032604315776435,1622831.6879265546,1593751.5280235624
2011-01-28,1627086.9358903589,3224.163273018769,1623862.77261734,0.0,-0.02972580480525966,-0.2046915112028116,1596147.9296026877,1563211.0966602399
2011-01-31,1640757.0603734674,3224.163273018769,1637532.8971004486,0.0,0.008401594396447054,-0.1980096518598864,1594338.123132117,1562187.2322846372
2011-02-01,1624566.6771828432,3370.5689865846944,1621196.1081962585,20000.0,-0.009867629755583085,-0.2059233956828842,1588653.4345364575,1556607.3453805826
2011-02-02,1626762.7396256228,3370.5689865846944,1623392.170639038,0.0,0.0013517835085647967,-0.20484997602463118,1592993.639753095,1560255.588043181
2011-02-03,1640463.4558350344,3370.5689865846944,1637092.8868484497,0.0,0.008422074022032655,-0.19815316366408964,1620780.1175451803,1584415.721428973
2011-02-04,1602283.6566559572,3370.5689865846944,1598913.0876693726,0.0,-0.023273788296395037,-0.2168151771791057,1582362.9292521656,1552100.7440446157
2011-02-07,1584620.4543854494,3370.5689865846944,1581249.8853988647,0.0,-0.011023767356756142,-0.22544882446322556,1582436.2444969995,1549436.252024354
2011-02-08,1534800.788110425,3370.5689865846944,1531430.2191238403,0.0,-0.03143949463554385,-0.24980032199146818,1557963.5584938761,1522110.757304929
2011-02-09,1475832.2296959658,3370.5689865846944,1472461.660709381,0.0,-0.03842098523226489,-0.2786237327414839,1540661.1607130528,1494427.423944256
2011-02-10,1477454.319951703,3370.5689865846944,1474083.7509651184,0.0,0.0010991020680388708,-0.2778308665943058,1532523.1685364791,1489420.1279355427
2011-02-11,1522662.0353600283,3370.5689865846944,1519291.4663734436,0.0,0.030598384530631684,-0.2557336577542053,1557215.8002741043,1516656.3812954375
2011-02-14,1581715.4178940554,3370.5689865846944,1578344.8489074707,0.0,0.03878298740144537,-0.2268687855795669,1600031.9032571588,1561471.610717172
2011-02-15,1580060.8370072145,3370.5689865846944,1576690.2680206299,0.0,-0.001046067369719239,-0.22767753291548354,1607363.4277405585,1568213.612057029
2011-02-16,1583154.7475373049,3370.5689865846944,1579784.1785507202,0.0,0.001958095826202877,-0.2261652515162027,1607568.7677036289,1570627.8440612303
2011-02-17,1595243.629529645,3370.5689865846944,1591873.0605430603,0.0,0.007635944629635905,-0.2202562922242921,1626557.4161156341,1588028.1627633842
2011-02-18,1565290.001329114,3370.5689865846944,1561919.4323425293,0.0,-0.0187768361183569,-0.23489741203951664,1600897.080423735,1561310.5920606419
2011-02-21,1594531.4735886354,3370.5689865846944,1591160.9046020508,0.0,0.018681185106077525,-0.22060438896868784,1618390.0692023593,1574866.1973967305
2011-02-22,1573100.3988777895,3370.5689865846944,1569729.8298912048,0.0,-0.013440358541567998,-0.2310797454266731,1603903.005461929,1560649.0533719908
2011-02-23,1567335.3328453798,3370.5689865846944,1563964.7638587952,0.0,-0.0036647794613251516,-0.2338976685830303,1594562.61463131,1551814.6827003676
2011-02-24,1527877.6232315798,3370.5689865846944,1524507.0542449951,0.0,-0.02517502718589748,-0.25318431560363197,1543344.613229047,1502618.069271009
2011-02-25,1534504.407365491,3370.5689865846944,1531133.8383789062,0.0,0.0043372479792556096,-0.2499451907856074,1555324.2096798522,1511756.3146306607
2011-02-28,1535632.40025871,3370.5689865846944,1532261.8312721252,0.0,0.0007350861214896476,-0.2493938359049973,1564034.1180436662,1519052.6253152324
2011-03-01,1602578.659327916,3271.704375676214,1599306.95495224,20000.0,0.04359523741354221,-0.21667098197720747,1639475.0489096001,1590770.874733354
2011-03-03,1605903.3255419054,3271.704375676214,1602631.6211662292,0.0,0.0020745728733113644,-0.21504590884553976,1643601.8338372202,1594012.796524508
2011-03-04,1603781.1860384264,3271.704375676214,1600509.4816627502,0.0,-0.001321461553585701,-0.21608319549833022,1644358.8266323598,1595117.490660217
2011-03-07,1591979.2833627977,3271.704375676214,1588707.5789871216,0.0,-0.007358798555793689,-0.2218518813471595,1621914.46863185,1574398.550663135
2011-03-08,1614783.089332036,3271.704375676214,1611511.3849563599,0.0,0.014324185124487965,-0.21070554364130423,1639029.724921345,1590354.359413214
2011-03-09,1624301.9874376573,3271.704375676214,1621030.2830619812,0.0,0.005894846291435218,-0.20605277414238776,1642057.9860263746,1595316.6398111628
2011-03-10,1613672.6496233263,3271.704375676214,1610400.9452476501,0.0,-0.0065439418879853495,-0.21124831865052707,1631192.0517205005,1587311.763637261
2011-03-11,1600866.308989934,3271.704375676214,1597594.6046142578,0.0,-0.007936145311988607,-0.2175079666087918,1616659.7325477803,1573366.370871909
2011-03-14,1618894.832690648,3271.704375676214,1615623.128314972,0.0,0.011261729726880887,-0.2086957528153025,1642206.427355793,1593632.3615123546
2011-03-15,1606682.7592958726,3271.704375676214,1603411.0549201965,0.0,-0.007543463076275625,-0.21466492718604047,1617906.5527375534,1570106.4089267617
2011-03-16,1637263.8467439928,3271.704375676214,1633992.1423683167,0.0,0.019033681211294118,-0.19971710976605106,1636164.836256017,1588851.1901113582
2011-03-17,1631544.5364412584,3271.704375676214,1628272.8320655823,0.0,-0.0034932123579888286,-0.2025126678481033,1617015.904761043,1574525.3623338528
2011-03-18,1611672.373706273,3271.704375676214,1608400.669330597,0.0,-0.012179969526502021,-0.21222603925148475,1595358.4017762393,1556957.7896294487
2011-03-21,1617624.7787241258,3271.704375676214,1614353.0743484497,0.0,0.0036933095801376936,-0.20931654613526918,1592701.2439947557,1553661.5705120598
2011-03-22,1635784.795833043,3271.704375676214,1632513.091457367,0.0,0.01122634701679126,-0.20044005930174857,1607278.21153609,1567136.1506310368
2011-03-23,1645329.9380373277,3271.704375676214,1642058.2336616516,0.0,0.005835206580107499,-0.1957744618745959,1626991.1910904066,1584106.0990183486
2011-03-24,1645909.7123712816,3271.704375676214,1642638.0079956055,0.0,0.00035237572753676893,-0.19549107231549534,1639504.766167931,1596167.8874696912
2011-03-25,1668376.602763585,3271.704375676214,1665104.898387909,0.0,0.013650135377070605,-0.18450941654053987,1678648.773728011,1627572.2582869777
2011-03-28,1676607.7176737108,3271.704375676214,1673336.0132980347,0.0,0.004933607254196337,-0.18048610628225548,1688445.9014696255,1636609.4911163608
2011-03-29,1680170.6502336778,3271.704375676214,1676898.9458580017,0.0,0.0021250841937614506,-0.1787445702601479,1703022.86901096,1647729.6542749535
2011-03-30,1695984.923480443,3271.704375676214,1692713.2191047668,0.0,0.009412301806703827,-0.17101466629504225,1718252.8914243937,1665641.40481927
2011-03-31,1696749.1209329881,3271.704375676214,1693477.416557312,0.0,0.00045059212612397204,-0.17064113203100262,1731939.2109892177,1675783.5086486167
2011-04-01,1727669.8959442568,3295.0976959658,1724374.798248291,20000.0,0.018223539726524907,-0.15552727775302377,1749653.15653128,1700709.531874324
2011-04-04,1750535.8406807375,3295.0976959658,1747240.7429847717,0.0,0.01323513524786124,-0.1443505670609554,1774399.2724056146,1725322.049888603
2011-04-05,1774026.416833539,3295.0976959658,1770731.3191375732,0.0,0.01341907752295235,-0.13286854098787604,1774879.6599213432,1731058.181871934
2011-04-06,1775112.6572472048,3295.0976959658,1771817.559551239,0.0,0.0006123022765380792,-0.1323375944214652,1769383.9446238824,1729500.436628949
2011-04-07,1793110.7212921572,3295.0976959658,1789815.6235961914,0.0,0.010139110873595536,-0.12354026909045368,1767567.094404139,1732707.559188036
2011-04-08,1767923.0978256655,3295.0976959658,1764628.0001296997,0.0,-0.014046886880661136,-0.13585179978599482,1754443.2476756007,1717001.786062043
2011-04-11,1760318.1287018252,3295.0976959658,1757023.0310058594,0.0,-0.004301640231520021,-0.13956905445003098,1737535.5427493018,1701827.5505476843
2011-04-13,1788829.6071411562,3295.0976959658,1785534.5094451904,0.0,0.016196776011366376,-0.12563284715170997,1775315.1760757128,1733862.0875155288
2011-04-15,1793695.8868881655,3295.0976959658,1790400.7891921997,0.0,0.0027203707539178446,-0.12325424432091503,1749202.6832564573,1715279.0314998906
2011-04-18,1776758.1333328676,3295.0976959658,1773463.0356369019,0.0,-0.009442934936246483,-0.13153329744742293,1720537.6551849765,1689328.8999807783
2011-04-19,1794138.3797470522,3295.0976959658,1790843.2820510864,0.0,0.00978199907354993,-0.12303795696764452,1724036.3016250778,1692517.7677127991
2011-04-20,1837283.4032913637,3295.0976959658,1833988.305595398,0.0,0.02404776801575048,-0.10194897719818385,1757341.2630826053,1720740.4462327643
2011-04-21,1830122.1414123964,3295.0976959658,1826827.0437164307,0.0,-0.003897744825941629,-0.10544935092574126,1767266.7788875906,1726916.3047857203
2011-04-25,1842483.1359268618,3295.0976959658,1839188.038230896,0.0,0.006754191009855637,-0.09940738497390333,1764203.5019634229,1725743.5216311614
2011-04-26,1831929.456613202,3295.0976959658,1828634.3589172363,0.0,-0.005727965216002162,-0.10456594814656128,1762371.5479847908,1724460.6726075266
2011-04-27,1835237.3633362246,3295.0976959658,1831942.2656402588,0.0,0.00180569547101328,-0.10294906693453831,1752010.662663872,1718284.6350856777
2011-04-28,1816832.4608169985,3295.0976959658,1813537.3631210327,0.0,-0.010028622393437048,-0.11194525200993222,1737460.4638701645,1704521.569291096
2011-04-29,1801603.996545453,3295.0976959658,1798308.8988494873,0.0,-0.00838187592965911,-0.11938881672632973,1726664.0623948763,1691637.9566357639
2011-05-02,1789258.457692483,3825.5722020655085,1785432.8854904175,20000.0,-0.00685252634687894,-0.12542322806106876,1732188.7958418704,1696372.0890482885
2011-05-03,1768829.0142777949,3825.5722020655085,1765003.4420757294,0.0,-0.011417826936548359,-0.13540899428579256,1690853.6695672611,1658670.0215808908
2011-05-04,1754906.4182351618,3825.5722020655085,1751080.8460330963,0.0,-0.007871080771658212,-0.14221425992621828,1682316.199869176,1650009.4430962286
2011-05-05,1734880.8080380945,3825.5722020655085,1731055.235836029,0.0,-0.011411212580330177,-0.15200263535457603,1658830.7035459755,1628478.7027577264
2011-05-06,1755743.1081613093,3825.5722020655085,1751917.5359592438,0.0,0.012025206588576642,-0.1418052918581464,1686660.9647660085,1654386.1855365545
2011-05-09,1783063.933675149,3825.5722020655085,1779238.3614730835,0.0,0.015560833123503537,-0.12845106721727706,1686554.596874759,1655702.812239959
2011-05-10,1774199.8589433222,3825.5722020655085,1770374.2867412567,0.0,-0.0049712601799738465,-0.13278376372171852,1683561.9058424304,1653551.6579094175
2011-05-11,1776893.7375386744,3825.5722020655085,1773068.165336609,0.0,0.0015183625349608487,-0.13146701507884395,1690792.8455290291,1661896.9341807882
2011-05-12,1753069.3292058497,3825.5722020655085,1749243.7570037842,0.0,-0.013407897067511665,-0.14311221594040546,1666821.2019539108,1641089.3424566868
2011-05-13,1770643.1939977198,3825.5722020655085,1766817.6217956543,0.0,0.010024626236448508,-0.13452223617862946,1684625.2880523016,1658058.0708751406
2011-05-16,1768030.9460595637,3825.5722020655085,1764205.3738574982,0.0,-0.0014753101850284445,-0.13579908433851073,1670725.363451843,1645354.7058842762
2011-05-17,1765414.1455930262,3825.5722020655085,1761588.5733909607,0.0,-0.001480064855408525,-0.13707815774179322,1652480.8223058647,1630463.0602252919
2011-05-18,1744902.0761168986,3825.5722020655085,1741076.503914833,0.0,-0.011618842823555964,-0.14710431099600463,1646905.6316209917,1622785.3336139964
2011-05-19,1742009.9587558298,3825.5722020655085,1738184.3865537643,0.0,-0.0016574668576845308,-0.14851795733359074,1649184.3077850014,1621598.3774359894
2011-05-20,1753926.6645749598,3825.5722020655085,1750101.0923728943,0.0,0.006840779387760287,-0.14269315652707038,1666882.0259921427,1636378.8251863231
2011-05-23,1734492.0815938502,3825.5722020655085,1730666.5093917847,0.0,-0.011080613216983837,-0.1521926420678672,1636560.3528256007,1609061.9904121866
2011-05-24,1740414.4027789622,3825.5722020655085,1736588.8305768967,0.0,0.0034144411773098238,-0.14929785371451743,1639082.1767912256,1612381.6283039884
2011-05-25,1740903.4861100703,3825.5722020655085,1737077.9139080048,0.0,0.0002810154468539938,-0.14905879327073934,1625136.7083377494,1601514.1154303742
2011-05-26,1767098.915637353,3825.5722020655085,1763273.3434352875,0.0,0.015047031461700833,-0.13625465416102656,1644399.0878405813,1615256.1123530162
2011-05-27,1788834.4485314875,3825.5722020655085,1785008.876329422,0.0,0.012300122365416666,-0.1256304807146481,1663767.835234663,1635599.8965135114
2011-05-30,1815025.183057168,3825.5722020655085,1811199.6108551025,0.0,0.014641228844391563,-0.1128286364882306,1662856.364769059,1639995.111570584
2011-05-31,1842107.0567372828,3825.5722020655085,1838281.4845352173,0.0,0.014920935496056886,-0.09959120979932268,,1666421.8197632579
2011-06-01,1866228.4860240526,5230.882638127296,1860997.6033859253,20000.0,0.013094477434711926,-0.08780082721402371,1718980.947885562,1695657.222616091
2011-06-02,1833777.1590816088,5230.882638127296,1828546.2764434814,0.0,-0.017388721255445216,-0.10366280435904673,1706177.7668036234,1682426.9070462864
2011-06-03,1836573.7496577806,5230.882638127296,1831342.8670196533,0.0,0.001525043848606078,-0.10229585083255766,1695849.095895507,1673175.1060030898
2011-06-06,1844934.4766093798,5230.882638127296,1839703.5939712524,0.0,0.004552350240853098,-0.0982091871328804,1700552.2562610616,1676027.6362258848
2011-06-07,1866114.3407260485,5230.882638127296,1860883.4580879211,0.0,0.011480008848657297,-0.08785662062152799,1707960.6269179422,1685204.4816082318
2011-06-08,1901949.6142665453,5230.882638127296,1896718.731628418,0.0,0.01920314996698136,-0.070340594515934,1698953.8661821445,1678936.4290107354
2011-06-09,1906626.887177617,5230.882638127296,1901396.0045394897,0.0,0.002459199169098536,-0.06805437687842286,1697170.8559701566,1677078.4816031738
2011-06-10,1915675.742257268,5230.882638127296,1910444.8596191406,0.0,0.0047460020313916385,-0.06363136105794132,1686335.005037938,1667507.615020762
2011-06-13,1906407.6126300402,5230.882638127296,1901176.7299919128,0.0,-0.004838047182404215,-0.06816155671326651,1685412.8049586003,1668089.4835371368
2011-06-14,1938339.892708928,5230.882638127296,1933109.0100708008,0.0,0.016749975119347615,-0.05255328597296227,1690853.8454657607,1674169.6888183232
2011-06-15,1917248.2246715135,5230.882638127296,1912017.3420333862,0.0,-0.01088130524308506,-0.06286274286984828,1674561.6440641272,1660076.1919218649
2011-06-16,1908011.352776677,5230.882638127296,1902780.4701385498,0.0,-0.004817775693295556,-0.06737765996853162,1658961.0927219968,1645682.3225849853
2011-06-17,1895942.1130763597,5230.882638127296,1890711.2304382324,0.0,-0.006325559689544513,-0.07327701824820332,1649631.4718998296,1635586.0333139289
2011-06-20,1832797.0331813402,5230.882638127296,1827566.150543213,0.0,-0.03330538388250692,-0.10414188290818838,1616278.5690304476,1600117.5277438143
2011-06-21,1836111.0761996813,5230.882638127296,1830880.193561554,0.0,0.0018081887728662593,-0.10252200231878184,1621796.4595442195,1602031.7377134317
2011-06-22,1806336.043723256,5230.882638127296,1801105.1610851288,0.0,-0.016216356876432858,-0.11707582581792686,1622549.4995504105,1598334.719262777
2011-06-23,1808384.7149268694,5230.882638127296,1803153.832288742,0.0,0.0011341584035440277,-0.11607444994608607,1635368.140692273,1606817.1710046376
2011-06-24,1846013.094460637,5230.882638127296,1840782.2118225098,0.0,0.020807729253169205,-0.09768196642060556,1681862.3946922177,1648516.1597089863
2011-06-27,1861298.0383349962,5230.882638127296,1856067.155696869,0.0,0.008279975868115352,-0.09021079487720285,1698877.016175533,1666212.8430307815
2011-06-28,1877695.435704381,5230.882638127296,1872464.5530662537,0.0,0.008809657041304764,-0.08219586400018974,1704625.3066114702,1671842.7645498475
2011-06-29,1903570.0681277819,5230.882638127296,1898339.1854896545,0.0,0.013779994311854171,-0.06954852822671609,1721578.5381480977,1686086.356033679
2011-06-30,1927126.9778186388,5230.882638127296,1921896.0951805115,0.0,0.012375120876966683,-0.05803407879337019,1736010.879331132,1697590.3089501765
2011-07-01,1932376.6469131138,4347.249791684284,1928029.3971214294,20000.0,0.0027240909161145854,-0.05546807798412179,1749801.4888555259,1717252.367046493
2011-07-04,1951036.9202743198,4347.249791684284,1946689.6704826355,0.0,0.009656644004167214,-0.046347069462642665,1757046.66079133,1727543.6528255984
2011-07-05,1960107.9453788425,4347.249791684284,1955760.6955871582,0.0,0.004649335443251079,-0.041913217092135135,1751325.1340287477,1722967.7289601408
2011-07-06,1970003.2605376865,4347.249791684284,1965656.0107460022,0.0,0.005048352149264579,-0.037076457622460146,1749257.319019868,1722284.0661312267
2011-07-07,1989888.7077994968,4347.249791684284,1985541.4580078125,0.0,0.01009411895916501,-0.027356592837120774,1781441.0778716337,1749835.1033182468
2011-07-08,1968762.3325095798,4347.249791684284,1964415.0827178955,0.0,-0.010616862745695732,-0.03768301439147481,1760202.8154715255,1729689.2081804574
2011-07-11,1968374.4647880222,4347.249791684284,1964027.214996338,0.0,-0.00019701094192670077,-0.03787260136724169,1746349.8669598757,1717632.1179208125
2011-07-12,1952559.6178661014,4347.249791684284,1948212.368074417,0.0,-0.008034470678638828,-0.04560278574067167,1718379.4766738203,1693422.999682943
2011-07-13,1984507.147805753,4347.249791684284,1980159.8980140686,0.0,0.01636187169258685,-0.029987060977198277,1736819.151347688,1712068.804697078
2011-07-14,1984809.5385337498,4347.249791684284,1980462.2887420654,0.0,0.000152375731340193,-0.029839254546205174,,1718562.581732988
2011-07-15,1991777.38404614,4347.249791684284,1987430.1342544556,0.0,0.003510586470446775,-0.026433421359056575,1735466.470246718,1714442.247661575
2011-07-18,1996642.3149963047,4347.249791684284,1992295.0652046204,0.0,0.002442507375137515,-0.024055477810538628,1731097.472752004,1712581.5054624556
2011-07-19,2010986.165170255,4347.249791684284,2006638.9153785706,0.0,0.007183985867782683,-0.017044306155389766,1745556.8426709133,1723594.2808177217
2011-07-20,1994729.8357940342,4347.249791684284,1990382.5860023499,0.0,-0.00808375992723176,-0.02499028400353509,1731097.472752004,1708157.4448616796
2011-07-21,2001574.2738414432,4347.249791684284,1997227.024049759,0.0,0.003431260677305925,-0.02164477150504507,1723183.7796704404,1699651.0623619684
2011-07-22,2025439.245259824,4347.249791684284,2021091.9954681396,0.0,0.011923100596501479,-0.009979743696586718,1751900.4296502064,1725701.8240001022
2011-07-25,2032613.6519599583,4347.249791684284,2028266.402168274,0.0,0.0035421485571214273,-0.00647294487420047,1766313.0349738637,1738404.564916183
2011-07-26,2005303.065457883,4347.249791684284,2000955.8156661987,0.0,-0.013436191612577586,-0.019822164759150773,1733523.00654794,1710720.7632633361
2011-07-27,2007409.3176551487,4347.249791684284,2003062.0678634644,0.0,0.001050341084869677,-0.018792643708318568,1724800.650367963,1705575.0276611678
2011-07-28,2005514.3762965824,4347.249791684284,2001167.126504898,0.0,-0.0009439735792298176,-0.019718877528403955,1706438.8660751476,1687954.6241777884
2011-07-29,2000148.2443557407,4347.249791684284,1995800.9945640564,0.0,-0.0026756885935421693,-0.022341804546265887,1704650.8794722718,1680036.7813631801
2011-08-01,2032753.9293387192,3934.305537487933,2028819.6238012314,20000.0,0.016301634178861102,-0.006404378292013679,1735472.024613828,1706416.7073068868
2011-08-02,2010854.740732457,3934.305537487933,2006920.4351949692,0.0,-0.010773162599855945,-0.01710854548317886,1716518.610825976,1688010.9534894181
2011-08-03,1997303.6160385865,3934.305537487933,1993369.3105010986,0.0,-0.006738987366603388,-0.02373223857791007,1700239.1226347503,1675080.6389083858
2011-08-04,1979947.1623318451,3934.305537487933,1976012.8567943573,0.0,-0.008689942564248598,-0.032215949351995565,1677274.8204519588,1656732.4857435431
2011-08-05,1933193.9052908677,3934.305537487933,1929259.5997533798,0.0,-0.023613386220829646,-0.05506860791830592,1639352.3253434622,1621746.1870621762
2011-08-08,1903635.561399247,3934.305537487933,1899701.2558617592,0.0,-0.015289901241010484,-0.0695165155827655,1610175.0783920386,1594848.3709042915
2011-08-09,1889846.6748674172,3934.305537487933,1885912.3693299294,0.0,-0.007243448699652655,-0.07625642496801577,1595814.5557613974,1578402.352646038
2011-08-10,1923125.1969311493,3934.305537487933,1919190.8913936615,0.0,0.017609112160417384,-0.059990120747812625,1623544.7063751707,1607048.451804475
2011-08-11,1930003.1913635987,3934.305537487933,1926068.8858261108,0.0,0.0035764673269451652,-0.056628206127661396,1616403.6906934632,1600323.9977650037
2011-08-12,1946922.326570775,3934.305537487933,1942988.021033287,0.0,0.008766376803357678,-0.04835825351691703,1595846.0444302456,1583647.3892719704
2011-08-16,1940036.5736582535,3934.305537487933,1936102.2681207657,0.0,-0.003536737351330088,-0.05172396042678873,1584159.2937929682,1568257.9771220672
2011-08-17,1945786.8306238907,3934.305537487933,1941852.525086403,0.0,0.0029639941038812623,-0.048913275836641845,1590702.6391796116,1568257.9771220672
2011-08-18,1905199.4769180077,3934.305537487933,1901265.1713805199,0.0,-0.020859095696967644,-0.06875208483208073,1555328.1149923487,1534770.1397182182
2011-08-19,1885183.8409221428,3934.305537487933,1881249.535384655,0.0,-0.010505795449956556,-0.07853558494203339,1524342.036019678,1508506.3997999092
2011-08-22,1920235.6273505944,3934.305537487933,1916301.3218131065,0.0,0.018593298790056334,-0.06140252174845606,1541061.9047649894,1525682.5579268737
2011-08-23,1950637.1214797753,3934.305537487933,1946702.8159422874,0.0,0.01583216856106695,-0.0465424882617852,1556822.36753164,1541129.5707294028
2011-08-24,1939510.0698602456,3934.305537487933,1935575.7643227577,0.0,-0.005704316552270217,-0.051981311727879786,1537947.598614277,1525528.8936451124
2011-08-25,1939656.0398490685,3934.305537487933,1935721.7343115807,0.0,7.526126885926132e-05,-0.05190996263849823,1522438.891595149,1509928.1227486841
2011-08-26,1892382.5768678444,3934.305537487933,1888448.2713303566,0.0,-0.024372085570853352,-0.07501689415794632,1493560.402989626,1479975.5019467245
2011-08-29,1924347.809229638,3934.305537487933,1920413.50369215,0.0,0.016891527512740367,-0.05939251657679534,1547605.2501516328,1528314.7388900362
2011-08-30,1936030.0364287156,3934.305537487933,1932095.7308912277,0.0,0.006070746225316892,-0.053682327247299044,1573211.9892622028,1551754.26439905
2011-09-02,1999793.4949944038,4344.62576222606,1995448.8692321777,20000.0,0.0329351597681351,-0.022515203503779113,1605480.5890584886,1584261.673862756
2011-09-05,2017168.3873894233,4344.62576222606,2012823.7616271973,0.0,0.008688343290699674,-0.014022480030380202,1598217.7628957692,1581245.626240124
2011-09-06,2005614.5702660102,4344.62576222606,2001269.9445037842,0.0,-0.005727740527584735,-0.019669903430797664,1613221.2368250946,1592940.1266695485
2011-09-07,2006838.3950188179,4344.62576222606,2002493.7692565918,0.0,0.0006101993727765098,-0.01907170662075719,1632445.6237963035,1613643.8152187185
2011-09-08,2017441.9530479927,4344.62576222606,2013097.3272857666,0.0,0.0052837129564065055,-0.013888763087723688,1641556.120151916,1620434.8629718446
2011-09-09,2012631.3645775337,4344.62576222606,2008286.7388153076,0.0,-0.0023844990747768913,-0.016240144419768066,1611676.404738571,1594847.1041088707
2011-09-12,1978055.6606438179,4344.62576222606,1973711.0348815918,0.0,-0.017179352633696743,-0.03314050188565554,1575791.877853989,1560853.2906414128
2011-09-13,1966501.1502983589,4344.62576222606,1962156.5245361328,0.0,-0.00584134742785658,-0.038788264128064465,1573928.498031541,1559432.8675076445
2011-09-14,1966726.4683067817,4344.62576222606,1962381.8425445557,0.0,0.00011457812185300398,-0.0386781302926652,1596736.391491012,1576731.3409990042
2011-09-15,1985366.0512993354,4344.62576222606,1981021.4255371094,0.0,0.009477465876889912,-0.029567235075805942,1616852.805447341,1594418.9819255422
2011-09-16,1974647.3030540962,4344.62576222606,1970302.6772918701,0.0,-0.005398877571329619,-0.03480648276483855,1619576.3263731392,1597571.2761551188
2011-09-19,1976286.9607536811,4344.62576222606,1971942.334991455,0.0,0.0008303547155226187,-0.03400502977641051,1602916.3420006528,1584709.2734201595
2011-09-20,2005921.9708092231,4344.62576222606,2001577.345046997,0.0,0.01499529706163738,-0.019519648237860232,1637399.1344144586,1612242.7744474441
2011-09-21,2023876.12974477,4344.62576222606,2019531.503982544,0.0,0.008950576940091048,-0.010743783411165775,1635185.1654334299,1615258.8220700761
2011-09-22,1952360.917723896,4344.62576222606,1948016.29196167,0.0,-0.035335765351357185,-0.04569990895292009,1568417.5288755186,1554393.0732128206
2011-09-23,1939418.4940331,4344.62576222606,1935073.868270874,0.0,-0.006629114306326289,-0.05202607333900888,1550610.7415455275,1538028.6585728372
2011-09-26,1893761.079039814,4344.62576222606,1889416.453277588,0.0,-0.023541806543434407,-0.07434309212868173,1540305.691180199,1523512.69423837
2011-09-27,1928558.4834587593,4344.62576222606,1924213.8576965332,0.0,0.018374759521717854,-0.057334369046929456,1583580.432213693,1560580.8924391042
2011-09-28,1890553.6934502143,4344.62576222606,1886209.0676879883,0.0,-0.019706319686186302,-0.07591083932767118,1575505.2159998345,1551785.670399442
2011-09-29,1877574.06333852,4344.62576222606,1873229.437576294,0.0,-0.0068655178409701145,-0.08225518994691416,1597660.3043579017,1566301.6347339093
2011-09-30,1870516.9932243843,4344.62576222606,1866172.3674621582,0.0,-0.0037586107796927504,-0.08570463548298679,1574661.0956078123,1548244.303746268
2011-10-03,1870310.1139984701,3667.759491023913,1866642.3545074463,20000.0,-0.00011060002483997966,-0.08580575657301337,1564797.245364909,1538998.3139856693
2011-10-04,1845065.5028763388,3667.759491023913,1841397.743385315,0.0,-0.013497553658714856,-0.0981451424281573,1539838.5445212743,1515537.9735399655
2011-10-05,1821428.822265682,3667.759491023913,1817761.0627746582,0.0,-0.012810754183961826,-0.1096985833181221,1533110.8044701165,1506922.7634195397
2011-10-07,1835408.3003769491,3667.759491023913,1831740.5408859253,0.0,0.00767500653354003,-0.10286551412826883,1577236.1830253596,1543236.9469233386
2011-10-10,1880822.8088303183,3667.759491023913,1877155.0493392944,0.0,0.024743545315798254,-0.08066722632273637,1606776.8874793963,1568451.865007008
2011-10-11,1913295.2212982748,3667.759491023913,1909627.461807251,0.0,0.017265003548181612,-0.0647949427232386,1605082.8601491218,1570009.3931895
2011-10-12,1945649.0952721213,3667.759491023913,1941981.3357810974,0.0,0.016910027064141575,-0.04898059989416659,1645432.914775046,1604214.1752679003
2011-10-13,1935141.9604073141,3667.759491023913,1931474.2009162903,0.0,-0.00540032367107679,-0.05411641247221133,1638479.3989459602,1600152.9542239476
2011-10-14,1933856.4172745321,3667.759491023913,1930188.6577835083,0.0,-0.000664314638969099,-0.05474477678616674,1656048.787867174,1612927.9582473414
2011-10-17,1959995.152824459,3667.759491023913,1956327.393333435,0.0,0.013516378628960046,-0.041968349288206364,1651515.3110813373,1610207.385843535
2011-10-18,1932865.8782578085,3667.759491023913,1929198.1187667847,0.0,-0.013841500846344279,-0.055228945192358214,1625459.5573823547,1586293.5524888248
2011-10-19,1951956.0984917257,3667.759491023913,1948288.339000702,0.0,0.009876639889325523,-0.045897781706164986,1658259.1217042666,1614031.9935208273
2011-10-20,1938744.7631607626,3667.759491023913,1935077.0036697388,0.0,-0.006768254337877533,-0.052355388183910834,1643012.875731797,1599778.3966122
2011-10-21,1929114.8477097128,3667.759491023913,1925447.088218689,0.0,-0.004967087795172187,-0.057062422169423144,1629476.8852159984,1586884.9896429183
2011-10-24,1937782.234325466,3667.759491023913,1934114.4748344421,0.0,0.0044929344803101845,-0.052825865413208106,1645094.1723308412,1595559.4012362878
2011-10-25,1929402.5088043783,3667.759491023913,1925734.7493133545,0.0,-0.004324389692841102,-0.0569218154781409,1675183.3244352392,1617146.8573606962
2011-10-28,1945720.5481262777,3667.759491023913,1942052.788635254,0.0,0.008457560953422538,-0.04894567424870422,1729747.169574622,1667754.2016843092
2011-10-31,1949970.2936173056,3667.759491023913,1946302.5341262817,0.0,0.002184149977302985,-0.04686842896470067,1718744.027213724,1662293.226789824
2011-11-01,1959953.7151456033,5412.106766239187,1954541.608379364,20000.0,0.005119781342810992,-0.04198860373006996,1716592.6346821084,1664491.0069566362
2011-11-02,1958770.3394627725,5412.106766239187,1953358.2326965332,0.0,-0.0006037773615193975,-0.04256702932321532,1716755.8725001665,1664750.374362156
2011-11-03,1957186.0189213906,5412.106766239187,1951773.9121551514,0.0,-0.0008088342515010227,-0.04334143390341505,1719139.0808790424,1668042.8399396644
2011-11-04,1964090.3106312905,5412.106766239187,1958678.2038650513,0.0,0.0035276624925539846,-0.03996666536161575,1725162.6201301597,1676603.3283878139
2011-11-08,1958260.0910420571,5412.106766239187,1952847.9842758179,0.0,-0.0029684070827473708,-0.042816435111829976,1726843.9377737718,1677381.4306043733
2011-11-09,1944693.6929631387,5412.106766239187,1939281.5861968994,0.0,-0.006927781524516119,-0.04944759372823271,1704545.556179874,1655072.5209979652
2011-11-11,1937944.796196476,5412.106766239187,1932532.6894302368,0.0,-0.0034704163391301446,-0.0527464063301577,1687503.623621766,1636614.7594270862
2011-11-14,1917232.097393528,5412.106766239187,1911819.9906272888,0.0,-0.010687971527155948,-0.06287062576829716,1680810.8730813833,1626098.8823758645
2011-11-15,1877748.175961033,5412.106766239187,1872336.0691947937,0.0,-0.020594231385012485,-0.08217008493891675,1654741.761655116,1595129.7126371402
2011-11-16,1882256.8726239358,5412.106766239187,1876844.7658576965,0.0,0.002401118914997946,-0.07996626616911273,1642319.427465666,1582558.480432109
2011-11-17,1860200.0202374612,5412.106766239187,1854787.913471222,0.0,-0.011718300890423361,-0.09074749829148276,1611075.6453245701,1554343.0676363625
2011-11-18,1860008.9465031778,5412.106766239187,1854596.8397369385,0.0,-0.0001027167681995067,-0.09084089376993554,1601624.1118942325,1544086.5579906607
2011-11-21,1816553.1217312966,5412.106766239187,1811141.0149650574,0.0,-0.02336323427560827,-0.11208179096259119,1560014.8877183779,1507989.182145728
2011-11-22,1795712.3620801126,5412.106766239187,1790300.2553138733,0.0,-0.011472694853713605,-0.12226860562993325,1571115.0593463297,1516769.0903524165
2011-11-23,1782721.4299092446,5412.106766239187,1777309.3231430054,0.0,-0.007234417073244126,-0.12861848061508652,1536541.3213640072,1484662.4844408752
2011-11-24,1793090.1793790017,5412.106766239187,1787678.0726127625,0.0,0.005816247729901969,-0.1235503098310855,,1501703.5660432125
2011-11-25,1785017.2732587014,5412.106766239187,1779605.1664924622,0.0,-0.004502230960350295,-0.12749628876135344,1537716.5061244804,1493462.366471054
2011-11-28,1819561.2589192544,5412.106766239187,1814149.1521530151,0.0,0.019352185649996523,-0.11061143496115222,1583831.189725898,1532313.4992589648
2011-11-29,1813901.67410709,5412.106766239187,1808489.5673408508,0.0,-0.0031104118008787873,-0.11337779964941574,1568748.110984487,1518125.9462837726
2011-11-30,1810524.8026890908,5412.106766239187,1805112.6959228516,0.0,-0.0018616617792480694,-0.11502839031244128,1577546.5337306603,1521019.325124613
2011-12-01,1834155.8922706947,4288.281201969192,1829867.6110687256,20000.0,0.013052066200090584,-0.10347768227759857,1631761.2760428004,1567897.855812494
2011-12-02,1869694.0973640785,4288.281201969192,1865405.8161621094,0.0,0.019375782202126324,-0.08610686111006371,1669209.8981834736,1601652.166044027
2011-12-05,1874122.0772529945,4288.281201969192,1869833.7960510254,0.0,0.0023682910991476014,-0.08394249612365867,1665574.1033585523,1599893.6684892182
2011-12-07,1852580.9620338783,4288.281201969192,1848292.6808319092,0.0,-0.011493976556047114,-0.0944716395972044,1673325.021427696,1605088.233552626
2011-12-08,1825805.3789650307,4288.281201969192,1821517.0977630615,0.0,-0.014453124380297888,-0.10755935361999325,1634008.79374219,1569979.6690025902
2011-12-09,1796290.807325016,4288.281201969192,1792002.5261230469,0.0,-0.01616523424678762,-0.12198586572008063,1608574.8531418785,1548595.2412788928
2011-12-12,1762584.1620308266,4288.281201969192,1758295.8808288574,0.0,-0.01876458152362559,-0.13846143352167173,1574828.0343525554,1516336.611283252
2011-12-13,1772111.2691017494,4288.281201969192,1767822.9878997803,0.0,0.005405192714284857,-0.13380465153906762,1586726.9992341162,1522824.7349643991
2011-12-14,1779307.7863289223,4288.281201969192,1775019.5051269531,0.0,0.004060984968974779,-0.130287045248772,1574381.790891489,1510495.3162570726
2011-12-15,1780110.915479313,4288.281201969192,1775822.6342773438,0.0,0.00045137168316888854,-0.12989448144851223,1568795.9202112088,1503865.66796634
2011-12-16,1756864.5076576576,4288.281201969192,1752576.2264556885,0.0,-0.013058965943925971,-0.1412571597828982,1537478.5056965458,1474659.094143247
2011-12-19,1734379.3800636635,4288.281201969192,1730091.0988616943,0.0,-0.012798441482532175,-0.15224772977196022,1524753.2238093212,1456811.7947372252
2011-12-20,1720382.6841560707,4288.281201969192,1716094.4029541016,0.0,-0.00807014662909511,-0.15908921489784877,1501979.9594112313,1432638.0294677
2011-12-21,1748245.757703434,4288.281201969192,1743957.4765014648,0.0,0.01619585793554501,-0.1454699432858667,1551211.8297746642,1471809.159588852
2011-12-22,1763504.4334541664,4288.281201969192,1759216.1522521973,0.0,0.008727992436702303,-0.13801161141393092,1564664.3351828891,1485391.771805605
2011-12-23,1756465.3575874672,4288.281201969192,1752177.076385498,0.0,-0.003991527173488163,-0.1414522614902035,1558103.3458799096,1479752.5983975783
2011-12-26,1785340.0951973305,4288.281201969192,1781051.8139953613,0.0,0.01643911591260938,-0.1273384957003324,,1497236.1183678035
2011-12-27,1781008.3090034828,4288.281201969192,1776720.0278015137,0.0,-0.002426308693509127,-0.12945584189470538,1570167.574162603,1487695.9385141085
2011-12-28,1768152.2804695473,4288.281201969192,1763863.9992675781,0.0,-0.007218398964757622,-0.13573977694434847,1555392.9615453158,1473102.8168987876
2011-12-29,1753969.4828010902,4288.281201969192,1749681.201599121,0.0,-0.008021253500117509,-0.1426722272835459,1535710.155026417,1458347.9387736265
2011-12-30,1748249.5841347084,4288.281201969192,1743961.3029327393,0.0,-0.0032611164119270564,-0.14546807295355246,1528455.0271606715,1454366.1034191358
2012-01-02,1750826.1309012338,5671.742084400277,1745154.3888168335,20000.0,0.001473786574816005,-0.14420867527171977,,1476286.2587915885
2012-01-03,1776110.4190482064,5671.742084400277,1770438.6769638062,0.0,0.014441347259283699,-0.13184989556983628,1575059.3062801172,1516569.1210604303
2012-01-04,1755927.8743399545,5671.742084400277,1750256.1322555542,0.0,-0.011363338952241175,-0.1417149794678998,1569886.594102669,1514212.800175475
2012-01-05,1769534.5764273568,5671.742084400277,1763862.8343429565,0.0,0.00774900967530745,-0.13506412053962513,1569985.848977373,1514663.5145770852
2012-01-06,1769194.5900305673,5671.742084400277,1763522.847946167,0.0,-0.00019213323170885754,-0.1352303034653668,1571357.502928767,1514110.3514413466
2012-01-07,5671.742084400277,5671.742084400277,0.0,0.0,-0.996794167178466,-0.9972276929237813,,
2012-01-09,1777604.4044302865,5671.742084400277,1771932.6623458862,0.0,312.41418174134907,-0.13111964617117278,1567622.453229142,1516774.0185286873
2012-01-10,1799157.6841772958,5671.742084400277,1793485.9420928955,0.0,0.01212490230857477,-0.12058455676315849,1602906.189370992,1551217.3029522053
2012-01-11,1799441.5660971566,5671.742084400277,1793769.8240127563,0.0,0.00015778601417615334,-0.12044579730556515,1606674.3240288515,1559474.630903925
2012-01-12,1812614.8301352425,5671.742084400277,1806943.0880508423,0.0,0.007320751218756083,-0.1140067998042279,1596857.6134455479,1556155.251899125
2012-01-13,1796716.0870779916,5671.742084400277,1791044.3449935913,0.0,-0.008771164614197025,-0.12177799201020423,1608343.4198242766,1568367.16101676
2012-01-16,1790497.169483082,5671.742084400277,1784825.4273986816,0.0,-0.0034612689448467737,-0.12481775457314026,1610954.5492841664,1570805.4208794995
2012-01-17,1814416.3464316293,5671.742084400277,1808744.604347229,0.0,0.013358958258198772,-0.11312623148816625,1641825.720337763,1598200.2524044954
2012-01-18,1801150.6486090585,5671.742084400277,1795478.9065246582,0.0,-0.0073112755232062066,-0.11961040996406047,1638024.662111709,1590742.0045694595
2012-01-19,1808853.619243519,5671.742084400277,1803181.8771591187,0.0,0.004276694256756919,-0.11584525286064518,1658715.6722115418,1611293.1806165986
2012-01-20,1799559.0065382882,5671.742084400277,1793887.264453888,0.0,-0.005138399595384535,-0.12038839325560324,1668697.6461959782,1619796.4255492634
2012-01-23,1809773.5073126717,5671.742084400277,1804101.7652282715,0.0,0.005676113279571071,-0.1153956181336967,1667920.875932646,1619796.4255492634
2012-01-24,1821746.3195990487,5671.742084400277,1816074.5775146484,0.0,0.006615641260079741,-0.10954339288617454,1694726.631874392,1646105.240463942
2012-01-25,1837805.2188071175,5671.742084400277,1832133.4767227173,0.0,0.00881511274939939,-0.10169391749601864,1704956.3395704874,1660407.143776835
2012-01-27,1851947.1279715463,5671.742084400277,1846275.385887146,0.0,0.007694998914851148,-0.09478145316594622,1720292.9123076422,1674155.7839063972
2012-01-30,1822186.799938099,5671.742084400277,1816515.0578536987,0.0,-0.016069750363793545,-0.10932808923824555,1681488.9366096316,1637458.6273320524
2012-01-31,1848834.376689808,5671.742084400277,1843162.6346054077,0.0,0.0146239544445248,-0.09630294379024784,1718491.4766792785,1673131.2965651122
2012-02-01,1883461.9552403681,5883.647943615229,1877578.307296753,20000.0,0.018729410804529723,-0.07937723038165112,1750539.2431778747,1707351.0608050367
2012-02-02,1910096.8113843196,5883.647943615229,1904213.1634407043,0.0,0.014141435705587346,-0.06635830267599352,1761973.803414343,1719375.974433763
2012-02-03,1921433.2635518305,5883.647943615229,1915549.6156082153,0.0,0.005935014445312303,-0.060817125715629694,1780680.5682985673,1736750.0633398155
2012-02-06,1953085.043726086,5883.647943615229,1947201.3957824707,0.0,0.01647300521681716,-0.04534596132799784,1792650.1159551882,1752776.3301481705
2012-02-07,1935043.3877812617,5883.647943615229,1929159.7398376465,0.0,-0.009237516821287262,-0.0541645940687403,1783789.9275918922,1741145.2146236985
2012-02-08,1955135.3568822138,5883.647943615229,1949251.7089385986,0.0,0.010383213744881381,-0.04434378288147944,1794823.3697046759,1755119.0745514233
2012-02-09,1990164.6977406733,5883.647943615229,1984281.049797058,0.0,0.017916580933976523,-0.02722169092241744,1809601.5605032877,1771559.9935538727
2012-02-10,1980303.6910306208,5883.647943615229,1974420.0430870056,0.0,-0.004954869675483198,-0.032041680667033834,1799320.3985345575,1765754.8628365565
2012-02-13,1991678.790006756,5883.647943615229,1985795.1420631409,0.0,0.005744118453980818,-0.026481613422269068,1802195.813069543,1768408.5963853798
2012-02-14,1990332.1934415095,5883.647943615229,1984448.5454978943,0.0,-0.0006761113147376596,-0.027139820218539445,1810838.5454536984,1778650.5865662585
2012-02-15,2037249.9883900874,5883.647943615229,2031366.3404464722,0.0,0.023572846333481445,-0.004206736696587887,1849589.4621449087,1816777.9367999595
2012-02-16,2024678.9099065058,5883.647943615229,2018795.2619628906,0.0,-0.006170611635892387,-0.010351390194071164,1846245.9948380045,1818623.0175835427
2012-02-17,2029610.4519215815,5883.647943615229,2023726.8039779663,0.0,0.0024357156045564654,-0.007940887632139293,1860405.4482785517,1830295.436353911
2012-02-21,2033790.3730870478,5883.647943615229,2027906.7251434326,0.0,0.00205946966892534,-0.005897771980436728,1874732.2383396837,1844165.6332331123
2012-02-22,1977289.4457646601,5883.647943615229,1971405.797821045,0.0,-0.027781096847570463,-0.033515022253433724,1840695.8064574958,1799943.0172263642
2012-02-23,1975526.8515416377,5883.647943615229,1969643.2035980225,0.0,-0.0008914194261229191,-0.03437656573765302,1833323.3630926285,1792499.9293556202
2012-02-24,1950077.4084264033,5883.647943615229,1944193.760482788,0.0,-0.012882357481182494,-0.04681607201002769,1815268.6396353464,1776597.9772187364
2012-02-27,1934348.2658711665,5883.647943615229,1928464.6179275513,0.0,-0.008065906762095842,-0.05450436470032305,1765752.0194242883,1727047.0400245022
2012-02-28,1987493.7026158564,5883.647943615229,1981610.0546722412,0.0,0.027474595801782797,-0.028527254288114534,1797280.8508262981,1765796.3685493441
2012-02-29,2004849.6960355036,5883.647943615229,1998966.0480918884,0.0,0.008732602974693249,-0.02004376849907763,1800524.079416091,1772866.1074718905
2012-03-01,1997264.732278042,11520.623570614067,1985744.108707428,20000.0,-0.003783307931991331,-0.023751244682719386,1805327.9552041162,1779680.2486864575
2012-03-02,1992474.740544491,11520.623570614067,1980954.116973877,0.0,-0.0023982758300086227,-0.0260925584766728,1811954.5958190435,1784188.4225122905
2012-03-03,11520.623570614067,11520.623570614067,0.0,0.0,-0.9942179324353865,-0.9943688013714322,,
2012-03-05,1949775.6628162195,11520.623570614067,1938255.0392456055,0.0,168.24219864188248,-0.0469635631120352,1785245.310091973,1759425.0007529652
2012-03-06,1937267.5787441065,11520.623570614067,1925746.9551734924,0.0,-0.006415140116195039,-0.053077425390510746,1765652.7996547436,1740951.8493313838
2012-03-07,1951557.8265353967,11520.623570614067,1940037.2029647827,0.0,0.007376496643047403,-0.04609245419767816,1764993.6188676332,1739085.7979108344
2012-03-09,1991687.9687053491,11520.623570614067,1980167.345134735,0.0,0.020563132500765136,-0.02647712693986537,1803231.71737924,1777625.4011055056
2012-03-12,2013752.2085964014,11520.623570614067,2002231.5850257874,0.0,0.011078160955801941,-0.015692283857950406,1812022.1152134659,1788696.5963381238
2012-03-13,2045423.822159939,11520.623570614067,2033903.198589325,0.0,0.01572766173928275,-0.0002114250511023874,1835671.7323434146,1810671.2817541524
2012-03-14,2043079.521767788,11520.623570614067,2031558.898197174,0.0,-0.0011461196289751507,-0.0013573023616764157,1847302.0718457254,1821323.1119797162
2012-03-15,2019535.3925945093,11520.623570614067,2008014.7690238953,0.0,-0.011523843747847429,-0.01286550476918924,1819105.213348143,1793099.9289121933
2012-03-16,2001642.2781345178,11520.623570614067,1990121.6545639038,0.0,-0.008860015291439871,-0.021611531491642078,1797940.6070843036,1772257.4061543695
2012-03-19,1985635.2005321314,11520.623570614067,1974114.5769615173,0.0,-0.00799697217492068,-0.029435676850566583,1777367.6622131527,1751687.6344655866
2012-03-20,2006568.9872981836,11520.623570614067,1995048.3637275696,0.0,0.01054261465572437,-0.01920339119300818,1783385.8028578097,1760095.8209497961
2012-03-21,2069729.803132229,11520.623570614067,2058209.179561615,0.0,0.03147702183870127,0.0,1813847.9452924647,1791065.9676743662
2012-03-22,2006482.0824519922,11520.623570614067,1994961.4588813782,0.0,-0.030558443225062848,-0.030558443225062848,1767698.3566627796,1746780.9819758239
2012-03-23,2030022.5216647913,11520.623570614067,2018501.8980941772,0.0,0.01173219507847878,-0.019184765763795242,1784518.4448263461,1762276.6008937063
2012-03-26,1991371.0211574365,11520.623570614067,1979850.3975868225,0.0,-0.01903993679619731,-0.037859425832399984,1752754.6143109582,1732501.6853928547
2012-03-27,1998888.770295315,11520.623570614067,1987368.146724701,0.0,0.0037751624674686735,-0.034227188848373724,1772668.2133109046,1748143.9182487503
2012-03-28,1981642.22379797,11520.623570614067,1970121.600227356,0.0,-0.00862806713091746,-0.04255994149620479,1756304.582667088,1731620.9779244268
2012-03-29,1983944.5762073328,11520.623570614067,1972423.9526367188,0.0,0.0011618406096283174,-0.04144754875495005,1750928.9493160532,1729650.0852521139
2012-03-30,2045256.0862552454,11520.623570614067,2033735.4626846313,0.0,0.030903842165349582,-0.011824595094464208,1790384.2128522948,1770475.1048743888
2012-04-02,2099843.14357127,14487.397584331746,2085355.7459869385,20000.0,0.026689595343520445,0.0,1817940.6070843039,1801022.298616259
2012-04-03,2100871.639527691,14487.397584331746,2086384.2419433594,0.0,0.0004897965638861468,0.0,1831819.8766336152,1816352.5420191025
2012-04-04,2092651.6100324518,14487.397584331746,2078164.2124481201,0.0,-0.003912675739240923,-0.003912675739240923,1819649.8726218925,1807489.4312151326
2012-04-09,2076117.1757978327,14487.397584331746,2061629.778213501,0.0,-0.007901188212768306,-0.011782949164578005,1789395.8726065755,1778525.034417046
2012-04-10,2092936.9566358454,14487.397584331746,2078449.5590515137,0.0,0.008101556614476202,-0.0037768527798440754,1792540.9879639235,1779712.5666101347
2012-04-11,2069334.20897044,14487.397584331746,2054846.8113861084,0.0,-0.011277333314111848,-0.015011593266279322,1786814.948413002,1772375.9575197564
2012-04-12,2074064.5649732477,14487.397584331746,2059577.167388916,0.0,0.0022859313794272307,-0.012759977358954733,1803907.6037888872,1788130.2751913785
2012-04-13,2057714.6984571344,14487.397584331746,2043227.3008728027,0.0,-0.007883007497562766,-0.0205423978593281,1780183.031511251,1768198.7845587844
2012-04-16,2075371.8838666803,14487.397584331746,2060884.4862823486,0.0,0.008580968694438251,-0.012137702837829445,1786592.777277208,1775471.8239223487
2012-04-17,2091968.238999737,14487.397584331746,2077480.8414154053,0.0,0.00799681024016552,-0.004237955504009627,1808300.4496045823,1794724.754311394
2012-04-18,2103514.3975995905,14487.397584331746,2089027.0000152588,0.0,0.005519280065826582,0.0,1811821.4698438295,1798923.0481587993
2012-04-19,2108515.6133741266,14487.397584331746,2094028.215789795,0.0,0.0023775524333198295,0.0,1822897.4771433105,1806513.9361564333
2012-04-20,2092050.4405835993,14487.397584331746,2077563.0429992676,0.0,-0.007808892989025207,-0.007808892989025207,1808693.547294135,1792286.327265917
2012-04-23,2063716.6635145075,14487.397584331746,2049229.2659301758,0.0,-0.013543543941124003,-0.021246676844820733,1777841.3043406622,1761965.0170482476
2012-04-24,2064228.0414289362,14487.397584331746,2049740.6438446045,0.0,0.0002477946335703862,-0.02100414702375375,1785379.0985932425,1765845.255194069
2012-04-25,2074438.516419781,14487.397584331746,2059951.1188354492,0.0,0.0049463890548528955,-0.01616165265184555,1778319.8653070945,1758339.057809682
2012-04-26,2059091.2235731012,14487.397584331746,2044603.8259887695,0.0,-0.007398287645163482,-0.023440371741869415,1773875.7749093643,1752762.5225887464
2012-04-27,2059595.030366314,14487.397584331746,2045107.6327819824,0.0,0.00024467434344099814,-0.023201432655994392,1774422.7732654852,1751914.3740511893
2012-04-30,2086039.718156231,14487.397584331746,2071552.3205718994,0.0,0.012839751213234107,-0.010659582065853823,1794096.352834944,1771930.7623645447
2012-05-02,2093181.78912904,7235.823835155694,2085945.9652938843,20000.0,0.0034237463988084915,-0.007272331372756069,1811019.6748672845,1788940.914529147
2012-05-03,2087212.7998559687,7235.823835155694,2079976.976020813,0.0,-0.0028516344371384283,-0.010103227779313606,1793476.895940803,1770649.696233673
2012-05-04,2040123.185903332,7235.823835155694,2032887.3620681763,0.0,-0.022561002862710566,-0.03243629169117246,1758374.122075577,1737283.7766727144
2012-05-07,2062747.140073559,7235.823835155694,2055511.3162384033,0.0,0.011089503970423076,-0.02170649010624448,1767810.8597774282,1747619.4552398154
2012-05-08,2048727.941282055,7235.823835155694,2041492.1174468994,0.0,-0.006796372914134263,-0.02835533761895981,1728335.3875819957,1712280.6966853978
2012-05-09,2044005.8335244867,7235.823835155694,2036770.009689331,0.0,-0.002304897425576824,-0.030594878899857347,1719641.6389583694,1699907.78596164
2012-05-10,2023243.5616815302,7235.823835155694,2016007.7378463745,0.0,-0.010157638252507373,-0.04044174544012069,1716496.172247375,1698149.4861411774
2012-05-11,2015609.5478799555,7235.823835155694,2008373.7240447998,0.0,-0.003773156107428788,-0.04406230852874704,1703775.395814261,1684704.4030740897
2012-05-14,2012556.9685952875,7235.823835155694,2005321.1447601318,0.0,-0.0015144695498583438,-0.04551004705404216,1696481.7140702063,1675548.0093803213
2012-05-15,2030664.3677499506,7235.823835155694,2023428.543914795,0.0,0.0089972107310341,-0.03692229980673256,1708580.1822953662,1686698.601750951
2012-05-16,2020699.77249696,7235.823835155694,2013463.9486618042,0.0,-0.004907061654916389,-0.04164818146005589,1679353.8072823607,1660323.1621050383
2012-05-17,2021232.8020150873,7235.823835155694,2013996.9781799316,0.0,0.0002637846182704795,-0.04139538299143353,1683484.6375187247,1663646.8963693606
2012-05-18,2023787.2550866816,7235.823835155694,2016551.4312515259,0.0,0.0012638094281112178,-0.04018388943862716,1690830.1360840003,1667892.7616715448
2012-05-21,2052329.8167474482,7235.823835155694,2045093.9929122925,0.0,0.014103538595287901,-0.02664708587894582,,1674497.301424724
2012-05-22,2035104.2571313593,7235.823835155694,2027868.4332962036,0.0,-0.00839317320029398,-0.03481660547217469,1680131.5659539783,1659637.0346279053
2012-05-23,2037141.8680703852,7235.823835155694,2029906.0442352295,0.0,0.001001231721611262,-0.03385023324040104,1671541.619757228,1650630.7869439353
2012-05-24,2059362.6476114008,7235.823835155694,2052126.8237762451,0.0,0.010907821339936286,-0.023311644196966297,1701182.8669088695,1674668.911822255
2012-05-25,2073345.7805383417,7235.823835155694,2066109.956703186,0.0,0.006790029402135467,-0.016679901544340403,1700837.1963881506,1677134.9082119137
2012-05-28,2109743.4751413083,7235.823835155694,2102507.6513061523,0.0,0.017555052777311397,0.0,1723392.1978650556,1698771.3251594426
2012-05-29,2108613.6653573727,7235.823835155694,2101377.841522217,0.0,-0.0005355199801529986,-0.0005355199801529986,1724930.499196028,1698792.7895471752
2012-05-30,2074421.389379284,7235.823835155694,2067185.5655441284,0.0,-0.016215524227997324,-0.016742360470937467,1711328.3304488545,1682817.4216315614
2012-05-31,2092898.8825738642,7235.823835155694,2085663.0587387085,0.0,0.008907299784499889,-0.007984189910252404,1702168.061649805,1678185.6161675106
2012-06-01,2047991.3557961085,7135.078078518198,2040856.2777175903,20000.0,-0.02145709338930324,-0.029269965791013375,1693598.4268692785,1671981.6822147986
2012-06-04,2023476.952449093,7135.078078518198,2016341.874370575,0.0,-0.011969974032183361,-0.04088957909275537,1695889.5576300411,1671482.5543238714
2012-06-05,2034425.1981766322,7135.078078518198,2027290.120098114,0.0,0.005410610540578675,-0.03570020613981584,1701189.0144746944,1676582.772399147
2012-06-06,2058934.822875271,7135.078078518198,2051799.744796753,0.0,0.012047444516812833,-0.024082857875711183,1747992.5424645876,1718447.9455332959
2012-06-07,2061593.8096382716,7135.078078518198,2054458.7315597534,0.0,0.0012914380452739849,-0.022822521349336933,1766374.5370027404,1734725.2372628988
2012-06-08,2054909.358977566,7135.078078518198,2047774.2808990479,0.0,-0.0032423703590177544,-0.025990892641613472,1772915.8912502194,1740997.3991483157
2012-06-11,2038103.6265328028,7135.078078518198,2030968.5484542847,0.0,-0.008178332718833392,-0.03395666319276425,1767931.221493093,1735398.0531821128
2012-06-12,2044840.647032986,7135.078078518198,2037705.5689544678,0.0,0.0033055338366891895,-0.030763374255239784,1789548.8788560473,1753997.5082819683
2012-06-13,2034619.1323540309,7135.078078518198,2027484.0542755127,0.0,-0.004998685200133468,-0.03560828303177743,1791490.379031803,1755234.6248421988
2012-06-14,2011521.5097267726,7135.078078518198,2004386.4316482544,0.0,-0.011352307790664762,-0.04655635463356844,1768158.5582340036,1732880.477533544
2012-06-15,2012047.8911202052,7135.078078518198,2004912.813041687,0.0,0.0002616832039266104,-0.046306854445685386,1797646.7467924205,1756840.6297651294
2012-06-18,1983614.2617142298,7135.078078518198,1976479.1836357117,0.0,-0.014131686194678528,-0.0597841467046748,1771481.671405421,1732489.864920814
2012-06-19,1978156.9916374781,7135.078078518198,1971021.91355896,0.0,-0.0027511750555955228,-0.06237084510713642,1785333.8404697273,1743384.7352686576
2012-06-20,2001012.5268242457,7135.078078518198,1993877.4487457275,0.0,0.011553954151964474,-0.051537520839958995,1791175.421142818,1752651.982415492
2012-06-21,2014114.671439419,7135.078078518198,2006979.5933609009,0.0,0.00654775741757474,-0.04532721860674749,1806724.1610917707,1768451.7645322462
2012-06-22,2010549.7757217982,7135.078078518198,2003414.69764328,0.0,-0.0017699566803081046,-0.04701694807368284,1800095.3564976756,1763915.847097987
2012-06-25,1999067.0720017054,7135.078078518198,1991931.9939231873,0.0,-0.005711225784484908,-0.05245964945202164,1789111.627122966,1755668.6859549882
2012-06-26,1994808.077147732,7135.078078518198,1987672.9990692139,0.0,-0.0021304912244434204,-0.0544783758536701,1791262.871489434,1759336.4811636684
2012-06-27,2002728.6031525233,7135.078078518198,1995593.5250740051,0.0,0.003970570450123834,-0.050724115632881484,1798643.7149041374,1766563.662274783
2012-06-28,2010256.1736900904,7135.078078518198,2003121.0956115723,0.0,0.0037586573266681356,-0.047156112875075595,1801179.774956009,1768820.7588668978
2012-06-29,2040276.224364529,7135.078078518198,2033141.1462860107,0.0,0.014933445332657724,-0.03292687077613854,1846566.5048498437,1810316.937666395
2012-07-02,2075041.04857671,12373.47993504745,2062667.5686416626,20000.0,0.0170392733086957,-0.0164486474177975,1866461.6327544875,1834766.0640724865
2012-07-03,2083531.0111736034,12373.47993504745,2071157.531238556,0.0,0.0040914673002332425,-0.012424479220607298,1869767.7363075197,1841699.9400366573
2012-07-04,2081369.6617778514,12373.47993504745,2068996.181842804,0.0,-0.0010373492806975415,-0.013448939976722252,1874930.0161255607,1848874.880633842
2012-07-05,2095343.985622761,12373.47993504745,2082970.5056877136,0.0,0.0067140038127457835,-0.006825232398257719,1883681.3753033823,1859363.4421065154
2012-07-06,2079649.4404643748,12373.47993504745,2067275.9605293274,0.0,-0.0074901998268898096,-0.014264309870619551,1880021.8541320378,1853746.1004581102
2012-07-09,2062065.1419147227,12373.47993504745,2049691.6619796753,0.0,-0.008455414748038348,-0.022599113962607276,1865241.6772630399,1836192.3095812327
2012-07-10,2087394.0200961803,12373.47993504745,2075020.5401611328,0.0,0.012283258014796905,-0.01059344669551876,1890063.7832643697,1858858.5991950661
2012-07-11,2084705.552257893,12373.47993504745,2072332.0723228455,0.0,-0.0012879541727169874,-0.011867756994360823,1876255.9796373518,1847821.6960371642
2012-07-12,2074709.080723164,12373.47993504745,2062335.6007881165,0.0,-0.004795147940150124,-0.016605997284005247,1851133.4600278821,1827612.9800020284
2012-07-13,2070028.8590015147,12373.47993504745,2057655.3790664673,0.0,-0.0022558448146463572,-0.018824381545786473,1848304.7378693942,1824168.0056865066
2012-07-16,2070650.8925632213,12373.47993504745,2058277.4126281738,0.0,0.0003004951158056546,-0.018529543064693454,1837697.0297750651,1814513.420704224
2012-07-17,2063143.3481715892,12373.47993504745,2050769.8682365417,0.0,-0.0036256929734488352,-0.022088053604051527,1836141.2671181967,1809378.8511608678
2012-07-18,2074267.3453944896,12373.47993504745,2061893.8654594421,0.0,0.005391771363225217,-0.016815375975717917,1844432.8553543645,1816707.6445638337
2012-07-19,2089600.824219105,12373.47993504745,2077227.3442840576,0.0,0.007392238449233979,-0.009547440795310003,1853767.7765985734,1824409.284599194
2012-07-20,2095555.6691058849,12373.47993504745,2083182.1891708374,0.0,0.0028497523631123567,-0.006724896274165837,1840472.7479233812,1814513.420704224
2012-07-23,2077997.0154041026,12373.47993504745,2065623.5354690552,0.0,-0.008378996540461259,-0.015047544932010881,1809657.3904396547,1785681.34061692
2012-07-24,2087581.576046345,12373.47993504745,2075208.0961112976,0.0,0.004612403468913895,-0.010504546811540116,1813281.6907052172,1790179.49952912
2012-07-25,2088720.8866008495,12373.47993504745,2076347.406665802,0.0,0.0005457561838910774,-0.009964523549030435,1806704.8771564334,1782762.9585997371
2012-07-26,2051350.2832378123,12373.47993504745,2038976.803302765,0.0,-0.017891621423795634,-0.027677863489818266,1783155.730656723,1756958.9717225968
2012-07-27,2041204.4847568248,12373.47993504745,2028831.0048217773,0.0,-0.004945912243214612,-0.03248688344913253,1803257.3720257764,1767776.4524945377
2012-07-30,2053906.916809437,12373.47993504745,2041533.4368743896,0.0,0.006223008105004091,-0.026466041483138802,1838598.6159024835,1801062.8713007513
2012-07-31,2053973.158115742,12373.47993504745,2041599.6781806946,0.0,3.2251367266367126e-05,-0.026434643681896408,1848923.5208415634,1810871.0948091415
2012-08-01,2081878.9674831585,4476.736198063235,2077402.2312850952,20000.0,0.013586258056564215,-0.01320753351602777,1872989.8089443897,1837629.2614408045
2012-08-02,2083652.62308466,4476.736198063235,2079175.8868865967,0.0,0.0008519494308767417,-0.012366836235813361,1868432.8735252423,1836320.3378667033
2012-08-03,2079672.8146129802,4476.736198063235,2075196.078414917,0.0,-0.0019100153392113128,-0.014253230728116795,1864126.19260177,1831950.1102499634
2012-08-06,2085092.065055485,4476.736198063235,2080615.3288574219,0.0,0.002605818763617984,-0.011684553300572276,1888018.690854091,1851205.714844536
2012-08-07,2110943.9486385537,4476.736198063235,2106467.2124404907,0.0,0.01239843746773861,0.0,1907372.4032462258,1866157.3828871942
2012-08-08,2122310.529998417,4476.736198063235,2117833.793800354,0.0,0.005384596482153947,0.0,1907836.962149633,1864138.7549720213
2012-08-09,2147106.552428837,4476.736198063235,2142629.816230774,0.0,0.011683503464706702,0.0,1902458.0611275376,1859058.6063767427
2012-08-10,2163303.121001835,4476.736198063235,2158826.384803772,0.0,0.007543439590679046,0.0,1901546.5693347142,1857638.9810571326
2012-08-13,2178749.04974329,4476.736198063235,2174272.313545227,0.0,0.007139974325143017,0.0,1911375.2535720905,1869307.5082912003
2012-08-14,2186620.5083690835,4476.736198063235,2182143.7721710205,0.0,0.0036128339914689445,0.0,1922973.1707781905,1878735.5708441434
2012-08-16,2167848.9221569253,4476.736198063235,2163372.1859588623,0.0,-0.008584748080570748,-0.008584748080570748,1916754.3291091758,1873477.996163597
2012-08-17,2171898.980048771,4476.736198063235,2167422.243850708,0.0,0.0018682380725203451,-0.006732548361257584,1917951.501940646,1873943.9833545755
2012-08-21,2195585.0168605996,4476.736198063235,2191108.2806625366,0.0,0.010905680710479704,0.0,1937501.7182115326,1889139.8018222605
2012-08-22,2204523.909484501,4476.736198063235,2200047.173286438,0.0,0.004071303345239086,0.0,1934588.8885132717,1885457.1815249838
2012-08-23,2191740.1833416177,4476.736198063235,2187263.4471435547,0.0,-0.005798860283566909,-0.005798860283566909,1935482.405262124,1884747.2605464454
2012-08-24,2173174.056083317,4476.736198063235,2168697.319885254,0.0,-0.008470952624500483,-0.014220691037329147,1925242.7382232735,1874964.3458229662
2012-08-27,2163184.5664974404,4476.736198063235,2158707.8302993774,0.0,-0.004596727794496269,-0.018752050186077285,1912215.1942190097,1861188.3693123583
2012-08-28,2147144.1636730386,4476.736198063235,2142667.4274749756,0.0,-0.0074151799494270865,-0.02602818030895382,,1852935.9982914652
2012-08-29,2146850.610641117,4476.736198063235,2142373.874443054,0.0,-0.00013671789574631887,-0.026161339686658236,1889895.0760266809,1838405.690121635
2012-08-30,2160686.352820988,4476.736198063235,2156209.616622925,0.0,0.006444669280336601,-0.019885271588532705,1899634.408589172,1846990.8162914554
2012-08-31,2152413.6174923135,4476.736198063235,2147936.8812942505,0.0,-0.0038287534504364285,-0.02363788923676169,1879423.1295361267,1832327.2760795744
2012-09-03,2171023.3191033024,6425.84426886011,2164597.474834442,20000.0,0.008645969092441641,-0.015196292604071737,1897725.447713307,1851528.7503771354
2012-09-04,2175078.819892945,6425.84426886011,2168652.9756240845,0.0,0.001868013463492968,-0.013356666019758268,1905040.021173444,1860588.6901636703
2012-09-05,2173527.97705275,6425.84426886011,2167102.13278389,0.0,-0.0007130053522709234,-0.014060147997668526,1887593.4794698893,1845810.1410874256
2012-09-06,2182604.5238533635,6425.84426886011,2176178.679584503,0.0,0.004175951216842,-0.009942911272966426,1892180.785149015,1850564.4796700815
2012-09-07,2199345.0274754185,6425.84426886011,2192919.183206558,0.0,0.007669966518945914,-0.0023492065505851256,1929638.6960845129,1881870.9746901488
2012-09-08,6425.84426886011,6425.84426886011,0.0,0.0,-0.9970782918602652,-0.997085155556166,,
2012-09-10,2199262.818750443,6425.84426886011,2192836.9744815826,0.0,341.2527416993524,-0.0023864974706889752,1937350.6396740307,1891783.2745929349
2012-09-11,2191726.79601294,6425.84426886011,2185300.9517440796,0.0,-0.00342661307837,-0.0058049329456143495,1946940.7876611422,1899295.9573852986
2012-09-12,2189913.437273087,6425.84426886011,2183487.5930042267,0.0,-0.0008273653190496999,-0.006627495464465394,1961750.5413335182,1910800.409920445
2012-09-13,2199043.800663056,6425.84426886011,2192617.9563941956,0.0,0.004169280499661365,-0.0024858468524057153,1963321.855351563,1910688.280326529
2012-09-14,2199508.7794571538,6425.84426886011,2193082.9351882935,0.0,0.00021144589933030922,-0.002274926575198677,2014722.4664503217,1950516.6244842028
2012-09-17,2188092.354187073,6425.84426886011,2181666.509918213,0.0,-0.005190443146536605,-0.007453561844684264,2026407.7585860868,1965900.936171329
2012-09-18,2205731.583467545,6425.84426886011,2199305.7391986847,0.0,0.008061464703131849,0.0,2022813.6136697414,1969376.953582721
2012-09-20,2193212.910209717,6425.84426886011,2186787.065940857,0.0,-0.005675519792008199,-0.005675519792008199,2006270.1057266975,1955069.261199678
2012-09-21,2210435.171232285,6425.84426886011,2204009.3269634247,0.0,0.007852525827472423,0.0,2055720.199177509,1998665.1159123029
2012-09-24,2212665.159803452,6425.84426886011,2206239.3155345917,0.0,0.0010088459504216107,0.0,2047936.118711419,1996332.9517607205
2012-09-25,2241248.344793381,6425.84426886011,2234822.500524521,0.0,0.012917989359252369,0.0,2049489.2662299848,2000571.3190088726
2012-09-26,2247940.8058434147,6425.84426886011,2241514.9615745544,0.0,0.002986041714467147,0.0,2045714.6909353188,1999494.9187079028
2012-09-27,2278324.389768662,6425.84426886011,2271898.5454998016,0.0,0.013516185055347796,0.0,2040675.6920021563,1999562.1526636297
2012-09-28,2292196.4002533574,6425.84426886011,2285770.555984497,0.0,0.006088689805100023,0.0,2060108.9079788348,2020283.789220529
2012-10-01,2336227.853479828,6378.6080460207595,2329849.2454338074,20000.0,0.0192092846937566,0.0,2085707.7172940015,2048626.2748084927
2012-10-03,2365659.8881630558,6378.6080460207595,2359281.280117035,0.0,0.01259810109676951,0.0,2090248.4372583223,2056167.6860426364
2012-10-04,2358952.597494568,6378.6080460207595,2352573.9894485474,0.0,-0.002835272602815131,-0.002835272602815131,2110799.923158489,2074194.6202546381
2012-10-05,2341018.6453117984,6378.6080460207595,2334640.0372657776,0.0,-0.007602506384323804,-0.01041622380907481,2095974.4671325388,2059927.0018043297
2012-10-08,2327300.010139908,6378.6080460207595,2320921.4020938873,0.0,-0.005860113587460636,-0.016215297141861873,2070098.168790096,2038163.3103791517
2012-10-09,2360244.764236893,6378.6080460207595,2353866.156190872,0.0,0.01415578307628862,-0.0022890542944309367,2080528.931613461,2048762.0684240758
2012-10-10,2336886.1482281345,6378.6080460207595,2330507.5401821136,0.0,-0.009896692225609405,-0.012163092454200664,2061399.781988886,2027949.3746324596
2012-10-11,2349422.761391129,6378.6080460207595,2343044.153345108,0.0,0.005364665785066114,-0.006863677595064233,2081787.076822808,2048920.6417504163
2012-10-12,2346522.320953812,6378.6080460207595,2340143.712907791,0.0,-0.0012345332159799938,-0.008089737373069394,2070116.3330946045,2041016.7456043174
2012-10-15,2340074.86249968,6378.6080460207595,2333696.254453659,0.0,-0.0027476655118759963,-0.010815174992565235,2074201.1646320424,2043598.593598317
2012-10-16,2341917.5569958347,6378.6080460207595,2335538.948949814,0.0,0.0007874510878624896,-0.010036240326016244,2059886.268027918,2029376.3134072828
2012-10-17,2359211.667746033,6378.6080460207595,2352833.059700012,0.0,0.0073845941752035404,-0.002725759712665088,2064353.9746113708,2033022.39410191
2012-10-18,2370758.165207352,6378.6080460207595,2364379.557161331,0.0,0.0048942185303577634,0.0,2085671.3886849843,2054174.793094724
2012-10-19,2354382.808628525,6378.6080460207595,2348004.2005825043,0.0,-0.006907223528383244,-0.006907223528383244,2073107.0324075234,2042511.581186932
2012-10-22,2348880.75116774,6378.6080460207595,2342502.1431217194,0.0,-0.0023369425909076647,-0.009228024334442586,2085105.9801867993,2051117.4462839435
2012-10-23,2346640.820898499,6378.6080460207595,2340262.212852478,0.0,-0.000953616001207247,-0.010172840343985023,2075714.6785930104,2042760.609869581
2012-10-25,2342098.4245495456,6378.6080460207595,2335719.816503525,0.0,-0.001935701581810001,-0.012088850342649615,2080784.1222836655,2046565.2638905486
2012-10-29,2307175.8077377933,6378.6080460207595,2300797.1996917725,0.0,-0.014910823749206381,-0.026819419375066267,2066305.2126947131,2026907.7004803491
2012-10-30,2298454.472586121,6378.6080460207595,2292075.8645401,0.0,-0.0037800912797467667,-0.03049813080150554,2041614.2242621658,2003853.0850581715
2012-10-31,2320425.3402351993,6378.6080460207595,2314046.7321891785,0.0,0.009558974480950999,-0.021230687174602858,2049565.0252758546,2015063.3566976998
2012-11-01,2343977.0952090416,7957.186548153055,2336019.9086608887,20000.0,0.010149757704100537,-0.011296415801216098,2078810.3001079073,2046386.8634042938
2012-11-02,2344695.3708132897,7957.186548153055,2336738.1842651367,0.0,0.00030643456615520037,-0.010993442847336055,2098198.999609738,2063036.5678779578
2012-11-05,2336161.2589205895,7957.186548153055,2328204.0723724365,0.0,-0.003639752949970654,-0.014593182381272829,2100592.648455756,2063516.7597652017
2012-11-06,2381388.7859133873,7957.186548153055,2373431.5993652344,0.0,0.01935976243938531,0.0,2108031.264675024,2071292.7415076606
2012-11-07,2408587.6178530846,7957.186548153055,2400630.4313049316,0.0,0.011421415982382443,0.0,2121177.9925692338,2085381.1247892715
2012-11-08,2423337.922952572,7957.186548153055,2415380.736404419,0.0,0.006124047549756595,0.0,2113315.740781965,2080738.4509473457
2012-11-09,2393913.906900326,7957.186548153055,2385956.720352173,0.0,-0.012141936860541547,-0.012141936860541547,2093982.4231795166,2062373.2330383696
2012-11-12,2390762.63404266,7957.186548153055,2382805.447494507,0.0,-0.0013163684995448621,-0.013442322096879789,2093043.448249085,2067153.2640945537
2012-11-15,2396427.812707821,7957.186548153055,2388470.626159668,0.0,0.002369611514122516,-0.01110456366397472,2073636.407988368,2056975.8762257472
2012-11-16,2367531.7323550377,7957.186548153055,2359574.5458068848,0.0,-0.012057980715944216,-0.023028645765399647,2052664.2896360243,2035980.770190121
2012-11-19,2355033.1189517174,7957.186548153055,2347075.9324035645,0.0,-0.005279174607255466,-0.028186248130690927,2051688.4533764585,2029645.5874544578
2012-11-20,2339223.9262179527,7957.186548153055,2331266.7396698,0.0,-0.006712938602239982,-0.03470997417980215,2051743.655464479,2025597.4581724592
2012-11-21,2351243.63567535,7957.186548153055,2343286.4491271973,0.0,0.005138332129165146,-0.029749993426167576,2067670.6266322106,2039342.7834360204
2012-11-22,2375469.681054989,7957.186548153055,2367512.494506836,0.0,0.010303502798288289,-0.01975301976839483,2072439.5835653592,2045449.037481253
2012-11-23,2390944.5777072106,7957.186548153055,2382987.3911590576,0.0,0.006514457656790151,-0.013367242322479544,2072016.1278087208,2046523.9972734882
2012-11-26,2407362.651834408,7957.186548153055,2399405.465286255,0.0,0.0068667731909290985,-0.006592258952767049,2075440.8150023243,2055420.7245462681
2012-11-27,2420711.1084384117,7957.186548153055,2412753.921890259,0.0,0.0055448465954359705,-0.0010839654219415573,2109154.5462511256,2086890.4907306645
2012-11-29,2417454.439157406,7957.186548153055,2409497.252609253,0.0,-0.0013453357856926251,-0.002427842910161515,2145077.619700274,2118680.5337365996
2012-11-30,2432649.5327700768,7957.186548153055,2424692.346221924,0.0,0.006285576003644211,0.0,2165276.369386248,2138509.3318488826
2012-12-03,2478258.1690696105,8531.880407653836,2469726.288661957,20000.0,0.018748543793564387,0.0,2181998.947697819,2162991.867280039
2012-12-04,2525761.2980845794,8531.880407653836,2517229.4176769257,0.0,0.019167950138464507,0.0,2188800.258089293,2170563.5928797536
2012-12-05,2514295.6662963256,8531.880407653836,2505763.785888672,0.0,-0.004539475601652798,-0.004539475601652798,2192981.43615161,2175480.4354144502
2012-12-06,2536809.061125122,8531.880407653836,2528277.1807174683,0.0,0.008954155682875387,0.0,2204279.872131725,2188453.676945294
2012-12-07,2548235.9708236083,8531.880407653836,2539704.0904159546,0.0,0.004504442164605882,0.0,2195545.8557348833,2181089.7973323283
2012-12-10,2558415.6460860595,8531.880407653836,2549883.7656784058,0.0,0.003994793017210618,0.0,2196103.3461431926,2184621.6011006604
2012-12-11,2552269.0744441375,8531.880407653836,2543737.1940364838,0.0,-0.002402491421331532,-0.002402491421331532,2192349.541098963,2177396.360622023
2012-12-12,2568399.6545432433,8531.880407653836,2559867.7741355896,0.0,0.006320093857117737,0.0,2188335.6827490353,2174441.6563396766
2012-12-13,2538929.7904628143,8531.880407653836,2530397.9100551605,0.0,-0.011474018082933357,-0.011474018082933357,2174770.0828135153,2157913.3918033694
2012-12-14,2543821.822460495,8531.880407653836,2535289.942052841,0.0,0.001926808695560167,-0.009569317625188423,2185213.772757453,2169339.961625876
2012-12-17,2545578.4819701537,8531.880407653836,2537046.6015625,0.0,0.000690559179164385,-0.008885366626148361,2177148.6722606854,2167100.9959638426
2012-12-18,2564726.6766856536,8531.880407653836,2556194.796278,0.0,0.007522138818788271,-0.0014300647685777657,2191606.220554551,2182751.888937863
2012-12-19,2570074.1715052947,8531.880407653836,2561542.291097641,0.0,0.002085015478745511,0.0,2203796.786367754,2195424.8583924053
2012-12-20,2572651.8627684936,8531.880407653836,2564119.98236084,0.0,0.0010029637633723887,0.0,2198890.7981847376,2191315.955138088
2012-12-21,2538496.2436431274,8531.880407653836,2529964.3632354736,0.0,-0.013276424851596746,-0.013276424851596746,2173357.8463690295,2163846.019605194
2012-12-24,2547368.8369735107,8531.880407653836,2538836.956565857,0.0,0.003495216253560418,-0.009827612573966804,2176349.638970391,2167585.669360276
2012-12-26,2555445.37677034,8531.880407653836,2546913.496362686,0.0,0.0031705419645569055,-0.006688229467487039,2194876.9398348094,2184483.1873958185
2012-12-27,2537528.1278346404,8531.880407653836,2528996.2474269867,0.0,-0.007011399695165399,-0.013652735312602915,2181683.000171496,2172825.7777789184
2012-12-28,2535400.7142432556,8531.880407653836,2526868.833835602,0.0,-0.0008383802993349176,-0.014479669427619801,2195899.005583376,2187576.305383007
2012-12-31,2534028.7683013305,8531.880407653836,2525496.8878936768,0.0,-0.0005411160193408149,-0.015012950265878455,2194691.1096987063,2189954.135608855
2013-01-01,2588868.5236341497,7016.014320566144,2581852.5093135834,20000.0,0.021641330997824726,0.0,,2229690.9380295477
2013-01-02,2612934.7352487585,7016.014320566144,2605918.720928192,0.0,0.00929603469427076,0.0,2227452.9263987187,2244924.3669436174
2013-01-03,2621861.462778284,7016.014320566144,2614845.448457718,0.0,0.003416360695544185,0.0,2233492.405822066,2252750.92234457
2013-01-04,2611517.62666054,7016.014320566144,2604501.6123399734,0.0,-0.0039452260405793416,-0.0039452260405793416,2235963.910337288,2256617.4549892466
2013-01-07,2588181.311592295,7016.014320566144,2581165.2972717285,0.0,-0.008935920948803244,-0.012845892761358835,2225650.337783571,2250771.024701361
2013-01-08,2593657.7010328313,7016.014320566144,2586641.686712265,0.0,0.002115921869927817,-0.010757151796863651,2230593.5282887565,2253799.103449798
2013-01-09,2577681.2370521566,7016.014320566144,2570665.2227315903,0.0,-0.00615981976893587,-0.01685070944950373,2219369.315478238,2243456.9588902695
2013-01-10,2584717.9907657644,7016.014320566144,2577701.976445198,0.0,0.0027298773845501056,-0.014166832435593468,2218310.047407502,2240405.678216326
2013-01-11,2540106.4581272146,7016.014320566144,2533090.4438066483,0.0,-0.017259729223044862,-0.0311820459668517,2211861.705389779,2225940.6424822607
2013-01-14,2561642.4390213033,7016.014320566144,2554626.424700737,0.0,0.008478377284220961,-0.02296804183283163,2238899.9901927668,2253216.78061356
2013-01-15,2558372.227407648,7016.014320566144,2551356.213087082,0.0,-0.0012766073687100477,-0.024215328030093186,2250997.6409379183,2263558.6977032316
2013-01-16,2519851.442342951,7016.014320566144,2512835.4280223846,0.0,-0.015056755483829565,-0.03890747924081284,2230649.2410346386,2239636.8300966052
2013-01-17,2502628.768675997,7016.014320566144,2495612.7543554306,0.0,-0.0068347972334990015,-0.045476351742834265,2244530.788496482,2250724.3933804906
2013-01-18,2490104.6557294866,7016.014320566144,2483088.6414089203,0.0,-0.0050043830324607574,-0.050253153692255026,2253896.5184712284,2256640.6569147534
2013-01-21,2506956.345617487,7016.014320566144,2499940.331296921,0.0,0.0067674625037250635,-0.04382577752183625,2260549.2010487677,2262207.754217131
2013-01-22,2491290.2665340444,7016.014320566144,2484274.252213478,0.0,-0.006249043431023171,-0.049800951765726964,2247987.156438101,2246531.668959577
2013-01-23,2490460.002614214,7016.014320566144,2483443.9882936478,0.0,-0.0003332666333519807,-0.05011762140354625,2250142.713426999,2243014.3025467857
2013-01-24,2457305.489563181,7016.014320566144,2450289.4752426147,0.0,-0.013312606111413605,-0.06276303136197348,2237153.295798244,2219278.960223642
2013-01-25,2483171.8497592947,7016.014320566144,2476155.8354387283,0.0,0.010526310345203127,-0.05289738416309209,2257706.03626134,2243783.150666506
2013-01-28,2490292.2010175725,7016.014320566144,2483276.186697006,0.0,0.0028674420012324564,-0.050181622342964194,2257761.7490072222,2244644.806488252
2013-01-29,2484273.0961763402,7016.014320566144,2477257.081855774,0.0,-0.0024170275435038135,-0.05247735952308741,2248507.444524241,2233697.1371669783
2013-01-30,2476029.6010448476,7016.014320566144,2469013.5867242813,0.0,-0.0033182725136703395,-0.055621497857062274,2250681.6934115947,2234791.9495930774
2013-01-31,2487459.325800135,7016.014320566144,2480443.3114795685,0.0,0.004616150287728438,-0.05126210476267068,2242876.827695268,2233930.066301474
2013-02-01,2534922.471230852,6216.839040147764,2528705.6321907043,20000.0,0.019080973481023555,-0.03315926214320508,2249552.770641734,2244892.4613770326
2013-02-04,2540013.27020775,6216.839040147764,2533796.4311676025,0.0,0.002008266144102766,-0.031217588622627912,2245184.1246363474,2237066.242021848
2013-02-05,2526257.309258806,6216.839040147764,2520040.4702186584,0.0,-0.005415704362764617,-0.03646422775449398,2233803.013535429,2225009.60901363
2013-02-06,2516057.092866289,6216.839040147764,2509840.2538261414,0.0,-0.004037679121256965,-0.04035467602467391,2234665.610095694,2227124.8158401465
2013-02-07,2499118.761543619,6216.839040147764,2492901.9225034714,0.0,-0.006732093389571592,-0.046815097966541486,2227015.581590516,2215444.1277952353
2013-02-08,2479611.5918954485,6216.839040147764,2473394.752855301,0.0,-0.007805619304030786,-0.054255296438164624,2213778.358977941,2201013.624972927
2013-02-11,2469936.1137431734,6216.839040147764,2463719.274703026,0.0,-0.0039020135991859606,-0.05794560513282099,2211659.6782734552,2198804.5466628987
2013-02-12,2456731.2960389727,6216.839040147764,2450514.456998825,0.0,-0.005346218321488849,-0.06298203359849897,2220903.24909746,2204656.4811741496
2013-02-13,2461700.2871841067,6216.839040147764,2455483.448143959,0.0,0.0020226026155751864,-0.061086818608814264,2224822.0119042536,2203787.0797571745
2013-02-14,2451485.4986165636,6216.839040147764,2445268.659576416,0.0,-0.004149485061492819,-0.06498282482903572,2211322.220098849,2185878.282723076
2013-02-15,2453042.653260576,6216.839040147764,2446825.8142204285,0.0,0.00063518819299202,-0.0643889129591223,2207740.9154666616,2184421.0943396613
2013-02-18,2471143.4235871905,6216.839040147764,2464926.584547043,0.0,0.007378905663362634,-0.05748512701025166,2211790.96286987,2190226.207866471
2013-02-19,2503631.5922645205,6216.839040147764,2497414.753224373,0.0,0.01314701865024448,-0.04509386639692248,2227353.222867767,2207852.9314207747
2013-02-20,2504666.375808107,6216.839040147764,2498449.5367679596,0.0,0.0004133130236827487,-0.044699191255509696,2228609.307011987,2208440.488872585
2013-02-21,2442558.578893053,6216.839040147764,2436341.7398529053,0.0,-0.02479683422707979,-0.06838762704694212,2194559.9053660803,2172434.9223227347
2013-02-22,2448710.92825638,6216.839040147764,2442494.0892162323,0.0,0.0025188134346056934,-0.0660410692861031,2193828.5934022297,2172458.332814955
2013-02-25,2439624.5713943117,6216.839040147764,2433407.732354164,0.0,-0.0037106694617229374,-0.06950668216880662,2195497.3909081225,2167687.412209183
2013-02-26,2397154.9195521944,6216.839040147764,2390938.080512047,0.0,-0.017408273527038887,-0.08570496436069397,2160472.967677963,2132645.5775890793
2013-02-27,2428466.597817766,6216.839040147764,2422249.7587776184,0.0,0.013062016981122193,-0.07376242707941749,2173803.938844742,2147264.052893041
2013-02-28,2402681.6714843386,6216.839040147764,2396464.832444191,0.0,-0.01061778093081367,-0.08359701471857683,2134860.752807789,2104630.792383847
2013-03-01,2456000.556581417,4322.397228160784,2451678.159353256,20000.0,0.02219140626487537,-0.06326074376985225,2164854.4951680726,2135089.3150260667
2013-03-04,2423072.1335744057,4322.397228160784,2418749.736346245,0.0,-0.013407335319518654,-0.07581992108508628,2156830.4140880327,2121044.345365622
2013-03-05,2462428.1772460137,4322.397228160784,2458105.780017853,0.0,0.016242208858038287,-0.060809195220911993,2189286.0090705804,2153713.0731492457
2013-03-06,2467798.641780773,4322.397228160784,2463476.2445526123,0.0,0.0021809629147298004,-0.05876085490583349,2202287.208570781,2168635.8968543853
2013-03-07,2491423.3927992973,4322.397228160784,2487100.9955711365,0.0,0.009573208534338296,-0.04975017628916467,2219205.6410750938,2183392.370809171
2013-03-08,2517039.861081997,4322.397228160784,2512717.463853836,0.0,0.010281860705304569,-0.03997983996652965,2250393.439378636,2211434.814727801
2013-03-11,2524790.796815792,4322.397228160784,2520468.399587631,0.0,0.003079385373922161,-0.03702356792705219,2249125.4578896184,2211719.5554564707
2013-03-12,2517695.581568638,4322.397228160784,2513373.184340477,0.0,-0.002810219070864206,-0.039729742661256395,2238433.089863298,2200165.66172333
2013-03-13,2485833.011080662,4322.397228160784,2481510.613852501,0.0,-0.012655449976253341,-0.05188239486669077,2214626.0489897057,2175539.643178958
2013-03-14,2512048.7837132607,4322.397228160784,2507726.3864851,0.0,0.010546071484183184,-0.0418834788275424,2236483.8986718296,2194875.1372813666
2013-03-15,2517720.2262305412,4322.397228160784,2513397.8290023804,0.0,0.0022576960105435973,-0.039720342980055334,2222725.7173644556,2181803.0124701355
2013-03-18,2525520.8833226357,4322.397228160784,2521198.486094475,0.0,0.003098301793354352,-0.03674510679658882,2208589.0451534954,2169679.6372796553
2013-03-19,2495198.861350933,4322.397228160784,2490876.464122772,0.0,-0.012006244799611432,-0.048310180848812556,2174789.8813872198,2135611.3010811466
2013-03-20,2438647.625889698,4322.397228160784,2434325.228661537,0.0,-0.022664019424334603,-0.06987929739599652,2155278.5644213255,2109609.074295686
2013-03-21,2430389.7148093376,4322.397228160784,2426067.3175811768,0.0,-0.003386266631017487,-0.07302893409404299,2141785.400670467,2094164.4962203559
2013-03-22,2409131.9788741264,4322.397228160784,2404809.5816459656,0.0,-0.008746636724834445,-0.08113681326195499,2138984.6049459283,2089894.0803449773
2013-03-25,2396423.2580413017,4322.397228160784,2392100.860813141,0.0,-0.005275228150333211,-0.08598402621094037,2132361.0141331637,2083156.22040098
2013-03-26,2380430.7571047936,4322.397228160784,2376108.3598766327,0.0,-0.006673487616532081,-0.09208370049333425,2135294.3186359596,2085196.6692190387
2013-03-28,2428173.4814976845,4322.397228160784,2423851.0842695236,0.0,0.02005633822802655,-0.07387422410769029,2150793.4102518223,2105955.635279907
2013-04-01,2462942.5635567987,4532.800170072334,2458409.7633867264,20000.0,0.014319027171678433,-0.06061300395829661,2179063.473457191,2138885.5055692475
2013-04-02,2474809.1106616342,4532.800170072334,2470276.310491562,0.0,0.004818036474102172,-0.05608700314807036,2195756.815617387,2159576.840483557
2013-04-03,2479267.9755145395,4532.800170072334,2474735.175344467,0.0,0.001801700516494975,-0.054386354614116006,2167030.5689292843,2134862.2099363324
2013-04-04,2429021.3598233545,4532.800170072334,2424488.559653282,0.0,-0.0202667142831775,-0.07355083618742564,2129537.603712596,2097239.0284120273
2013-04-05,2437087.777058729,4532.800170072334,2432554.9768886566,0.0,0.003320850680358367,-0.07047423685146115,2121324.668876088,2091491.3964016503
2013-04-08,2425134.9328299845,4532.800170072334,2420602.132659912,0.0,-0.004904560410692316,-0.07503315211011807,2117390.1747027305,2088857.0650635608
2013-04-09,2385604.45361627,4532.800170072334,2381071.6534461975,0.0,-0.016300321552658925,-0.09011040915627255,2099111.5824249955,2070775.9726975837
2013-04-10,2396298.432088026,4532.800170072334,2391765.6319179535,0.0,0.004482712318693682,-0.0860316358787463,2123406.6269666837,2091395.7428578578
2013-04-11,2414285.0367375696,4532.800170072334,2409752.2365674973,0.0,0.007505995250295605,-0.0791713936787316,2136891.0453685387,2101741.29337914
2013-04-12,2400274.958096632,4532.800170072334,2395742.1579265594,0.0,-0.005802992781610228,-0.0845149554343142,2111889.26912955,2084833.7694306462
2013-04-15,2404575.335374006,4532.800170072334,2400042.5352039337,0.0,0.0017916186072217677,-0.08287475539383704,2127111.8856541663,2095993.661368763
2013-04-16,2407572.909642347,4532.800170072334,2403040.109472275,0.0,0.0012466127487225087,-0.08173145537173576,2173161.7321971543,2135029.662105906
2013-04-17,2425836.399306425,4532.800170072334,2421303.5991363525,0.0,0.007585851124563003,-0.0747656068998166,2173066.2329548695,2137041.4268582356
2013-04-18,2429276.9137402857,4532.800170072334,2424744.1135702133,0.0,0.0014182796642199236,-0.0734533657754457,2209126.7095372835,2168198.288499122
2013-04-22,2479037.1804343546,4532.800170072334,2474504.380264282,0.0,0.02048357122756106,-0.05447438179765007,2228723.0794453765,2190997.2755812993
2013-04-23,2498533.0302134836,4532.800170072334,2494000.2300434113,0.0,0.007864282929275435,-0.04703850081922878,2229678.0718682264,2190039.336912903
2013-04-25,2512547.984669813,4532.800170072334,2508015.1844997406,0.0,0.0056092732362764686,-0.041693079386672105,2260008.593913542,2214897.798583434
2013-04-26,2497904.5801163996,4532.800170072334,2493371.779946327,0.0,-0.005828109410351279,-0.04727819696870339,2242876.179065184,2199259.4965962158
2013-04-29,2531523.1617137277,4532.800170072334,2526990.3615436554,0.0,0.01345871330111481,-0.03445578736598409,2255348.34280321,2213269.349621509
2013-04-30,2550217.652808317,4532.800170072334,2545684.8526382446,0.0,0.007384681039984686,-0.02732555132567882,2265318.5010021525,2223255.907013888
2013-05-02,2609061.4784530774,5284.164144910699,2603777.3143081665,20000.0,0.023074040594127876,-0.00488202161209661,2311733.5541137843,2268784.878977947
2013-05-03,2594275.6222051755,5284.164144910699,2588991.4580602646,0.0,-0.005667116842592912,-0.010521471467785815,2290405.4642552817,2251412.9329690346
2013-05-06,2626097.3869365826,5284.164144910699,2620813.2227916718,0.0,0.01226614645685098,0.0,2300828.5834449334,2264218.505176786
2013-05-07,2664269.078283705,5284.164144910699,2658984.914138794,0.0,0.014535520098000188,0.0,2328765.0565537,2289322.117424341
2013-05-08,2715513.5415319577,5284.164144910699,2710229.377387047,0.0,0.019233966893938526,0.0,2338687.3211406064,2297488.87865029
2013-05-09,2704651.127864279,5284.164144910699,2699366.963719368,0.0,-0.004000132388053079,-0.004000132388053079,2331308.276563204,2289394.790556711
2013-05-10,2722857.083472647,5284.164144910699,2717572.919327736,0.0,0.006731350827766214,0.0,2348494.061788338,2304616.5084640384
2013-05-13,2720447.792054571,5284.164144910699,2715163.6279096603,0.0,-0.0008848394697980044,-0.0008848394697980044,2304450.842202274,2266223.8589170882
2013-05-14,2750330.1700700894,5284.164144910699,2745046.0059251785,0.0,0.010984360039105967,0.0,2310211.422732791,2272385.0304510063
2013-05-15,2792982.0105718747,5284.164144910699,2787697.846426964,0.0,0.015507898275608945,0.0,2368531.2562939357,2324791.3250554963
2013-05-16,2774429.6192506924,5284.164144910699,2769145.4551057816,0.0,-0.0066425029774479505,-0.0066425029774479505,2377451.623525615,2334117.5530751674
2013-05-17,2756327.5485109463,5284.164144910699,2751043.3843660355,0.0,-0.006524609820390825,-0.013123773057680088,2384156.339441771,2342260.0112730833
2013-05-20,2750573.4731382504,5284.164144910699,2745289.3089933395,0.0,-0.002087587658369694,-0.01518396368938335,2372442.3248992153,2330106.8455945626
2013-05-21,2758793.0033277646,5284.164144910699,2753508.8391828537,0.0,0.002988296902367793,-0.012241040978674178,2355950.2477583494,2313797.8621224263
2013-05-22,2765393.7159933224,5284.164144910699,2760109.5518484116,0.0,0.0023926088900456666,-0.009877720112097421,2348397.7291224455,2303480.872794892
2013-05-23,2735121.073779501,5284.164144910699,2729836.90963459,0.0,-0.01094695559577763,-0.020716544744420418,2299287.2607906563,2255810.365332608
2013-05-24,2728787.668926634,5284.164144910699,2723503.504781723,0.0,-0.0023155848249581945,-0.022984158652742837,2305645.2167395484,2264218.505176786
2013-05-27,2759863.9106763974,5284.164144910699,2754579.7465314865,0.0,0.011388296020110378,-0.0118576130351431,2344024.1884609875,2298431.0339020872
2013-05-28,2755605.160111822,5284.164144910699,2750320.9959669113,0.0,-0.001543101653708523,-0.013382417186568074,2354852.0177372294,2308409.6684509898
2013-05-29,2772418.6889509335,5284.164144910699,2767134.5248060226,0.0,0.006101574014482081,-0.00736249698104241,2352173.894365528,2303384.132586218
2013-05-30,2756172.868519224,5284.164144910699,2750888.7043743134,0.0,-0.005859800504322998,-0.013179154721842834,2359784.17497102,2306935.9139549397
2013-05-31,2712716.943145193,5284.164144910699,2707432.7790002823,0.0,-0.01576676335159566,-0.028738125459765063,2306570.1608519047,2262213.151436484
2013-06-03,2724647.475863649,9303.004655076773,2715344.4712085724,20000.0,0.004398001328005607,-0.02446651444569592,2308594.3348766114,2271509.43722598
2013-06-04,2726710.8727046982,9303.004655076773,2717407.8680496216,0.0,0.0007573078203062522,-0.023727735308115006,2300878.8301438023,2268218.666220893
2013-06-05,2723869.416865541,9303.004655076773,2714566.4122104645,0.0,-0.0010420818237830698,-0.024745090890213928,2302589.063666073,2270144.4718799754
2013-06-06,2696131.420010759,9303.004655076773,2686828.4153556824,0.0,-0.010183306396053804,-0.034676410443934436,2301636.6774919797,2268633.107216253
2013-06-07,2695975.4188758866,9303.004655076773,2686672.41422081,0.0,-5.786110191607907e-05,-0.034732265130531736,2285933.313670079,2252886.25377394
2013-06-10,2678906.2370101945,9303.004655076773,2669603.232355118,0.0,-0.006331356638559105,-0.04084371941168452,2284767.2194784437,2244744.54732747
2013-06-11,2636307.6843578354,9303.004655076773,2627004.679702759,0.0,-0.01590147204998904,-0.05609571619903109,2250095.2762628812,2208399.905001461
2013-06-12,2631582.6655056016,9303.004655076773,2622279.660850525,0.0,-0.001792286568168433,-0.057787463168524233,2238978.6634711344,2194919.979530896
2013-06-13,2585236.530528261,9303.004655076773,2575933.525873184,0.0,-0.017611506408230726,-0.07438124529884715,2215229.1738093565,2168203.651357287
2013-06-14,2616021.0877201096,9303.004655076773,2606718.083065033,0.0,0.011907830029602051,-0.06335913449565378,2257713.796273697,2206498.6182525004
2013-06-17,2687977.015391542,9303.004655076773,2678674.0107364655,0.0,0.027505866833108295,-0.037596015578644004,2273903.032675446,2221879.830472026
2013-06-18,2708827.504859163,9303.004655076773,2699524.5002040863,0.0,0.0077569448504319904,-0.03013070094765158,2259735.1021234565,2213689.562300654
2013-06-19,2741711.1441852585,9303.004655076773,2732408.139530182,0.0,0.012139436441452212,-0.01835703423528967,2263097.3024172112,2219539.821865254
2013-06-20,2689131.2564441697,9303.004655076773,2679828.251789093,0.0,-0.0191777634389394,-0.037182750814224286,2198437.34153221,2159550.1424179827
2013-06-21,2668277.061368181,9303.004655076773,2658974.0567131042,0.0,-0.007754993374166519,-0.04464939220219322,2203004.5437827837,2154918.6869293414
2013-06-24,2583081.197026445,9303.004655076773,2573778.1923713684,0.0,-0.031929167167539574,-0.07515294146217988,2172919.351597375,2118574.0446033324
2013-06-25,2588166.064055635,9303.004655076773,2578863.0594005585,0.0,0.001968527754777405,-0.07333235435852403,2180246.348060282,2120767.8919400573
2013-06-26,2555923.3565055863,9303.004655076773,2546620.3518505096,0.0,-0.012457742954686934,-0.08487654169235037,2172316.9455159535,2113650.0285269264
2013-06-27,2583160.0330440537,9303.004655076773,2573857.028388977,0.0,0.01065629627318132,-0.0751247149940859,2208718.4812393896,2142121.244131779
2013-06-28,2617845.181702806,9303.004655076773,2608542.1770477295,0.0,0.013427409922365019,-0.06270603541524733,2270851.9047091804,2199161.2748866286
2013-07-01,2677801.1699256757,5534.368696199002,2672266.801229477,20000.0,0.022902801373406945,-0.041239377915869624,2312871.6120691076,2248973.174975035
2013-07-02,2678109.4418258527,5534.368696199002,2672575.073129654,0.0,0.00011512128071311523,-0.04112900416515797,2296678.23987009,2234585.215924244
2013-07-03,2673779.241081224,5534.368696199002,2668244.872385025,0.0,-0.0016168871506896387,-0.04267939035749235,2262703.8048528233,2200423.1803394565
2013-07-04,2717899.4032592634,5534.368696199002,2712365.0345630646,0.0,0.0165010489647599,-0.026882596102807632,2288601.3687927793,2222238.817569429
2013-07-05,2707979.091276155,5534.368696199002,2702444.722579956,0.0,-0.003649992332759755,-0.030434467165907475,2300736.3947061985,2231141.943672773
2013-07-08,2719487.2781734327,5534.368696199002,2713952.909477234,0.0,0.004249732553087915,-0.026314072958670276,2278642.166331376,2214147.031705027
2013-07-09,2745054.3975486616,5534.368696199002,2739520.028852463,0.0,0.009401448420233605,-0.017160014938083945,2297246.844854911,2233183.5043687485
2013-07-10,2754651.414247499,5534.368696199002,2749117.0455513,0.0,0.0034961116644565138,-0.013723896602014785,2280661.5755501934,2219139.728432938
2013-07-11,2773772.7955741743,5534.368696199002,2768238.4268779755,0.0,0.006941488577384636,-0.006877672296130233,2327084.822194725,2256056.6700392365
2013-07-12,2779326.9403686384,5534.368696199002,2773792.5716724396,0.0,0.0020023791434273797,-0.00488906486026397,2356060.1281333263,2277946.0436378755
2013-07-15,2823072.6010341505,5534.368696199002,2817538.2323379517,0.0,0.015739659854378196,0.0,2364607.5820566597,2290120.470527006
2013-07-16,2800164.8460769514,5534.368696199002,2794630.4773807526,0.0,-0.008114476031827023,-0.008114476031827023,2334985.368291894,2261000.129126833
2013-07-17,2802610.401117311,5534.368696199002,2797076.032421112,0.0,0.0008733610965032668,-0.007248201803008447,2342062.4901332674,2261590.500443387
2013-07-18,2839754.1311302045,5534.368696199002,2834219.7624340057,0.0,0.01325326202960131,0.0,2367450.2240817836,2286111.3256873325
2013-07-19,2812057.8475761274,5534.368696199002,2806523.4788799286,0.0,-0.00975305687575645,-0.00975305687575645,2363980.3935279488,2278831.3604290946
2013-07-22,2817776.262971864,5534.368696199002,2812241.8942756653,0.0,0.002033534054310282,-0.007739355994736519,2364999.6706118495,2278019.780006542
2013-07-23,2824389.2148685316,5534.368696199002,2818854.8461723328,0.0,0.0023468690483228194,-0.0054106502014517055,2383035.7441505636,2292604.44943498
2013-07-24,2797983.257368074,5534.368696199002,2792448.888671875,0.0,-0.009349262970361205,-0.014709327580238907,2348806.4898623214,2256941.9868304557
2013-07-25,2770139.293653474,5534.368696199002,2764604.9249572754,0.0,-0.009951440431702596,-0.02451438901473635,2316263.1397815985,2229174.3595290747
2013-07-26,2740962.99468802,5534.368696199002,2735428.6259918213,0.0,-0.010532430276086968,-0.03478862319776477,2307911.7301358595,2217098.407920574
2013-07-29,2697078.6603927473,5534.368696199002,2691544.2916965485,0.0,-0.016010553364025903,-0.050242191453621854,2286523.1845805817,2193807.0825828277
2013-07-30,2664381.247920976,5534.368696199002,2658846.879224777,0.0,-0.012123269874157017,-0.06175636168171761,2256489.162963173,2159595.809357725
2013-07-31,2664544.7738513807,5534.368696199002,2659010.405155182,0.0,6.137482409185324e-05,-0.061698777143460504,2251372.4838977465,2154332.4256998887
2013-08-01,2671041.2340423353,6811.324797797777,2664229.9092445374,20000.0,0.002438112601712561,-0.05941109310781156,2265824.469131714,2161715.3404151485
2013-08-02,2664488.524707962,6811.324797797777,2657677.199910164,0.0,-0.002453241548973306,-0.06171858489470283,2246065.1575492965,2142327.5218958133
2013-08-05,2664847.33825605,6811.324797797777,2658036.013458252,0.0,0.00013466507540216277,-0.06159223115718926,2249032.009549394,2146497.985321278
2013-08-06,2612724.8746902235,6811.324797797777,2605913.5498924255,0.0,-0.019559268111747352,-0.07994680030613244,2192404.7330050925,2092281.233510676
2013-08-07,2575860.2016288526,6811.324797797777,2569048.8768310547,0.0,-0.014109665131022187,-0.09292844285653834,2183247.088462345,2092132.383627328
2013-08-08,2592401.2229434736,6811.324797797777,2585589.8981456757,0.0,0.006421552421269405,-0.0871036353024992,2201661.27261451,2110254.250858645
2013-08-12,2654106.792577911,6811.324797797777,2647295.467780113,0.0,0.02380247667233215,-0.06537444087753008,2220154.6500817817,2131528.8749840013
2013-08-13,2702887.9732419737,6811.324797797777,2696076.6484441757,0.0,0.01837950937033761,-0.04819648165588164,2254530.536625355,2165016.947192536
2013-08-14,2739417.896289993,6811.324797797777,2732606.571492195,0.0,0.01351514506322804,-0.03533271903377011,2271540.4880925785,2180606.6694212966
2013-08-16,2671043.9769469984,6811.324797797777,2664232.6521492004,0.0,-0.024959287677719377,-0.05941012721268957,2178796.810462199,2097320.5535842176
2013-08-19,2607724.4990903623,6811.324797797777,2600913.1742925644,0.0,-0.023705891180799687,-0.0817076483827478,2141968.2490034415,2061399.7312463718
2013-08-20,2536414.1844207533,6811.324797797777,2529602.8596229553,0.0,-0.027345800790874897,-0.10681908809785723,2136707.1087183733,2054672.152886779
2013-08-21,2500571.994080711,6811.324797797777,2493760.669282913,0.0,-0.014131047902268157,-0.11944067034933792,2097584.065820218,2020439.2251952041
2013-08-22,2516884.4523698576,6811.324797797777,2510073.1275720596,0.0,0.006523490756419337,-0.11369634970188314,2139476.170585131,2053530.3239770576
2013-08-23,2584184.933116127,6811.324797797777,2577373.608318329,0.0,0.026739598904868433,-0.08999694558499072,2164516.3242041795,2077138.3033584799
2013-08-26,2608556.840595413,6811.324797797777,2601745.515797615,0.0,0.009431177764006815,-0.0814145450130137,2166395.3304709075,2082525.2630618603
2013-08-27,2553507.6624757536,6811.324797797777,2546696.3376779556,0.0,-0.021103307876202626,-0.1007997366802057,2091610.9583168973,2016094.94195482
2013-08-28,2521732.7743570097,6811.324797797777,2514921.4495592117,0.0,-0.01244362356364992,-0.11198904626529216,2090641.7094017614,2009640.5782833921
2013-08-29,2574867.045500923,6811.324797797777,2568055.720703125,0.0,0.021070539941513644,-0.09327817599612331,2139713.3642215966,2051891.7631276292
2013-08-30,2616437.723419357,6811.324797797777,2609626.398621559,0.0,0.016144786190444682,-0.07863934601337086,2164536.0259557427,2073265.7821262314
2013-09-02,2694750.1684278063,5053.360165935184,2689696.8082618713,20000.0,0.029930941718002924,-0.051062153977635916,2215767.165271869,2122757.2107242206
2013-09-03,2682163.2608274035,5053.360165935184,2677109.9006614685,0.0,-0.004670899643266835,-0.0554945474241042,2132218.1610968695,2051409.664240046
2013-09-04,2752520.0278485827,5053.360165935184,2747466.6676826477,0.0,0.026231351405311187,-0.030718892993353286,2174791.0299511203,2087296.4769638197
2013-09-05,2733667.402276378,5053.360165935184,2728614.042110443,0.0,-0.006849223759123779,-0.037357716180733025,2232612.782015822,2137192.012227754
2013-09-06,2738955.7659925036,5053.360165935184,2733902.4058265686,0.0,0.0019345307741980289,-0.035495455058140446,2267521.2519437578,2164934.133451789
2013-09-10,2784273.558247905,5053.360165935184,2779220.19808197,0.0,0.01654564590566876,-0.019537104383124282,2353884.6159198117,2237183.7632553163
2013-09-11,2808753.1659024768,5053.360165935184,2803699.8057365417,0.0,0.008792098600389098,-0.010916777930837784,2360431.1844244185,2250165.3442622917
2013-09-12,2799498.73207603,5053.360165935184,2794445.371910095,0.0,-0.0032948547913689286,-0.014175663524135018,2335502.2990808715,2228362.631632222
2013-09-13,2782886.633855205,5053.360165935184,2777833.27368927,0.0,-0.0059339545435357355,-0.02002550032469419,2335462.341759782,2230618.0846629185
2013-09-16,2746331.5356610827,5053.360165935184,2741278.1754951477,0.0,-0.013135676369066318,-0.032898128202366705,2331450.4318086007,2225831.3652806054
2013-09-17,2755864.4646199755,5053.360165935184,2750811.1044540405,0.0,0.003471150090623709,-0.029541172452433928,2335302.707389184,2227635.776651626
2013-09-18,2774503.861008983,5053.360165935184,2769450.500843048,0.0,0.006763538856247031,-0.022977436463928025,2354962.48902043,2244601.844506776
2013-09-19,2802929.968320232,5053.360165935184,2797876.608154297,0.0,0.010245474050597059,-0.012967377142371395,2441225.862236879,2319533.0063043726
2013-09-20,2821717.0404027514,5053.360165935184,2816663.6802368164,0.0,0.006702654827219323,-0.006351638168151763,2399930.458174934,2285575.9078977695
2013-09-23,2809638.5391286425,5053.360165935184,2804585.1789627075,0.0,-0.004280550140628114,-0.010604999803126014,2351090.3322361824,2246431.2185741
2013-09-24,2836264.485520702,5053.360165935184,2831211.125354767,0.0,0.009476644778768195,-0.001228854840370941,2352168.2053368012,2247483.812268222
2013-09-25,2830812.72514854,5053.360165935184,2825759.364982605,0.0,-0.0019221621960834323,-0.0031486549781356565,2344743.3554232637,2243950.122347407
2013-09-26,2830791.3597539477,5053.360165935184,2825737.9995880127,0.0,-7.5474419068966014e-06,-0.0031561786557520177,2348096.456860866,2246581.484216553
2013-09-27,2859805.9112294726,5053.360165935184,2854752.5510635376,0.0,0.010249625559845876,0.0,2328516.5898717996,2233374.749478215
2013-09-30,2878293.1520703845,5053.360165935184,2873239.7919044495,0.0,0.0064645089263990485,0.0,2289436.3807083233,2201347.1206564656
2013-10-01,2925550.798746799,7153.9154765355925,2918396.8832702637,20000.0,0.01641863569123303,0.0,2327299.8371143793,2236809.5531578176
2013-10-03,2942671.553621982,7153.9154765355925,2935517.638145447,0.0,0.005852147528088381,0.0,2379502.7321030484,2282199.153155216
2013-10-04,2952098.907820438,7153.9154765355925,2944944.9923439026,0.0,0.003203671910598338,0.0,2378536.2302735928,2283969.2211216884
2013-10-07,2990069.4733416783,7153.9154765355925,2982915.557865143,0.0,0.012862226743369565,0.0,2378073.2294989047,2287332.3008699287
2013-10-08,3006124.218996738,7153.9154765355925,2998970.3035202026,0.0,0.005369355393979314,0.0,2387032.048734995,2294235.763491399
2013-10-09,3053190.2459475743,7153.9154765355925,3046036.330471039,0.0,0.015656713935308986,0.0,2418861.14020767,2322556.850954957
2013-10-10,3072643.3625552403,7153.9154765355925,3065489.447078705,0.0,0.006371406640475641,0.0,2424296.8282835004,2330168.0444346736
2013-10-11,3089471.417639469,7153.9154765355925,3082317.5021629333,0.0,0.0054767355330929135,0.0,2454595.7562617385,2352571.9487770526
2013-10-14,3102178.6469142186,7153.9154765355925,3095024.731437683,0.0,0.004113075525540522,0.0,2461239.3750210865,2359728.2782508763
2013-10-15,3066497.2141749607,7153.9154765355925,3059343.2986984253,0.0,-0.011502056071061695,-0.011502056071061695,2451716.6975167133,2346351.522985278
2013-10-17,3027930.47016785,7153.9154765355925,3020776.5546913147,0.0,-0.01257680712339626,-0.023934204053729813,2434322.613636038,2332469.034014974
2013-10-18,3051586.082606052,7153.9154765355925,3044432.1671295166,0.0,0.007812468836805975,-0.016308720440227242,2492101.964664306,2380437.9252944314
2013-10-21,3086078.378283237,7153.9154765355925,3078924.4628067017,0.0,0.011303071499044304,-0.00518998757437672,2498383.2435392593,2392626.1569659123
2013-10-22,3090286.86741135,7153.9154765355925,3083132.9519348145,0.0,0.0013637013102869577,-0.0038333638569453266,2497517.402600097,2396343.3490835615
2013-10-23,3098297.372473453,7153.9154765355925,3091143.4569969177,0.0,0.0025921558113513044,-0.0012511447219927252,2487672.8854914075,2388833.1541806143
2013-10-24,3082467.150362705,7153.9154765355925,3075313.2348861694,0.0,-0.005109329482505642,-0.006354081693883407,2482035.875634991,2383522.9502811977
2013-10-25,3061016.766463016,7153.9154765355925,3053862.8509864807,0.0,-0.00695883617029458,-0.013268700850657567,2474204.3797288635,2373610.5202808953
2013-10-28,3054931.410769199,7153.9154765355925,3047777.4952926636,0.0,-0.001988017759487426,-0.01523034019720848,2456568.6703908243,2355126.052149991
2013-10-29,3101243.943163608,7153.9154765355925,3094090.0276870728,0.0,0.015159925434380828,-0.00030130558455754297,2504805.2903779815,2397734.116771504
2013-10-30,3123524.191427921,7153.9154765355925,3116370.2759513855,0.0,0.007184294003516722,0.0,2517206.8300240785,2409466.990556521
2013-10-31,3136310.90924332,7153.9154765355925,3129156.9937667847,0.0,0.004093682978505653,0.0,2536312.1490397374,2429974.6404465362
2013-11-01,3165843.9914018936,11949.12189124283,3153894.8695106506,20000.0,0.00941650334204236,0.0,2559553.5476691574,2459153.6577989
2013-11-05,3183075.5022718734,11949.12189124283,3171126.3803806305,0.0,0.005442943782693943,0.0,2537619.152876435,2451607.5259656063
2013-11-06,3216870.0937292404,11949.12189124283,3204920.9718379974,0.0,0.010616961939245995,0.0,2522198.2003460694,2439599.6907807966
2013-11-07,3199912.6665479965,11949.12189124283,3187963.5446567535,0.0,-0.005271405648086147,-0.005271405648086147,2510876.0143027846,2422952.142206173
2013-11-08,3225477.0472204513,11949.12189124283,3213527.9253292084,0.0,0.007989086995937589,0.0,2492005.6381801004,2409644.2113290685
2013-11-11,3207055.77203582,11949.12189124283,3195106.650144577,0.0,-0.005711178506294434,-0.005711178506294434,2466865.3481495488,2386495.686362793
2013-11-12,3214787.8089334792,11949.12189124283,3202838.6870422363,0.0,0.002410945567295597,-0.003314002279502626,2442212.114827977,2364494.392524456
2013-11-13,3196518.305605156,11949.12189124283,3184569.183713913,0.0,-0.005682957760868357,-0.008978126705397105,2430666.810048195,2352920.0055587743
2013-11-14,3209809.7645437545,11949.12189124283,3197860.6426525116,0.0,0.004158105059274053,-0.00485735364019968,2457673.6884426964,2381192.978942228
2013-11-18,3260490.451757652,11949.12189124283,3248541.3298664093,0.0,0.01578931180711307,0.0,2511586.189748262,2427362.5587494522
2013-11-19,3272045.9076464004,11949.12189124283,3260096.7857551575,0.0,0.003544085179737033,0.0,2517409.668031503,2433022.2821069667
2013-11-20,3241624.906084282,11949.12189124283,3229675.784193039,0.0,-0.009297241671037737,-0.009297241671037737,2484761.809005905,2406661.3606034103
2013-11-21,3199077.7844850845,11949.12189124283,3187128.6625938416,0.0,-0.01312524515693958,-0.022300458251761635,2434501.6385627943,2361690.049767273
2013-11-22,3206015.475719673,11949.12189124283,3194066.35382843,0.0,0.0021686535001539387,-0.020180166718450243,2433040.864739117,2361996.0278610745
2013-11-25,3232931.618515236,11949.12189124283,3220982.496623993,0.0,0.008395512435734886,-0.011954077123355389,2481697.988487498,2404596.4441591566
2013-11-26,3255307.360134346,11949.12189124283,3243358.238243103,0.0,0.0069211923601979475,-0.005115621230416867,2458870.9205971537,2385807.2978930124
2013-11-27,3267204.835727913,11949.12189124283,3255255.71383667,0.0,0.003654793319754601,-0.0014795244489616,2458059.291516608,2386164.3138299617
2013-11-28,3276101.272802574,11949.12189124283,3264152.150911331,0.0,0.002722950510288147,0.0,2472161.346791087,2400925.2049637176
2013-11-29,3271715.9835340804,11949.12189124283,3259766.8616428375,0.0,-0.001338569507877918,-0.001338569507877918,2506351.2218090696,2432181.0290728295
2013-12-02,3337466.639244629,17992.357628418096,3319474.281616211,20000.0,0.02009668811151677,0.0,2543293.978865458,2469669.8306815904
2013-12-03,3335210.846943451,17992.357628418096,3317218.489315033,0.0,-0.000675899580434014,-0.000675899580434014,2536749.481487307,2465300.4621886485
2013-12-04,3335577.906296326,17992.357628418096,3317585.5486679077,0.0,0.00011005581647438589,-0.000565918150639777,2520020.1500088507,2449185.1529004285
2013-12-05,3315256.4311719667,17992.357628418096,3297264.0735435486,0.0,-0.006092340126728768,-0.006654810511510956,2552803.9516180838,2475118.7404135107
2013-12-06,3336101.2106309664,17992.357628418096,3318108.853002548,0.0,0.006287531565584148,-0.00040912127708092605,2560493.6561485273,2483240.5249777692
2013-12-09,3340990.359455658,17992.357628418096,3322998.00182724,0.0,0.0014655277271300449,0.0,2603032.889106509,2517861.3949419777
2013-12-10,3349749.803448273,17992.357628418096,3331757.4458198547,0.0,0.002621810616071807,0.0,2590332.5537709184,2505344.3891185336
2013-12-11,3353185.7171598207,17992.357628418096,3335193.3595314026,0.0,0.0010257224906800033,0.0,2580127.14828298,2495988.9507087553
2013-12-12,3349209.0436597597,17992.357628418096,3331216.6860313416,0.0,-0.0011859389355354244,-0.0011859389355354244,2551147.255885913,2472831.1470975257
2013-12-13,3347846.152132584,17992.357628418096,3329853.7945041656,0.0,-0.00040692937031083787,-0.0015923857124620078,2523067.311767226,2444815.7844074867
2013-12-16,3397101.8140168916,17992.357628418096,3379109.4563884735,0.0,0.014712641993101183,0.0,2517463.7057205103,2444790.1826389735
2013-12-17,3412564.434582306,17992.357628418096,3394572.076953888,0.0,0.004551709490016931,0.0,2511062.2094447385,2440934.8574981424
2013-12-18,3469554.2040773164,17992.357628418096,3451561.8464488983,0.0,0.01669998342521728,0.0,2543007.5772162797,2472368.558280172
2013-12-19,3505240.789480759,17992.357628418096,3487248.4318523407,0.0,0.010285639971125082,0.0,2522351.5073664906,2457435.699300445
2013-12-20,3558738.1974073183,17992.357628418096,3540745.8397789,0.0,0.015262120675733737,0.0,2566363.2921789982,2499098.8125899336
2013-12-23,3557198.691416336,17992.357628418096,3539206.333787918,0.0,-0.00043259883295254653,-0.00043259883295254653,2570555.860811876,2507940.4586453317
2013-12-24,3571406.642860962,17992.357628418096,3553414.285232544,0.0,0.0039941405238088645,0.0,2563970.4203806696,2506526.839427027
2013-12-26,3563930.049784256,17992.357628418096,3545937.692155838,0.0,-0.0020934589153132066,-0.0020934589153132066,2568265.2467850815,2512566.8488143287
2013-12-27,3591768.197603775,17992.357628418096,3573775.839975357,0.0,0.007811081427146593,0.0,2582540.3917467315,2526368.96301805
2013-12-30,3623995.2197728883,17992.357628418096,3606002.86214447,0.0,0.008972467151586505,0.0,2573255.5059248055,2518786.823574416
2013-12-31,3620167.8621946108,17992.357628418096,3602175.5045661926,0.0,-0.0010561155151075363,-0.0010561155151075363,2578531.9669914977,2526446.0193213206
2014-01-01,3646103.1998442076,6955.342346038873,3639147.857498169,20000.0,0.0071641257082135645,0.0,,2549735.8465752834
2014-01-02,3611560.706855621,6955.342346038873,3604605.3645095825,0.0,-0.009473811106076813,-0.009473811106076813,2544643.7015608177,2512276.785622861
2014-01-03,3661277.325721588,6955.342346038873,3654321.9833755493,0.0,0.013765965160600135,0.0,2540553.390699473,2513157.416346001
2014-01-06,3672711.3947142027,6955.342346038873,3665756.052368164,0.0,0.0031229726610129127,0.0,2532495.598135951,2510255.9645322417
2014-01-07,3640811.6025160216,6955.342346038873,3633856.260169983,0.0,-0.008685624534530922,-0.008685624534530922,2520551.8105319412,2497407.003191163
2014-01-08,3636304.7657469176,6955.342346038873,3629349.423400879,0.0,-0.0012378659653768942,-0.009912738860908599,2525603.3843901437,2504297.7298894953
2014-01-09,3604629.0735624693,6955.342346038873,3597673.7312164307,0.0,-0.008710956376051127,-0.018537345801175165,2523046.9401018033,2497355.141858717
2014-01-10,3616859.683875885,6955.342346038873,3609904.341529846,0.0,0.0033930288148422694,-0.015207214734787033,2524314.976413262,2494143.028014502
2014-01-13,3639548.6378858946,6955.342346038873,3632593.295539856,0.0,0.006273108716702058,-0.009029502529394606,2565749.7455497966,2523157.0401878757
2014-01-14,3657742.7716062926,6955.342346038873,3650787.429260254,0.0,0.004999008264652938,-0.004075632822511777,2553110.7249326846,2513209.277678447
2014-01-15,3647431.9279173277,6955.342346038873,3640476.585571289,0.0,-0.0028189089098894504,-0.006883052894724462,2585444.552402728,2538570.7341549806
2014-01-16,3672705.1371076964,6955.342346038873,3665749.7947616577,0.0,0.006929042046522671,-1.7038111176370663e-06,2584626.490230459,2534270.2912757327
2014-01-17,3575985.5783232115,6955.342346038873,3569030.235977173,0.0,-0.026334692052260134,-0.02633635099403664,2561209.4605492624,2508313.061931346
2014-01-20,3656267.2131803893,6955.342346038873,3649311.8708343506,0.0,0.022450212143982462,-0.004477395516968796,2578511.5953260753,2527457.2300850144
2014-01-21,3688460.956909027,6955.342346038873,3681505.6145629883,0.0,0.008805085036614146,0.0,2582540.3917467315,2531835.338471876
2014-01-22,3695572.768348541,6955.342346038873,3688617.4260025024,0.0,0.0019281243647686352,0.0,2592827.6833407804,2540772.6904359953
2014-01-23,3662482.17801651,6955.342346038873,3655526.835670471,0.0,-0.008954116832833647,-0.008954116832833647,2595568.071784555,2540539.4409310445
2014-01-24,3587274.7727049254,6955.342346038873,3580319.4303588867,0.0,-0.020534545058814357,-0.029304793176082256,2563295.55903299,2505929.9704599353
2014-01-27,3537182.1033094786,6955.342346038873,3530226.76096344,0.0,-0.013963990095376855,-0.042859571429801235,2509753.429802434,2448368.1921409806
2014-01-28,3566955.5924986266,6955.342346038873,3560000.250152588,0.0,0.008417290464432403,-0.0348030424272745,2505826.6914311014,2445777.6553397863
2014-01-29,3598995.844405975,6955.342346038873,3592040.5020599365,0.0,0.008982520549100759,-0.02613314092194796,2503372.504914295,2445777.6553397863
2014-01-30,3569561.3151167296,6955.342346038873,3562605.972770691,0.0,-0.008178539393146722,-0.034097949392597915,2484332.187743621,2422203.7704489203
2014-01-31,3653808.956352081,6955.342346038873,3646853.6140060425,0.0,0.02360167925357426,-0.011301039003792424,2490794.799015661,2439845.224872208
2014-02-03,3668026.1580571784,7038.297139133272,3660987.860918045,20000.0,0.0038910632370039444,-0.007453948824196144,2474922.692872787,2428447.868245314
2014-02-04,3656121.7291135443,7038.297139133272,3649083.431974411,0.0,-0.0032454591190645976,-0.010675216457076142,2474551.6060647634,2430511.4888988174
2014-02-05,3680833.9860849036,7038.297139133272,3673795.6889457703,0.0,0.006759145018224277,-0.0039882267749862255,2483417.4195921,2440620.169106196
2014-02-06,3655219.355889286,7038.297139133272,3648181.0587501526,0.0,-0.006958920258955392,-0.010919393281839773,2489149.230858513,2445583.0619905675
2014-02-07,3662674.7841252936,7038.297139133272,3655636.4869861603,0.0,0.002039666435885934,-0.008901998765931118,2500241.9679326415,2456214.1519752485
2014-02-10,3691658.488001789,7038.297139133272,3684620.1908626556,0.0,0.007913261642042535,-0.001059180969260498,2496221.4245888493,2451433.8984466135
2014-02-11,3755156.9380826605,7038.297139133272,3748118.640943527,0.0,0.017200521198601493,0.0,2500035.7862227038,2455117.040426334
2014-02-12,3765298.6512746466,7038.297139133272,3758260.3541355133,0.0,0.002700742834243375,0.0,2508819.0465263347,2461568.852192597
2014-02-13,3741095.285237278,7038.297139133272,3734056.9880981445,0.0,-0.006428006986690216,-0.006428006986690216,2474634.1592884692,2429205.4644555617
2014-02-14,3768712.637539829,7038.297139133272,3761674.340400696,0.0,0.007382156881042823,0.0,2494118.330877616,2443728.354231405
2014-02-17,3808876.4134511603,7038.297139133272,3801838.116312027,0.0,0.01065716062064892,0.0,,2450337.041980598
2014-02-18,3804522.174052204,7038.297139133272,3797483.8769130707,0.0,-0.0011431821162742883,-0.0011431821162742883,2526591.950192861,2471781.861305697
2014-02-19,3852776.0438413275,7038.297139133272,3845737.746702194,0.0,0.012683293086902525,0.0,2537169.031642818,2482961.379523386
2014-02-20,3832737.500502552,7038.297139133272,3825699.2033634186,0.0,-0.005201066221019346,-0.005201066221019346,2511891.234544142,2463867.4041961473
2014-02-21,3857831.6134252204,7038.297139133272,3850793.316286087,0.0,0.006547308006190855,0.0,2538282.493416214,2488107.1668463927
2014-02-24,3839936.7668046607,7038.297139133272,3832898.4696655273,0.0,-0.004638576385315951,-0.004638576385315951,2550921.3919655522,2498764.2752867793
2014-02-25,3875664.0436391486,7038.297139133272,3868625.7465000153,0.0,0.00930413155324361,0.0,2556673.740863228,2504380.1803927785
2014-02-26,3904045.226086582,7038.297139133272,3897006.9289474487,0.0,0.007322921215014322,0.0,2572652.823383428,2516134.4003820796
2014-02-28,4002191.2090787543,7038.297139133272,3995152.911939621,0.0,0.02513956097034087,0.0,2588384.648931163,2533426.215027365
2014-03-03,4047203.974894627,6448.894185169425,4040755.0807094574,20000.0,0.011247030305239658,0.0,2585498.4791280385,2536082.1083877697
2014-03-04,4077170.692862614,6448.894185169425,4070721.7986774445,0.0,0.007404301377907929,0.0,2617290.204118832,2566043.7113768305
2014-03-05,4127429.426209553,6448.894185169425,4120980.5320243835,0.0,0.012326865155515954,0.0,2630048.3301741974,2580603.108730875
2014-03-06,4130025.4135352215,6448.894185169425,4123576.519350052,0.0,0.0006289598337365643,0.0,2660177.742747172,2611275.36519419
2014-03-07,3995978.093886479,6448.894185169425,3989529.199701309,0.0,-0.03245677840369532,-0.03245677840369532,2712332.7948562517,2650635.900312349
2014-03-10,4021840.0015669903,6448.894185169425,4015391.1073818207,0.0,0.006471984348482396,-0.026194853817043895,2716737.963347272,2657270.6372526977
2014-03-11,4009182.5863238415,6448.894185169425,4002733.692138672,0.0,-0.0031471702599350504,-0.02925958441208254,2706203.017815543,2647002.6715697
2014-03-12,4052599.612433537,6448.894185169425,4046150.7182483673,0.0,0.010829396061381669,-0.018747051978890705,2708280.908337817,2647924.155669456
2014-03-13,4044200.237723454,6448.894185169425,4037751.3435382843,0.0,-0.0020725893286653863,-0.02078078636768066,2698390.230619391,2636603.065301022
2014-03-14,4019914.833859547,6448.894185169425,4013465.9396743774,0.0,-0.0060049954098161384,-0.026660993250746556,2703003.188162639,2638893.40580343
2014-03-18,4029433.7041503033,6448.894185169425,4022984.8099651337,0.0,0.0023679283477797686,-0.024356196224665227,2708177.0138117033,2651451.969099354
2014-03-19,4031234.7092066845,6448.894185169425,4024785.815021515,0.0,0.00044696232488594667,-0.023920120201869177,2711252.2512008697,2656085.8719815826
2014-03-20,4029593.148728474,6448.894185169425,4023144.2545433044,0.0,-0.0004072103453717224,-0.024317590026832203,2694234.4495748426,2640604.733417263
2014-03-21,4120540.9735518536,6448.894185169425,4114092.079366684,0.0,0.022569977034053057,-0.0022964604412081258,2698431.829013636,2649161.3714864277
2014-03-24,4104967.4244452557,6448.894185169425,4098518.530260086,0.0,-0.0037794913839125366,-0.006067272372669685,2735958.4506783076,2680834.3020893214
2014-03-25,4126530.931115254,6448.894185169425,4120082.036930084,0.0,0.005253027476317174,-0.0008461164448323455,2738555.81383115,2686915.994303505
2014-03-26,4100964.348866566,6448.894185169425,4094515.4546813965,0.0,-0.006195659907916373,-0.0070365341030140804,2743397.2581642494,2693208.517143191
2014-03-27,4103448.434643849,6448.894185169425,4096999.540458679,0.0,0.000605732107368695,-0.006435064250276179,2760165.8752628006,2709795.2309388034
2014-03-28,4085741.2118369183,6448.894185169425,4079292.3176517487,0.0,-0.0043152053910158195,-0.01072250101734773,2782669.38903523,2739256.2397475555
2014-03-31,4116389.7500582775,6448.894185169425,4109940.855873108,0.0,0.007501341037598364,-0.003301593116656454,2786118.8090536026,2751209.3077714583
2014-04-01,4135267.4221845404,22703.342550827438,4112564.079633713,20000.0,0.004585977828264642,0.0,2813121.1377784694,2775421.8065132014
2014-04-02,4224827.781542374,22703.342550827438,4202124.438991547,0.0,0.021657694706119113,0.0,2826305.583425371,2796398.404031672
2014-04-03,4202430.205135895,22703.342550827438,4179726.8625850677,0.0,-0.005301417611465853,-0.005301417611465853,2819420.4955440704,2786825.0700744414
2014-04-04,4232343.665596558,22703.342550827438,4209640.323045731,0.0,0.0071181337941328415,0.0,2801945.87313905,2776296.8888981356
2014-04-07,4210045.063587738,22703.342550827438,4187341.721036911,0.0,-0.0052686179976541014,-0.0052686179976541014,2802238.7381968996,2776137.8771833237
2014-04-09,4275867.97202356,22703.342550827438,4253164.629472733,0.0,0.01563472776220798,0.0,2844575.621605096,2819125.4252967457
2014-04-10,4376845.367678238,22703.342550827438,4354142.025127411,0.0,0.023615648639144116,0.0,2844659.2097479156,2826099.9277260643
2014-04-11,4380110.8012796175,22703.342550827438,4357407.45872879,0.0,0.0007460701320394225,0.0,2836246.236889305,2820424.9705490693
2014-04-15,4339217.615988327,22703.342550827438,4316514.2734375,0.0,-0.009336107497404766,-0.009336107497404766,2818164.8340538894,2799448.114053864
2014-04-16,4274543.310913635,22703.342550827438,4251839.968362808,0.0,-0.014904600505951104,-0.024101557050826505,2793972.300053207,2774095.8456339873
2014-04-17,4357148.631382538,22703.342550827438,4334445.288831711,0.0,0.019324946423632472,-0.005242371925927358,2837543.7946368894,2816738.695714161
2014-04-21,4452955.0576806795,22703.342550827438,4430251.715129852,0.0,0.021988330994286542,0.0,2853553.478636699,2836097.724550684
2014-04-22,4436151.1492315065,22703.342550827438,4413447.806680679,0.0,-0.003773653277768574,-0.003773653277768574,2852590.886576355,2835753.0265174354
2014-04-23,4484005.53153093,22703.342550827438,4461302.188980103,0.0,0.010787365148212658,0.0,2863242.958928199,2844159.6702869986
2014-04-24,4484005.53153093,22703.342550827438,4461302.188980103,0.0,0.0,0.0,,
2014-04-25,4449116.881777359,22703.342550827438,4426413.539226532,0.0,-0.007780688384132928,-0.007780688384132928,2838945.9908419894,2826206.1081870953
2014-04-28,4482895.705442978,22703.342550827438,4460192.362892151,0.0,0.007592253600702259,-0.0002475077428311101,2829947.0834956914,2822440.3274947805
2014-04-29,4513934.4502588045,22703.342550827438,4491231.107707977,0.0,0.006923815956311419,0.0,2810693.607312914,2803638.0986368335
2014-04-30,4443803.787495209,22703.342550827438,4421100.444944382,0.0,-0.015536482316347078,-0.015536482316347078,2802803.8267418784,2787514.466140939
2014-05-02,4526006.1192259,6821.636056343734,4519184.483169556,20000.0,0.018498191113209606,0.0,2822134.099739385,2810325.658590913
2014-05-05,4462248.625577371,6821.636056343734,4455426.989521027,0.0,-0.014086921663162388,-0.014086921663162388,2824052.235804024,2809978.229059424
2014-05-06,4507508.119943063,6821.636056343734,4500686.483886719,0.0,0.010142754956832034,-0.0040870469008558175,2830775.694818023,2816815.965672025
2014-05-07,4505013.950734536,6821.636056343734,4498192.314678192,0.0,-0.0005533365979955018,-0.004638121986223487,2804323.9830529224,2795314.981332909
2014-05-08,4530620.467481057,6821.636056343734,4523798.831424713,0.0,0.005684003873583032,0.0,2807401.3574817698,2797318.178631584
2014-05-09,4598833.11594526,6821.636056343734,4592011.479888916,0.0,0.01505591760638647,0.0,2891266.8603684925,2871730.1766198548
2014-05-12,4598645.64631025,6821.636056343734,4591824.010253906,0.0,-4.076460925706016e-05,-4.076460925706016e-05,2956795.5258702436,2927178.8343469794
2014-05-13,4703205.873658578,6821.636056343734,4696384.237602234,0.0,0.022737178593489116,0.0,2996631.17147665,2971435.9313326627
2014-05-14,4736809.195233743,6821.636056343734,4729987.559177399,0.0,0.007144769435539322,0.0,2996631.17147665,2982680.70200235
2014-05-15,4696990.770913522,6821.636056343734,4690169.134857178,0.0,-0.00840617020425627,-0.00840617020425627,3002701.323926729,2980917.7318797265
2014-05-16,4715104.764535348,6821.636056343734,4708283.128479004,0.0,0.00385651037127821,-0.004582078315553462,3036361.4317772198,3021355.7123488467
2014-05-19,4814882.526002328,6821.636056343734,4808060.889945984,0.0,0.021161303184068725,0.0,3061885.670518684,3078299.9863924566
2014-05-20,4891820.520070474,6821.636056343734,4884998.88401413,0.0,0.015979204820190107,0.0,3066923.1704699653,3093444.210137039
2014-05-21,5003196.473718087,6821.636056343734,4996374.837661743,0.0,0.022767792315898205,0.0,3057396.297656161,3094165.152498177
2014-05-22,5054637.331418435,6821.636056343734,5047815.695362091,0.0,0.01028159856814903,0.0,3067302.516404844,3120340.2638675356
2014-05-23,5039689.778291146,6821.636056343734,5032868.142234802,0.0,-0.002957195966242443,-0.002957195966242443,3105536.3876947975,3164330.5287130442
2014-05-26,4991455.894029061,6821.636056343734,4984634.257972717,0.0,-0.009570804232803432,-0.012499697455374825,3102142.857348439,3143016.561621734
2014-05-27,4990366.752164285,6821.636056343734,4983545.116107941,0.0,-0.0002182012398586064,-0.012715171245750834,3084838.672462265,3121889.61177823
2014-05-28,5045766.470555703,6821.636056343734,5038944.834499359,0.0,0.01110133205488184,-0.0017549945290026292,3089749.5865481365,3130997.3778296816
2014-05-29,4999488.4427541895,6821.636056343734,4992666.806697845,0.0,-0.009171654707281207,-0.010910553032450587,3050124.711553404,3096382.232841763
2014-05-30,5031555.62615339,6821.636056343734,5024733.990097046,0.0,0.006414092914981184,-0.004566441418373368,3047722.0500787245,3099800.9707315727
2014-06-02,5082027.712392556,7054.317281471682,5074973.395111084,20000.0,0.010031109658575232,0.0,3123597.2569012605,3177947.163154388
2014-06-03,5170113.069429146,7054.317281471682,5163058.752147675,0.0,0.01733271875353881,0.0,3146231.4461976243,3202218.3540689386
2014-06-04,5272321.740899788,7054.317281471682,5265267.423618317,0.0,0.019769136592969527,0.0,3140461.5001558377,3210819.4591538664
2014-06-05,5337521.241613137,7054.317281471682,5330466.924331665,0.0,0.012366373661828467,0.0,3170944.456753074,3245653.829753865
2014-06-06,5403102.537606942,7054.317281471682,5396048.22032547,0.0,0.012286844965132993,0.0,3217315.739619182,3295271.6122034793
2014-06-09,5456244.332681404,7054.317281471682,5449190.015399933,0.0,0.009835422279067085,0.0,3247522.9701480726,3331154.347479662
2014-06-10,5456153.0135400165,7054.317281471682,5449098.696258545,0.0,-1.6736629780522705e-05,-1.6736629780522705e-05,3248286.5511307325,3328788.8335933895
2014-06-11,5423538.721658455,7054.317281471682,5416484.404376984,0.0,-0.005977525153826435,-0.005994161739981352,3235749.819196764,3307420.4631480225
2014-06-12,5374041.391252266,7054.317281471682,5366987.073970795,0.0,-0.0091263901571359,-0.015065846838413166,3245528.8761331285,3316155.9604999023
2014-06-13,5231658.014993416,7054.317281471682,5224603.697711945,0.0,-0.026494655677683943,-0.04116133809162059,3199793.9798049293,3256324.6282468326
2014-06-16,5315195.288026558,7054.317281471682,5308140.970745087,0.0,0.015967647884042258,-0.025850939960661456,3196166.452244605,3255894.6779865446
2014-06-17,5458478.684755074,7054.317281471682,5451424.367473602,0.0,0.02695731557620995,0.0,3237807.5104340836,3300324.708943895
2014-06-18,5513220.938264595,7054.317281471682,5506166.620983124,0.0,0.010028848085898101,0.0,3206624.5700765634,3271027.19474836
2014-06-19,5483172.227315651,7054.317281471682,5476117.91003418,0.0,-0.005450300520407292,-0.005450300520407292,3199200.06046763,3260222.0039884406
2014-06-20,5488950.619527565,7054.317281471682,5481896.302246094,0.0,0.0010538410927760644,-0.004402203178287545,3186790.522978413,3246164.625362241
2014-06-23,5584345.665677773,7054.317281471682,5577291.348396301,0.0,0.01737946882065744,0.0,3179111.4173229006,3245815.257965145
2014-06-24,5735954.222009407,7054.317281471682,5728899.904727936,0.0,0.02714884883710611,0.0,3215958.2392992224,3286616.6977147916
2014-06-25,5788176.685613381,7054.317281471682,5781122.368331909,0.0,0.009104407319638463,0.0,3211312.5347096594,3287315.432508983
2014-06-26,5744152.53870176,7054.317281471682,5737098.221420288,0.0,-0.007605874751723474,-0.007605874751723474,3179047.820100525,3260786.34651568
2014-06-27,5825370.825849282,7054.317281471682,5818316.50856781,0.0,0.01413929846053108,0.0,3185666.0743691134,3269548.879811888
2014-06-30,5909329.40204023,7054.317281471682,5902275.084758759,0.0,0.014412571954800502,0.0,3229173.8249717085,3319059.043453982
2014-07-01,5981850.569879471,9230.225788055664,5972620.344091415,20000.0,0.01227231770396875,0.0,3259080.283509901,3352874.41100571
2014-07-02,6109573.474737107,9230.225788055664,6100343.248949051,0.0,0.021351737788429803,0.0,3297691.211155204,3394515.620333919
2014-07-03,6126559.041278779,9230.225788055664,6117328.815490723,0.0,0.0027801558671658455,0.0,3293272.9893074622,3389270.067984431
2014-07-04,6144420.332435547,9230.225788055664,6135190.106647491,0.0,0.002915387093542332,0.0,3308982.1993843005,3405710.1809331737
2014-07-07,6291092.217466294,9230.225788055664,6281861.991678238,0.0,0.02387074404016376,0.0,3324157.60438721,3418905.5243238746
2014-07-08,5991017.076337754,9230.225788055664,5981786.850549698,0.0,-0.0476984171834941,-0.0476984171834941,3254171.1944426736,3327132.519699903
2014-07-09,5799069.0618380895,9230.225788055664,5789838.836050034,0.0,-0.03203930351956197,-0.07820949663751142,3237864.397818802,3301012.230381672
2014-07-10,5856450.655754029,9230.225788055664,5847220.429965973,0.0,0.009894966468592337,-0.06908841051567272,3230500.7642179616,3301661.2899172893
2014-07-11,5688506.88507837,9230.225788055664,5679276.659290314,0.0,-0.028676715735776348,-0.09578389754245442,3184334.024807756,3240281.0657776566
2014-07-14,5642166.108369767,9230.225788055664,5632935.882581711,0.0,-0.008146386678402395,-0.10314999155391158,3182007.460092726,3239740.270851316
2014-07-15,5836226.307640015,9230.225788055664,5826996.081851959,0.0,0.034394627088765395,-0.07230316995885233,3212956.0650817654,3281192.1491433014
2014-07-16,5991564.994647919,9230.225788055664,5982334.768859863,0.0,0.02661628916009562,-0.04761132287757308,3254683.3221531943,3324753.07483601
2014-07-17,6089907.475059449,9230.225788055664,6080677.249271393,0.0,0.01641348804517273,-0.031979302711266144,3261534.828043514,3341815.3131980626
2014-07-18,6073039.283643662,9230.225788055664,6063809.057855606,0.0,-0.00276986004875579,-0.03466058456705501,3271544.975905843,3344573.1560743805
2014-07-21,6159214.359420716,9230.225788055664,6149984.13363266,0.0,0.014189777433046835,-0.020962633114713913,3280210.710364486,3353090.6761642415
2014-07-22,6099903.5433463445,9230.225788055664,6090673.317558289,0.0,-0.009629607383878969,-0.030390378571965915,3315918.9556749472,3380698.4155899314
2014-07-23,6042502.061033188,9230.225788055664,6033271.835245132,0.0,-0.009410227867581389,-0.03951462605220302,3327828.7909421124,3385971.16612175
2014-07-24,6080791.080078064,9230.225788055664,6071560.854290009,0.0,0.006336616629689429,-0.03342839845907186,3342705.5068895984,3395624.40836893
2014-07-25,5895774.386199891,9230.225788055664,5886544.160411835,0.0,-0.030426418444851167,-0.06283771046446618,3325566.424572561,3369395.854441422
2014-07-28,5844448.172429978,9230.225788055664,5835217.946641922,0.0,-0.008705593261853939,-0.07099626417751026,3307744.2968719765,3352928.5433103484
2014-07-30,5804973.908735215,9230.225788055664,5795743.682947159,0.0,-0.006754147274498079,-0.07727089222781425,3325971.832955533,3370558.5107210493
2014-07-31,5879012.426204621,9230.225788055664,5869782.200416565,0.0,0.012754323901093656,-0.06550210631432074,3296047.691823721,3349927.2370931683
2014-08-01,5837139.54515725,8145.752020652944,5828993.793136597,20000.0,-0.0071224345199084604,-0.07215800637108938,3265377.4801654476,3325176.456938502
2014-08-04,5927771.798548516,8145.752020652944,5919626.046527863,0.0,0.015526826571494068,-0.0577515646502641,3300189.0187968113,3359996.7665811908
2014-08-05,6085041.943728264,8145.752020652944,6076896.191707611,0.0,0.026531072808548162,-0.032752702808259815,3327205.029369458,3387608.183993167
2014-08-06,6074265.936373528,8145.752020652944,6066120.184352875,0.0,-0.0017709010807793746,-0.03446560209223759,3295206.68417867,3358908.631904857
2014-08-07,6003719.758379754,8145.752020652944,5995574.0063591,0.0,-0.011613942941044786,-0.04567926349715434,3285413.9859146,3347918.365410731
2014-08-08,5852362.140188988,8145.752020652944,5844216.388168335,0.0,-0.025210640116821947,-0.06973830014114812,3250752.6073028767,3303930.467988352
2014-08-11,5934014.05769616,8145.752020652944,5925868.305675507,0.0,0.013951959149358872,-0.056759326906504204,3275406.5336559615,3328413.4982058676
2014-08-12,6022782.034624871,8145.752020652944,6014636.2826042175,0.0,0.014959178738982448,-0.04264922108382052,3318829.623581265,3365682.1108703082
2014-08-13,5820019.292547997,8145.752020652944,5811873.540527344,0.0,-0.033665960499847825,-0.07487935459131123,3324198.4734454914,3355372.194206771
2014-08-14,5887743.9474819265,8145.752020652944,5879598.195461273,0.0,0.01163650007494721,-0.06411418813167769,3346597.4828556017,3381732.097346235
2014-08-18,6016194.80221444,8145.752020652944,6008049.050193787,0.0,0.02181665097502239,-0.04369629402167108,3382053.2834706726,3424414.2862885892
2014-08-19,6168141.4207180105,8145.752020652944,6159995.668697357,0.0,0.025256266377485348,-0.01954363288570604,3392039.344218133,3443293.263528257
2014-08-20,6189148.048201378,8145.752020652944,6181002.296180725,0.0,0.0034056656698580046,-0.016204526295431232,3382504.182970988,3439403.235191939
2014-08-21,6210914.201662835,8145.752020652944,6202768.449642181,0.0,0.003516825464820128,-0.012744689321332214,3389290.535031789,3449033.3333406467
2014-08-22,6219672.463045891,8145.752020652944,6211526.711025238,0.0,0.0014101404557660402,-0.011352520667574417,3398782.7035358804,3456106.2087368183
2014-08-25,6236679.454775628,8145.752020652944,6228533.702754974,0.0,0.0027343870325620134,-0.008649175820312549,3395818.9306342695,3445279.3218388706
2014-08-26,6205569.576700982,8145.752020652944,6197423.824680328,0.0,-0.004988211804091369,-0.01359424370348139,3395153.2771393843,3443103.052486202
2014-08-27,6302210.044043358,8145.752020652944,6294064.292022705,0.0,0.01557318246905437,0.0,3408596.793311128,3457629.4910205337
2014-08-28,6244117.0600956045,8145.752020652944,6235971.308074951,0.0,-0.009217874926695235,-0.009217874926695235,3416456.915344774,3460676.321245845
2014-09-01,6415344.383198753,11276.05335332494,6404068.3298454285,20000.0,0.027422183385608534,0.0,3467961.3682921925,3522950.459684574
2014-09-02,6549754.803103462,11276.05335332494,6538478.749750137,0.0,0.020951395884018176,0.0,3491872.3642676836,3548065.6779678683
2014-09-03,6627428.903931633,11276.05335332494,6616152.850578308,0.0,0.011859085288409066,0.0,3505502.0707230656,3566313.9734900035
2014-09-04,6660088.034373298,11276.05335332494,6648811.981019974,0.0,0.004927873375192515,0.0,3497445.324796217,3557695.9880964956
2014-09-05,6752838.600787178,11276.05335332494,6741562.547433853,0.0,0.013926327390146431,0.0,3493514.088408243,3557887.285143301
2014-09-08,6927867.349112526,11276.05335332494,6916591.295759201,0.0,0.02591928501074281,0.0,3531119.5485560824,3599308.4392695758
2014-09-09,6935648.091670051,11276.05335332494,6924372.038316727,0.0,0.001123107901094933,0.0,3522069.288469908,3598788.517407728
2014-09-10,6974150.353369728,11276.05335332494,6962874.300016403,0.0,0.005551357449337546,0.0,3496646.083787791,3578652.6330089453
2014-09-11,7087645.106862083,11276.05335332494,7076369.053508759,0.0,0.016273631588329174,0.0,3493017.3313285797,3586586.6513077305
2014-09-12,7087004.275576606,11276.05335332494,7075728.222223282,0.0,-9.041526146058576e-05,-9.041526146058576e-05,3501570.8343350915,3596408.5256578093
2014-09-15,7189123.350996986,11276.05335332494,7177847.2976436615,0.0,0.014409342995926222,0.0,3474138.8748038746,3578570.610392508
2014-09-16,6856231.541489616,11276.05335332494,6844955.4881362915,0.0,-0.04630492387659546,-0.04630492387659546,3427007.7021462675,3508067.2288335464
2014-09-17,7015842.052926078,11276.05335332494,7004565.999572754,0.0,0.02327962678485984,-0.02410325843788408,3445410.917184569,3525166.406201618
2014-09-18,7330915.613909736,11276.05335332494,7319639.560556412,0.0,0.04490887317684855,0.0,3505566.8284400324,3589459.3131055664
2014-09-19,7355037.0078897625,11276.05335332494,7343760.954536438,0.0,0.003290365794725414,0.0,3508461.3085449734,3590362.0962356715
2014-09-22,7395200.839295402,11276.05335332494,7383924.785942078,0.0,0.0054607245840578855,0.0,3519196.323958226,3598542.4495584155
2014-09-23,7272427.394303337,11276.05335332494,7261151.340950012,0.0,-0.016601772914630275,-0.016601772914630275,3463576.406011074,3537368.272301615
2014-09-24,7097377.672520652,11276.05335332494,7086101.619167328,0.0,-0.024070329243823685,-0.04027249201836769,3457031.657853662,3522293.744403782
2014-09-25,6918451.608550087,11276.05335332494,6907175.555196762,0.0,-0.025210165250656558,-0.06446738109018535,3417914.1999363853,3470804.6480781157
2014-09-26,6932305.332089439,11276.05335332494,6921029.2787361145,0.0,0.0020024312264079747,-0.0625940413607573,3442538.163610076,3500023.668929747
2014-09-29,7090115.349761024,11276.05335332494,7078839.2964077,0.0,0.022764435510520098,-0.04125452386813688,3438239.685576372,3506452.959620142
2014-09-30,7194023.157090202,11276.05335332494,7182747.103736877,0.0,0.014655305619630132,-0.027203815903986683,3440788.4396288428,3510502.2585606184
2014-10-01,7150569.800193306,12890.572200294759,7137679.2279930115,20000.0,-0.006040202533136085,-0.03307970187938858,3452472.451896938,3520844.4294434143
2014-10-07,7103775.18226194,12890.572200294759,7090884.6100616455,0.0,-0.00654418028757664,-0.039407402634007216,3411997.282821922,3480562.657871545
2014-10-08,7067015.083671089,12890.572200294759,7054124.511470795,0.0,-0.005174727190500161,-0.04437820726659014,3407782.600120279,3476050.0934389876
2014-10-09,7162743.480132576,12890.572200294759,7149852.9079322815,0.0,0.013545803331122874,-0.03143354240328844,3458990.19932178,3530942.4813631442
2014-10-10,7056299.0758433305,12890.572200294759,7043408.503643036,0.0,-0.01486084271822552,-0.04582725619178196,3415278.009658847,3483589.305827263
2014-10-13,7081315.582740303,12890.572200294759,7068425.010540009,0.0,0.00354527304300567,-0.042444453284788075,3425836.6756205875,3495723.305151154
2014-10-14,7100327.082995888,12890.572200294759,7087436.510795593,0.0,0.002684741279137759,-0.03987366438145434,3417037.7165970514,3488844.5597972497
2014-10-15,7100327.082995888,12890.572200294759,7087436.510795593,0.0,0.0,-0.03987366438145434,,
2014-10-16,6891909.257163521,12890.572200294759,6879018.684963226,0.0,-0.02935327110936803,-0.06805651301010962,3366720.7913437756,3425780.1686524567
2014-10-17,6941820.935962196,12890.572200294759,6928930.363761902,0.0,0.007242068480050934,-0.06130731445779136,3380408.0609359434,3442206.6662977785
2014-10-20,7080748.552966591,12890.572200294759,7067857.980766296,0.0,0.020013137516221136,-0.04252112865656421,3423729.2281866376,3486037.9779526587
2014-10-21,7219464.411960121,12890.572200294759,7206573.839759827,0.0,0.019590564183417092,-0.02376357737324475,3444738.143152629,3509893.5205801968
2014-10-22,7301576.244563576,12890.572200294759,7288685.672363281,0.0,0.011373673712889776,-0.01266018283564918,3474350.3998529087,3542030.9651334397
2014-10-27,7329185.08171415,12890.572200294759,7316294.509513855,0.0,0.0037812160314192322,-0.008926837690528822,3472525.5578737073,3543324.223000172
2014-10-28,7329600.692164894,12890.572200294759,7316710.1199646,0.0,5.670622942544057e-05,-0.008870637668409564,3488124.657610577,3557769.588243371
2014-10-29,7461108.927714821,12890.572200294759,7448218.355514526,0.0,0.017942073664463765,0.0,3515434.0617539156,3584514.203919549
2014-10-30,7566148.630671974,12890.572200294759,7553258.05847168,0.0,0.014078296400013013,0.0,3549652.235734335,3615633.5404202165
2014-10-31,7666928.809741493,12890.572200294759,7654038.237541199,0.0,0.013319878314440148,0.0,3616133.259467721,3679165.739989273
2014-11-03,7792124.354222527,13909.199330559437,7778215.154891968,20000.0,0.016329295287307533,0.0,3636980.6514994535,3709373.6906140703
2014-11-05,7806607.69225811,13909.199330559437,7792698.492927551,0.0,0.0018587149507867107,0.0,3643162.8013598556,3714602.3210280687
2014-11-07,7777808.687806359,13909.199330559437,7763899.4884758,0.0,-0.0036890549118168137,-0.0036890549118168137,3642594.891810253,3718586.0651680306
2014-11-10,7790288.213452568,13909.199330559437,7776379.014122009,0.0,0.0016045040636927244,-0.002090469951721352,3645762.5555940624,3722348.2800665186
2014-11-11,7858333.128468743,13909.199330559437,7844423.929138184,0.0,0.008734582489345,0.0,3653802.0384893413,3736374.05278552
2014-11-12,7922065.765530815,13909.199330559437,7908156.566200256,0.0,0.00811019792876766,0.0,3662824.1627766076,3749929.481102807
2014-11-13,7970875.958493462,13909.199330559437,7956966.759162903,0.0,0.006161296107263015,0.0,3651704.4852618077,3736622.86794576
2014-11-14,7983976.4339497,13909.199330559437,7970067.234619141,0.0,0.0016435427579672979,0.0,3665708.085125041,3754438.6817972395
2014-11-17,8091933.663350334,13909.199330559437,8078024.464019775,0.0,0.01352173698078274,0.0,3683556.061428486,3776569.993335668
2014-11-18,8142611.129658928,13909.199330559437,8128701.930328369,0.0,0.006262714008410608,0.0,3681437.1742584426,3782988.1277133343
2014-11-19,8193076.58717083,13909.199330559437,8179167.387840271,0.0,0.00619769957183447,0.0,3662387.243634013,3761050.5191823896
2014-11-20,8132676.481915703,13909.199330559437,8118767.282585144,0.0,-0.007372090888263516,-0.007372090888263516,3670951.114836175,3765808.5350370626
2014-11-21,8030297.566319695,13909.199330559437,8016388.366989136,0.0,-0.012588588249349941,-0.019867874920884265,3703916.322801849,3788493.1293639513
2014-11-24,8043551.966176262,13909.199330559437,8029642.766845703,0.0,0.0016505490297344938,-0.018250118792823455,3726985.994873918,3807028.102777385
2014-11-25,7980099.063504448,13909.199330559437,7966189.864173889,0.0,-0.007888666964375735,-0.0259948166479822,3697690.2250198773,3768104.8747352636
2014-11-26,7941688.881512871,13909.199330559437,7927779.682182312,0.0,-0.0048132462624730366,-0.030682943456380674,3703217.422845238,3776404.116562174
2014-11-27,7973580.319356194,13909.199330559437,7959671.120025635,0.0,0.004015699723211474,-0.02679045722071427,3711278.6663618763,3787386.56378703
2014-11-28,7980864.737210503,13909.199330559437,7966955.537879944,0.0,0.0009135692577932897,-0.02590136290104017,3752370.826387118,3827637.8866475467
2014-12-01,7915719.2381863175,12455.784344154767,7903263.453842163,20000.0,-0.00816271183252193,-0.03385264937213128,3758236.662795726,3836572.230878332
2014-12-02,7995613.291569191,12455.784344154767,7983157.507225037,0.0,0.010093088319436117,-0.024101238832655136,3744531.7676290753,3835265.4200641494
2014-12-03,8155665.139103371,12455.784344154767,8143209.354759216,0.0,0.02001745728535198,-0.004566227066159723,3750220.2278251676,3857429.0618278813
2014-12-04,8225716.892048317,12455.784344154767,8213261.107704163,0.0,0.008589336583851859,0.0,3761970.3448368083,3871444.960855306
2014-12-05,8160894.892399269,12455.784344154767,8148439.108055115,0.0,-0.007880407324948213,-0.007880407324948213,3750505.487310154,3858541.426145191
2014-12-08,8074230.057827431,12455.784344154767,8061774.273483276,0.0,-0.010619525887112569,-0.018416247022472465,3706557.939195391,3813824.434904021
2014-12-09,7968638.558643776,12455.784344154767,7956182.774299622,0.0,-0.013077593581977576,-0.031253000410584875,3663708.532857416,3764018.431225826
2014-12-10,8040681.1494259415,12455.784344154767,8028225.365081787,0.0,0.009040765276524976,-0.022494786174959036,3670275.5064749396,3779952.9957566173
2014-12-11,7992783.953205544,12455.784344154767,7980328.168861389,0.0,-0.005956858048502212,-0.028317645975385664,3642712.14787754,3751420.959646962
2014-12-12,7873534.6014294205,12455.784344154767,7861078.817085266,0.0,-0.014919626562444166,-0.04281478383474957,3612490.9430110054,3715602.611370947
2014-12-15,7884478.640713173,12455.784344154767,7872022.856369019,0.0,0.0013899779244972432,-0.04148431751462467,3610514.2878127857,3708372.243308437
2014-12-16,7637008.110348183,12455.784344154767,7624552.326004028,0.0,-0.03138705063986402,-0.07156929777989696,3543747.4822648396,3629199.9302826044
2014-12-17,7523282.961277443,12455.784344154767,7510827.176933289,0.0,-0.014891322285836228,-0.08539485858672169,3527143.449911303,3611235.0836140676
2014-12-18,7788184.244526344,12455.784344154767,7775728.46018219,0.0,0.035210862679545096,-0.05319082254641283,3584027.193948965,3685040.5646968666
2014-12-19,7885614.199291664,12455.784344154767,7873158.41494751,0.0,0.01250997045091684,-0.04134626771381167,3612974.3827697714,3709818.371235603
2014-12-22,7923624.697681862,12455.784344154767,7911168.9133377075,0.0,0.004820233076278546,-0.03672533328474792,3656372.8599961405,3750975.8509760466
2014-12-23,7912827.36404081,12455.784344154767,7900371.579696655,0.0,-0.0013626760545853989,-0.03803796460706943,3631335.2274853545,3728089.009462072
2014-12-24,7905634.149250465,12455.784344154767,7893178.364906311,0.0,-0.0009090574657337758,-0.03891244337709587,3590528.3219560445,3698945.118663233
2014-12-26,7917994.473728615,12455.784344154767,7905538.68938446,0.0,0.0015634829850204035,-0.037409799335201166,3602212.593357241,3712404.563958683
2014-12-29,8013364.550014931,12455.784344154767,8000908.765670776,0.0,0.012044726300674657,-0.025815663828482105,3622242.527781217,3736765.505451748
2014-12-30,8064832.527080971,12455.784344154767,8052376.742736816,0.0,0.006422767458638123,-0.019558704375404745,3623099.1641594386,3745191.6108407024
2014-12-31,8111040.947056252,12455.784344154767,8098585.162712097,0.0,0.0057296192847300365,-0.013941149020448407,3638231.643635915,3767383.2246563584
2015-01-01,8210970.2585066,13281.184272590792,8197689.074234009,20000.0,0.012320158670462211,-0.001792747517966764,,3794307.8011609367
2015-01-02,8366183.756400887,13281.184272590792,8352902.572128296,0.0,0.018903185982616977,0.0,3687757.837769092,3839233.8997998955
2015-01-05,8357143.78660566,13281.184272590792,8343862.602333069,0.0,-0.0010805368443300711,-0.0010805368443300711,3680268.5966437184,3834201.7355643217
2015-01-06,8090550.880866829,13281.184272590792,8077269.696594238,0.0,-0.031900002267055694,-0.032946069983601944,3569993.070730093,3722012.2111690994
2015-01-07,8158680.878753487,13281.184272590792,8145399.694480896,0.0,0.00842093435785407,-0.024802572318429084,3558901.8387845256,3715386.7466688333
2015-01-08,8341835.887893502,13281.184272590792,8328554.703620911,0.0,0.02244909586021193,-0.002910271781773499,3617103.1384735187,3777170.5408944874
2015-01-09,8391905.49553663,13281.184272590792,8378624.311264038,0.0,0.006002228803828835,0.0,3639022.2199228765,3792574.445543985
2015-01-12,8429521.732353035,13281.184272590792,8416240.548080444,0.0,0.004482442853582347,0.0,3655933.603285425,3810494.432311269
2015-01-13,8451241.211059395,13281.184272590792,8437960.026786804,0.0,0.0025765967982500637,0.0,3645567.316497191,3802862.3711564587
2015-01-14,8375794.03823835,13281.184272590792,8362512.853965759,0.0,-0.008927348177249272,-0.008927348177249272,3635969.2999910773,3794894.777783467
2015-01-15,8458615.404258553,13281.184272590792,8445334.219985962,0.0,0.00988818082704701,0.0,3731112.5609090417,3878959.9315879983
2015-01-16,8465471.978370491,13281.184272590792,8452190.7940979,0.0,0.0008106024194558525,0.0,3739743.6978976233,3892351.1889531724
2015-01-19,8492298.00775892,13281.184272590792,8479016.823486328,0.0,0.003168875811882632,0.0,3755952.4421076793,3909516.296482644
2015-01-20,8557608.06797773,13281.184272590792,8544326.88370514,0.0,0.00769050499159829,0.0,3819600.482113382,3958999.244799118
2015-01-21,8574506.136497322,13281.184272590792,8561224.952224731,0.0,0.0019746251972936335,0.0,3834491.456191291,3969594.855366751
2015-01-22,8595299.806655709,13281.184272590792,8582018.622383118,0.0,0.0024250574700597216,0.0,3848503.9168477696,3982035.483615808
2015-01-23,8498070.714736763,13281.184272590792,8484789.530464172,0.0,-0.01131189069678018,-0.01131189069678018,3881096.4216135573,4009097.2900135275
2015-01-27,8522278.89018995,13281.184272590792,8508997.705917358,0.0,0.0028486672170433547,-0.008495447291927638,3913996.9208308035,4041973.9871476553
2015-01-28,8672660.869109932,13281.184272590792,8659379.684837341,0.0,0.01764574720654699,0.0,3915666.0105391964,4048963.1041415078
2015-01-29,8630521.838996712,13281.184272590792,8617240.654724121,0.0,-0.004858835223605973,-0.004858835223605973,3932379.642589596,4057741.544290739
2015-01-30,8518990.782050911,13281.184272590792,8505709.59777832,0.0,-0.01292286364908457,-0.017718908807602407,3869368.6106067575,4007112.4899922265
2015-02-02,8605640.36829963,12787.03675666044,8592853.331542969,20000.0,0.010171344055364573,-0.0077277898700057746,3884317.1584335286,4030578.928213747
2015-02-03,8534340.697576668,12787.03675666044,8521553.660820007,0.0,-0.008285225465103796,-0.01594898885368956,3866280.394748408,4010659.112781105
2015-02-04,8507786.355672982,12787.03675666044,8494999.31891632,0.0,-0.003111469631301045,-0.019010833690522477,3851776.3031216213,3994531.9669911037
2015-02-05,8395778.045982506,12787.03675666044,8382991.009225845,0.0,-0.013165388152440949,-0.03192593683832612,3846477.9418067406,3976494.356126827
2015-02-06,8163972.072950508,12787.03675666044,8151185.036193848,0.0,-0.027609826243908397,-0.0586542935134543,3824114.26928415,3949972.00851734
2015-02-09,7914148.838640358,12787.03675666044,7901361.8018836975,0.0,-0.030600696827207896,-0.0874601280872429,3764640.0772882667,3889790.575247671
2015-02-10,7982403.08609977,12787.03675666044,7969616.049343109,0.0,0.008624332047707295,-0.07959008122509503,3781948.143819893,3910890.472582433
2015-02-11,8219364.738317635,12787.03675666044,8206577.701560974,0.0,0.029685503182681927,-0.052267249651930525,3809257.0398060544,3951292.2954536336
2015-02-12,8521487.446832802,12787.03675666044,8508700.410076141,0.0,0.036757428114451374,-0.017431031209300007,3846411.5398176056,3994223.022043002
2015-02-13,8539338.07506385,12787.03675666044,8526551.03830719,0.0,0.0020947784459488528,-0.015372766911819102,3887893.379848374,4032433.421023891
2015-02-16,8471723.45517936,12787.03675666044,8458936.418422699,0.0,-0.007918016512536985,-0.023169061602104857,3889593.0982975326,4031759.010115867
2015-02-18,8561348.68243232,12787.03675666044,8548561.64567566,0.0,0.010579338162669316,-0.012834836777035896,3915974.5223445417,4061849.5895637795
2015-02-19,8494504.949087288,12787.03675666044,8481717.912330627,0.0,-0.00780761721365153,-0.02054224449813269,3927542.697451714,4069885.176326714
2015-02-20,8488195.134821083,12787.03675666044,8475408.098064423,0.0,-0.0007428113002492243,-0.02126979678703622,3900300.203454687,4051088.9217843716
2015-02-23,8402714.766149666,12787.03675666044,8389927.729393005,0.0,-0.010070499948893863,-0.031126099248473316,3865574.1190457894,4016334.261365956
2015-02-24,8342506.715772774,12787.03675666044,8329719.679016113,0.0,-0.0071653093140136015,-0.03806838043363292,3868730.8006201903,4015800.604239794
2015-02-25,8336075.226980355,12787.03675666044,8323288.190223694,0.0,-0.0007709300107915373,-0.03880996238748591,3871004.8531571925,4014452.05679759
2015-02-26,8227503.692777779,12787.03675666044,8214716.656021118,0.0,-0.01302429875526745,-0.0513287885979381,3834181.0695460737,3976972.040988857
2015-02-27,8385589.487280037,12787.03675666044,8372802.450523376,0.0,0.019214308544282854,-0.033100727234980254,3905157.0346599943,4051594.5927784676
2015-03-02,8756391.750895599,13164.536551574864,8743227.214344025,20000.0,0.04421898593748552,0.0,3974674.8089213474,4121801.9880788606
2015-03-03,9013323.529887298,13164.536551574864,9000158.993335724,0.0,0.02934219782542513,0.0,3992203.4498851337,4147719.7117045308
2015-03-04,8936916.657816986,13164.536551574864,8923752.121265411,0.0,-0.008477103014992715,-0.008477103014992715,3959542.6618393287,4110593.481769973
2015-03-05,9052425.915415863,13164.536551574864,9039261.378864288,0.0,0.012924956338027593,0.0,3966243.3107362348,4123891.3310746728
2015-03-09,9005389.96642218,13164.536551574864,8992225.429870605,0.0,-0.00519594961982317,-0.00519594961982317,3885922.1964464798,4049441.1859419
2015-03-10,9014800.21704779,13164.536551574864,9001635.680496216,0.0,0.0010449575932522936,-0.004156421573580316,3866085.900885874,4032614.5030394965
2015-03-11,8990981.72329245,13164.536551574864,8977817.186740875,0.0,-0.002642154366360505,-0.0067875940325318185,3860716.5411760905,4024088.119805729
2015-03-12,9061180.496424774,13164.536551574864,9048015.9598732,0.0,0.007807687224017368,0.0,3894464.635397186,4067002.089007651
2015-03-13,8911914.70450125,13164.536551574864,8898750.167949677,0.0,-0.016473106565134454,-0.016473106565134454,3837552.022647677,4009011.6545514404
2015-03-16,8759739.958453277,13164.536551574864,8746575.421901703,0.0,-0.017075426672464977,-0.03326724791437874,3831073.255281958,3997182.245573436
2015-03-17,8924611.10913382,13164.536551574864,8911446.572582245,0.0,0.018821466329196124,-0.015071919971668124,3871078.235337585,4039587.802465477
2015-03-18,8911804.910563568,13164.536551574864,8898640.374011993,0.0,-0.0014349307116748866,-0.01648522352249182,3854481.756822204,4029988.6251439946
2015-03-19,8811772.719214538,13164.536551574864,8798608.182662964,0.0,-0.011224683703573546,-0.027524865806242693,3831738.8998755193,4007233.0386018516
2015-03-20,8544292.841452697,13164.536551574864,8531128.304901123,0.0,-0.030354831687679273,-0.057044184825147504,3803449.0046491553,3968525.877981363
2015-03-23,8475280.335887054,13164.536551574864,8462115.79933548,0.0,-0.008077029526753599,-0.06466046678673887,3794573.7434016685,3951247.303660361
2015-03-24,8462574.653620819,13164.536551574864,8449410.117069244,0.0,-0.001499145958917203,-0.06606267726817094,3791045.7403833196,3943991.3997779666
2015-03-25,8358656.89057837,13164.536551574864,8345492.354026794,0.0,-0.012279686418835478,-0.07753113472616457,3785653.8458305253,3937046.222941795
2015-03-26,8298825.499119858,13164.536551574864,8285660.962568283,0.0,-0.007158015006687446,-0.08413418070699663,3701938.204131026,3865786.3374823583
2015-03-27,8318036.385638337,13164.536551574864,8304871.8490867615,0.0,0.002314892212219144,-0.0820140500544776,3701605.381834245,3865984.022746016
2015-03-30,8701725.631121734,13164.536551574864,8688561.09457016,0.0,0.04612738243678072,-0.039669761069748954,3768568.967929113,3935634.5792180477
2015-03-31,8823181.837885955,13164.536551574864,8810017.301334381,0.0,0.013957715045603392,-0.026265745245084182,3767992.1626204997,3940264.6052049403
2015-04-01,9074059.31745115,14096.400535255321,9059962.916915894,20000.0,0.02843390107726762,0.0,3830260.594311655,4006594.9176453296
2015-04-06,9252613.037780434,14096.400535255321,9238516.637245178,0.0,0.019677380771127684,0.0,3863115.4714660123,4044361.284299955
2015-04-07,9329429.529945046,14096.400535255321,9315333.12940979,0.0,0.008302140363046995,0.0,3863293.6470309454,4054377.4321528664
2015-04-08,9402890.557563454,14096.400535255321,9388794.157028198,0.0,0.007874117852824547,0.0,3887427.5055192932,4082298.0642926036
2015-04-09,9450744.233916909,14096.400535255321,9436647.833381653,0.0,0.005089251657296234,0.0,3915932.5464490587,4105224.615796243
2015-04-10,9424178.1620709,14096.400535255321,9410081.761535645,0.0,-0.0028110031536635605,-0.0028110031536635605,3916846.9486759407,4112062.7627161574
2015-04-13,9343493.861007363,14096.400535255321,9329397.460472107,0.0,-0.008561415083202073,-0.01134835207206697,3940779.9784712954,4134847.718747065
2015-04-15,9298871.963447243,14096.400535255321,9284775.562911987,0.0,-0.004775718614889568,-0.0160698741507177,,4099663.3219846417
2015-04-16,9155423.899390846,14096.400535255321,9141327.49885559,0.0,-0.015426394149771427,-0.03124836808790299,3883992.5071586617,4076481.2890213965
2015-04-17,8990805.208633095,14096.400535255321,8976708.80809784,0.0,-0.017980455363591052,-0.04866696356390432,3839070.91857867,4025690.909824028
2015-04-20,8819496.43122068,14096.400535255321,8805400.030685425,0.0,-0.01905377476623804,-0.06679344896783901,3768632.759424516,3948597.3011764246
2015-04-21,8774603.773658425,14096.400535255321,8760507.373123169,0.0,-0.005090161089394751,-0.07154362064227127,3737250.3355940566,3920222.7876583417
2015-04-22,8742352.376578957,14096.400535255321,8728255.976043701,0.0,-0.0036755388518268095,-0.07495619813682708,3760424.9212364806,3937247.4957691915
2015-04-23,8726232.468795449,14096.400535255321,8712136.068260193,0.0,-0.0018438867582933893,-0.07666187415392389,3746417.446628016,3928394.592132578
2015-04-24,8333417.564620644,14096.400535255321,8319321.164085388,0.0,-0.045015406772566546,-0.11822631547750428,3704908.6389176734,3874000.594299441
2015-04-27,7938866.25141111,14096.400535255321,7924769.8508758545,0.0,-0.04734567902664488,-0.15997448931904834,3664113.40474122,3815747.7734657885
2015-04-28,8136118.9394489825,14096.400535255321,8122022.538913727,0.0,0.02484645562618093,-0.13910283274305402,3696142.7496326226,3855897.710093876
2015-04-29,8305834.903239876,14096.400535255321,8291738.50270462,0.0,0.020859572611211963,-0.12114488577187099,3675689.5888169413,3848548.8773496076
2015-04-30,8250493.559554726,14096.400535255321,8236397.15901947,0.0,-0.006662947714451084,-0.12700065144655093,3649704.708383847,3830360.6479276014
2015-05-04,8470472.785295371,17254.357187156333,8453218.428108215,20000.0,0.02666255347668156,-0.10372425963063647,3736819.392269357,3920587.5688848565
2015-05-05,8545269.938833121,17254.357187156333,8528015.581645966,0.0,0.00883033986811177,-0.0958098402276314,3733612.4937973963,3923496.664784307
2015-05-06,8204840.907117729,17254.357187156333,8187586.5499305725,0.0,-0.039838300504510316,-0.13183123952586417,3631445.9292168343,3810785.5614746683
2015-05-07,7964828.962827568,17254.357187156333,7947574.605640411,0.0,-0.02925247996971514,-0.15722732880196622,3613640.678796099,3774251.5504153543
2015-05-08,8043508.296350365,17254.357187156333,8026253.939163208,0.0,0.009878345648098419,-0.14890212905310085,3673828.495637853,3838164.7633224037
2015-05-11,8196749.072564964,17254.357187156333,8179494.715377808,0.0,0.019051484820887143,-0.1326874508836665,3733814.4031385016,3900965.863263775
2015-05-12,7982002.0871523665,17254.357187156333,7964747.72996521,0.0,-0.026199043488029816,-0.15541021007567934,3644878.3751655594,3815633.9618018717
2015-05-13,8082411.802289848,17254.357187156333,8065157.445102692,0.0,0.012579515019057519,-0.14478568012838366,3693539.840315618,3867540.3653048696
2015-05-14,8191454.147046928,17254.357187156333,8174199.789859772,0.0,0.013491312670580236,-0.1332477163386382,3688494.2966940682,3876866.4616373833
2015-05-15,8248827.292062645,17254.357187156333,8231572.934875488,0.0,0.0070040244364182325,-0.12717696216355256,3705604.0329419714,3894149.4713975084
2015-05-18,8344516.0778788375,17254.357187156333,8327261.720691681,0.0,0.011600289644598138,-0.11705196211617175,3755521.628222812,3941949.1617327323
2015-05-19,8447112.93322933,17254.357187156333,8429858.576042175,0.0,0.012295123455088763,-0.10619600698596177,3751933.686091932,3941293.2573915925
2015-05-20,8430328.93380535,17254.357187156333,8413074.576618195,0.0,-0.0019869509922089135,-0.10797195171672125,3777766.694241781,3961085.971617965
2015-05-21,8430809.784715537,17254.357187156333,8413555.427528381,0.0,5.703821451841229e-05,-0.10792107202954693,3776757.5855174707,3957863.2671036
2015-05-22,8525678.18601406,17254.357187156333,8508423.828826904,0.0,0.011252584712623026,-0.09788287832221343,3793777.973597076,3972522.6594991656
2015-05-25,8506378.384530906,17254.357187156333,8489124.02734375,0.0,-0.0022637262469998864,-0.09992502452842333,3753996.577624701,3942120.1703380235
2015-05-26,8507838.152715567,17254.357187156333,8490583.795528412,0.0,0.0001716086586645016,-0.09977056386918526,3740137.9759516907,3930398.560953219
2015-05-27,8570540.571226005,17254.357187156333,8553286.214038849,0.0,0.007369959017194505,-0.09313590981882902,3738007.6353114806,3927261.3607414993
2015-05-28,8514628.845567588,17254.357187156333,8497374.488380432,0.0,-0.0065237105167123,-0.09905202862117268,3731011.3233487518,3917364.8643704914
2015-05-29,8667105.372346763,17254.357187156333,8649851.015159607,0.0,0.017907595215797212,-0.08291821703922708,3782431.1942044115,3969898.7636189624
2015-06-01,8695072.47364984,20560.584871153347,8674511.888778687,20000.0,0.003226809886529125,-0.07995896847521344,3802319.0710128215,3988529.859229704
2015-06-02,8380111.135255675,20560.584871153347,8359550.5503845215,0.0,-0.036222968738747974,-0.11328558599850125,3713521.261233874,3897952.463766223
2015-06-03,8189021.731721739,20560.584871153347,8168461.146850586,0.0,-0.02280272903899927,-0.13350509451595238,3667826.1215135115,3842918.096902336
2015-06-04,8235260.703554015,20560.584871153347,8214700.118682861,0.0,0.00564645855721202,-0.12861246694210138,3665819.6873680083,3843663.2419859115
2015-06-05,8384429.214876036,20560.584871153347,8363868.630004883,0.0,0.018113392725702893,-0.11282868233954235,3658628.5340475272,3841341.5916015473
2015-06-08,8229902.064287047,20560.584871153347,8209341.479415894,0.0,-0.018430252868593677,-0.12917947406178798,3626819.926369084,3801556.1066207835
2015-06-09,8130549.71092401,20560.584871153347,8109989.126052856,0.0,-0.012072118548550947,-0.13969212268542552,3617013.628083227,3791007.908955725
2015-06-10,8271562.336961607,20560.584871153347,8251001.752090454,0.0,0.017343553763423447,-0.12477132676212355,3663024.460865325,3835924.0341456775
2015-06-11,8068551.898912291,20560.584871153347,8047991.314041138,0.0,-0.02454317936312478,-0.1462522210731504,3591291.908454929,3765554.57026503
2015-06-12,7632990.848420958,20560.584871153347,7612430.263549805,0.0,-0.053982555475667215,-0.19233970791129673,3599204.4886675337,3770656.6587091833
2015-06-15,7707401.400743346,20560.584871153347,7686840.815872192,0.0,0.009748544679282656,-0.18446619546818754,3613181.2816266855,3783985.294434031
2015-06-16,7763511.567247252,20560.584871153347,7742950.982376099,0.0,0.0072800368874643695,-0.17852907928822181,3628240.104849734,3799091.1375727113
2015-06-17,7895787.936570982,20560.584871153347,7875227.351699829,0.0,0.01703821372299852,-0.16453268217390604,3648190.849638201,3829933.2020349754
2015-06-18,7993559.325792174,20560.584871153347,7972998.7409210205,0.0,0.012382727348633882,-0.154187318168571,3685635.260929205,3867798.1609381987
2015-06-19,8125266.968538146,20560.584871153347,8104706.383666992,0.0,0.01647672049183413,-0.14025109902158595,3708336.321910318,3889725.9164855285
2015-06-22,8240367.400499205,20560.584871153347,8219806.815628052,0.0,0.014165741557383926,-0.1280721182860809,3766114.316368002,3949690.5013648253
2015-06-23,8191165.988313536,20560.584871153347,8170605.403442383,0.0,-0.005970778946420285,-0.13327820692501524,3778941.4934496228,3962732.4997622566
2015-06-24,8164102.974901061,20560.584871153347,8143542.390029907,0.0,-0.003303926870861451,-0.13614179234671686,3769608.51460779,3948601.055585232
2015-06-25,8250267.731538634,20560.584871153347,8229707.1466674805,0.0,0.010554099685228024,-0.12702454670924168,3786358.299063185,3965655.976566489
2015-06-26,8399014.26172052,20560.584871153347,8378453.676849365,0.0,0.01802929735398351,-0.11128541267913394,3778738.5164601393,3960668.655021008
2015-06-29,8241920.52241693,20560.584871153347,8221359.937545776,0.0,-0.018703830522060483,-0.12790777970286638,3750469.6777772577,3923463.185906254
2015-06-30,8437938.804109436,20560.584871153347,8417378.219238281,0.0,0.023783083221848855,-0.10716673785041275,3773057.8025375404,3953990.0612760666
2015-07-01,8560030.730838485,14667.71241349657,8545363.018424988,20000.0,0.01446940177731415,-0.09424797466022028,3831178.2901134733,4017042.7639185493
2015-07-02,8675040.155948348,14667.71241349657,8660372.443534851,0.0,0.01343563226888067,-0.08207862352096118,3827484.728741567,4023409.3145048358
2015-07-03,8633215.497951217,14667.71241349657,8618547.78553772,0.0,-0.0048212639071708585,-0.08650416472300004,3845613.9407000197,4035277.919634297
2015-07-06,8761519.233699508,14667.71241349657,8746851.52128601,0.0,0.014861639417982797,-0.07292811900928442,3862496.7693363293,4058006.598062905
2015-07-07,8844520.73103685,14667.71241349657,8829853.018623352,0.0,0.009473413813678722,-0.06414558344563381,3857352.3398784897,4062414.0368873207
2015-07-08,8764929.02651567,14667.71241349657,8750261.314102173,0.0,-0.0089989844494206,-0.07256732278712819,3790387.5632069544,3998260.7223232677
2015-07-09,8759470.680774398,14667.71241349657,8744802.9683609,0.0,-0.0006227484244035741,-0.07314488002560282,3774751.1178927887,3984231.5803857697
2015-07-10,8745771.0675847,14667.71241349657,8731103.355171204,0.0,-0.0015639772868657476,-0.074594460381458,3789254.487459551,3995869.5031997897
2015-07-13,8818383.70959825,14667.71241349657,8803715.997184753,0.0,0.008302600359924917,-0.06691118801514462,3834169.8756512464,4042537.098253383
2015-07-14,8851670.06772966,14667.71241349657,8837002.355316162,0.0,0.003774655223403256,-0.06338909945708682,3831654.09340584,4044668.9404319376
2015-07-15,8902580.020740218,14667.71241349657,8887912.308326721,0.0,0.005751451717135314,-0.05800222708487168,3863244.333764987,4070825.783123923
2015-07-16,9094882.79315538,14667.71241349657,9080215.080741882,0.0,0.021600791227616822,-0.03765432985525208,3901428.9864524784,4111818.3118977603
2015-07-17,9212914.151569076,14667.71241349657,9198246.439155579,0.0,0.012977776745240144,-0.02516522259636511,3902244.712469066,4118299.9223218705
2015-07-20,9294955.927203842,14667.71241349657,9280288.214790344,0.0,0.008905084133535857,-0.01648423688728906,3899344.3041203422,4118559.2992667933
2015-07-21,9153267.230693527,14667.71241349657,9138599.51828003,0.0,-0.015243611440440508,-0.031476569025727485,3865805.2619972043,4073504.792501909
2015-07-22,9277272.28331346,14667.71241349657,9262604.570899963,0.0,0.013547627256430328,-0.018355374593769014,3912963.786082587,4119106.7477861214
2015-07-23,9310066.102649398,14667.71241349657,9295398.3902359,0.0,0.0035348557565699767,-0.01488540243874592,3893157.5334964343,4107526.2142310655
2015-07-24,9356445.617580123,14667.71241349657,9341777.905166626,0.0,0.004981652591868002,-0.00997790375051788,3862224.565592324,4076184.083199792
2015-07-27,9349560.952586837,14667.71241349657,9334893.24017334,0.0,-0.0007358205535177298,-0.010706382357374977,3789458.529615626,4007277.3063381617
2015-07-28,9415022.119861312,14667.71241349657,9400354.407447815,0.0,0.007001523131026088,-0.0037798202100736145,3778581.0024405546,3995927.17377865
2015-07-29,9433847.2035634,14667.71241349657,9419179.491149902,0.0,0.0019994731252277465,-0.0017879047337742149,3795826.32679449,4018108.685007827
2015-07-30,9600715.263393112,14667.71241349657,9586047.550979614,0.0,0.01768823007507292,0.0,3817014.843270932,4044294.5036491905
2015-07-31,9710298.890384383,14667.71241349657,9695631.177970886,0.0,0.011414110718303228,0.0,3867345.9794490444,4094188.556600098
2015-08-03,9847817.316060744,13538.636769972742,9834278.679290771,20000.0,0.014162120778026477,0.0,3891969.0170199927,4127324.507865003
2015-08-04,9946676.637273513,13538.636769972742,9933138.00050354,0.0,0.010038703810187455,0.0,3880056.092283368,4131550.7195060947
2015-08-05,9935915.960584365,13538.636769972742,9922377.323814392,0.0,-0.0010818363843079215,-0.0010818363843079215,3903312.9224214363,4160469.314720841
2015-08-06,9834309.35291072,13538.636769972742,9820770.716140747,0.0,-0.010226194351554252,-0.011296967666739599,3912743.339034284,4169587.7550348924
2015-08-07,9863804.918233596,13538.636769972742,9850266.281463623,0.0,0.00299925132151202,-0.008331598790431105,3901786.491351064,4159079.8946395055
2015-08-10,9797023.039960586,13538.636769972742,9783484.403190613,0.0,-0.006770397308807463,-0.015045587865209709,3884019.207402831,4143853.3770726724
2015-08-11,9697678.36816188,13538.636769972742,9684139.731391907,0.0,-0.010140291738979679,-0.025033312953851694,3855204.317409863,4111171.898703774
2015-08-12,9445450.37257167,13538.636769972742,9431911.735801697,0.0,-0.026009111254740258,-0.050391329986900435,3803770.575173002,4044795.4992413404
2015-08-13,9372202.13655635,13538.636769972742,9358663.499786377,0.0,-0.007754869606643955,-0.05775542140019063,3806685.965089688,4039092.7990784138
2015-08-14,9541857.842519484,13538.636769972742,9528319.205749512,0.0,0.018102010977909977,-0.04069889969450069,3880807.518129436,4117771.856107425
2015-08-17,9551636.364324294,13538.636769972742,9538097.727554321,0.0,0.0010248027130770332,-0.03971580532424979,3862015.198568805,4109782.4786224384
2015-08-18,9878499.308538161,13538.636769972742,9864960.671768188,0.0,0.034220622702379355,-0.006854282211192886,3857117.8061984587,4114240.2131621293
2015-08-19,9921317.717733108,13538.636769972742,9907779.080963135,0.0,0.004334505460554805,-0.0025494866743105415,3870147.4146968536,4125500.8763401406
2015-08-20,9721529.81056758,13538.636769972742,9707991.173797607,0.0,-0.020137235078000915,-0.022635382139822746,3814385.2994248276,4062453.431278075
2015-08-21,9574591.400708877,13538.636769972742,9561052.763938904,0.0,-0.015114741478134186,-0.037407995668654714,3781219.791700245,4030061.144515119
2015-08-24,8473293.181104384,13538.636769972742,8459754.544334412,0.0,-0.11502299926062176,-0.14812821507113938,3557556.9320962024,3759605.3665953404
2015-08-25,8668133.154081069,13538.636769972742,8654594.517311096,0.0,0.022994598299889146,-0.12853976557369073,3590221.4892567396,3803605.459539335
2015-08-26,8661714.788373671,13538.636769972742,8648176.151603699,0.0,-0.0007404553660295132,-0.129185042980553,3549743.9273622055,3770894.864127023
2015-08-27,8883042.030385695,13538.636769972742,8869503.393615723,0.0,0.025552358559427946,-0.10693366695987927,3621314.2361661475,3854205.509886981
2015-08-28,8881866.64662715,13538.636769972742,8868328.009857178,0.0,-0.00013231770766419793,-0.10705183544985919,3645459.519480413,3875742.5105617805
2015-08-31,8874646.911351882,13538.636769972742,8861108.27458191,0.0,-0.000812862381581736,-0.10777767942152439,3631496.0786250634,3861210.8443804868
2015-09-01,8645549.33025914,13196.12900334147,8632353.201255798,20000.0,-0.02581483898809478,-0.13081025496884202,3567010.499062477,3796047.4500522534
2015-09-02,8690855.420644578,13196.12900334147,8677659.291641235,0.0,0.005240394641768731,-0.12625535768630036,3535467.505282614,3768925.493383896
2015-09-03,8788430.629003342,13196.12900334147,8775234.5,0.0,0.011227342262187578,-0.11644552753729187,3584030.3607393918,3818047.5040514804
2015-09-04,8474404.901014145,13196.12900334147,8461208.772010803,0.0,-0.035731718351722286,-0.14801644709573392,3507085.6337686507,3737147.416572886
2015-09-07,8220482.839986618,13196.12900334147,8207286.710983276,0.0,-0.02996340911172901,-0.17354477884786879,3462989.6447336045,3680313.7069190326
2015-09-08,8237695.5905054165,13196.12900334147,8224499.461502075,0.0,0.0020938855848067206,-0.17181427617381007,3522295.9760903274,3728970.21924716
2015-09-09,8549756.226621445,13196.12900334147,8536560.097618103,0.0,0.0378820305615204,-0.14044091927321145,3582014.5888380385,3796076.437128337
2015-09-10,8503862.148755845,13196.12900334147,8490666.019752502,0.0,-0.00536788145171907,-0.1450549305193014,3568041.3143905695,3785716.6834857427
2015-09-11,8567440.063428696,13196.12900334147,8554243.934425354,0.0,0.007476357631473807,-0.13866305542459856,3568590.9483448057,3789819.7756866473
2015-09-14,8642236.105787095,13196.12900334147,8629039.976783752,0.0,0.008730267361621413,-0.13114335361001328,3606593.7629209612,3831230.371554983
2015-09-15,8574732.941472825,13196.12900334147,8561536.812469482,0.0,-0.007810844726756305,-0.13792985796477564,3586825.0603691344,3808269.7654267177
2015-09-16,8440588.549962815,13196.12900334147,8427392.420959473,0.0,-0.015644148036518146,-0.15141621088463697,3618917.6881032344,3824769.948019648
2015-09-18,8556117.680295762,13196.12900334147,8542921.55129242,0.0,0.01368733112022813,-0.13980136357975725,3656828.7851697286,3862804.6862723483
2015-09-21,8629396.640699204,13196.12900334147,8616200.511695862,0.0,0.008564510580797657,-0.13243418325654832,3654629.8019502964,3868741.0689420183
2015-09-22,8539469.685140427,13196.12900334147,8526273.556137085,0.0,-0.010421001525720897,-0.1414750879564951,3578990.8191353865,3799714.0309897847
2015-09-23,8659506.591337021,13196.12900334147,8646310.46233368,0.0,0.014056716707534056,-0.129407046481539,3594544.7665664274,3814468.16852922
2015-09-24,8811878.133741196,13196.12900334147,8798682.004737854,0.0,0.017595868863545583,-0.11408820703790135,3604875.737374141,3826108.4688858525
2015-09-28,8890377.340253647,13196.12900334147,8877181.211250305,0.0,0.00890834000664098,-0.10619620357030202,3571523.2242390397,3797211.480087917
2015-09-29,8844079.210752305,13196.12900334147,8830883.081748962,0.0,-0.005207667540916949,-0.11085083658891737,3593330.5162190134,3813566.158926389
2015-09-30,9007122.013532456,13196.12900334147,8993925.884529114,0.0,0.01843524904005034,-0.0944591503276816,3641710.160357713,3868130.0668481034
2015-10-01,9047217.981966125,16952.65487872332,9030265.327087402,20000.0,0.004451584909522577,-0.09042805834632406,3662626.44064935,3893018.936160485
2015-10-05,9231572.294328796,16952.65487872332,9214619.639450073,0.0,0.02037690621914323,-0.07189379619168301,3740200.7960685613,3971762.752973894
2015-10-06,9388266.951044189,16952.65487872332,9371314.296165466,0.0,0.016973777783406918,-0.05614032772883926,3755678.868688732,3989049.994571051
2015-10-07,9317441.853967773,16952.65487872332,9300489.19908905,0.0,-0.0075440011927375705,-0.06326080622222985,3766964.9305053893,3999083.039063879
2015-10-08,9227186.656862365,16952.65487872332,9210234.001983643,0.0,-0.009686692819764975,-0.07233471104458944,3744830.5196490036,3974512.1779445247
2015-10-09,9133689.49601947,16952.65487872332,9116736.841140747,0.0,-0.010132791751141235,-0.08173455023233689,3772631.1291506267,3995338.9649766
2015-10-12,9102417.94371234,16952.65487872332,9085465.288833618,0.0,-0.003423759075755428,-0.08487846989993153,3751394.861726039,3979484.8522186796
2015-10-13,9082745.243700134,16952.65487872332,9065792.588821411,0.0,-0.0021612609016482542,-0.0868562862831933,3745913.105258131,3976706.004830181
2015-10-14,9158874.383005248,16952.65487872332,9141921.728126526,0.0,0.008381732313577528,-0.07920256011099291,3734949.36739283,3969978.269047501
2015-10-15,9011872.353738891,16952.65487872332,8994919.698860168,0.0,-0.016050228785660314,-0.09398156968646176,3767932.3522184286,3998059.2531839055
2015-10-16,8960026.598680602,16952.65487872332,8943073.94380188,0.0,-0.005753050312211627,-0.09919393929984655,3794949.9821843416,4019588.1790812076
2015-10-19,9043166.14558612,16952.65487872332,9026213.490707397,0.0,0.009278939743076142,-0.09083541414241192,3811947.9033315997,4041146.241741835
2015-10-20,9069858.631937133,16952.65487872332,9052905.97705841,0.0,0.0029516748803781745,-0.08815185587220664,3805775.3884166456,4040795.1723092212
2015-10-21,9104371.798509704,16952.65487872332,9087419.143630981,0.0,0.0038052595936877154,-0.08468203697377796,3801191.775380536,4034155.132471059
2015-10-23,9068334.173219787,16952.65487872332,9051381.518341064,0.0,-0.003958276978079489,-0.08830511899444726,3821345.457195996,4044275.8729084046
2015-10-26,8969187.896913635,16952.65487872332,8952235.242034912,0.0,-0.010933240263569788,-0.09827289817554763,3805268.3973584757,4026462.1699895984
2015-10-27,9017845.636819946,16952.65487872332,9000892.981941223,0.0,0.005424988356309779,-0.093381039147581,3792531.540366486,4019295.6688297866
2015-10-28,8993514.404131042,16952.65487872332,8976561.74925232,0.0,-0.002698120334812426,-0.09582720620178342,3764109.0008400893,3994607.6893480476
2015-10-29,8954196.090921508,16952.65487872332,8937243.436042786,0.0,-0.004371851919364622,-0.09978011576578749,3736722.9363784874,3969276.4158368167
2015-10-30,8793244.590730773,16952.65487872332,8776291.93585205,0.0,-0.017974980507063143,-0.115961550636968,3715555.722305656,3949444.2779213893
2015-11-02,8772390.199234039,11802.762157470803,8760587.437076569,20000.0,-0.0023716378273747063,-0.11805816966433103,3728645.8885403555,3963564.6504751043
2015-11-03,8855934.244499236,11802.762157470803,8844131.482341766,0.0,0.009523521339998453,-0.10965897782249212,3733231.1535692234,3971943.4718620875
2015-11-04,8839839.114063293,11802.762157470803,8828036.351905823,0.0,-0.0018174401470901769,-0.11127711934079876,3723736.787472755,3963741.218976783
2015-11-05,8648136.232440978,11802.762157470803,8636333.470283508,0.0,-0.021686241021890873,-0.1305501779324434,3684485.688610527,3916996.2154494035
2015-11-06,8627076.182361633,11802.762157470803,8615273.420204163,0.0,-0.0024352125722008067,-0.13266747307004,3683952.8969155177,3910175.5034260154
2015-11-09,8734977.578712493,11802.762157470803,8723174.816555023,0.0,0.01250729610704826,-0.1218194883324526,3665844.3112747786,3905059.897632661
2015-11-10,8656003.78843692,11802.762157470803,8644201.02627945,0.0,-0.009041098224228605,-0.12975920459704215,3604779.282152656,3843350.7853638153
2015-11-13,8614364.534038574,11802.762157470803,8602561.771881104,0.0,-0.004810447802018003,-0.13394545251851475,3595006.9869419406,3837559.051405495
2015-11-16,8668277.853199035,11802.762157470803,8656475.091041565,0.0,0.006258536999151687,-0.1285252180898182,3615547.28272548,3852170.597350113
2015-11-17,8660654.026157409,11802.762157470803,8648851.263999939,0.0,-0.0008795088448638744,-0.12929168786858403,3629881.3241466074,3869427.799787366
2015-11-18,8583807.692550689,11802.762157470803,8572004.930393219,0.0,-0.008873040462605286,-0.1370175179532528,3580904.2892831196,3826357.7179209436
2015-11-19,8678664.685173064,11802.762157470803,8666861.923015594,0.0,0.011050689393320878,-0.12748096659227715,3632289.7416134374,3877512.6274414724
2015-11-20,8762251.899780303,11802.762157470803,8750449.137622833,0.0,0.009631345101976496,-0.1190774346734843,3638680.9805287,3889919.2203895156
2015-11-23,8855140.719112426,11802.762157470803,8843337.956954956,0.0,0.010601021334989413,-0.10973875576398429,3635300.150375732,3889831.0796903037
2015-11-24,8942637.951683074,11802.762157470803,8930835.189525604,0.0,0.009880953374552082,-0.10094212591851748,3627125.777965075,3886068.0173301343
2015-11-26,8918988.210971862,11802.762157470803,8907185.448814392,0.0,-0.00264460451591475,-0.10331977843238205,3651301.5403398587,3907117.853762797
2015-11-27,8947309.65164569,11802.762157470803,8935506.88948822,0.0,0.0031754095872655874,-0.10047245146010486,3678580.6560383337,3931813.3273244314
2015-11-30,9025034.218166381,11802.762157470803,9013231.456008911,0.0,0.008686920375712504,-0.09265832727017886,3675130.17399994,3931343.052193131
2015-12-01,9121178.150710832,14996.484142075682,9106181.666568756,20000.0,0.0106530269271361,-0.08299239199847541,3704230.826029765,3966865.863868364
2015-12-02,9155078.160983812,14996.484142075682,9140081.676841736,0.0,0.003716626263936984,-0.07958421743834698,3693264.7656718316,3959360.4677790357
2015-12-03,9068354.64481331,14996.484142075682,9053358.160671234,0.0,-0.00947272264043486,-0.08830306086043227,3661972.727048135,3929634.9440287054
2015-12-04,8972548.113200914,14996.484142075682,8957551.629058838,0.0,-0.010564929953108204,-0.09793507516090494,3623672.686924288,3891458.4193068966
2015-12-07,8965419.7288015,14996.484142075682,8950423.244659424,0.0,-0.0007944659988979863,-0.09865173507248803,3615989.3962003556,3886701.250528401
2015-12-08,8820842.92410637,14996.484142075682,8805846.439964294,0.0,-0.016126049763255934,-0.11318692204673342,3586327.373888208,3850238.4723415608
2015-12-09,8606210.72546364,14996.484142075682,8591214.241321564,0.0,-0.024332390961884776,-0.13476520456960472,3544790.9476326006,3797169.7528187465
2015-12-10,8770034.269866716,14996.484142075682,8755037.78572464,0.0,0.019035502339997734,-0.11829502559654204,3577759.1586999777,3831977.6503223
2015-12-11,8773202.5685804,14996.484142075682,8758206.084438324,0.0,0.0003612641200925193,-0.11797649722478298,3543836.4479149436,3797228.907228524
2015-12-14,8886851.259227525,14996.484142075682,8871854.77508545,0.0,0.0129540711910765,-0.10655070197763028,3562276.163756295,3816228.437974762
2015-12-15,8883530.919383775,14996.484142075682,8868534.4352417,0.0,-0.00037362387947048603,-0.10688451597046755,3585954.714279528,3842319.572499983
2015-12-16,8899362.159354936,14996.484142075682,8884365.67521286,0.0,0.0017820886891515286,-0.10529290496827248,3609237.41344296,3862235.275202531
2015-12-17,9037627.499992143,14996.484142075682,9022631.015850067,0.0,0.01553654499742585,-0.0913922479267959,3652752.869127459,3913235.6102898084
2015-12-18,8976674.898135912,14996.484142075682,8961678.413993835,0.0,-0.006744314462649004,-0.09752018432997822,3614383.026380144,3883125.727154973
2015-12-21,9006193.428947221,14996.484142075682,8991196.944805145,0.0,0.00328835912476233,-0.09455250659320591,3648142.940167121,3916958.5868505356
2015-12-22,8974798.667133104,14996.484142075682,8959802.182991028,0.0,-0.0034859080100601014,-0.0977088132631615,3625628.52460206,3897929.623178457
2015-12-23,8982930.22711159,14996.484142075682,8967933.742969513,0.0,0.0009060437208763261,-0.09689129799901652,3662811.0406400836,3931555.5867188466
2015-12-24,8984125.650275957,14996.484142075682,8969129.16613388,0.0,0.00013307719576394206,-0.09677111482548417,3660529.15422598,3933919.454645174
2015-12-28,9018495.331554186,14996.484142075682,9003498.84741211,0.0,0.0038256011342820972,-0.09331572137784416,3690377.6200275226,3959892.5689089363
2015-12-29,9008962.868510973,14996.484142075682,8993966.384368896,0.0,-0.0010569904061334956,-0.09427407796173992,3692147.2415860086,3962581.3532518954
2015-12-30,9065927.623222124,14996.484142075682,9050931.139080048,0.0,0.006323120157400108,-0.08854706412701996,3676920.26538508,3950880.3224398126
2015-12-31,9097078.25281502,14996.484142075682,9082081.768672943,0.0,0.0034360112817473087,-0.08541530155657873,3700249.5754208616,3974105.209392742
2016-01-01,9224742.319365075,13311.077738335705,9211431.24162674,20000.0,0.014033524061481062,-0.07258045518471057,,4011184.097448839
2016-01-04,9100842.869568398,13311.077738335705,9087531.791830063,0.0,-0.013431209838412506,-0.08503682169936977,3628049.788892992,3938219.9424786833
2016-01-05,9125313.20589309,13311.077738335705,9112002.128154755,0.0,0.002688798903068168,-0.08257666970920718,3624953.235378277,3943387.235066664
2016-01-06,9082459.875326684,13311.077738335705,9069148.797588348,0.0,-0.004696094216112168,-0.08688497610431212,3604627.4844826222,3924470.559333057
2016-01-07,8805107.490377953,13311.077738335705,8791796.412639618,0.0,-0.030537143984768145,-0.11476890106366977,3524208.9506240827,3828966.997738675
2016-01-08,9084487.792892983,13311.077738335705,9071176.715154648,0.0,0.03172934604379685,-0.0866810971967884,3539598.951193177,3855099.8448420614
2016-01-11,9016303.42675071,13311.077738335705,9002992.349012375,0.0,-0.007505581789169824,-0.09353608692137272,3522136.9268206027,3831936.6394549687
2016-01-12,8912302.51740699,13311.077738335705,8898991.439668655,0.0,-0.011534761467227983,-0.10399193193738476,3497201.0195945012,3804378.4223285764
2016-01-13,8701132.715965798,13311.077738335705,8687821.638227463,0.0,-0.02369419137520834,-0.12522211857579113,3521461.6375968195,3810614.6699327934
2016-01-14,8564231.688307336,13311.077738335705,8550920.610569,0.0,-0.015733701821058488,-0.1389856129217768,3509540.85015112,3788193.8749747747
2016-01-15,8207293.441793969,13311.077738335705,8193982.364055634,0.0,-0.0416777896142968,-0.17487078940130574,3463441.1058075237,3719416.7988229636
2016-01-18,7660063.245960763,13311.077738335705,7646752.168222427,0.0,-0.06667608508385336,-0.229887174852357,3423022.4310078486,3652154.413948907
2016-01-19,7933457.123785546,13311.077738335705,7920146.046047211,0.0,0.035690812078992495,-0.2024012227303904,3462183.976474764,3697322.8384561813
2016-01-20,7817238.352034142,13311.077738335705,7803927.274295807,0.0,-0.0146491964269857,-0.21408540388853659,3403604.5689575025,3632317.2652848787
2016-01-21,7980312.560141137,13311.077738335705,7967001.4824028015,0.0,0.02086084634537988,-0.1976905602584641,3388470.814501271,3618241.047548016
2016-01-22,8172796.6774087455,13311.077738335705,8159485.59967041,0.0,0.02411987197456389,-0.1783389592879141,3456293.499060437,3692274.447538482
2016-01-25,8217673.503174355,13311.077738335705,8204362.42543602,0.0,0.005490999903332794,-0.1738272185927917,3462672.8222091524,3702816.675631325
2016-01-27,8298889.605381539,13311.077738335705,8285578.527643204,0.0,0.009883101607262912,-0.16566206904898928,3463417.914056404,3707538.231957788
2016-01-28,8279216.896606972,13311.077738335705,8265905.818868637,0.0,-0.0023705230109110076,-0.1676398863131845,3457317.801401563,3700173.578502194
2016-01-29,8398622.605881264,13311.077738335705,8385311.528142929,0.0,0.014422343413086347,-0.15563530291023775,3521997.0942035564,3765179.151673497
2016-02-01,8487319.729131646,15293.0000862548,8472026.729045391,20000.0,0.010560913070230216,-0.14671804074470152,3538458.3058268023,3786456.0396106886
2016-02-02,8343243.451866574,15293.0000862548,8327950.451780319,0.0,-0.016975474220742415,-0.1612029066470645,3491440.7121513328,3733076.956263064
2016-02-03,8169256.052771515,15293.0000862548,8153963.052685261,0.0,-0.020853688388552727,-0.1786949198530703,3447537.502416433,3681727.8938195226
2016-02-04,7969393.652336544,15293.0000862548,7954100.65225029,0.0,-0.024465189870889748,-0.19878830458079133,3467299.892023456,3693699.2737367232
2016-02-05,8113675.302527851,15293.0000862548,8098382.302441597,0.0,0.018104470237708226,-0.18428279128697056,3507152.3446726594,3744003.4424677505
2016-02-08,8132411.257107205,15293.0000862548,8117118.25702095,0.0,0.0023091821992822226,-0.18239915162896225,3459455.8518841537,3707760.4410789516
2016-02-09,7957248.00857634,15293.0000862548,7941955.008490086,0.0,-0.021538906849771444,-0.20000938014232017,3417753.747862317,3657486.3013803987
2016-02-10,7737336.082930035,15293.0000862548,7722043.0828437805,0.0,-0.02763668109995865,-0.22211846578628502,3379118.9232956055,3613511.261445399
2016-02-11,7184832.774102158,15293.0000862548,7169539.7740159035,0.0,-0.07140743311471232,-0.2776649894118207,3267031.056229247,3488870.3685955238
2016-02-12,7183636.293739266,15293.0000862548,7168343.293653011,0.0,-0.00016652863059041234,-0.27778527887196147,3269185.286119416,3483018.788879043
2016-02-15,7546963.617889351,15293.0000862548,7531670.617803097,0.0,0.05057707674687473,-0.241257769493746,3354416.050618102,3581925.383986203
2016-02-16,7316396.025583691,15293.0000862548,7301103.0254974365,0.0,-0.03055104065416747,-0.2644381342239762,3300701.845482756,3516276.3796606595
2016-02-17,7439463.794214196,15293.0000862548,7424170.794127941,0.0,0.016820818364692958,-0.25206538168376313,3328893.6513588796,3540786.484128027
2016-02-18,7466816.047822422,15293.0000862548,7451523.047736168,0.0,0.0036766431512844644,-0.24931549299172207,3367903.0251836427,3575805.292241479
2016-02-19,7513559.314580864,15293.0000862548,7498266.31449461,0.0,0.0062601336980938616,-0.24461610761276253,3376800.742356582,3582731.5031589433
2016-02-22,7544290.36150021,15293.0000862548,7528997.361413956,0.0,0.004090078434558775,-0.24152652824469634,3387946.2124029286,3596912.203543061
2016-02-23,7438752.58682198,15293.0000862548,7423459.586735725,0.0,-0.013989092362723388,-0.2521368836957568,3329408.599423062,3541234.295719105
2016-02-24,7307647.767586178,15293.0000862548,7292354.767499924,0.0,-0.017624570478128154,-0.2653176498970534,3286863.6452393355,3498751.9610876967
2016-02-25,7178796.202424473,15293.0000862548,7163503.202338219,0.0,-0.017632426912150723,-0.2782718827388908,3264338.326032173,3472928.1593355667
2016-02-26,6985900.979269451,15293.0000862548,6970607.979183197,0.0,-0.02687013500813351,-0.29766481468886286,3292038.2787617357,3494661.8902470553
2016-02-29,6950435.826139874,15293.0000862548,6935142.826053619,0.0,-0.005076675612039172,-0.3012303425956089,3272041.7387027927,3480959.0304864896
2016-03-01,7180006.528925549,6244.669657360646,7173761.8592681885,20000.0,0.033029684544713556,-0.2781502012421243,3402209.526330902,3614464.10853637
2016-03-02,7214703.468264233,6244.669657360646,7208458.798606873,0.0,0.004832438410592443,-0.2746619065479283,3471244.9882070846,3684771.5169161237
2016-03-03,7236589.7293382995,6244.669657360646,7230345.059680939,0.0,0.0030335634957610047,-0.2724615473855473,3521531.721900984,3733554.370604462
2016-03-04,7338711.054861676,6244.669657360646,7332466.385204315,0.0,0.014111802567632115,-0.26219466838189154,3526124.655423378,3746132.959068115
2016-03-08,7377988.257040631,6244.669657360646,7371743.58738327,0.0,0.005352057314333747,-0.2582458919602504,3526100.963909315,3748714.5805199146
2016-03-09,7411608.914618146,6244.669657360646,7405364.244960785,0.0,0.004556886837740803,-0.2548658024284839,3548005.7237853464,3767597.414690984
2016-03-10,7445619.303316724,6244.669657360646,7439374.633659363,0.0,0.004588799691184198,-0.2514465308527769,3526501.4195013866,3748294.4733724664
2016-03-11,7483134.165705334,6244.669657360646,7476889.496047974,0.0,0.005038514710508979,-0.24767493318687606,3537830.7935321108,3757600.740845319
2016-03-14,7556235.769541394,6244.669657360646,7549991.099884033,0.0,0.009768848482107906,-0.24032558359988698,3551279.7530200095,3772160.546407684
2016-03-15,7500076.167353284,6244.669657360646,7493831.497695923,0.0,-0.007432219414656882,-0.24597165054627412,3514465.670328071,3736106.0891050827
2016-03-16,7456505.272326123,6244.669657360646,7450260.602668762,0.0,-0.005809393672136065,-0.2503520980682018,3532436.948825574,3745592.653783574
2016-03-17,7438716.542223584,6244.669657360646,7432471.872566223,0.0,-0.0023856658652894325,-0.2521405074788263,3538937.6242667744,3755979.531825508
2016-03-18,7524585.471342694,6244.669657360646,7518340.801685333,0.0,0.011543514076884254,-0.24350758089937652,3582181.9979018234,3796146.524413807
2016-03-21,7604889.2482515685,6244.669657360646,7598644.578594208,0.0,0.010672186157591135,-0.2354341529759283,3629241.855374486,3846610.6861905023
2016-03-22,7590134.544813763,6244.669657360646,7583889.875156403,0.0,-0.0019401601990716166,-0.2369175332018939,3634258.7059883145,3853575.1421533637
2016-03-23,7630164.883860242,6244.669657360646,7623920.214202881,0.0,0.005273995975977774,-0.23289303934266137,3635012.464159032,3856817.5601929855
2016-03-28,7483275.872381818,6244.669657360646,7477031.202724457,0.0,-0.019251092697764927,-0.24766068655137652,3587246.001529078,3803381.5727682207
2016-03-29,7464611.980143201,6244.669657360646,7458367.31048584,0.0,-0.0024940804745017253,-0.2495370813432487,3578719.586628156,3796356.724570625
2016-03-30,7701488.08158363,6244.669657360646,7695243.4119262695,0.0,0.03173321025534204,-0.22572248375667636,3643821.5671258103,3864622.8167831195
2016-03-31,7755733.101706158,6244.669657360646,7749488.432048798,0.0,0.007043446610304205,-0.22026890140945754,3645328.8534525456,3873898.8881386044
2016-04-01,7789569.442146771,10878.084793560614,7778691.35735321,20000.0,0.004362752043796991,-0.21686712796546959,3653387.180291382,3889906.257823812
2016-04-04,7739501.928154461,10878.084793560614,7728623.843360901,0.0,-0.006427507240825303,-0.22190072017099982,3675057.2677056696,3910485.9154555625
2016-04-05,7611894.5710301325,10878.084793560614,7601016.486236572,0.0,-0.01648779964252267,-0.23472986519881156,3601355.4723661016,3837310.656164408
2016-04-06,7740862.295441143,10878.084793560614,7729984.210647583,0.0,0.01694292047893642,-0.2217639541599702,3606636.769818557,3849169.5155380145
2016-04-07,7620790.55632066,10878.084793560614,7609912.4715271,0.0,-0.015511416498288244,-0.23383549760097588,3574475.0907101277,3820080.3461369714
2016-04-08,7667575.657242291,10878.084793560614,7656697.5724487305,0.0,0.006139140103099683,-0.2291319063787266,3578619.642947833,3830249.502962352
2016-04-11,7750254.40019273,10878.084793560614,7739376.31539917,0.0,0.010782905398833087,-0.2208197086502296,3633659.1578960684,3880914.058092539
2016-04-12,7797473.335510723,10878.084793560614,7786595.250717163,0.0,0.00609256585394391,-0.21607250141308587,3651445.346553225,3904752.596170895
2016-04-13,7846506.298553936,10878.084793560614,7835628.213760376,0.0,0.006288314295338493,-0.21114291891721282,3718468.67702583,3968271.7387720826
2016-04-18,8009777.019257061,10878.084793560614,7998898.934463501,0.0,0.020808078715646383,-0.19472831867864726,3748901.5320284087,4004300.9473627442
2016-04-20,7949244.781807415,10878.084793560614,7938366.697013855,0.0,-0.007557293705444557,-0.20081399328706984,3748925.1226717257,4009279.882531008
2016-04-21,7830956.1507039,10878.084793560614,7820078.065910339,0.0,-0.014880486681480787,-0.2127062700159874,3747646.1397546213,4003848.316892902
2016-04-22,7819650.322121136,10878.084793560614,7808772.237327576,0.0,-0.0014437353964429356,-0.2138429138413629,3741606.935065394,4000016.281326608
2016-04-25,7777468.782417767,10878.084793560614,7766590.697624207,0.0,-0.005394299996259511,-0.2180836810082879,3720647.3423204273,3979195.2797138668
2016-04-26,7764336.321381085,10878.084793560614,7753458.236587524,0.0,-0.001688526357877529,-0.21940396732255996,3771613.539522543,4025091.891483347
2016-04-27,7791773.823265545,10878.084793560614,7780895.738471985,0.0,0.003533785857382954,-0.21664550810195526,3779784.2282197336,4034023.681549048
2016-04-28,7683564.354004376,10878.084793560614,7672686.269210815,0.0,-0.013887655329273718,-0.22752446528607362,3716952.862552285,3972978.9777859235
2016-04-29,7773540.69958543,10878.084793560614,7762662.61479187,0.0,0.011710235176746187,-0.21847859510629086,3718160.6109778043,3976237.858232528
2016-05-02,7793451.814755405,13490.551007236703,7779961.263748169,20000.0,0.0025613958863091035,-0.21647680939473357,3717366.846578509,3991168.4559065546
2016-05-03,7699833.480893101,13490.551007236703,7686342.929885864,0.0,-0.012012435065686389,-0.22588883084433875,3689317.2242443017,3962903.318703291
2016-05-04,7626328.007069553,13490.551007236703,7612837.456062317,0.0,-0.009546371880112647,-0.23327878394164736,3670053.8187595396,3933061.3969146963
2016-05-05,7689697.364644016,13490.551007236703,7676206.81363678,0.0,0.008309288233566692,-0.22690787636262777,3683840.6335538654,3942584.002995111
2016-05-06,7690081.455925907,13490.551007236703,7676590.904918671,0.0,4.9948816406963914e-05,-0.22686926132607865,3682864.464747885,3945313.4633141207
2016-05-09,7831410.592991794,13490.551007236703,7817920.041984558,0.0,0.018378106639817204,-0.2126605821642087,3746011.750509503,4005179.744777215
2016-05-10,7809578.792218174,13490.551007236703,7796088.2412109375,0.0,-0.002787722660481773,-0.21485546610080009,3756369.6502935886,4013671.3991030217
2016-05-11,7873908.958203281,13490.551007236703,7860418.407196045,0.0,0.008237341308241719,-0.2083879625987719,3737820.8152568443,3998962.64071725
2016-05-12,7929837.197144474,13490.551007236703,7916346.646137238,0.0,0.0071029826783715055,-0.2027651560091206,3762370.1352955718,4028016.1702131787
2016-05-13,7901423.877182926,13490.551007236703,7887933.32617569,0.0,-0.0035830899494102564,-0.20562172016594393,3721652.8740753722,3992472.4721592236
2016-05-16,7953389.2330369605,13490.551007236703,7939898.682029724,0.0,0.006576707775935775,-0.20039732635592478,3743487.8495518775,4008212.478465003
2016-05-17,7918995.937981571,13490.551007236703,7905505.386974335,0.0,-0.004324357081950114,-0.20385509384044376,3757774.6078747544,4021223.024451773
2016-05-18,7990430.053402866,13490.551007236703,7976939.50239563,0.0,0.009020602609312922,-0.19667338702254966,3747964.3206533375,4016279.4316083593
2016-05-19,7838992.908497776,13490.551007236703,7825502.35749054,0.0,-0.018952314693074346,-0.21189828579301995,3706651.777836351,3970758.2174208215
2016-05-20,7717109.292798008,13490.551007236703,7703618.7417907715,0.0,-0.015548376828819599,-0.22415198822494875,3690603.12550611,3950499.6156194774
2016-05-23,7636055.5485734595,13490.551007236703,7622564.997566223,0.0,-0.010503122496942185,-0.23230081493163113,3681721.338056556,3939672.6971209943
2016-05-24,7528560.14855286,13490.551007236703,7515069.597545624,0.0,-0.01407734652227366,-0.24310798238470566,3690198.2875139206,3941704.687924892
2016-05-25,7508740.589871372,13490.551007236703,7495250.038864136,0.0,-0.0026325828963852382,-0.24510056336469022,3778799.9073668807,4019494.3070166544
2016-05-26,7631182.610630955,13490.551007236703,7617692.059623718,0.0,0.016306598862230848,-0.2327907210701543,3842971.26350047,4079148.237888524
2016-05-27,7691836.680020298,13490.551007236703,7678346.1290130615,0.0,0.007948187389048567,-0.22669279795460306,3884402.862636814,4122698.175179
2016-05-30,7648326.71339127,13490.551007236703,7634836.162384033,0.0,-0.005656642027000669,-0.2310671199734754,3894808.4314550175,4136830.5956979324
2016-05-31,7707489.656529392,13490.551007236703,7693999.105522156,0.0,0.007735410025638156,-0.22511910886427544,3886045.9328566943,4126944.0023419033
2016-06-01,7688832.6633166615,37696.06283372128,7651136.600482941,20000.0,-0.0024206316251005333,-0.22699481005504463,3915499.0511200395,4153889.0809530974
2016-06-02,7716453.535425121,37696.06283372128,7678757.4725914,0.0,0.0035923362255285696,-0.22421791550868386,3934167.1920435857,4174459.0730247274
2016-06-03,7777858.114728862,37696.06283372128,7740162.051895142,0.0,0.007957616672198187,-0.21804453905914312,3935052.5450811754,4171746.762438199
2016-06-06,7795370.521314556,37696.06283372128,7757674.458480835,0.0,0.002251571875877989,-0.2162839101350994,3925598.8070493797,4164158.6018791366
2016-06-07,7926984.140623027,37696.06283372128,7889288.077789307,0.0,0.016883561717638162,-0.2030519911627593,3956904.0303479047,4195760.264033278
2016-06-08,8022988.941137249,37696.06283372128,7985292.878303528,0.0,0.012111138209830674,-0.19340004368168207,3960063.0672159265,4206517.54851553
2016-06-09,7972125.340677196,37696.06283372128,7934429.277843475,0.0,-0.0063397320915218325,-0.1985136713097735,3926819.3227733225,4179670.018643568
2016-06-10,8006275.362020427,37696.06283372128,7968579.299186707,0.0,0.004283678427505766,-0.1950803616136223,3910760.028366561,4164006.2315674946
2016-06-13,8044049.542509014,37696.06283372128,8006353.479675293,0.0,0.004718071610149366,-0.1912826931192999,3882303.2204505894,4135421.6206231643
2016-06-14,8034923.009057933,37696.06283372128,7997226.946224213,0.0,-0.001134569522831863,-0.19220023912827333,3881465.5474604303,4140724.2265076013
2016-06-15,8016866.903020794,37696.06283372128,7979170.840187073,0.0,-0.002247203366701145,-0.1940155294705247,3928255.3336135955,4184119.1127041997
2016-06-16,7951051.148996288,37696.06283372128,7913355.086162567,0.0,-0.008209660310027789,-0.20063238818872942,3896735.0826501865,4156570.7389183384
2016-06-17,7937574.176294262,37696.06283372128,7899878.113460541,0.0,-0.0016949925801605925,-0.20198731035957018,3910832.015889153,4170284.0669660917
2016-06-20,8000157.236638958,37696.06283372128,7962461.173805237,0.0,0.00788440636329435,-0.19569545403137945,3943525.102529074,4200117.995426578
2016-06-21,8087047.634767467,37696.06283372128,8049351.571933746,0.0,0.010861086295975708,-0.1869598329493688,3934622.022299961,4196979.226526412
2016-06-22,8013493.549768383,37696.06283372128,7975797.486934662,0.0,-0.009095295133772163,-0.19435467322430577,3926867.470272199,4187745.645160578
2016-06-23,7988284.449026043,37696.06283372128,7950588.386192322,0.0,-0.003145831538489019,-0.19688909770211305,3958818.711468268,4211850.50942299
2016-06-24,7906858.845766002,37696.06283372128,7869162.7829322815,0.0,-0.010193127670856561,-0.20507530966309218,3871772.4742885893,4129570.5411364697
2016-06-27,8135728.300649578,37696.06283372128,8098032.237815857,0.0,0.028945686188154296,-0.18206566903338428,3874692.4097422883,4146727.6763059376
2016-06-28,8145946.787435466,37696.06283372128,8108250.724601746,0.0,0.0012560014799256614,-0.18103834230320826,3890560.282782158,4167480.3937122314
2016-06-29,8167654.048688823,37696.06283372128,8129957.985855103,0.0,0.002664792911100111,-0.17885597908331496,3927010.977865937,4209747.977681293
2016-06-30,8295120.594709331,37696.06283372128,8257424.53187561,0.0,0.015606261634082186,-0.16604099065362699,3967099.613823552,4254666.5669943085
2016-07-01,8299508.24058125,10338.996394848451,8289169.244186401,20000.0,0.0005289429878472252,-0.16559987388348119,4006533.440214665,4303342.838204236
2016-07-04,8380804.247516369,10338.996394848451,8370465.251121521,0.0,0.009795279982687921,-0.1574266910305797,4026907.1092763334,4330285.229155934
2016-07-05,8274138.199619031,10338.996394848451,8263799.203224182,0.0,-0.012727423854214104,-0.16815047866208133,4010189.8671362177,4317518.150009667
2016-07-07,8308440.482120251,10338.996394848451,8298101.485725403,0.0,0.004145722693246867,-0.16470186122410424,4011128.0509422487,4316967.115446856
2016-07-08,8276647.0122334715,10338.996394848451,8266308.015838623,0.0,-0.0038266471253178835,-0.16789825244563428,4004056.202753873,4310415.096233927
2016-07-11,8327168.897762036,10338.996394848451,8316829.9013671875,0.0,0.006104148872591697,-0.16281897950141877,4073667.3740563504,4378965.230989117
2016-07-12,8320960.381007886,10338.996394848451,8310621.384613037,0.0,-0.000745573535300692,-0.16344315951455857,4099236.0538977343,4404009.34823529
2016-07-13,8229985.790645337,10338.996394848451,8219646.794250488,0.0,-0.010933183935137203,-0.1725893893237831,4098490.4866968472,4394671.360462258
2016-07-14,8314283.512675976,10338.996394848451,8303944.516281128,0.0,0.01024275426167276,-0.16411442576512592,4120379.2497867825,4418154.163282496
2016-07-15,8289952.27687428,10338.996394848451,8279613.280479431,0.0,-0.002926438070652959,-0.16656059313227645,4109026.145201631,4405325.791631955
2016-07-18,8218532.297687268,10338.996394848451,8208193.301292419,0.0,-0.008615246119841435,-0.17374087874841648,4093295.0061205337,4385639.536222768
2016-07-19,8234100.619250989,10338.996394848451,8223761.62285614,0.0,0.0018942946258302396,-0.17217570053548648,4102844.0917697013,4395406.272537889
2016-07-20,8323658.965297436,10338.996394848451,8313319.968902588,0.0,0.010876518297221693,-0.163171854395476,4120787.9728269666,4421797.329938951
2016-07-21,8299509.8919713255,10338.996394848451,8289170.895576477,0.0,-0.002901256938420027,-0.16559970785917622,4093968.224645342,4400611.0526081035
2016-07-22,8316043.396381116,10338.996394848451,8305704.399986267,0.0,0.0019921061153000963,-0.16393749393459434,4108929.836899059,4425563.380591779
2016-07-25,8393264.118434643,10338.996394848451,8382925.122039795,0.0,0.00928575265577991,-0.15617402429849936,4154367.154459355,4473416.681086833
2016-07-26,8348287.296794629,10338.996394848451,8337948.30039978,0.0,-0.005358680604513499,-0.16069581818807566,4132718.92722755,4451617.777701075
2016-07-27,8514076.333804822,10338.996394848451,8503737.337409973,0.0,0.019859047864086765,-0.14402803626894434,4144817.599013589,4468701.643075155
2016-07-28,8570946.410983777,10338.996394848451,8560607.414588928,0.0,0.006679535741669795,-0.1383105409433354,4169111.720684836,4493653.97105883
2016-07-29,8611038.32474873,10338.996394848451,8600699.328353882,0.0,0.004677653066827547,-0.13427985660252595,4155738.0209320635,4488357.401726118
2016-08-01,8745703.735156678,11857.21223034653,8733846.52292633,20000.0,0.01563869597710532,-0.12074112247867685,4174799.837126032,4511449.533819762
2016-08-02,8724500.491424225,11857.21223034653,8712643.279193878,0.0,-0.0024244182486101717,-0.12287281374659209,4168201.881588965,4496596.046989874
2016-08-03,8584520.798965119,11857.21223034653,8572663.586734772,0.0,-0.01604443630861163,-0.13694582502098662,4130473.1130159865,4448560.292830795
2016-08-04,8624588.081449173,11857.21223034653,8612730.869218826,0.0,0.004667387198698858,-0.13291761701290594,4133494.284614844,4458247.388631051
2016-08-05,8730154.858079575,11857.21223034653,8718297.645849228,0.0,0.012240210852210831,-0.12230434581890648,4197325.975801949,4529286.091166266
2016-08-08,8823082.225310944,11857.21223034653,8811225.013080597,0.0,0.010644412240335743,-0.11296179145425178,4210957.124409542,4550321.047888786
2016-08-09,8650340.530320786,11857.21223034653,8638483.318090439,0.0,-0.01957838435355508,-0.1303285664374494,4194957.18844522,4531992.567708675
2016-08-10,8602927.561393403,11857.21223034653,8591070.349163055,0.0,-0.005481052307847678,-0.13509528105544666,4145192.3554572314,4475745.7865693495
2016-08-11,8547252.440835617,11857.21223034653,8535395.22860527,0.0,-0.006471648187255874,-0.14069264011195326,4153337.717322588,4483433.957839395
2016-08-12,8563892.766046189,11857.21223034653,8552035.553815842,0.0,0.001946862494790702,-0.13901968684148958,,4519076.439974999
2016-08-16,8556974.81567254,11857.21223034653,8545117.603442192,0.0,-0.0008078044135579887,-0.1397151905384455,4177700.161860935,4514032.879494173
2016-08-17,8574993.539445542,11857.21223034653,8563136.327215195,0.0,0.002105735281585863,-0.13790365846295005,4168757.493928318,4516769.988593985
2016-08-18,8724035.396197937,11857.21223034653,8712178.18396759,0.0,0.01738098764352336,-0.12291957260316788,4192540.251166134,4545369.985718553
2016-08-19,8752186.072820328,11857.21223034653,8740328.860589981,0.0,0.0032267953239459857,-0.1200894135813192,4189470.9296449204,4550044.153595388
2016-08-22,8721953.4169003,11857.21223034653,8710096.204669952,0.0,-0.0034542976655758117,-0.12312888666590072,4171223.0531878225,4529132.327740866
2016-08-23,8693687.073587082,11857.21223034653,8681829.861356735,0.0,-0.0032408271360915286,-0.12597067436484877,4172890.362263942,4526641.480377047
2016-08-24,8625192.069543503,11857.21223034653,8613334.857313156,0.0,-0.007878705946488318,-0.1328568944101356,4181446.414643518,4542817.272601546
2016-08-25,8578282.842006348,11857.21223034653,8566425.629776001,0.0,-0.005438629906317938,-0.137572964837254,4153361.7922837664,4516646.857725989
2016-08-26,8628652.23750367,11857.21223034653,8616795.025273323,0.0,0.005871734055057365,-0.13250902264488684,4143863.0399537343,4511295.770394362
2016-08-29,8700262.302543305,11857.21223034653,8688405.090312958,0.0,0.008299101999775571,-0.12530962653993172,4160733.450984978,4527410.297504052
2016-08-30,8824279.120187424,11857.21223034653,8812421.907957077,0.0,0.014254376860323603,-0.11284146032053466,4226908.910451509,4589500.08880861
2016-08-31,8877172.896831177,11857.21223034653,8865315.68460083,0.0,0.005994118717612462,-0.10752372671235222,4247138.958712295,4607151.949853119
2016-09-01,8898335.519809574,11252.551126330625,8887082.968683243,20000.0,0.002383937231407396,-0.10539611929631398,4261555.928009219,4617095.761768063
2016-09-02,8857134.325935215,11252.551126330625,8845881.774808884,0.0,-0.004630213570013919,-0.1095383263245353,4278554.264220959,4635813.1477309065
2016-09-06,8956314.96206078,11252.551126330625,8945062.410934448,0.0,0.011197824541866463,-0.0995670927414608,4343317.735474116,4704010.428349923
2016-09-07,8956936.695754856,11252.551126330625,8945684.144628525,0.0,6.941847140362611e-05,-0.09950458606543733,4331151.878270786,4699192.258607429
2016-09-08,9010743.065336078,11252.551126330625,8999490.514209747,0.0,0.006007228967770173,-0.09409510392950537,4347931.569588731,4721121.657190019
2016-09-09,8891102.429345936,11252.551126330625,8879849.878219604,0.0,-0.013277554927783375,-0.10612330594642927,4306261.457389309,4679640.877443759
2016-09-12,8576126.64832291,11252.551126330625,8564874.097196579,0.0,-0.03542595347719957,-0.1377897401243241,4232876.9270591205,4583862.033298832
2016-09-14,8811245.642762989,11252.551126330625,8799993.091636658,0.0,0.02741552265742908,-0.11415179520923457,4238219.2612970965,4605358.900554845
2016-09-15,8848723.262063831,11252.551126330625,8837470.7109375,0.0,0.004253384915176461,-0.11038394181784139,4245965.740798947,4609930.340433225
2016-09-16,8816459.48196587,11252.551126330625,8805206.930839539,0.0,-0.0036461508787694052,-0.1136276161901496,4264081.015676387,4625064.7141029
2016-09-19,8918331.071098179,11252.551126330625,8907078.519971848,0.0,0.011554705076418426,-0.1033858447073448,4277947.180784825,4641496.078500804
2016-09-20,9017754.572999805,11252.551126330625,9006502.021873474,0.0,0.011148218327959425,-0.09339019434820339,4262163.011445352,4626979.434368666
2016-09-21,9066142.890436023,11252.551126330625,9054890.339309692,0.0,0.00536589425277767,-0.08852542200254465,4262770.094881486,4627844.497021819
2016-09-22,9255448.176029056,11252.551126330625,9244195.624902725,0.0,0.0208804656931596,-0.06949340834648154,4306625.707450989,4678065.787773338
2016-09-23,9216309.032283634,11252.551126330625,9205056.481157303,0.0,-0.004228768072710887,-0.07342830491271302,4289190.081451659,4666884.822818755
2016-09-26,9154979.892042011,11252.551126330625,9143727.34091568,0.0,-0.006654414476206738,-0.07959409701374531,4236495.239195264,4620462.508397943
2016-09-27,9219260.135572284,11252.551126330625,9208007.584445953,0.0,0.007021341858560515,-0.0731316125202418,4228409.172396325,4614408.879580374
2016-09-28,9340195.080455631,11252.551126330625,9328942.5293293,0.0,0.013117641015109482,-0.060973285745028916,4247228.7589164665,4642206.708769572
2016-09-29,8811595.702304691,11252.551126330625,8800343.15117836,0.0,-0.056594040445368754,-0.11411660159085646,4172484.4565461255,4532189.01780895
2016-09-30,9031112.38981232,11252.551126330625,9019859.83868599,0.0,0.02491225141550868,-0.09204725164486272,4182149.4145629457,4568017.330986139
2016-10-03,9418802.955456723,16128.760209071463,9402674.19524765,20000.0,0.04292832919250822,-0.053070357172230964,4263804.428909525,4672893.309118675
2016-10-04,9440541.766802777,16128.760209071463,9424413.006593704,0.0,0.0023080227337657355,-0.050884822029307775,4278955.830762716,4694886.070973729
2016-10-05,9510935.715020169,16128.760209071463,9494806.954811096,0.0,0.0074565581039987006,-0.043807689557382234,4266659.254941179,4693521.103274232
2016-10-06,9494428.203963269,16128.760209071463,9478299.443754196,0.0,-0.0017356348051885684,-0.04546729021184004,4249873.392515701,4675995.233051841
2016-10-07,9450275.17635249,16128.760209071463,9434146.416143417,0.0,-0.004650414607627273,-0.049906263068896894,4244042.228077485,4669760.4871150805
2016-10-10,9436760.288872708,16128.760209071463,9420631.528663635,0.0,-0.0014301051797518394,-0.05126499704333187,4249507.425833626,4673172.603441563
2016-10-13,9331186.660717953,16128.760209071463,9315057.90050888,0.0,-0.011187486480846776,-0.061878957062815654,4183413.7477470925,4602231.542505594
2016-10-14,9431566.500845898,16128.760209071463,9415437.740636826,0.0,0.01075745709283904,-0.051787160195529536,4188318.0825021886,4615569.81541821
2016-10-17,9438968.649649609,16128.760209071463,9422839.889440536,0.0,0.0007848270807448987,-0.05104297708054095,4157576.881207905,4581231.456893604
2016-10-18,9540560.53491496,16128.760209071463,9524431.774705887,0.0,0.010763028148114584,-0.040829325931507676,4234429.884443615,4660516.5114564365
2016-10-19,9663326.483246792,16128.760209071463,9647197.72303772,0.0,0.012867791979575438,-0.028486917224685215,4225255.938397645,4657662.983775731
2016-10-20,9679781.595005978,16128.760209071463,9663652.834796906,0.0,0.001702841333956151,-0.026832584590856245,4244920.9293297585,4676956.708302219
2016-10-21,9825493.141846646,16128.760209071463,9809364.381637573,0.0,0.015053185385488721,-0.012183315075585344,4241822.125510056,4678756.066521263
2016-10-24,10029359.74256419,16128.760209071463,10013230.982355118,0.0,0.020748739811264905,0.0,4249580.809777688,4684866.614331794
2016-10-25,10202615.201100338,16128.760209071463,10186486.440891266,0.0,0.01727482740506936,0.0,4240968.203251881,4678631.868395032
2016-10-26,10076484.681134213,16128.760209071463,10060355.92092514,0.0,-0.012362567584879858,-0.012362567584879858,4203859.276993318,4638461.953460527
2016-10-27,9949042.095440853,16128.760209071463,9932913.335231781,0.0,-0.01264752438238359,-0.02485373609230479,4203859.276993318,4623200.427124895
2016-10-28,10063010.93765353,16128.760209071463,10046882.177444458,0.0,0.011455257814710018,-0.013683184232190948,4214960.266349588,4649225.690093067
2016-11-01,10144763.544611612,15172.087456385489,10129591.457155228,20000.0,0.008124070167923714,-0.0056702772130901025,4229226.788330415,4674250.867449247
2016-11-02,9948178.085608164,15172.087456385489,9933005.99815178,0.0,-0.019378022773913206,-0.024938421226033625,4174193.522775848,4605216.670541732
2016-11-03,9773132.925818125,15172.087456385489,9757960.83836174,0.0,-0.017595700266290315,-0.04209531250731624,4159951.1564892065,4575746.495481771
2016-11-04,9437771.73809115,15172.087456385489,9422599.650634766,0.0,-0.03431460415738696,-0.07496543267913314,4134849.0278025377,4532132.94849513
2016-11-07,9572375.208384195,15172.087456385489,9557203.12092781,0.0,0.014262208710746904,-0.06177239661534739,4165883.281351932,4567553.439999787
2016-11-08,9629805.090431849,15172.087456385489,9614633.002975464,0.0,0.005999543561283627,-0.05614345923844244,4188681.026102822,4589422.2751810625
2016-11-09,9296621.424385706,15172.087456385489,9281449.336929321,0.0,-0.03459921181345538,-0.08880015161376686,4133991.0481613753,4515528.708951437
2016-11-10,9475260.422815958,15172.087456385489,9460088.335359573,0.0,0.0192154752006648,-0.07129101352425171,4179954.2432236536,4574624.821739167
2016-11-11,9069461.458771387,15172.087456385489,9054289.371315002,0.0,-0.04282720958966224,-0.11106502793585138,4067460.7596585737,4440170.6085756505
2016-11-15,8329654.162554423,15172.087456385489,8314482.075098038,0.0,-0.08157124869872745,-0.18357656361909236,3975362.9651190974,4309298.93677175
2016-11-16,8415974.164545694,15172.087456385489,8400802.07708931,0.0,0.010362975497748561,-0.17511598755208935,3976907.280594862,4316557.416246877
2016-11-17,8414988.880461374,15172.087456385489,8399816.79300499,0.0,-0.00011707308804143057,-0.17521255927070256,3961390.153820165,4301199.27804566
2016-11-18,8280585.293043773,15172.087456385489,8265413.205587387,0.0,-0.01597192691836724,-0.18838600399721805,3958522.0025699507,4304345.562245826
2016-11-21,7872174.124540965,15172.087456385489,7857002.0370845795,0.0,-0.04932153393141181,-0.22841605124027786,3887432.2608736274,4212788.144417858
2016-11-22,8040856.873318355,15172.087456385489,8025684.785861969,0.0,0.021427720742549727,-0.21188276585682075,3923320.1799432696,4258738.1314216405
2016-11-23,8295424.29651324,15172.087456385489,8280252.209056854,0.0,0.0316592407010261,-0.186931572640455,3938518.6764438627,4288239.641549539
2016-11-24,8250790.367851893,15172.087456385489,8235618.280395508,0.0,-0.005380548006460262,-0.1913063263464002,3905278.1895314795,4260108.964587947
2016-11-25,8418197.946215311,15172.087456385489,8403025.858758926,0.0,0.02028988386563535,-0.1748980256250946,3978230.876977671,4336899.959817997
2016-11-28,8526535.79003779,15172.087456385489,8511363.702581406,0.0,0.012869481629519841,-0.16427939092339627,3984408.3782723695,4351011.996676739
2016-11-29,8646848.941210428,15172.087456385489,8631676.853754044,0.0,0.014110437595677316,-0.15248700742159937,3991885.0580025,4363597.741925325
2016-11-30,8749079.831326166,15172.087456385489,8733907.743869781,0.0,0.011822906912194453,-0.14246694020346962,4032259.1764235334,4410824.861115561
2016-12-01,8613380.844531933,8693.107086100732,8604687.737445831,20000.0,-0.015510086707445692,-0.15576735231541505,4036766.706987854,4406432.488181396
2016-12-02,8461446.940372387,8693.107086100732,8452753.833286285,0.0,-0.017639287859423813,-0.17065901500824698,3984489.333593384,4348255.752922307
2016-12-05,8488960.60453407,8693.107086100732,8480267.497447968,0.0,0.0032516500257662173,-0.1679622883730295,4005158.8332473664,4371382.565332327
2016-12-06,8563367.77991859,8693.107086100732,8554674.672832489,0.0,0.008765169123859495,-0.1606693371131901,4012253.884278579,4382241.843622959
2016-12-07,8542857.059451977,8693.107086100732,8534163.952365875,0.0,-0.0023951698670132693,-0.16267967662539684,3992003.2406771327,4363214.803769965
2016-12-08,8694176.021701733,8693.107086100732,8685482.914615631,0.0,0.017712922175413537,-0.14784828690157037,4063348.3080979087,4437101.1706743315
2016-12-09,8723762.990837017,8693.107086100732,8715069.883750916,0.0,0.0034030791487809076,-0.14494834717512717,4070689.9573220275,4444549.218157544
2016-12-12,8603797.214443127,8693.107086100732,8595104.107357025,0.0,-0.013751608855020026,-0.1567066830556132,4025877.4119563275,4395761.160701243
2016-12-13,8586186.220550457,8693.107086100732,8577493.113464355,0.0,-0.0020468862124163323,-0.15843280851908947,4051005.888105258,4409624.595848794
2016-12-14,8486023.788574139,8693.107086100732,8477330.681488037,0.0,-0.01166553221692146,-0.1682501377040141,4031617.7367199752,4384150.690390845
2016-12-15,8531099.752063671,8693.107086100732,8522406.64497757,0.0,0.005311788490414582,-0.1638320583585664,4017402.854546458,4374512.022729565
2016-12-16,8502689.328781048,8693.107086100732,8493996.221694946,0.0,-0.0033302181557249844,-0.16661668001905583,4010430.982319897,4366531.906366608
2016-12-19,8416958.532462994,8693.107086100732,8408265.425376892,0.0,-0.010082785928431037,-0.17501950563074886,3993136.630030089,4345783.664945133
2016-12-20,8260196.358238139,8693.107086100732,8251503.251152039,0.0,-0.01862456297250903,-0.19038440679922064,3982321.434748236,4323720.990294603
2016-12-21,8245007.98013679,8693.107086100732,8236314.87305069,0.0,-0.0018387429841424385,-0.19187308179107088,3971925.0955189187,4316147.642271072
2016-12-22,8048147.747936168,8693.107086100732,8039454.640850067,0.0,-0.023876293713102847,-0.2111681574476919,3931424.048899628,4266295.44705528
2016-12-23,8066200.669074931,8693.107086100732,8057507.561988831,0.0,0.002243115025241993,-0.20939871688927336,3934700.5569866407,4265387.782165651
2016-12-26,7827893.941322246,8693.107086100732,7819200.834236145,0.0,-0.029543863031616824,-0.2327561329101172,3896515.127544639,4208776.081216254
2016-12-27,8033391.912967601,8693.107086100732,8024698.8058815,0.0,0.026252012761767585,-0.2126144371198857,3957907.4918997264,4276090.587586421
2016-12-28,8119070.9271735335,8693.107086100732,8110377.820087433,0.0,0.010665359680464226,-0.2042166868845644,3958892.9223369393,4285729.2552477
2016-12-29,8214646.145606914,8693.107086100732,8205953.038520813,0.0,0.011771693989456544,-0.19484896924065365,3992767.0936161345,4328321.353790758
2016-12-30,8285563.078750529,8693.107086100732,8276869.971664429,0.0,0.008632986970661172,-0.18789811088269381,4033268.1402354245,4370474.900442699
2017-01-02,8422669.898924755,13276.60039417562,8409393.298530579,20000.0,0.01654767682909264,-0.17445971126928506,4050164.130591645,4402805.084832247
2017-01-03,8518424.168753551,13276.60039417562,8505147.568359375,0.0,0.011368636189935444,-0.16507444406657124,4056477.4251286024,4419309.709391597
2017-01-04,8493753.702208446,13276.60039417562,8480477.10181427,0.0,-0.0028961303236810787,-0.16749249728712634,4055610.8945058826,4420567.204596119
2017-01-05,8703941.657164501,13276.60039417562,8690665.056770325,0.0,0.02474617964274195,-0.14689111707106306,4096857.655436331,4468446.273107156
2017-01-06,8649822.066397594,13276.60039417562,8636545.466003418,0.0,-0.006217825543713196,-0.15219559927490722,4082002.844761137,4453482.202975612
2017-01-09,8740593.002272533,13276.60039417562,8727316.401878357,0.0,0.010493965676769301,-0.14329876899308402,4078165.352003379,4454771.012757981
2017-01-10,8837407.248953747,13276.60039417562,8824130.64855957,0.0,0.011076393404434004,-0.13380960912838857,4104185.931991753,4484353.771647758
2017-01-11,9084615.489035534,13276.60039417562,9071338.888641357,0.0,0.02797293743717133,-0.10957971951585799,4149765.8295908347,4535879.453449642
2017-01-12,9050312.540701794,13276.60039417562,9037035.940307617,0.0,-0.003775938384529498,-0.11294189163130164,4162912.2403273745,4547008.408811928
2017-01-13,8999341.865172314,13276.60039417562,8986065.264778137,0.0,-0.00563192434518156,-0.11793773578741396,4159520.1017568507,4544776.170620502
2017-01-16,9034474.883040356,13276.60039417562,9021198.28264618,0.0,0.0039039541329135563,-0.11449420516555409,4165684.9448980633,4557131.306609462
2017-01-17,9074630.028250622,13276.60039417562,9061353.427856445,0.0,0.0044446573519891786,-0.1105584353243142,4158356.668342641,4554427.50771634
2017-01-18,9232557.175337719,13276.60039417562,9219280.574943542,0.0,0.01740314994610781,-0.0950793504059626,4167764.7151035974,4570366.3208347885
2017-01-19,9228629.677824901,13276.60039417562,9215353.077430725,0.0,-0.00042539650047423994,-0.09546430048350685,4176726.9241222837,4582155.338377181
2017-01-20,9033657.09140675,13276.60039417562,9020380.491012573,0.0,-0.0211269270980331,-0.1145743602647602,4134266.923609021,4528711.792185001
2017-01-23,9243259.304564403,13276.60039417562,9229982.704170227,0.0,0.02320236544699461,-0.09403039099548416,4155138.1260296823,4553735.8239527205
2017-01-24,9348546.03430836,13276.60039417562,9335269.433914185,0.0,0.011390649799466912,-0.08371080845035372,4196880.047315971,4599445.897439357
2017-01-25,9504763.282538341,13276.60039417562,9491486.682144165,0.0,0.0167103256117771,-0.06839931770500707,4259740.751200841,4663861.212093256
2017-01-27,9546448.319151806,13276.60039417562,9533171.71875763,0.0,0.0043856996091682365,-0.0643135969567652,4278804.424900672,4687407.625594529
2017-01-30,9546820.437148022,13276.60039417562,9533543.836753845,0.0,3.897973191446802e-05,-0.06427712415161846,4274595.561876034,4685521.382787747
2017-01-31,9393394.372816967,13276.60039417562,9380117.77242279,0.0,-0.01607090709845682,-0.07931503955927866,4239216.257740274,4639717.058561904
2017-02-01,9632908.481582232,12329.374229021487,9620579.10735321,20000.0,0.025498142552002445,-0.05583928319247644,4336015.919064048,4745698.293171088
2017-02-02,9692705.220534869,12329.374229021487,9680375.846305847,0.0,0.006207547706589933,-0.04997836050020554,4344895.29437158,4765303.7143928
2017-02-03,9688498.364272662,12329.374229021487,9676168.99004364,0.0,-0.0004340229240950011,-0.05039069167013477,4348228.339233434,4779699.706569783
2017-02-06,9780672.08266408,12329.374229021487,9768342.708435059,0.0,0.009513725958949282,-0.04135636894261696,4378125.183263202,4816447.808928618
2017-02-07,9740538.078597613,12329.374229021487,9728208.704368591,0.0,-0.004103399411335307,-0.04529006665397817,4361833.535910463,4800725.797084156
2017-02-08,9716189.70791585,12329.374229021487,9703860.333686829,0.0,-0.002499694625214044,-0.047676549943001634,4362206.627071212,4808018.442797832
2017-02-09,9740116.309295245,12329.374229021487,9727786.935066223,0.0,0.002462549836784511,-0.045331405986497875,4366858.121686029,4813606.470343295
2017-02-10,9694346.49723775,12329.374229021487,9682017.123008728,0.0,-0.004699103234918844,-0.049817492264902064,4374394.271655705,4818436.684277351
2017-02-13,9617821.316588946,12329.374229021487,9605491.942359924,0.0,-0.00789379466378759,-0.05731803787408574,4380115.002787202,4815721.750728918
2017-02-14,9519152.04888875,12329.374229021487,9506822.674659729,0.0,-0.010259004035561459,-0.06698901592778661,4373772.453054455,4801893.656303037
2017-02-15,9373422.331279345,12329.374229021487,9361092.957050323,0.0,-0.015309107036105996,-0.08127258094881062,4340144.697417188,4755516.881487797
2017-02-16,9605420.183890887,12329.374229021487,9593090.809661865,0.0,0.024750602758755402,-0.05853352355629804,4366658.945415316,4798358.01492972
2017-02-17,9617723.861243792,12329.374229021487,9605394.48701477,0.0,0.0012809098527037932,-0.057327589870631024,4388397.820874159,4822698.692155336
2017-02-20,9732988.94783742,12329.374229021487,9720659.573608398,0.0,0.011984653360459507,-0.046029987802761574,4417001.476531642,4856700.105554031
2017-02-21,9767898.416282244,12329.374229021487,9755569.042053223,0.0,0.0035867161292297833,-0.04260836817321212,4431253.267394814,4877789.090281881
2017-02-22,9667729.542728014,12329.374229021487,9655400.168498993,0.0,-0.01025490533227258,-0.05242632872350583,4440730.171514483,4875484.510645891
2017-02-23,9667191.825839587,12329.374229021487,9654862.451610565,0.0,-5.561976946610869e-05,-0.0524790325526544,4446997.908696767,4880567.226348759
2017-02-27,9743754.88759572,12329.374229021487,9731425.5133667,0.0,0.007919886471217774,-0.04497477406137307,4425706.936949136,4865950.179509701
2017-02-28,9835727.113261767,12329.374229021487,9823397.739032745,0.0,0.00943909475628657,-0.035960200459094316,4417200.167006572,4867591.9034644365
2017-03-01,9894181.291478274,10936.609715579543,9883244.681762695,20000.0,0.005943045953124448,-0.030230867629781777,4470131.777287909,4916384.196123373
2017-03-02,9822776.361317752,10936.609715579543,9811839.751602173,0.0,-0.007216860906118838,-0.03722955656914528,4447121.124270206,4876411.088703967
2017-03-03,9955757.777119754,10936.609715579543,9944821.167404175,0.0,0.013538068150027893,-0.024195504693145797,4446021.70742684,4879295.918275176
2017-03-06,10023251.401837466,10936.609715579543,10012314.792121887,0.0,0.00677935584901701,-0.01758017878039031,4478951.5109883,4910487.925188421
2017-03-07,10004436.249776004,10936.609715579543,9993499.640060425,0.0,-0.0018771505679298084,-0.01942432870573818,4470681.7296991255,4904084.587954764
2017-03-08,9926670.479931949,10936.609715579543,9915733.87021637,0.0,-0.007773128630390924,-0.027046469530540462,4459388.430095931,4888647.236194165
2017-03-09,9883484.878155826,10936.609715579543,9872548.268440247,0.0,-0.004350461905976211,-0.03127926680113302,4460737.69222283,4888044.824095703
2017-03-10,9908986.238591311,10936.609715579543,9898049.628875732,0.0,0.002580199266743355,-0.028779774275654257,4464510.258408385,4888615.351072818
2017-03-14,10120311.379216311,10936.609715579543,10109374.769500732,0.0,0.02132661561300564,-0.008066933846054503,4540688.182953832,4967705.311099528
2017-03-15,10152841.353985904,10936.609715579543,10141904.744270325,0.0,0.0032143254837393442,-0.004878538113352149,4539588.766110466,4979814.537232908
2017-03-16,10291728.024747012,10936.609715579543,10280791.415031433,0.0,0.013679586424994561,0.0,4574017.641373131,5026602.70238492
2017-03-17,10204608.472813724,10936.609715579543,10193671.863098145,0.0,-0.008465007210043396,-0.008465007210043396,4577190.481282391,5029487.531956128
2017-03-20,10204056.043843387,10936.609715579543,10193119.434127808,0.0,-5.413524407216208e-05,-0.00851868419888413,4560600.656859893,5020294.710951019
2017-03-21,10198324.604054568,10936.609715579543,10187387.99433899,0.0,-0.00056168250783728,-0.009075581910817143,4557927.507517704,5014335.288901944
2017-03-22,10085753.608388064,10936.609715579543,10074816.998672485,0.0,-0.01103818519580646,-0.020013589152732325,4512430.778981907,4964186.80343708
2017-03-23,10169138.91692078,10936.609715579543,10158202.3072052,0.0,0.008267632917719148,-0.01191142124349387,4540338.301961069,4999436.578997113
2017-03-24,10137177.13969147,10936.609715579543,10126240.529975891,0.0,-0.003143017072578913,-0.015017000515745837,4551181.684862276,5011862.489393969
2017-03-27,10086624.04670441,10936.609715579543,10075687.43698883,0.0,-0.004986900425082208,-0.019929012654572587,4519801.214846171,4986502.98317298
2017-03-28,10186247.080678103,10936.609715579543,10175310.470962524,0.0,0.009876747017872889,-0.010249099453004784,4547583.815183567,5016173.791190108
2017-03-29,10193769.816685794,10936.609715579543,10182833.206970215,0.0,0.0007385189018200844,-0.009518149704857426,4569070.509567523,5037221.995614959
2017-03-30,10224554.68569672,10936.609715579543,10213618.07598114,0.0,0.003019969016814006,-0.006526925205249445,4584036.339647046,5057256.067442398
2017-03-31,10311490.457249759,10936.609715579543,10300553.84753418,0.0,0.008502646249685109,0.0,4584036.339647046,5068762.881477314
2017-04-03,10429670.590759661,41457.84024849141,10388212.75051117,20000.0,0.011461013710856172,0.0,4636066.309804526,5125597.626176158
2017-04-05,10487642.22534218,41457.84024849141,10446184.385093689,0.0,0.005558338020174913,0.0,4649767.359024468,5152297.715472745
2017-04-06,10449859.360634234,41457.84024849141,10408401.520385742,0.0,-0.003602608088274506,-0.003602608088274506,4648161.323171923,5150388.302005345
2017-04-07,10371244.922073748,41457.84024849141,10329787.081825256,0.0,-0.0075230140279816116,-0.011098519645070692,4616218.019907601,5120633.27547169
2017-04-10,10521093.774963763,41457.84024849141,10479635.934715271,0.0,0.014448492347440611,0.0,4607761.949538418,5124929.455773341
2017-04-11,10644533.96010628,41457.84024849141,10603076.119857788,0.0,0.011732638049121613,0.0,4635639.928604735,5159935.369342346
2017-04-12,10645001.796905901,41457.84024849141,10603543.95665741,0.0,4.3950895490141306e-05,0.0,4618802.772146333,5141955.059190993
2017-04-13,10656653.157791521,41457.84024849141,10615195.31754303,0.0,0.0010945381793177056,0.0,4592379.880185968,5120346.739140808
2017-04-17,10616995.509025957,41457.84024849141,10575537.668777466,0.0,-0.003721398095477002,-0.003721398095477002,4586608.541095467,5118882.97979324
2017-04-18,10481309.637436297,41457.84024849141,10439851.797187805,0.0,-0.012780063010699005,-0.016453901404027915,4569470.467330546,5093774.068386153
2017-04-19,10488196.799377825,41457.84024849141,10446738.959129333,0.0,0.0006570898274895765,-0.015807623267773407,4568642.209597619,5105135.140672572
2017-04-20,10733880.322578814,41457.84024849141,10692422.482330322,0.0,0.023424762893042184,0.0,4585153.453989515,5131930.638487142
2017-04-21,10877685.994232561,41457.84024849141,10836228.15398407,0.0,0.013397361190179424,0.0,4576621.909247036,5128493.756401207
2017-04-24,11156799.16007271,41457.84024849141,11115341.319824219,0.0,0.025659240944088335,0.0,4626079.677956094,5179188.621805299
2017-04-25,11274897.630501177,41457.84024849141,11233439.790252686,0.0,0.010585336236141218,0.0,4670568.880454258,5229692.670173423
2017-04-26,11307496.144096758,41457.84024849141,11266038.303848267,0.0,0.00289124696861065,0.0,4693277.845136446,5238698.364095677
2017-04-27,11346607.893303301,41457.84024849141,11305150.05305481,0.0,0.003458922179421897,0.0,4688410.238152168,5233193.261530324
2017-04-28,11460413.54766884,41457.84024849141,11418955.70742035,0.0,0.010029927484557444,0.0,4669289.246761553,5228164.890777958
2017-05-02,11499146.675866906,14954.31797200907,11484192.357894897,20000.0,0.0033797321568682648,0.0,4694182.338599151,5259016.599673577
2017-05-03,11497246.352971856,14954.31797200907,11482292.034999847,0.0,-0.0001652577316052506,-0.0001652577316052506,4693250.130065201,5256684.985777368
2017-05-04,11603325.39241201,14954.31797200907,11588371.074440002,0.0,0.009226473555794978,0.0,4717417.168727019,5281026.860154322
2017-05-05,11472125.61009008,14954.31797200907,11457171.292118073,0.0,-0.011307084640384879,-0.011307084640384879,4679818.255254484,5234674.725296621
2017-05-08,11552976.296830956,14954.31797200907,11538021.978858948,0.0,0.007047576838747682,-0.004339195349462477,4694308.339330245,5255662.369995755
2017-05-09,11678563.94451696,14954.31797200907,11663609.626544952,0.0,0.010870588189508812,0.0,4695719.449080422,5266268.49914257
2017-05-10,11900376.778077904,14954.31797200907,11885422.460105896,0.0,0.018993159999358022,0.0,4741306.612028147,5315783.31819612
2017-05-11,12022721.132318322,14954.31797200907,12007766.814346313,0.0,0.01028071266329933,0.0,4748917.351500412,5322683.323033735
2017-05-12,11943079.912053887,14954.31797200907,11928125.594081879,0.0,-0.006624225862675193,-0.006624225862675193,4738081.288626365,5302366.399484836
2017-05-15,12177509.599099938,14954.31797200907,12162555.28112793,0.0,0.019628913879195187,0.0,4760509.4187610205,5335652.88633598
2017-05-16,12112245.048654381,14954.31797200907,12097290.730682373,0.0,-0.0053594332991024896,-0.0053594332991024896,4794201.8173793,5366096.763363435
2017-05-17,12030961.256566826,14954.31797200907,12016006.938594818,0.0,-0.0067108774435327145,-0.012034344242598083,4801005.856858352,5364211.880949615
2017-05-18,11786313.642335717,14954.31797200907,11771359.324363708,0.0,-0.02033483518181678,-0.03212446301772043,4752470.473679179,5289556.561405344
2017-05-19,11777601.933019463,14954.31797200907,11762647.615047455,0.0,-0.0007391377474430527,-0.032839856361930764,4751689.367584471,5276171.462953281
2017-05-22,11522907.246892754,14954.31797200907,11507952.928920746,0.0,-0.021625343391225682,-0.05375502658241116,4756905.600975602,5261380.657755657
2017-05-23,11249259.77795202,14954.31797200907,11234305.459980011,0.0,-0.023748127367294924,-0.07622657273179467,4730647.245491845,5212888.142520395
2017-05-24,11094338.887285057,14954.31797200907,11079384.56931305,0.0,-0.01377165197754604,-0.08894845887823721,4717744.4753136495,5179314.025482964
2017-05-25,11390643.171171013,14954.31797200907,11375688.853199005,0.0,0.02670770082799101,-0.06461636687907713,4792941.810068363,5260646.296086982
2017-05-26,11675861.420438591,14954.31797200907,11660907.102466583,0.0,0.025039696616030227,-0.041194644486129084,4835958.2627875665,5323226.139220436
2017-05-29,11500933.75060827,14954.31797200907,11485979.432636261,0.0,-0.01498199263688682,-0.055559459262645605,4840897.885198719,5302557.944966809
2017-05-30,11668561.608434502,14954.31797200907,11653607.290462494,0.0,0.014575152023405646,-0.04179409480433116,4850801.24734846,5321373.700992488
2017-05-31,11791551.907998864,14954.31797200907,11776597.590026855,0.0,0.010540313681461688,-0.031694303992139794,4849138.136136097,5335429.520594786
2017-06-01,12006327.5857268,14382.946452202392,11991944.639274597,20000.0,0.01821436901636675,-0.014057226724402683,4866542.324199427,5365779.839814534
2017-06-02,12197004.288561882,14382.946452202392,12182621.34210968,0.0,0.01588135101875454,0.0,4885470.017475473,5391046.3369858945
2017-06-05,12362961.894114556,14382.946452202392,12348578.947662354,0.0,0.013606423481240082,0.0,4896401.207612806,5409772.165017146
2017-06-06,12223966.352870049,14382.946452202392,12209583.406417847,0.0,-0.011242899754522084,-0.011242899754522084,4877195.761879161,5385050.514853818
2017-06-07,12534127.722849907,14382.946452202392,12519744.776397705,0.0,0.025373218563141453,0.0,4890733.475969125,5407046.677455124
2017-06-08,12537078.90344149,14382.946452202392,12522695.956989288,0.0,0.00023545161313487384,0.0,4882307.000164733,5405539.893660496
2017-06-09,12703521.036852898,14382.946452202392,12689138.090400696,0.0,0.013275989940983557,0.0,4892934.738328817,5420674.115265232
2017-06-12,12624862.95025164,14382.946452202392,12610480.003799438,0.0,-0.0061918334588552115,-0.0061918334588552115,4866694.5444075065,5392425.363551053
2017-06-13,12755292.481661858,14382.946452202392,12740909.535209656,0.0,0.010331164142072247,0.0,4861886.7580951825,5391976.334465123
2017-06-14,12871590.395388665,14382.946452202392,12857207.448936462,0.0,0.009117620304983642,0.0,4867580.189254513,5400184.736458555
2017-06-15,12968030.460566582,14382.946452202392,12953647.51411438,0.0,0.007492474683817418,0.0,4847285.973655937,5386974.388427011
2017-06-16,12918202.71425158,14382.946452202392,12903819.767799377,0.0,-0.003842352658448789,-0.003842352658448789,4852346.80135312,5394188.914326479
2017-06-19,12982395.46639544,14382.946452202392,12968012.519943237,0.0,0.004969170523469346,0.0,4887519.55384854,5420898.316677732
2017-06-20,12984711.852038445,14382.946452202392,12970328.905586243,0.0,0.00017842513340471378,0.0,4885470.017475473,5421475.729254061
2017-06-21,13056814.487872185,14382.946452202392,13042431.541419983,0.0,0.005552886860744621,0.0,4875398.772669497,5414806.050362626
2017-06-22,12957100.953105034,14382.946452202392,12942718.006652832,0.0,-0.007636896033084484,-0.007636896033084484,4873577.072387093,5402140.549339114
2017-06-23,12692386.88473803,14382.946452202392,12678003.938285828,0.0,-0.020430038272069573,-0.027910912226918216,4845717.314758392,5358051.779953472
2017-06-27,12445327.243952813,14382.946452202392,12430944.29750061,0.0,-0.019465183580426038,-0.046832804776950177,4813555.853587086,5313418.163559797
2017-06-28,12594083.197566094,14382.946452202392,12579700.251113892,0.0,0.011952755495888034,-0.035439830345747714,4803358.088088681,5309698.799903813
2017-06-29,12923069.792704644,14382.946452202392,12908686.846252441,0.0,0.02612231394518094,-0.010243286775022398,4809861.053990979,5323422.055636022
2017-06-30,12972073.87843615,14382.946452202392,12957690.931983948,0.0,0.003791984916708513,-0.006490144247262353,4818363.63989941,5342981.436963471
2017-07-03,13197347.040085748,20138.171143487096,13177208.86894226,20000.0,0.017366009765337198,0.0,4885985.830841319,5417363.43097443
2017-07-04,13168432.419701532,20138.171143487096,13148294.248558044,0.0,-0.002190941883727926,-0.002190941883727926,4885121.854740795,5413694.400486083
2017-07-05,13506218.19731994,20138.171143487096,13486080.026176453,0.0,0.025651175998218312,0.0,4897470.112816232,5439955.908927525
2017-07-06,13529456.907814935,20138.171143487096,13509318.736671448,0.0,0.0017205934448478732,0.0,4916246.829482243,5459426.850919486
2017-07-07,13451038.525978997,20138.171143487096,13430900.35483551,0.0,-0.005796121926419762,-0.005796121926419762,4911800.404519179,5457946.541376903
2017-07-10,13515011.322998956,20138.171143487096,13494873.151855469,0.0,0.004755974558871667,-0.0010677135759702416,4965284.544789179,5507830.772926555
2017-07-11,13513221.04458709,20138.171143487096,13493082.873443604,0.0,-0.0001324659202333045,-0.0012000380605422523,4972906.987583003,5500074.705221273
2017-07-12,13684489.26473327,20138.171143487096,13664351.093589783,0.0,0.012674122593057335,0.0,4988177.18206274,5526207.3544456335
2017-07-13,13639491.963181451,20138.171143487096,13619353.792037964,0.0,-0.0032881973657418184,-0.0032881973657418184,5026594.591495287,5565342.212964405
2017-07-14,13485935.968148187,20138.171143487096,13465797.7970047,0.0,-0.011258190220557629,-0.014509368434873271,5023875.622480484,5561737.926375372
2017-07-17,13431444.47642608,20138.171143487096,13411306.305282593,0.0,-0.004040616227958371,-0.01849135787327627,5038917.540678635,5573838.749731752
2017-07-18,13329614.762246087,20138.171143487096,13309476.5911026,0.0,-0.007581441769626274,-0.02593260848994494,4993792.778589753,5528974.9989959495
2017-07-19,13498918.170960382,20138.171143487096,13478779.999816895,0.0,0.012701297954522905,-0.01356068832259083,5030608.780281696,5575544.720049617
2017-07-20,13761511.911446527,20138.171143487096,13741373.74030304,0.0,0.019452947055494496,0.0,5017244.196500414,5562316.849979924
2017-07-21,13803261.531166986,20138.171143487096,13783123.360023499,0.0,0.0030337959948814053,0.0,5038561.727431033,5580436.3416463835
2017-07-24,13813357.857300714,20138.171143487096,13793219.686157227,0.0,0.0007314449639985732,0.0,5064554.455859088,5601741.484591746
2017-07-25,13834469.808617547,20138.171143487096,13814331.63747406,0.0,0.0015283721405707773,0.0,5063614.056829511,5606729.907746711
2017-07-26,13769714.409234002,20138.171143487096,13749576.238090515,0.0,-0.0046807286639354295,-0.0046807286639354295,5092122.290630085,5631286.074451836
2017-07-27,13641613.397629693,20138.171143487096,13621475.226486206,0.0,-0.009303098655292663,-0.0139402820386888,5092071.176593122,5623787.096599172
2017-07-28,13709829.760491326,20138.171143487096,13689691.58934784,0.0,0.005000608129936079,-0.009009383796448889,5088996.890583503,5630449.432413118
2017-07-31,13728372.738556817,20138.171143487096,13708234.56741333,0.0,0.0013525316061129278,-0.007669037666672374,5120807.686675282,5659961.336032778
2017-08-01,13801121.52583725,19657.953274079016,13781463.572563171,20000.0,0.005299155891660412,-0.002410521201146709,5159889.598804717,5692383.993141091
2017-08-02,13954972.405380554,19657.953274079016,13935314.452106476,0.0,0.01114770848552249,0.0,5142978.252472787,5675751.115860765
2017-08-03,13804428.725963898,19657.953274079016,13784770.77268982,0.0,-0.010787816345563805,-0.010787816345563805,5108365.4403461795,5638577.568720031
2017-08-04,13828910.130497284,19657.953274079016,13809252.177223206,0.0,0.0017734456832205758,-0.009033502268672722,5135275.334986653,5668872.265483719
2017-08-07,14170055.785816498,19657.953274079016,14150397.83254242,0.0,0.024669019619042665,0.0,5130684.0733418325,5688411.859181966
2017-08-08,13949775.994423218,19657.953274079016,13930118.04114914,0.0,-0.015545442778973961,-0.015545442778973961,5090459.221021117,5636994.896955151
2017-08-09,13656332.112106629,19657.953274079016,13636674.15883255,0.0,-0.021035741536917896,-0.0362541743995165,5054494.338136692,5579054.8543295255
2017-08-10,12904492.111507721,19657.953274079016,12884834.158233643,0.0,-0.0550543143229788,-0.08931254000958422,5009704.129727311,5489010.986753016
2017-08-11,13053291.74282486,19657.953274079016,13033633.789550781,0.0,0.011530839806120241,-0.07881154879499219,4953869.187087716,5443763.227340278
2017-08-14,13555615.229599304,19657.953274079016,13535957.276325226,0.0,0.038482514347429886,-0.043361901004808856,4996389.670230841,5517270.729705025
2017-08-16,13744379.409710236,19657.953274079016,13724721.456436157,0.0,0.013925165100493242,-0.030040557534878776,5049010.331172045,5578118.119546406
2017-08-17,13846688.347313233,19657.953274079016,13827030.394039154,0.0,0.007443692767293397,-0.022820477448433185,5052505.090334199,5583026.98828865
2017-08-18,13692563.850670166,19657.953274079016,13672905.897396088,0.0,-0.011130783966331714,-0.03369725161027781,5018453.233135116,5551343.905492878
2017-08-21,13484461.422088929,19657.953274079016,13464803.46881485,0.0,-0.015198207644001815,-0.04838332142727442,4976085.692410063,5496536.404909655
2017-08-22,13427506.651886292,19657.953274079016,13407848.698612213,0.0,-0.004223733408390995,-0.052402696584544106,4981799.362093705,5490012.062915177
2017-08-23,13665083.28737671,19657.953274079016,13645425.33410263,0.0,0.01769328004444093,-0.03563659212585746,5026156.15062125,5545368.988411596
2017-08-24,13830128.483829804,19657.953274079016,13810470.530555725,0.0,0.012077877096113854,-0.023989129409564103,5028477.188816044,5558772.180783121
2017-08-28,14246694.31881363,19657.953274079016,14227036.36553955,0.0,0.030120171007151253,0.0,5056917.504004791,5600015.004749378
2017-08-29,14095189.677990265,19657.953274079016,14075531.724716187,0.0,-0.010634371555462763,-0.010634371555462763,4997358.637667818,5536842.494092794
2017-08-30,14684980.591068573,19657.953274079016,14665322.637794495,0.0,0.041843417971116015,0.0,5042429.821724733,5595849.215855291
2017-08-31,14929034.855625458,19657.953274079016,14909376.90235138,0.0,0.016619311346268928,0.0,5059519.51784712,5616389.8857157
2017-09-01,15065714.953033036,22186.934814042164,15043528.018218994,20000.0,0.009155320402783662,0.0,5108342.438172935,5675339.759556276
2017-09-04,14985417.02568013,22186.934814042164,14963230.090866089,0.0,-0.005329845122069021,-0.005329845122069021,5076819.493870678,5639752.155578178
2017-09-05,15332735.968024796,22186.934814042164,15310549.033210754,0.0,0.023177128921368917,0.0,5096972.712133346,5670121.704492213
2017-09-06,15288749.385421341,22186.934814042164,15266562.4506073,0.0,-0.0028688019343178217,-0.0028688019343178217,5078535.480763822,5660528.155481433
2017-09-07,15382282.814788407,22186.934814042164,15360095.879974365,0.0,0.006117794661233411,0.0,5085551.97161894,5676571.633286066
2017-09-08,15348631.996177262,22186.934814042164,15326445.06136322,0.0,-0.0021876348924486644,-0.0021876348924486644,5088061.183581312,5671904.313137173
2017-09-11,15480818.448600357,22186.934814042164,15458631.513786316,0.0,0.00861226280335714,0.0,5124551.537333496,5711445.813988997
2017-09-12,15746283.898437088,22186.934814042164,15724096.963623047,0.0,0.017148024228701653,0.0,5169108.179809846,5763109.180232272
2017-09-13,15595982.218040055,22186.934814042164,15573795.283226013,0.0,-0.009545215961205389,-0.009545215961205389,5162066.181717319,5747681.006263895
2017-09-14,15882554.590812271,22186.934814042164,15860367.65599823,0.0,0.01837475631645269,0.0,5165804.742494424,5759414.1920715375
2017-09-15,16119971.277968949,22186.934814042164,16097784.343154907,0.0,0.014948268290166489,0.0,5165190.5682289675,5761131.59876677
2017-09-18,16747879.568427628,22186.934814042164,16725692.633613586,0.0,0.03895219660328042,0.0,5199862.405996461,5799571.629788257
2017-09-19,17099316.901679583,22186.934814042164,17077129.96686554,0.0,0.02098398975321447,0.0,5197020.099522042,5802715.250005185
2017-09-20,17049378.62829549,22186.934814042164,17027191.693481445,0.0,-0.0029204835299115883,-0.0029204835299115883,5193742.6695859395,5794061.748522019
2017-09-21,17289072.28327138,22186.934814042164,17266885.348457336,0.0,0.014058791244045077,0.0,5183883.872256402,5776430.001864331
2017-09-22,16862024.412139483,22186.934814042164,16839837.47732544,0.0,-0.024700450326944456,-0.024700450326944456,5103220.985014734,5664157.94169244
2017-09-25,16288516.672416275,22186.934814042164,16266329.737602234,0.0,-0.034011796312566234,-0.05787213995416196,5056205.644908919,5599530.14894037
2017-09-26,16950750.873717852,22186.934814042164,16928563.93890381,0.0,0.04065650756419292,-0.019568511485771434,5055642.485118281,5610096.029939311
2017-09-27,16742994.882430619,22186.934814042164,16720807.947616577,0.0,-0.01225644768394063,-0.03158511873243408,4986118.758495701,5523461.629611473
2017-09-28,16942693.96105916,22186.934814042164,16920507.026245117,0.0,0.011927321248726974,-0.020034523341508015,5003122.08300931,5546894.450708936
2017-09-29,17037950.840056963,22186.934814042164,17015763.90524292,0.0,0.005622298273033843,-0.014524865134458276,5013185.438380029,5574703.398781756
2017-10-03,17631522.941285018,75934.55621421876,17555588.3850708,20000.0,0.03483823300115052,0.0,5069496.74132844,5635152.662700651
2017-10-04,18268376.77000511,75934.55621421876,18192442.213790894,0.0,0.03612018263203298,0.0,5097982.171597902,5664068.219832496
2017-10-05,18675680.517907027,75934.55621421876,18599745.96169281,0.0,0.02229556314881087,0.0,5084510.717187548,5663808.388940789
2017-10-06,18773043.404290084,75934.55621421876,18697108.848075867,0.0,0.0052133514647405566,0.0,5131300.5344664045,5716468.931987848
2017-10-09,18910258.714089278,75934.55621421876,18834324.15787506,0.0,0.007309167024449392,0.0,5135953.707078904,5723559.32949968
2017-10-10,19251593.833573226,75934.55621421876,19175659.27735901,0.0,0.018050261746531904,0.0,5150453.509121761,5748344.909548429
2017-10-11,19063877.062882308,75934.55621421876,18987942.50666809,0.0,-0.009750713229964125,-0.009750713229964125,5133922.620080139,5719721.582759336
2017-10-12,19309274.377175216,75934.55621421876,19233339.820961,0.0,0.012872371841439412,0.0,5191304.71924749,5783245.471156482
2017-10-13,19426042.655762557,75934.55621421876,19350108.09954834,0.0,0.006047263936824532,0.0,5227836.668467563,5813918.222044954
2017-10-16,19371840.52896965,75934.55621421876,19295905.972755432,0.0,-0.0027901785120825195,-0.0027901785120825195,5260434.987144166,5845176.068902282
2017-10-17,19379556.371750716,75934.55621421876,19303621.8155365,0.0,0.00039830199766144325,-0.002392987848096384,5262286.314156391,5856299.8804274285
2017-10-18,19390953.083092574,75934.55621421876,19315018.526878357,0.0,0.0005880790624532839,-0.0018063160516933463,5250151.510819143,5844786.004923045
2017-10-19,19342054.91376579,75934.55621421876,19266120.357551575,0.0,-0.002521700151470019,-0.004323461215702151,5217090.234858765,5814211.087671058
2017-10-23,19622922.891060714,75934.55621421876,19546988.334846497,0.0,0.014521103292651105,0.0,5236782.991596612,5837142.275610048
2017-10-24,19562988.04206932,75934.55621421876,19487053.485855103,0.0,-0.003054328314091137,-0.003054328314091137,5248532.164571672,5850737.974664855
2017-10-25,19555783.076897506,75934.55621421876,19479848.52068329,0.0,-0.000368295740728386,-0.0034214991587105947,5293599.198292367,5897153.682343999
2017-10-26,19758584.30225456,75934.55621421876,19682649.746040344,0.0,0.010370396550196892,0.0,5318511.020114309,5924215.482649437
2017-10-27,19885873.162964705,75934.55621421876,19809938.60675049,0.0,0.006442205512447563,0.0,5307841.913427098,5922719.390351223
2017-10-30,20228853.42514122,75934.55621421876,20152918.868927002,0.0,0.01724743285677177,0.0,5328717.671640616,5962173.663039359
2017-10-31,20326273.767693404,75934.55621421876,20250339.211479187,0.0,0.00481591024981709,0.0,5314140.542676175,5954692.566264937
2017-11-01,20523060.243171874,31905.64598101843,20491154.597190857,20000.0,0.00968138468110391,0.0,5388231.728570372,6027548.141301614
2017-11-02,20709848.53643054,31905.64598101843,20677942.890449524,0.0,0.009101386004107814,0.0,5379612.934235222,6029441.2142654685
2017-11-03,20719293.797561828,31905.64598101843,20687388.15158081,0.0,0.00045607581893558624,0.0,5394424.801770204,6044388.20450196
2017-11-06,21062742.380905334,31905.64598101843,21030836.734924316,0.0,0.016576268800431837,0.0,5394063.438368162,6052513.758085534
2017-11-07,21005968.098427,31905.64598101843,20974062.452445984,0.0,-0.0026954838762972555,-0.0026954838762972555,5341603.249867406,5984927.2288861135
2017-11-08,20497941.075950805,31905.64598101843,20466035.429969788,0.0,-0.024184889746368787,-0.02681518364230462,5317347.046501398,5950987.043977255
2017-11-09,21102668.5135271,31905.64598101843,21070762.86754608,0.0,0.02950186242294306,0.0,5320340.264415933,5970404.745920303
2017-11-10,21212227.709015075,31905.64598101843,21180322.063034058,0.0,0.0051917223368100895,0.0,5326946.108363702,5975398.12423641
2017-11-13,21451659.91461963,31905.64598101843,21419754.26863861,0.0,0.011287461594747805,0.0,5276988.75201711,5928077.674123097
2017-11-14,21464701.7391817,31905.64598101843,21432796.093200684,0.0,0.0006079634216644703,0.0,5257196.419853161,5907876.609664029
2017-11-15,20665062.153953735,31905.64598101843,20633156.507972717,0.0,-0.03725370121348126,-0.03725370121348126,5221818.589997839,5857129.506266651
2017-11-16,21024141.1303255,31905.64598101843,20992235.484344482,0.0,0.017376138222892523,-0.020524888452188472,5271724.538998535,5916688.003823061
2017-11-17,21110154.726417724,31905.64598101843,21078249.080436707,0.0,0.004091182396419368,-0.016517677118093155,5307257.094885135,5963747.120631598
2017-11-20,21072243.37350482,31905.64598101843,21040337.727523804,0.0,-0.0017958822852899292,-0.0182838955996526,5315076.051397358,5979934.487968312
2017-11-21,20979064.246589843,31905.64598101843,20947158.600608826,0.0,-0.004421889272223201,-0.022624935510069277,5329604.170542732,5995272.840763661
2017-11-22,21189958.132522766,31905.64598101843,21158052.486541748,0.0,0.010052587830136517,-0.012799786831298898,5337551.645419697,6001995.480679409
2017-11-23,21162848.241768066,31905.64598101843,21130942.59578705,0.0,-0.0012793744369457016,-0.014062785548174306,5340880.523063324,6009632.149763563
2017-11-24,21016160.486633483,31905.64598101843,20984254.840652466,0.0,-0.006931380571215895,-0.02089669160086438,5362014.486156467,6034858.462453953
2017-11-27,21294193.650680725,31905.64598101843,21262288.004699707,0.0,0.01322949376143523,-0.00794365049059731,5367097.765477228,6048858.916208518
2017-11-28,21478176.63170642,31905.64598101843,21446270.985725403,0.0,0.008640053905953682,0.0,5351976.445879689,6040243.203328916
2017-11-29,21312613.041153137,31905.64598101843,21280707.39517212,0.0,-0.0077084565134303284,-0.0077084565134303284,5347357.344652764,6033977.577997372
2017-11-30,21443892.045463745,31905.64598101843,21411986.399482727,0.0,0.006159686006456333,-0.0015962521786911932,5277814.293512985,5975104.283618114
2017-12-01,21195301.143956147,34303.59166427568,21160997.55229187,20000.0,-0.011592620452507085,-0.013170367885544265,5243753.925372787,5933685.857809675
2017-12-04,20789933.042668305,34303.59166427568,20755629.45100403,0.0,-0.01912537588093821,-0.03204385553018119,5246836.515488055,5932997.697731316
2017-12-05,20860227.418431245,34303.59166427568,20825923.826766968,0.0,0.0033811737449405133,-0.028771027628246126,5241914.894506382,5931196.713734421
2017-12-06,20709189.76790329,34303.59166427568,20674886.176239014,0.0,-0.0072404603985526395,-0.03580317254063081,5203500.145211726,5886630.674012961
2017-12-07,21252639.630848847,34303.59166427568,21218336.03918457,0.0,0.026241966442735354,-0.010500751750250115,5267015.262697555,5961617.098610952
2017-12-08,21558487.954747163,34303.59166427568,21524184.363082886,0.0,0.014391074671701753,0.0,5318277.931896568,6018921.134875791
2017-12-11,21334298.105961762,34303.59166427568,21299994.514297485,0.0,-0.010399145304438417,-0.010399145304438417,5347600.229270724,6046001.768888761
2017-12-12,21204613.91196152,34303.59166427568,21170310.32029724,0.0,-0.006078671693633297,-0.016414604007871647,5305067.265051025,5996621.806388669
2017-12-13,20942440.75847336,34303.59166427568,20908137.166809082,0.0,-0.012363967322237657,-0.02857562170254846,5280614.478567967,5960798.469521454
2017-12-14,20848062.266499482,34303.59166427568,20813758.674835205,0.0,-0.004506566023623204,-0.032953409800303035,5311257.741442035,5981657.522454241
2017-12-15,21172750.989994965,34303.59166427568,21138447.39833069,0.0,0.015574048050365885,-0.017892579737590508,5353298.948302135,6036079.728502459
2017-12-18,21104544.723469697,34303.59166427568,21070241.13180542,0.0,-0.003221417309328345,-0.021056357580843565,5382051.576142433,6071509.73967433
2017-12-19,21460550.642353974,34303.59166427568,21426247.050689697,0.0,0.016868685088874402,-0.004542865557119136,5420621.643862396,6130189.456541912
2017-12-20,21545378.048695527,34303.59166427568,21511074.45703125,0.0,0.003952713411469411,-0.0006081087912637173,5410778.40189905,6132154.166356706
2017-12-21,21656044.241169892,34303.59166427568,21621740.649505615,0.0,0.005136423794664724,0.0,5408757.744600448,6148068.187945746
2017-12-22,21976366.74599167,34303.59166427568,21942063.154327393,0.0,0.014791367308569559,0.0,5436059.890599211,6176720.206078166
2017-12-26,22051338.05383774,34303.59166427568,22017034.462173462,0.0,0.003411451433833701,0.0,5456005.407209148,6202162.942358165
2017-12-27,21924727.989842378,34303.59166427568,21890424.3981781,0.0,-0.005741604599514338,-0.005741604599514338,5434894.2435246045,6181140.803161454
2017-12-28,21964680.142338715,34303.59166427568,21930376.55067444,0.0,0.0018222416494675375,-0.003929825541082788,5428237.305934467,6179568.779488028
2017-12-29,22200958.407063447,34303.59166427568,22166654.81539917,0.0,0.010757191235818864,0.0,5455591.056100597,6215457.990414789
2018-01-01,22215469.321135253,36326.17532989476,22179143.14580536,20000.0,0.000653616560408965,0.0,,6198684.9158929605
2018-01-02,22501625.91830322,36326.17532989476,22465299.742973328,0.0,0.012880961146102266,0.0,5409742.271166066,6187745.223783054
2018-01-03,23328762.528013915,36326.17532989476,23292436.35268402,0.0,0.03675897078343504,0.0,5410260.336532557,6201871.221524503
2018-01-04,23743668.24909088,36326.17532989476,23707342.073760986,0.0,0.017785157724449885,0.0,5442172.960739173,6245497.815384971
2018-01-05,23915910.978590697,36326.17532989476,23879584.803260803,0.0,0.007254259438467914,0.0,5470174.292613417,6289978.4110166
2018-01-08,24911033.141516417,36326.17532989476,24874706.966186523,0.0,0.041609210028275445,0.0,5503719.025093766,6333210.406012107
2018-01-09,24975681.023497313,36326.17532989476,24939354.84816742,0.0,0.00259515057499371,0.0,5510661.303374041,6334195.940738254
2018-01-10,25019907.38747284,36326.17532989476,24983581.212142944,0.0,0.001770777098486942,0.0,5508174.690799521,6327526.8991083205
2018-01-11,25388127.50412628,36326.17532989476,25351801.328796387,0.0,0.014717085517183204,0.0,5518017.932762867,6340470.383503227
2018-01-12,25511101.716650695,36326.17532989476,25474775.5413208,0.0,0.004843768509687374,0.0,5533585.695841306,6350260.285099294
2018-01-15,25682852.645804137,36326.17532989476,25646526.470474243,0.0,0.006732399527902055,0.0,5564824.936256124,6373025.752298801
2018-01-16,25135669.786810607,36326.17532989476,25099343.611480713,0.0,-0.021305377036570095,-0.021305377036570095,5543532.652062592,6315700.48239455
2018-01-17,25227102.492262572,36326.17532989476,25190776.31693268,0.0,0.0036375678956421797,-0.01774530889644077,5589174.008481242,6364320.195551164
2018-01-18,24679904.988432616,36326.17532989476,24643578.813102722,0.0,-0.021690858234622357,-0.03905125615146088,5603913.069342578,6338170.802475549
2018-01-19,24742965.295149535,36326.17532989476,24706639.11981964,0.0,0.0025551276127875333,-0.03659590948157987,5644166.849503638,6388301.540554089
2018-01-22,25259783.805136412,36326.17532989476,25223457.62980652,0.0,0.020887492821573428,-0.016472813456601787,5681208.523207807,6430482.55515804
2018-01-23,25759922.651587218,36326.17532989476,25723596.476257324,0.0,0.019799807088970667,0.0,5742081.203770602,6489549.193061487
2018-01-24,25425330.922537535,36326.17532989476,25389004.74720764,0.0,-0.01298884835855929,-0.01298884835855929,5743272.652928891,6474240.6819734955
2018-01-25,25660702.594389647,36326.17532989476,25624376.419059753,0.0,0.009257369061162368,-0.0038517218603316694,5734802.486556033,6445397.109005241
2018-01-29,25202199.3808963,36326.17532989476,25165873.205566406,0.0,-0.01786791346833938,-0.021650813095766552,5766274.957570414,6451606.106104805
2018-01-30,24431712.136732787,36326.17532989476,24395385.961402893,0.0,-0.03057222238895374,-0.05156112201185481,5724441.179226195,6401409.280736686
2018-01-31,24115786.84446594,36326.17532989476,24079460.669136047,0.0,-0.012930951809630109,-0.06382533943749913,5713069.543247057,6371745.070454146
2018-02-01,24000414.742395155,38678.843110793736,23961735.899284363,20000.0,-0.004784090306274247,-0.06830408355607576,5727474.538473586,6384615.984293843
2018-02-02,22550099.446183912,38678.843110793736,22511420.60307312,0.0,-0.060428759743445415,-0.12460531224481486,5594228.693748563,6201883.902046375
2018-02-05,22255280.455224745,38678.843110793736,22216601.612113953,0.0,-0.01307395524630639,-0.13605018321538054,5545334.009890437,6158779.948540857
2018-02-06,21389550.763444655,38678.843110793736,21350871.920333862,0.0,-0.03889996774122195,-0.1696578032183369,5457838.179665994,6057378.910043644
2018-02-07,22231763.776811354,38678.843110793736,22193084.93370056,0.0,0.03937497438263482,-0.13696310049123828,5446634.850845687,6067792.367968442
2018-02-08,22946869.675767653,38678.843110793736,22908190.83265686,0.0,0.03216595435860925,-0.10920269497184365,5498700.60425616,6144411.320398624
2018-02-09,23469673.67930769,38678.843110793736,23430994.8361969,0.0,0.022783238451566712,-0.08890744755937419,5435327.444334341,6097286.545355544
2018-02-12,24204490.247850172,38678.843110793736,24165811.40473938,0.0,0.03130919409375266,-0.06038187399763817,5479413.2311704,6161449.125252281
2018-02-14,24503330.083726637,38678.843110793736,24464651.240615845,0.0,0.012346462694169169,-0.04878091385818484,5459216.066756142,6147113.966410506
2018-02-15,23964333.705217116,38678.843110793736,23925654.862106323,0.0,-0.021996862331274847,-0.06970474914292746,5482402.5455354685,6145070.408161464
2018-02-16,23501956.063958876,38678.843110793736,23463277.220848083,0.0,-0.019294408388144668,-0.0876542456345154,5433949.557244193,6087070.68503152
2018-02-19,23097555.60838484,38678.843110793736,23058876.765274048,0.0,-0.017207097761288037,-0.10335306822197832,5395530.673761207,6037211.081956889
2018-02-20,22816592.983072035,38678.843110793736,22777914.139961243,0.0,-0.012164171398760915,-0.11426003518429928,5386172.820096645,6031344.943411453
2018-02-21,22723904.781945936,38678.843110793736,22685225.938835144,0.0,-0.004062315578617026,-0.11785819044197388,5405434.300683658,6042252.717158381
2018-02-22,22580379.36695265,38678.843110793736,22541700.523841858,0.0,-0.006316054233219459,-0.1234298459525327,5397766.059486308,6023073.520715886
2018-02-23,23170346.752893202,38678.843110793736,23131667.90978241,0.0,0.026127434634866775,-0.10052731654978231,5454094.936660958,6097451.317296254
2018-02-26,23492727.56455397,38678.843110793736,23454048.721443176,0.0,0.013913508291390153,-0.08801249591071869,5501689.918621228,6151035.667327484
2018-02-27,23626249.28038191,38678.843110793736,23587570.43727112,0.0,0.005683533998385171,-0.08282918392512484,5486977.3946767105,6130999.141880982
2018-02-28,23517866.485620253,38678.843110793736,23479187.64250946,0.0,-0.00458738894504318,-0.08703660318750295,5455030.620488203,6104405.208106534
2018-03-01,23347098.32453113,38201.60097842757,23308896.723552704,20000.0,-0.007261209735735852,-0.09366582189280837,5457094.734297793,6100315.035462407
2018-03-05,22764089.564570956,38201.60097842757,22725887.96359253,0.0,-0.024971358404209054,-0.11629821748830727,5405176.320174795,6041297.964026791
2018-03-06,22261477.7613483,38201.60097842757,22223276.160369873,0.0,-0.022079152421052628,-0.13580960383913876,5347987.999498914,5977619.169041042
2018-03-07,21600652.42520862,38201.60097842757,21562450.824230194,0.0,-0.02968470212193386,-0.16146283832581,5298391.666613731,5909542.7653315915
2018-03-08,21680108.02395778,38201.60097842757,21641906.422979355,0.0,0.003678388836831248,-0.15837837259103937,5344544.368819705,5951764.329381781
2018-03-09,21640945.55072742,38201.60097842757,21602743.949748993,0.0,-0.001806378141062992,-0.1598986595018368,5336299.630081973,5942308.50198954
2018-03-12,22205042.485145144,38201.60097842757,22166840.884166718,0.0,0.026066187038614075,-0.1380004208290213,5437814.886653735,6031809.203000936
2018-03-13,22682587.246228747,38201.60097842757,22644385.64525032,0.0,0.02150614039144827,-0.11946213686200091,5440658.251434733,6055713.854944253
2018-03-14,22546419.636424594,38201.60097842757,22508218.035446167,0.0,-0.006003178046930846,-0.12474816243148235,5432336.059032716,6051514.493779755
2018-03-15,22809060.922336154,38201.60097842757,22770859.321357727,0.0,0.011648913226437685,-0.11455242972436663,5405855.058864453,6039843.718087617
2018-03-16,22975698.914451174,38201.60097842757,22937497.313472748,0.0,0.007305780482695701,-0.1080835441469965,5319759.196248425,5954244.038265631
2018-03-19,22646347.23996692,38201.60097842757,22608145.638988495,0.0,-0.01433478370823782,-0.1208689736274674,5267110.067950524,5881340.597080457
2018-03-20,22433879.320060305,38201.60097842757,22395677.71908188,0.0,-0.009381995147175304,-0.12911697665062583,5282815.8366386825,5898698.559267404
2018-03-21,22896534.973929934,38201.60097842757,22858333.372951508,0.0,0.020623078481835533,-0.11115668771159348,5298939.447463117,5917643.1476855
2018-03-22,22581767.579154544,38201.60097842757,22543565.978176117,0.0,-0.013747381214397114,-0.12337595556548964,5277806.826639183,5887820.77381208
2018-03-23,22044049.219686083,38201.60097842757,22005847.618707657,0.0,-0.023812058005806103,-0.1442501781608485,5216913.469167131,5819579.056177039
2018-03-26,22172718.20332866,38201.60097842757,22134516.602350235,0.0,0.005836903300309837,-0.1392552492015161,5286103.54086216,5894664.512028495
2018-03-27,22482854.651984744,38201.60097842757,22444653.051006317,0.0,0.013987299428606992,-0.12721575464049595,5314019.4720740225,5936819.563053936
2018-03-28,22105445.478692584,38201.60097842757,22067243.877714157,0.0,-0.016786532632716344,-0.14186677585654395,5277259.045789797,5893176.686698185
2018-04-02,22889642.642114222,32832.45752865169,22856810.18458557,20000.0,0.03547529336956923,-0.11142424797988049,5348446.7457378935,5986906.697511308
2018-04-03,22985575.388200343,32832.45752865169,22952742.930671692,0.0,0.004191098462569043,-0.10770013951171287,5365835.401995677,6020909.643290139
2018-04-04,22528540.854425013,32832.45752865169,22495708.396896362,0.0,-0.019883536785855194,-0.12544221661174515,5304766.167067102,5955060.03609894
2018-04-05,22919163.61377102,32832.45752865169,22886331.15624237,0.0,0.01733901728789866,-0.11027824408630982,5407814.299360187,6068215.7232673485
2018-04-06,23241612.669076502,32832.45752865169,23208780.21154785,0.0,0.014068971308871747,-0.09776077422948115,5411192.088162916,6085399.262234582
2018-04-09,23209231.849954188,32832.45752865169,23176399.392425537,0.0,-0.0013932260030043997,-0.09901779737975525,5436201.228274707,6107393.621941292
2018-04-10,23117314.807298243,32832.45752865169,23084482.349769592,0.0,-0.003960365567037383,-0.10258601627152586,5448195.345086337,6116649.187498659
2018-04-11,23100026.678582728,32832.45752865169,23067194.221054077,0.0,-0.0007478432880126951,-0.10325714129582597,5455999.448894945,6124411.292880335
2018-04-12,23145929.42225033,32832.45752865169,23113096.96472168,0.0,0.0019871294655327,-0.1014751971382889,5477735.1413481245,6135292.494698355
2018-04-13,23234042.66168362,32832.45752865169,23201210.20415497,0.0,0.0038068568267810576,-0.09805464185848267,5489231.08034421,6148827.584967406
2018-04-16,23355804.023538172,32832.45752865169,23322971.56600952,0.0,0.005240644670733818,-0.09332786672404525,5514240.220456,6177787.753936087
2018-04-17,23349602.74106747,32832.45752865169,23316770.28353882,0.0,-0.0002655135513405238,-0.09356860046205284,5524898.872918157,6190393.724078482
2018-04-18,23188299.338655055,32832.45752865169,23155466.881126404,0.0,-0.0069081861563629055,-0.09983039730803345,5513114.461347156,6177986.665985517
2018-04-19,23371067.049501,32832.45752865169,23338234.59197235,0.0,0.007881893716167099,-0.09273535617309103,5533592.94530895,6207710.734974649
2018-04-20,23917101.49031979,32832.45752865169,23884269.032791138,0.0,0.023363693222147708,-0.07153830336341804,5532938.255777228,6201905.353988019
2018-04-23,24248843.19416195,32832.45752865169,24216010.7366333,0.0,0.01387048108552924,-0.05866009296158192,5543753.931431758,6218989.760891529
2018-04-24,24167488.98839718,32832.45752865169,24134656.53086853,0.0,-0.0033549726522359435,-0.061818262606154084,5559282.8602384925,6230268.78680841
2018-04-25,23883578.856935084,32832.45752865169,23850746.399406433,0.0,-0.011747605702785324,-0.07283965173461115,5536342.641342184,6203431.2102629645
2018-04-26,24113244.701142848,32832.45752865169,24080412.243614197,0.0,0.009616056520820537,-0.06392402542182751,5561089.905641285,6224263.845850364
2018-04-27,24226481.891458094,32832.45752865169,24193649.433929443,0.0,0.004696057777320961,-0.05952815856124627,5600109.401731932,6265598.676812755
2018-04-30,24421697.403192103,32832.45752865169,24388864.945663452,0.0,0.008057938936764764,-0.05194989389118598,5624751.813410719,6300662.918803204
2018-05-02,23999795.53142813,30919.768992214464,23968875.762435913,20000.0,-0.017275698113794036,-0.06832812132107224,5633596.006085411,6286162.368939806
2018-05-03,23686455.775019437,30919.768992214464,23655536.00602722,0.0,-0.01305593441403985,-0.08049196826450966,5613412.596823409,6248989.441545755
2018-05-04,23658179.898035794,30919.768992214464,23627260.12904358,0.0,-0.0011937571940781044,-0.08158963759240645,5581139.468623743,6216441.842903865
2018-05-07,23989765.685709745,30919.768992214464,23958845.91671753,0.0,0.014015693054286071,-0.06871747985502608,5632255.783772064,6269056.582434661
2018-05-08,24171510.81870535,30919.768992214464,24140591.049713135,0.0,0.007575944483020347,-0.061662135184400335,5633464.601676289,6269755.321671391
2018-05-09,24477103.73476675,30919.768992214464,24446183.965774536,0.0,0.012642689915142391,-0.04979902052389995,5646027.068507708,6269123.53140339
2018-05-10,23787489.773783475,30919.768992214464,23756570.00479126,0.0,-0.02817383823085917,-0.07656982920646349,5632807.57963068,6230552.475545891
2018-05-11,23883036.366404325,30919.768992214464,23852116.59741211,0.0,0.004016674038727297,-0.07286071121285942,5680086.988692344,6267425.757555632
2018-05-14,23837979.888239652,30919.768992214464,23807060.119247437,0.0,-0.0018865473164062507,-0.07460980335005563,5680139.345136603,6249854.578219325
2018-05-15,23847150.485636503,30919.768992214464,23816230.716644287,0.0,0.00038470530807743764,-0.0742538008293615,5677642.6613632925,6233847.274793319
2018-05-16,24059355.759424955,30919.768992214464,24028435.99043274,0.0,0.0088985589249444,-0.06601599372649836,5645711.389946732,6209087.2061935365
2018-05-17,24471626.480601102,30919.768992214464,24440706.711608887,0.0,0.017135567772409876,-0.05001164748865172,5615015.627954999,6192946.65482006
2018-05-18,23847001.177134305,30919.768992214464,23816081.40814209,0.0,-0.025524470306946823,-0.07425959698427298,5569654.928585901,6129549.231384038
2018-05-21,23362099.346781522,30919.768992214464,23331179.577789307,0.0,-0.020333870357574835,-0.0930834823239639,5527763.100298225,6062657.461774376
2018-05-22,23897342.731714994,30919.768992214464,23866422.96272278,0.0,0.02291075716220714,-0.07230533822109364,5538275.453027956,6087251.132937319
2018-05-23,24103211.549113065,30919.768992214464,24072291.78012085,0.0,0.008614715858130007,-0.06431351230676441,5482375.7094085235,6036765.760606084
2018-05-24,24228605.855784208,30919.768992214464,24197686.086791992,0.0,0.005202389997517098,-0.05944570628237722,5526264.782055154,6067216.491547796
2018-05-25,24601588.554056913,30919.768992214464,24570668.785064697,0.0,0.015394311191193166,-0.04496652079267538,5574254.082905158,6133775.466283778
2018-05-28,24813874.77500418,30919.768992214464,24782955.006011963,0.0,0.00862896395819357,-0.036725571321727046,5618143.155551788,6195009.723040881
2018-05-29,24885984.122446805,30919.768992214464,24855064.35345459,0.0,0.002906009162070289,-0.03392628700639999,5589049.911393172,6170416.051877938
2018-05-30,24775526.68436697,30919.768992214464,24744606.915374756,0.0,-0.004438540084906739,-0.03821424390649686,5579089.354522057,6160033.11181512
2018-05-31,24721510.52950552,30919.768992214464,24690590.760513306,0.0,-0.0021802222632680834,-0.04031115062442603,5643109.993284902,6200201.19307229
2018-06-01,24226607.648396816,34911.87259420321,24191695.775802612,20000.0,-0.02001911980734472,-0.05952327667784851,5642111.466047568,6180099.41079386
2018-06-04,23453747.95921072,34911.87259420321,23418836.086616516,0.0,-0.03190127567188461,-0.08952568389153925,5606400.462022633,6127214.075595912
2018-06-05,22307224.646359768,34911.87259420321,22272312.773765564,0.0,-0.04888443906043982,-0.1340337101134389,5587753.986383331,6083542.917788184
2018-06-06,23020457.58608755,34911.87259420321,22985545.713493347,0.0,0.03197318138113481,-0.10634601285694745,5636019.088916621,6147246.597140683
2018-06-07,23770063.099629726,34911.87259420321,23735151.227035522,0.0,0.03256258094518505,-0.07724633256361446,5680169.377167168,6210148.193111019
2018-06-08,23999459.86922201,34911.87259420321,23964547.996627808,0.0,0.009650658840525184,-0.06834115172534239,5679800.548045179,6220932.628049412
2018-06-11,24106835.399808254,34911.87259420321,24071923.52721405,0.0,0.004474081132298524,-0.06417283445053779,5689980.952986323,6231717.062987805
2018-06-12,24384608.18340048,34911.87259420321,24349696.310806274,0.0,0.011522573535074354,-0.05338969711937391,5719467.192890994,6267808.8588842405
2018-06-13,24161095.328755703,34911.87259420321,24126183.4561615,0.0,-0.009166145010971682,-0.06206646442445751,5726773.203278093,6267775.601768395
2018-06-14,24324548.896130886,34911.87259420321,24289637.023536682,0.0,0.006765155517624466,-0.05572119819109356,5701110.732329457,6247910.017903163
2018-06-15,24182650.296483364,34911.87259420321,24147738.42388916,0.0,-0.00583355523892537,-0.06122970074239209,5706201.192362265,6239262.51568294
2018-06-18,23985213.337529507,34911.87259420321,23950301.464935303,0.0,-0.008164405329161517,-0.06889420197650953,5696785.232137645,6222468.324281116
2018-06-19,23500723.610852566,34911.87259420321,23465811.73825836,0.0,-0.020199517088257957,-0.08770208945466107,5649628.162343737,6166344.006839909
2018-06-20,23698169.119305935,34911.87259420321,23663257.24671173,0.0,0.008401677825877307,-0.08003725632903824,5682121.183791769,6194323.0227708975
2018-06-21,23692713.66272482,34911.87259420321,23657801.790130615,0.0,-0.00023020582533828104,-0.08024903711172537,5665795.343899057,6170183.573469323
2018-06-22,23684749.67316183,34911.87259420321,23649837.800567627,0.0,-0.0003361366568793711,-0.08055819912555229,5708389.95624401,6207844.974813619
2018-06-25,23762635.8062261,34911.87259420321,23727723.933631897,0.0,0.003288450760048578,-0.07753466003664622,5677057.510231508,6166277.492608217
2018-06-26,23649680.874829616,34911.87259420321,23614769.002235413,0.0,-0.004753468105036074,-0.08191956960816327,5680591.779234249,6164540.949480817
2018-06-27,23414528.10422262,34911.87259420321,23379616.231628418,0.0,-0.009943168867757035,-0.09104819836173239,5629029.880079834,6096063.243753666
2018-06-28,22977711.90324148,34911.87259420321,22942800.030647278,0.0,-0.018655776406715785,-0.1080053999375774,5585617.250073264,6034429.982887647
2018-06-29,23603417.706738796,34911.87259420321,23568505.834144592,0.0,0.027230988278212687,-0.0837155054390486,5651658.7830125615,6118232.69801661
2018-07-02,23608455.907420635,39406.5376620288,23569049.369758606,20000.0,0.00021345216800527922,-0.08351992252717488,5641591.997827889,6102541.291710945
2018-07-03,23742673.53702879,39406.5376620288,23703266.99936676,0.0,0.005685150699159758,-0.0783095951739643,5664143.218975114,6129607.385902438
2018-07-04,23799635.678973675,39406.5376620288,23760229.141311646,0.0,0.0023991460715679924,-0.07609832526002402,5701198.7064893395,6159855.071006508
2018-07-05,23552984.615298748,39406.5376620288,23513578.07763672,0.0,-0.010363648713027862,-0.08567331766240716,5690531.812943461,6141129.939707142
2018-07-06,23411633.827693462,39406.5376620288,23372227.290031433,0.0,-0.006001395997748515,-0.0911605541544227,5702654.457784541,6159821.704537961
2018-07-09,23780538.371615887,39406.5376620288,23741131.833953857,0.0,0.015757317350745925,-0.0768396825853579,5745135.9273990635,6215728.858198722
2018-07-10,24146431.835826397,39406.5376620288,24107025.298164368,0.0,0.01538625654696002,-0.06263570110764305,5795081.224144311,6270296.119161775
2018-07-11,24223395.27920866,39406.5376620288,24183988.74154663,0.0,0.003187362998622101,-0.059647980825124236,5795636.953065597,6260146.170278845
2018-07-12,24410546.738040447,39406.5376620288,24371140.200378418,0.0,0.007726062208645912,-0.052382762626953294,5835286.531488673,6284699.965662136
2018-07-13,24324268.586207867,39406.5376620288,24284862.048545837,0.0,-0.0035344620814300454,-0.05573207982015782,5833010.3692185115,6263361.781904448
2018-07-16,23921674.80456114,39406.5376620288,23882268.26689911,0.0,-0.016551115616072587,-0.07136076733960284,5789575.630645057,6184442.232858345
2018-07-17,24014436.49985838,39406.5376620288,23975029.96219635,0.0,0.0038777257886455363,-0.06775975903876752,5827266.458479525,6240717.72616208
2018-07-18,24134555.693446636,39406.5376620288,24095149.155784607,0.0,0.005001957617825736,-0.06309673286384787,5812656.215899628,6210101.047170556
2018-07-19,24035798.558276653,39406.5376620288,23996392.020614624,0.0,-0.004091939227072627,-0.06693048409461477,5800295.253818816,6187825.331071161
2018-07-20,24354627.454646587,39406.5376620288,24315220.916984558,0.0,0.013264751557844345,-0.05455354877993168,5828404.798093174,6221188.528395194
2018-07-23,24352101.123927593,39406.5376620288,24312694.586265564,0.0,-0.00010373103524985439,-0.05465162091909004,5867868.788904396,6273276.857018591
2018-07-24,24815926.251674175,39406.5376620288,24776519.714012146,0.0,0.019046616363252555,-0.03664593301311325,5894098.677031967,6331428.723494702
2018-07-25,25101066.116076946,39406.5376620288,25061659.578414917,0.0,0.011490196316308543,-0.02557680566131959,5892881.242976498,6330926.263733061
2018-07-26,25212928.19214964,39406.5376620288,25173521.65448761,0.0,0.004456467129937858,-0.021234320725100342,5911567.692574387,6356384.224989513
2018-07-27,25383993.2822299,39406.5376620288,25344586.74456787,0.0,0.006784816455136067,-0.014593575238633472,5970353.473303742,6417449.442140864
2018-07-30,25341936.765651226,39406.5376620288,25302530.227989197,0.0,-0.0016568124688292052,-0.01622620889004256,5992163.377917827,6444013.076570718
2018-07-31,25650204.703425884,39406.5376620288,25610798.165763855,0.0,0.012164340106494587,-0.004259249907125562,6011723.485075692,6465383.972552471
2018-08-01,25965865.91985893,53057.30613517234,25912808.613723755,20000.0,0.01230638196001932,0.0,6026271.138161454,6486121.306082899
2018-08-02,25855142.06750297,53057.30613517234,25802084.761367798,0.0,-0.004264207968172284,-0.004264207968172284,5972361.766742459,6443851.078502488
2018-08-03,26206151.99329948,53057.30613517234,26153094.687164307,0.0,0.013576019999429478,0.0,6034025.382145387,6508969.935852183
2018-08-06,26019116.52268028,53057.30613517234,25966059.216545105,0.0,-0.0071370825700401985,-0.0071370825700401985,6047993.91356554,6524862.780151434
2018-08-07,25818000.258359905,53057.30613517234,25764942.95222473,0.0,-0.007729557771305018,-0.014811473849301482,6049242.372780879,6521805.227127104
2018-08-08,26182054.756566998,53057.30613517234,26128997.450431824,0.0,0.014100801555659181,-0.0009195259471380668,6081401.997512368,6548652.49835963
2018-08-09,26282733.09501457,53057.30613517234,26229675.788879395,0.0,0.003845318458908231,0.0,6092396.426256676,6565015.886878338
2018-08-10,25995283.078397747,53057.30613517234,25942225.772262573,0.0,-0.01093683885833574,-0.01093683885833574,6070513.897866166,6535010.65360394
2018-08-13,26178899.669378277,53057.30613517234,26125842.363243103,0.0,0.007063458029165082,-0.003950632731418158,6031343.295480442,6489346.863737886
2018-08-14,26319318.431715008,53057.30613517234,26266261.125579834,0.0,0.005363814526589072,0.0,6073488.00054201,6536153.216346022
2018-08-16,26384364.078687664,53057.30613517234,26331306.77255249,0.0,0.0024714031687946836,0.0,6046905.207336625,6508936.466179669
2018-08-17,26537922.605131146,53057.30613517234,26484865.29899597,0.0,0.005820057894346586,0.0,6092422.878861572,6565755.501014079
2018-08-20,26381816.134031292,53057.30613517234,26328758.82789612,0.0,-0.005882392281514548,-0.005882392281514548,6135444.150634366,6612494.258009099
2018-08-21,26716012.151502606,53057.30613517234,26662954.84536743,0.0,0.012667665325747368,0.0,6145615.436555765,6627782.67939884
2018-08-23,26578465.259275433,53057.30613517234,26525407.95314026,0.0,-0.005148481421821671,-0.005148481421821671,6151909.08180667,6634536.334297614
2018-08-24,26552832.7163372,53057.30613517234,26499775.410202026,0.0,-0.0009644101978117936,-0.006107926371647032,6138285.471607207,6619919.931430498
2018-08-27,27018891.537321087,53057.30613517234,26965834.231185913,0.0,0.01755213185586535,0.0,6209908.233413847,6692497.931874106
2018-08-28,27178401.500394817,53057.30613517234,27125344.194259644,0.0,0.005903645708536853,0.0,6234632.082777198,6710710.027598123
2018-08-29,27046398.356534954,53057.30613517234,26993341.05039978,0.0,-0.004856913452321532,-0.004856913452321532,6209881.780808953,6702477.800695955
2018-08-30,27133580.491575237,53057.30613517234,27080523.185440063,0.0,0.003223428638853054,-0.0016491407273870884,6201861.454740488,6703519.298152408
2018-08-31,27496680.678586956,53057.30613517234,27443623.372451782,0.0,0.013381948877865923,0.0,6203826.72768063,6714809.078078906
2018-09-03,27105647.48344911,51131.90501893129,27054515.578430176,20000.0,-0.014221105438459891,-0.014221105438459891,6171696.423610455,6687532.837519403
2018-09-04,26610186.746602185,51131.90501893129,26559054.841583252,0.0,-0.018278874804575573,-0.03224003443714307,6138632.96320812,6609614.075614226
2018-09-05,26463903.398411877,51131.90501893129,26412771.493392944,0.0,-0.005497268755882967,-0.037560071059026146,6115533.968775415,6581641.651488165
2018-09-06,26984097.42230714,51131.90501893129,26932965.517288208,0.0,0.019656738314971278,-0.018641641231953887,6147478.64481122,6615950.261482012
2018-09-07,27035036.27478517,51131.90501893129,26983904.369766235,0.0,0.0018877360128384257,-0.01678909571660747,6175293.185257647,6656223.811880376
2018-09-10,26712227.082280286,51131.90501893129,26661095.177261353,0.0,-0.011940401678171897,-0.028529028848109816,6094832.295076016,6565161.380807533
2018-09-11,26244723.667348035,51131.90501893129,26193591.7623291,0.0,-0.017501476514564795,-0.045531205234306094,6014584.754471259,6475514.816740882
2018-09-12,26134277.215626843,51131.90501893129,26083145.31060791,0.0,-0.004208329762625862,-0.049547924670816146,6058492.097391799,6511575.652662429
2018-09-14,26287378.75777162,51131.90501893129,26236246.852752686,0.0,0.005858265789467909,-0.043979923793386555,6135915.618109504,6600649.550854888
2018-09-17,26207213.482014783,51131.90501893129,26156081.57699585,0.0,-0.0030495728195469862,-0.04689537663272736,6062674.789828161,6535740.17784343
2018-09-18,25937567.13188661,51131.90501893129,25886435.226867676,0.0,-0.010289012615294801,-0.05670188212624905,6010002.421851876,6466853.7390712015
2018-09-19,25615241.733769543,51131.90501893129,25564109.82875061,0.0,-0.01242697113719704,-0.06842422061083842,5986263.378688551,6434129.50466262
2018-09-21,24960348.073979504,51131.90501893129,24909216.16896057,0.0,-0.025566561760245632,-0.0922414103089404,5937640.489754287,6353144.018265648
2018-09-24,24391865.965245374,51131.90501893129,24340734.06022644,0.0,-0.022775407900932243,-0.11291598246472923,5844018.532503677,6230200.553916222
2018-09-25,24028380.504826672,51131.90501893129,23977248.59980774,0.0,-0.014901912831786324,-0.12613523116851055,5897330.42884576,6270776.8931676075
2018-09-26,23881566.968602307,51131.90501893129,23830435.063583374,0.0,-0.006110005466031021,-0.13147454968264294,5890056.769368843,6270035.718714343
2018-09-27,23443393.738499768,51131.90501893129,23392261.833480835,0.0,-0.01834775878310735,-0.14741004514205547,5849426.684095006,6202699.427222257
2018-09-28,22689561.340260632,51131.90501893129,22638429.4352417,0.0,-0.03215542965527041,-0.17482544146028023,5824329.488747194,6144496.827305216
2018-10-01,23017895.970993847,49929.70256122899,22967966.268432617,20000.0,0.01447073505782659,-0.162884559047193,5885811.931598882,6197861.525961602
2018-10-03,22833327.25810322,49929.70256122899,22783397.555541992,0.0,-0.00801848757693624,-0.16959695881093462,5805584.7442554105,6124289.312388442
2018-10-04,21914766.487671703,49929.70256122899,21864836.785110474,0.0,-0.0402289495546706,-0.2030032008649746,5667105.1136738565,5987794.633366585
2018-10-05,21432323.30436787,49929.70256122899,21382393.60180664,0.0,-0.022014525392056283,-0.2205487071369202,5515900.432277485,5832332.876423801
2018-10-08,21213901.723938793,49929.70256122899,21163972.021377563,0.0,-0.01019122273060169,-0.22849226887014318,5532795.80769359,5817219.043390717
2018-10-09,21179242.215729564,49929.70256122899,21129312.513168335,0.0,-0.001633811104636007,-0.2297527667685757,5507666.299441339,5790407.45886779
2018-10-10,22016152.67318806,49929.70256122899,21966222.97062683,0.0,0.03951559970530649,-0.19931598542608298,5592705.520279923,5915879.282076818
2018-10-11,21491046.75936207,49929.70256122899,21441117.056800842,0.0,-0.023850938972887814,-0.21841305099425223,5472164.498938611,5792199.03613955
2018-10-12,21831646.74111256,49929.70256122899,21781717.03855133,0.0,0.015848459387028946,-0.20602610197550286,5599335.641951031,5928456.643196586
2018-10-15,22555967.665932506,49929.70256122899,22506037.963371277,0.0,0.03317756710747477,-0.17968397969221173,5620722.457484862,5958819.024251119
2018-10-16,23047525.000000805,49929.70256122899,22997595.297439575,0.0,0.021792784124740727,-0.16180700974757767,5659352.393042843,6014133.394695048
2018-10-17,22851627.72021565,49929.70256122899,22801698.01765442,0.0,-0.008499710046313003,-0.16893140712757537,5588936.198469896,5922708.803692939
2018-10-19,22813464.668061107,49929.70256122899,22763534.965499878,0.0,-0.0016700364902575426,-0.17031932200357924,5509002.975412204,5842949.606168761
2018-10-22,22558681.697296947,49929.70256122899,22508751.994735718,0.0,-0.011168096318173726,-0.17958527572877103,5477831.796199456,5799874.488638502
2018-10-23,21984557.430970043,49929.70256122899,21934627.728408813,0.0,-0.025450257866606485,-0.2004650420190347,5425193.392039005,5741009.982030557
2018-10-24,21640410.72926411,49929.70256122899,21590481.02670288,0.0,-0.015654019999562396,-0.212980978241618,5466871.053238368,5785471.211132294
2018-10-25,21523559.683724254,49929.70256122899,21473629.981163025,0.0,-0.005399668564600724,-0.21723062011314953,5413484.423817663,5729919.768723543
2018-10-26,21519731.33120045,49929.70256122899,21469801.62863922,0.0,-0.00017786800046359907,-0.21736984973757412,5362743.99510803,5691882.595537646
2018-10-29,22157328.83802876,49929.70256122899,22107399.13546753,0.0,0.02962850683474305,-0.1941816869814479,5480825.741518572,5822290.66648217
2018-10-30,22208667.290421337,49929.70256122899,22158737.587860107,0.0,0.002316996456019904,-0.19231460880598805,5452782.697361077,5815663.877716189
2018-10-31,22719489.640976757,49929.70256122899,22669559.938415527,0.0,0.023001035761193167,-0.17373700823934135,5553407.24673651,5919226.685390695
2018-11-01,22945565.9401031,29541.894348667003,22916024.045754433,20000.0,0.009950764858669636,-0.16551505949691003,5570119.337131614,5952108.475969467
2018-11-02,22627044.121003672,29541.894348667003,22597502.226655006,0.0,-0.013881628369110333,-0.17709906932059305,5662709.059698959,6038209.916909097
2018-11-05,22526195.496655986,29541.894348667003,22496653.60230732,0.0,-0.004456995081123849,-0.18076673472088345,5647147.744174343,6023622.247233025
2018-11-06,22515783.632798716,29541.894348667003,22486241.73845005,0.0,-0.00046221137780744215,-0.18114539365717386,5650367.326696677,6018465.278070195
2018-11-07,22737114.120054767,29541.894348667003,22707572.2257061,0.0,0.009830014840506829,-0.1730960407246065,5687070.777059525,6058869.598072793
2018-11-09,22742111.048981234,29541.894348667003,22712569.15463257,0.0,0.00021976970780390737,-0.17291431228309473,5679987.590706271,6070064.786428848
2018-11-12,22590901.67009501,29541.894348667003,22561359.775746346,0.0,-0.006648871714703741,-0.1784134989177919,5624718.090739532,6010968.026871759
2018-11-13,22713039.336951777,29541.894348667003,22683497.44260311,0.0,0.00540649809557836,-0.17397159306433818,5678538.673767102,6054595.204128373
2018-11-14,22370557.851533458,29541.894348667003,22341015.95718479,0.0,-0.015078628638710567,-0.1864269686575466,5675211.667023239,6053170.627011569
2018-11-15,22308169.08437209,29541.894348667003,22278627.190023422,0.0,-0.002788878470328049,-0.18869592496869714,5696890.398948526,6075696.835495283
2018-11-16,22121082.941065356,29541.894348667003,22091541.04671669,0.0,-0.008386440975911125,-0.19549987870746333,5732037.508150675,6101886.526248209
2018-11-19,22163894.363766238,29541.894348667003,22134352.469417572,0.0,0.0019353221908231522,-0.19394291177020595,5775609.296423718,6142257.053956409
2018-11-20,21917116.444837138,29541.894348667003,21887574.550488472,0.0,-0.011134230964957803,-0.2029177375614979,5718085.983887227,6079428.5649473015
2018-11-21,21768637.78161578,29541.894348667003,21739095.887267113,0.0,-0.006774552829294955,-0.20831761345768152,5687955.847840811,6065960.01655043
2018-11-22,21578039.15461211,29541.894348667003,21548497.260263443,0.0,-0.008755652462766217,-0.2152493092951394,5648623.386163746,6024368.328085826
2018-11-26,21579858.17862563,29541.894348667003,21550316.284276962,0.0,8.429978277857408e-05,-0.21518315498237772,5703275.589872134,6067792.08898204
2018-11-27,21716095.03495364,29541.894348667003,21686553.140604973,0.0,0.006313148826109893,-0.21022848943854333,5733861.623834309,6095542.851217381
2018-11-28,21755407.072204158,29541.894348667003,21725865.17785549,0.0,0.001810271929057361,-0.20879878824260467,5757069.447849469,6101886.526248209
2018-11-29,21815173.586300418,29541.894348667003,21785631.69195175,0.0,0.002747202748167421,-0.20662519809931146,5826746.894016009,6162001.030201304
2018-11-30,21958047.593084857,29541.894348667003,21928505.69873619,0.0,0.0065492949766927655,-0.2014291524945886,5836432.366633247,6180524.508283801
2018-12-03,21981724.19161711,28867.90581236058,21952856.28580475,20000.0,0.0010782651978451518,-0.20056808134170978,5860188.546242637,6212567.816969861
2018-12-04,21909285.943287946,28867.90581236058,21880418.037475586,0.0,-0.003295385188973876,-0.20320251744604922,5852515.851924597,6205454.498723704
2018-12-05,21617580.371811964,28867.90581236058,21588712.465999603,0.0,-0.013314243660476288,-0.21381127327682659,5805887.61818453,6146234.678528059
2018-12-06,21128736.240601636,28867.90581236058,21099868.334789276,0.0,-0.0226132676646712,-0.23158956938916475,5708027.11346147,6046718.020149042
2018-12-07,21295924.97703276,28867.90581236058,21267057.071220398,0.0,0.007912860216875872,-0.22550924506255177,5757859.138764025,6085789.753619988
2018-12-10,20748155.930489637,28867.90581236058,20719288.024677277,0.0,-0.025721777623365916,-0.24543052403240562,5647345.418849814,5969357.6098274635
2018-12-11,21074387.187626936,28867.90581236058,21045519.281814575,0.0,0.015723385645945553,-0.2335661371651082,5680028.5096342405,6020784.088922469
2018-12-12,21644231.75695143,28867.90581236058,21615363.85113907,0.0,0.027039674475519693,-0.2128420150070377,5781496.106121399,6140890.882118298
2018-12-13,21662518.136124708,28867.90581236058,21633650.230312347,0.0,0.0008448615491933875,-0.21217697549237657,5810544.762755176,6178805.313742075
2018-12-14,21604312.40041838,28867.90581236058,21575444.494606018,0.0,-0.002686933039851236,-0.21429380320648161,5818029.215258121,6188334.939980455
2018-12-17,21545755.25926695,28867.90581236058,21516887.35345459,0.0,-0.0027104376231059657,-0.21642341084297823,5862665.135485918,6230980.283290793
2018-12-18,21509605.006463148,28867.90581236058,21480737.100650787,0.0,-0.0016778364169087734,-0.21773812417970306,5873622.596895843,6246907.9740202725
2018-12-19,21708299.727078535,28867.90581236058,21679431.821266174,0.0,0.009237488115457326,-0.21051198939863758,5905174.659344325,6294181.859985315
2018-12-20,21567528.319188215,28867.90581236058,21538660.413375854,0.0,-0.0064846814195551605,-0.2156315676319458,5896775.288522206,6285775.634161476
2018-12-21,21428269.981640913,28867.90581236058,21399402.075828552,0.0,-0.006456851962188259,-0.22069611848356008,5790326.645346807,6182378.923581467
2018-12-24,21136645.061978437,28867.90581236058,21107777.156166077,0.0,-0.013609354367493554,-0.23130194116708047,5741598.305993647,6127856.113639755
2018-12-26,21094990.58249388,28867.90581236058,21066122.67668152,0.0,-0.001970723327302637,-0.23281683236327477,5777323.237281765,6154573.101486641
2018-12-27,21243116.190690137,28867.90581236058,21214248.284877777,0.0,0.007021838081273435,-0.22742979638145133,5804218.1551596,6179826.345124758
2018-12-28,21336450.016629316,28867.90581236058,21307582.110816956,0.0,0.004393603325489659,-0.22403542936565868,5847347.08923639,6230027.054773366
2018-12-31,21430730.2622386,28867.90581236058,21401862.35642624,0.0,0.004418740959053702,-0.22060664293462218,5848773.6256731255,6241905.186138712
2019-01-01,21415168.617575955,40360.65615398826,21374807.961421967,20000.0,-0.0007261369291771125,-0.22117258923354266,,6280896.6357502155
2019-01-02,21269556.469714474,40360.65615398826,21229195.813560486,0.0,-0.006799486404322486,-0.2264682156243628,5811056.380872738,6216366.1769638425
2019-01-03,21097547.630019497,40360.65615398826,21057186.97386551,0.0,-0.00808709104676908,-0.2327238375921783,5746309.609522267,6155864.203849679
2019-01-04,21117844.651091885,40360.65615398826,21077483.994937897,0.0,0.0009620559426304354,-0.23198567500049527,5775977.1505593015,6183247.370073481
2019-01-07,21187105.611152004,40360.65615398826,21146744.954998016,0.0,0.003279736223295915,-0.22946679059878428,5799910.677647718,6201172.497514141
2019-01-08,21075667.866984677,40360.65615398826,21035307.21083069,0.0,-0.005259696449932849,-0.2335195613848272,5816252.485947495,6213122.58247458
2019-01-09,21132874.17715771,40360.65615398826,21092513.521003723,0.0,0.00271432964943652,-0.23143908080458087,5844789.52446371,6232788.874637991
2019-01-10,21390544.9710191,40360.65615398826,21350184.314865112,0.0,0.012192889225635994,-0.22206810265367816,5826724.619996157,6227291.968927672
2019-01-11,21438104.16911633,40360.65615398826,21397743.51296234,0.0,0.0022233747743063415,-0.22033846849699001,5812375.651023776,6212815.161204114
2019-01-14,21432777.591189694,40360.65615398826,21392416.935035706,0.0,-0.0002484631049749497,-0.22053218562193677,5781496.106121399,6180891.362809796
2019-01-15,21574608.36946423,40360.65615398826,21534247.71331024,0.0,0.006617470725438723,-0.21537408017886828,5861830.666881016,6253070.009342335
2019-01-16,21625401.243819546,40360.65615398826,21585040.587665558,0.0,0.00235428951874761,-0.21352684359969565,5863715.188292464,6254162.32179575
2019-01-17,21547006.349726986,40360.65615398826,21506645.693572998,0.0,-0.0036251301517452594,-0.2163779111525007,5871738.075484394,6256108.21174634
2019-01-18,21137909.37373669,40360.65615398826,21097548.717582703,0.0,-0.01898625587936853,-0.2312559606440846,5872680.336190118,6241426.678794943
2019-01-21,21277666.361827206,40360.65615398826,21237305.705673218,0.0,0.006611675053548982,-0.2261732748565105,5902240.08512633,6251806.314532065
2019-01-22,21291337.993796658,40360.65615398826,21250977.33764267,0.0,0.00064253437087336,-0.22567606458850542,5881187.49911306,6235315.59740111
2019-01-23,21248567.086009335,40360.65615398826,21208206.429855347,0.0,-0.0020088407689448085,-0.22723155807832984,5832055.33374316,6192772.76145601
2019-01-24,21298853.88242657,40360.65615398826,21258493.226272583,0.0,0.002366597061048248,-0.2254027265548072,5841908.583388564,6195060.749262889
2019-01-25,20645372.530207943,40360.65615398826,20605011.874053955,0.0,-0.03068152661293233,-0.24916855341432065,5804621.981176339,6141899.542624424
2019-01-28,19837036.215525936,40360.65615398826,19796675.55937195,0.0,-0.03915338962759152,-0.278566149587138,5740548.2531871,6061492.54239061
2019-01-29,19970323.017936062,40360.65615398826,19929962.361782074,0.0,0.006719088525220629,-0.27371877168112313,5735514.099171139,6060844.356978693
2019-01-30,20080441.09672482,40360.65615398826,20040080.44057083,0.0,0.005514086011020325,-0.26971399451998346,5735298.514969495,6067160.830457782
2019-01-31,20172360.237555813,40360.65615398826,20131999.581401825,0.0,0.004577545900920743,-0.26637107680909855,5831759.299827243,6148386.731602949
2019-02-01,20362810.18711289,25753.920785987517,20337056.266326904,20000.0,0.009441133675696989,-0.25944478807689575,5885519.259989641,6204202.976755864
2019-02-04,20516808.24909409,25753.920785987517,20491054.328308105,0.0,0.007562711657483456,-0.2538441825426747,5895568.082494451,6194406.603764404
2019-02-05,20592628.46900376,25753.920785987517,20566874.548217773,0.0,0.0036955173041115508,-0.2510867508076976,5907507.852172275,6188651.744755146
2019-02-06,20721824.41529282,25753.920785987517,20696070.494506836,0.0,0.006273892936180081,-0.2463881492637784,5976716.835269433,6246951.6376455985
2019-02-07,20754264.092050634,25753.920785987517,20728510.17126465,0.0,0.001565483622854691,-0.24520838225346153,5980471.821606026,6265516.77802073
2019-02-08,20570621.15937241,25753.920785987517,20544867.238586426,0.0,-0.008848443474734569,-0.25188711321829527,5912505.355415243,6190913.0123035405
2019-02-11,20401130.239938818,25753.920785987517,20375376.319152832,0.0,-0.008239465309309302,-0.25805116339638035,5882898.630913646,6143129.351541257
2019-02-12,20229820.524240576,25753.920785987517,20204066.60345459,0.0,-0.008397069852672856,-0.2642813596044503,5851887.41384102,6114458.753675447
2019-02-14,20185858.899606787,25753.920785987517,20160104.9788208,0.0,-0.002173109968084619,-0.26588015711559954,5805774.999785686,6076094.810984581
2019-02-15,20073443.24707993,25753.920785987517,20047689.326293945,0.0,-0.005569029937539383,-0.2699684924983644,5794078.457408854,6047150.5863651335
2019-02-18,19829539.596353613,25753.920785987517,19803785.675567627,0.0,-0.012150563693739902,-0.2788387868287,5748992.768576368,5997345.834104714
2019-02-19,19720697.494730078,25753.920785987517,19694943.57394409,0.0,-0.005488886975648644,-0.28279715921901893,5729218.547288025,5989090.86952494
2019-02-20,19931922.753427587,25753.920785987517,19906168.8326416,0.0,0.010710841173541485,-0.2751153135022012,5800048.342247766,6059858.508578669
2019-02-21,20034592.712595068,25753.920785987517,20008838.791809082,0.0,0.005151031359973857,-0.2713814097496863,5829438.747457808,6098291.359718495
2019-02-22,20149875.318582617,25753.920785987517,20124121.39779663,0.0,0.00575417766866182,-0.2671888089286961,5830411.656661781,6110656.746729434
2019-02-25,20339761.443826757,25753.920785987517,20314007.52304077,0.0,0.00942368735497956,-0.26028302537381,5878198.170990546,6154569.492096744
2019-02-26,20309490.51133164,25753.920785987517,20283736.590545654,0.0,-0.0014882638903468415,-0.26138391943622274,5853994.152697563,6133538.365868541
2019-02-27,20377650.54471787,25753.920785987517,20351896.623931885,0.0,0.0033560681075777143,-0.25890507356449866,5838515.715974702,6128776.992749629
2019-02-28,20391100.284494482,25753.920785987517,20365346.363708496,0.0,0.0006600240664200729,-0.2584159330775495,5830870.675646302,6135456.429200271
2019-03-01,20389476.76864572,25210.92268319428,20364265.845962524,20000.0,-7.961884479568138e-05,-0.2584749771442767,5889229.889727459,6211323.78694103
2019-03-05,20597326.858108,25210.92268319428,20572115.935424805,0.0,0.01019398839022223,-0.2509158796702261,5956424.734397403,6304862.7901061
2019-03-06,20750561.862534955,25210.92268319428,20725350.93985176,0.0,0.007439557835954735,-0.24534302503303762,5991960.047052756,6343935.254475133
2019-03-07,20761230.374110654,25210.92268319428,20736019.45142746,0.0,0.000514131214681024,-0.24495503232583038,5994779.13350434,6340429.706396468
2019-03-08,20752743.724715665,25210.92268319428,20727532.80203247,0.0,-0.00040877391378368877,-0.24526367501234914,5982419.093807598,6330601.687917455
2019-03-11,20970117.180407956,25210.92268319428,20944906.257724762,0.0,0.0104744441783573,-0.2373582315068874,6054329.886291761,6423075.536037371
2019-03-12,21179562.019296125,25210.92268319428,21154351.09661293,0.0,0.009987776276417337,-0.22974113614412695,6126512.264005908,6488539.280513844
2019-03-13,21234885.556014493,25210.92268319428,21209674.6333313,0.0,0.002612119016812686,-0.22772912831798042,6148467.785756169,6495000.01300575
2019-03-14,21283903.329337552,25210.92268319428,21258692.406654358,0.0,0.002308360607536919,-0.22594644865944147,6149307.952929627,6492903.932850731
2019-03-15,21300567.99449487,25210.92268319428,21275357.071811676,0.0,0.0007829703461557092,-0.22534038768240527,6194628.274952989,6528780.260909098
2019-03-18,21179939.323668912,25210.92268319428,21154728.400985718,0.0,-0.005663166862833635,-0.2297274143288578,6213792.239358798,6540670.129607842
2019-03-19,21343305.923827603,25210.92268319428,21318095.00114441,0.0,0.007713270451918941,-0.22378609355387735,6251848.582940431,6577405.561924432
2019-03-20,21311870.757359937,25210.92268319428,21286659.834676743,0.0,-0.00147283492912742,-0.2249293285077657,6245695.298090333,6565618.383031553
2019-03-22,21284457.842996076,25210.92268319428,21259246.92031288,0.0,-0.0012862744278042682,-0.2259262820922472,6210919.15350476,6529226.5924182525
2019-03-25,21076929.106009915,25210.92268319428,21051718.18332672,0.0,-0.009750247740251905,-0.23347369261106565,6155271.181059328,6468471.141981953
2019-03-26,21128841.277829602,25210.92268319428,21103630.355146408,0.0,0.002462985549677832,-0.23158574939251886,6225203.583671271,6537851.864935756
2019-03-27,21228712.204968885,25210.92268319428,21203501.28228569,0.0,0.004726758359630212,-0.22795364090980086,6204494.812830584,6530429.338379762
2019-03-28,21623496.11530824,25210.92268319428,21598285.192625046,0.0,0.018596696140944058,-0.21359612936307837,6272231.769148682,6599261.040018545
2019-04-01,21745221.06098286,30305.459025538294,21714915.60195732,20000.0,0.0056292907042190254,-0.20916923336434,6345982.350825572,6688023.61061155
2019-04-02,21674076.74189488,30305.459025538294,21643771.28286934,0.0,-0.003271722043591274,-0.21175661181629213,6369937.760923704,6700983.1589134345
2019-04-03,21569855.867267765,30305.459025538294,21539550.408242226,0.0,-0.004808549672875362,-0.215546919302689,6332277.840271063,6657968.44498452
2019-04-04,21477610.288901486,30305.459025538294,21447304.829875946,0.0,-0.004276596882887063,-0.21890170890237026,6307288.949159985,6636081.746403102
2019-04-05,21779777.690689243,30305.459025538294,21749472.231663704,0.0,0.014068948906476031,-0.20791247695398196,6344242.00278887,6676270.415774782
2019-04-08,21468160.44062058,30305.459025538294,21437854.98159504,0.0,-0.014307641450439612,-0.21924538123109127,6310823.815358428,6641424.168891479
2019-04-09,21559406.67323891,30305.459025538294,21529101.21421337,0.0,0.004250305137727617,-0.2159269358636331,6347504.956202816,6671306.998309206
2019-04-10,21602626.789241947,30305.459025538294,21572321.330216408,0.0,0.0020046987682960093,-0.21435510555770476,6299838.432648875,6633531.035867762
2019-04-11,21610095.766638912,30305.459025538294,21579790.307613373,0.0,0.0003457439444671806,-0.21408347359294977,6306582.082136229,6641527.166704071
2019-04-12,21793834.409216084,30305.459025538294,21763528.950190544,0.0,0.008502444624091998,-0.20740126184801522,6332005.927486567,6669135.292796668
2019-04-15,21879313.05708424,30305.459025538294,21849007.5980587,0.0,0.003922148175633078,-0.20429257215316332,6357511.02802446,6698019.110751094
2019-04-16,21957870.142381825,30305.459025538294,21927564.683356285,0.0,0.0035904731146094715,-0.2014356060263841,6410153.767966535,6742757.859961351
2019-04-18,21887521.241215862,30305.459025538294,21857215.782190323,0.0,-0.003203812606131562,-0.2039940566986046,6391473.041023892,6713322.7007748205
2019-04-22,21491263.03868214,30305.459025538294,21460957.5796566,0.0,-0.018104297794468316,-0.2184051853422997,6305358.474605998,6617572.433611022
2019-04-23,21536583.475479282,30305.459025538294,21506278.016453743,0.0,0.0021087842401616985,-0.21675697051495746,6295297.701579661,6608955.623145897
2019-04-24,21845249.48459641,30305.459025538294,21814944.02557087,0.0,0.014332171556763473,-0.20553139704573864,6376980.408258071,6678062.443076201
2019-04-25,21745273.043783344,30305.459025538294,21714967.584757805,0.0,-0.004576575830986029,-0.20916734285249639,6331108.402865869,6637563.433890113
2019-04-26,21596702.908892788,30305.459025538294,21566397.44986725,0.0,-0.006832295671404753,-0.2145705453927309,6392479.436974321,6679544.80375153
2019-04-30,21576176.437125362,30305.459025538294,21545870.978099823,0.0,-0.0009504446976937864,-0.21531705265327483,6388944.570775878,6662035.1756110685
2019-05-02,21832385.473379627,38305.44764186358,21794080.025737762,20000.0,0.011874626489122297,-0.20599923574114898,6396218.840029621,6663560.868611503
2019-05-03,21789003.872751728,38305.44764186358,21750698.425109863,0.0,-0.0019870298039943446,-0.20757693892412554,6389399.698000974,6654606.843737288
2019-05-06,21370725.681456104,38305.44764186358,21332420.23381424,0.0,-0.019196756021449102,-0.22278889109336897,6327209.12269972,6590927.325911539
2019-05-07,20955265.47521068,38305.44764186358,20916960.027568817,0.0,-0.019440622299781163,-0.23789835870881693,6272465.263591937,6534472.607584629
2019-05-08,20661149.887751117,38305.44764186358,20622844.440109253,0.0,-0.014035402596425772,-0.24859476206373554,6196936.3399335565,6458036.254531631
2019-05-09,20723377.647451892,38305.44764186358,20685072.199810028,0.0,0.003011824609900682,-0.24633166127611084,6165486.2437992515,6430033.741932019
2019-05-10,20752057.051016346,38305.44764186358,20713751.60337448,0.0,0.0013839155012445037,-0.24528864797935368,6152993.895250054,6423430.815362005
2019-05-13,20329349.166584507,38305.44764186358,20291043.718942642,0.0,-0.020369444985268936,-0.2606616993440961,6081692.839649434,6333373.352001523
2019-05-14,20522678.59968044,38305.44764186358,20484373.152038574,0.0,0.009509868294933277,-0.25363068947945866,6121980.117656488,6369603.358236028
2019-05-15,20524912.41358997,38305.44764186358,20486606.965948105,0.0,0.00010884611863315463,-0.2535494500769415,6086493.409088507,6333476.6598822065
2019-05-16,20771563.094709888,38305.44764186358,20733257.647068024,0.0,0.012017136840818177,-0.24457925167361216,6141100.885355718,6376034.105004901
2019-05-17,21121365.303556934,38305.44764186358,21083059.85591507,0.0,0.016840437440942102,-0.23185763581983188,6222958.292463965,6450741.90789743
2019-05-20,21881067.06364681,38305.44764186358,21842761.616004944,0.0,0.035968402097658725,-0.20422878239675335,6452681.336026812,6687345.988905532
2019-05-21,21883100.674986377,38305.44764186358,21844795.227344513,0.0,9.293931295273339e-05,-0.20415482396652174,6387681.061111567,6623008.811760916
2019-05-22,21985984.632349506,38305.44764186358,21947679.18470764,0.0,0.0047015255694879965,-0.2004131375220466,6403392.790541945,6636388.195131898
2019-05-23,21957992.52493526,38305.44764186358,21919687.077293396,0.0,-0.001273179613391462,-0.20143115521448918,6359286.260253378,6604963.018171574
2019-05-24,22317036.9773698,38305.44764186358,22278731.529727936,0.0,0.016351424294676065,-0.1883734172048921,6461327.795020946,6722020.299995614
2019-05-27,22299879.244486347,38305.44764186358,22261573.796844482,0.0,-0.0007688176929961932,-0.188997410081851,6505325.112487961,6779304.857442531
2019-05-28,22267577.39584972,38305.44764186358,22229271.948207855,0.0,-0.001448521235585365,-0.19017216455546215,6507507.237937127,6786633.640036961
2019-05-29,22154209.90019466,38305.44764186358,22115904.452552795,0.0,-0.005091146362252608,-0.1942951165939366,6470601.828179905,6746289.549377556
2019-05-30,22507072.991667286,38305.44764186358,22468767.54402542,0.0,0.015927586362243673,-0.18146218248100499,6516863.313898618,6786495.2209811425
2019-05-31,22511481.460352436,38305.44764186358,22473176.01271057,0.0,0.00019587036869617158,-0.1813018551768958,6504261.219782398,6779408.165323216
2019-06-03,22890195.368575487,29807.770308885723,22860387.5982666,20000.0,0.01682314462022627,-0.16752877788622578,6614683.0430822475,6880684.45882553
2019-06-04,22917313.73272649,29807.770308885723,22887505.962417603,0.0,0.00118471527718933,-0.16654253651156703,6578076.6323099835,6848509.450278696
2019-06-06,22444205.33113042,29807.770308885723,22414397.560821533,0.0,-0.020644147351373876,-0.18374855519892452,6480732.061105207,6741928.253128911
2019-06-07,22533156.800277147,29807.770308885723,22503349.02996826,0.0,0.003963226491398686,-0.18051356584924638,6495451.573420115,6751185.348383583
2019-06-10,22556747.046782885,29807.770308885723,22526939.276474,0.0,0.0010469126325631795,-0.17965563514911986,6523932.488502968,6771988.418334097
2019-06-11,22518282.156768236,29807.770308885723,22488474.38645935,0.0,-0.001705249872017145,-0.18105452727229177,6547406.439584127,6799205.768186019
2019-06-12,22430936.901336107,29807.770308885723,22401129.13102722,0.0,-0.0038788596227743444,-0.18423110179970914,6514903.922465334,6760963.197570285
2019-06-13,22449352.5740656,29807.770308885723,22419544.803756714,0.0,0.0008209943619605919,-0.18356136013362379,6519199.1174115045,6758951.963268428
2019-06-14,22201255.489440355,29807.770308885723,22171447.71913147,0.0,-0.01105141379051866,-0.19258416137735546,6469542.0042045135,6705488.344368915
2019-06-17,21786709.890899096,29807.770308885723,21756902.12059021,0.0,-0.018672169181532583,-0.20766036651596642,6386835.188058267,6617872.341784042
2019-06-18,21854110.715163622,29807.770308885723,21824302.944854736,0.0,0.003093666946594853,-0.20520913158137977,6397423.01993976,6623246.468187925
2019-06-19,21658880.610640917,29807.770308885723,21629072.84033203,0.0,-0.008933335566349232,-0.21230926511403347,6397395.767520967,6605806.967522705
2019-06-20,21917424.032164965,29807.770308885723,21887616.26185608,0.0,0.011937062961463685,-0.20290655121753798,6474165.831259655,6688880.424755102
2019-06-21,21995217.691832934,29807.770308885723,21965409.921524048,0.0,0.0035493979380880614,-0.20007734937396604,6415261.063942383,6644222.897054693
2019-06-24,21989039.40394536,29807.770308885723,21959231.633636475,0.0,-0.00028089232732930736,-0.20030204150898379,6401882.798120991,6632087.7729168935
2019-06-25,22082556.026397143,29807.770308885723,22052748.256088257,0.0,0.0042528743859089335,-0.19690102654485364,6454850.278669551,6679761.47488682
2019-06-26,22229169.94831792,29807.770308885723,22199362.178009033,0.0,0.006639354689987664,-0.19156896760891984,6482811.260350735,6714398.721791078
2019-06-27,22464095.356032763,29807.770308885723,22434287.585723877,0.0,0.010568339180501818,-0.18302519425456765,6479528.145427958,6721020.896955338
2019-06-28,22507683.655043993,29807.770308885723,22477875.884735107,0.0,0.0019403540770461802,-0.18143997385939548,6450691.345817343,6697167.116388709
2019-07-01,22375068.30938994,39318.51364409152,22335749.79574585,20000.0,-0.005892003268152091,-0.18626293220859458,6512687.857537856,6755340.614311249
2019-07-02,22539962.945452563,39318.51364409152,22500644.43180847,0.0,0.007369570174381224,-0.18026603978401068,6537222.514767591,6777491.850773813
2019-07-03,22540185.14180266,39318.51364409152,22500866.62815857,0.0,9.857884444519627e-06,-0.18025795894135566,6540762.842275126,6786150.8963880045
2019-07-04,22526694.84242522,39318.51364409152,22487376.328781128,0.0,-0.0005984999365609145,-0.18074857450092563,6557228.983233714,6799713.044228947
2019-07-05,22391546.741183154,39318.51364409152,22352228.227539062,0.0,-0.005999464288366729,-0.1856636441714009,6482802.240503773,6716845.250963447
2019-07-08,21734464.29568755,39318.51364409152,21695145.782043457,0.0,-0.029345111934008572,-0.20956043568512372,6344184.348394972,6570895.267835618
2019-07-09,21327731.690127246,39318.51364409152,21288413.176483154,0.0,-0.0187137166127902,-0.22435249769124965,6342702.824514453,6576355.30922651
2019-07-10,21068789.95456206,39318.51364409152,21029471.44091797,0.0,-0.012141081823767053,-0.23376969748318077,6311417.156693136,6537720.03189357
2019-07-11,21049883.79013335,39318.51364409152,21010565.276489258,0.0,-0.0008973540706175287,-0.23445727736417477,6357522.351377183,6583831.877908055
2019-07-12,21167119.872729175,39318.51364409152,21127801.359085083,0.0,0.005569440846546536,-0.2301936324549504,6340836.447469603,6577815.576547124
2019-07-15,21086401.674227588,39318.51364409152,21047083.160583496,0.0,-0.0038133765475377723,-0.23312919400309196,6360513.271512238,6585744.488501008
2019-07-16,21351735.425265186,39318.51364409152,21312416.911621094,0.0,0.012583168770890607,-0.22347952922576386,6401266.970384744,6627960.477142914
2019-07-17,21238331.670763843,39318.51364409152,21199013.15711975,0.0,-0.005311219544578694,-0.2276037999269055,6414934.081783249,6637349.656417413
2019-07-18,20928222.031527393,39318.51364409152,20888903.5178833,0.0,-0.014601412391696433,-0.238881875373952,6365206.5504911905,6576703.056607047
2019-07-19,20569603.37982451,39318.51364409152,20530284.86618042,0.0,-0.017135648272588067,-0.2519241278514358,6267699.338045208,6471335.600304344
2019-07-22,20519339.970522754,39318.51364409152,20480021.456878662,0.0,-0.002443576979761275,-0.2537521088317328,6227604.392012484,6431761.676721595
2019-07-23,20542559.029635303,39318.51364409152,20503240.51599121,0.0,0.0011315694922888753,-0.2529076774844018,6219288.776425521,6421885.515275525
2019-07-24,20202616.427019946,39318.51364409152,20163297.913375854,0.0,-0.016548211063915907,-0.26527071892162113,6186493.712349666,6371045.11991866
2019-07-25,20175623.88704192,39318.51364409152,20136305.373397827,0.0,-0.0013360912966662308,-0.26625238431947573,6175983.147308749,6370141.112568084
2019-07-26,20340599.11685454,39318.51364409152,20301280.60321045,0.0,0.008176958032934944,-0.26025256085929005,6193629.040098388,6393404.868970726
2019-07-29,20268555.965334766,39318.51364409152,20229237.451690674,0.0,-0.0035418401938849264,-0.26287262807256195,6141431.58766254,6335192.500824119
2019-07-30,19867659.603670947,39318.51364409152,19828341.090026855,0.0,-0.01977922661828846,-0.27745243740845815,6084458.8471472645,6262269.4676090535
2019-07-31,19938917.775790088,39318.51364409152,19899599.262145996,0.0,0.003586641483729336,-0.27486091834649984,6102351.83925272,6290715.4750146195
2019-08-01,19757477.056158036,21873.221019714838,19735603.83513832,20000.0,-0.009099827867907528,-0.2814595591698392,6046607.590843215,6234767.311266524
2019-08-02,19642623.29247853,21873.221019714838,19620750.071458817,0.0,-0.0058131796561397,-0.28563656384258673,6056161.896830923,6240488.857827291
2019-08-05,19088442.69242093,21873.221019714838,19066569.471401215,0.0,-0.028213166429241987,-0.30579101835786104,5981956.034092661,6162342.766132486
2019-08-06,19616714.717136353,21873.221019714838,19594841.49611664,0.0,0.027674967163516806,-0.2865788075862963,6029123.09257279,6222800.918423818
2019-08-07,19427905.41476628,21873.221019714838,19406032.193746567,0.0,-0.009624919620467076,-0.293445429218816,5978046.32990879,6178181.440635885
2019-08-08,19495816.026599854,21873.221019714838,19473942.80558014,0.0,0.003495518965310307,-0.29097565431662364,6075491.538850298,6265398.06083098
2019-08-09,19542837.136671036,21873.221019714838,19520963.91565132,0.0,0.0024118564725388314,-0.28926558935929947,6118005.135115429,6312075.987131487
2019-08-13,19198976.41926381,21873.221019714838,19177103.198244095,0.0,-0.017595230160414643,-0.3017711248974493,6016787.357418784,6202915.529019337
2019-08-14,19467840.058757752,21873.221019714838,19445966.837738037,0.0,0.014004061134434753,-0.2919930850446856,6073812.033187818,6259431.898905759
2019-08-16,19667294.761384934,21873.221019714838,19645421.54036522,0.0,0.010245343192937018,-0.2847393112179958,6083944.459120184,6271781.908601353
2019-08-19,19784109.8091335,21873.221019714838,19762236.588113785,0.0,0.0059395584988088945,-0.28049097851507665,6087304.008231139,6278166.437751572
2019-08-20,19616657.532289475,21873.221019714838,19594784.31126976,0.0,-0.008463978337135969,-0.28658088728629894,6066983.226622923,6249873.502436252
2019-08-21,19350094.604057282,21873.221019714838,19328221.383037567,0.0,-0.01358860079977564,-0.29627525481189554,6012850.226149167,6185053.83775532
2019-08-22,19099503.916166276,21873.221019714838,19077630.69514656,0.0,-0.01295035983123638,-0.3053887434842265,5915184.524949697,6083708.12508862
2019-08-23,19089496.877897233,21873.221019714838,19067623.656877518,0.0,-0.000523942313526371,-0.30575267971296693,5963645.496533869,6133456.348971933
2019-08-26,19316169.255134553,21873.221019714838,19294296.034114838,0.0,0.011874193368593744,-0.2975090527862506,6089478.814795041,6254966.816779677
2019-08-27,19636361.46803662,21873.221019714838,19614488.247016907,0.0,0.016576382649833965,-0.28586429403719116,6115636.725593315,6295121.212441529
2019-08-28,19349878.29871747,21873.221019714838,19328005.077697754,0.0,-0.01458942227079496,-0.2962831214101348,6083008.173702836,6259292.897417323
2019-08-29,19187882.093458146,21873.221019714838,19166008.87243843,0.0,-0.008371949567768655,-0.3021746036276767,6029150.519658536,6214079.2564043095
2019-08-30,19528141.92886731,21873.221019714838,19506268.707847595,0.0,0.01773305848721951,-0.2898000250599392,6070425.056991117,6263932.412783794
2019-09-03,19343742.030398212,23230.35265620728,19320511.677742004,20000.0,-0.009442777461408647,-0.29650628537639623,5966326.636349912,6161689.461642381
2019-09-04,19378585.350802265,23230.35265620728,19355354.998146057,0.0,0.0018012709407153604,-0.29523910259126873,5992158.118412066,6183214.617919258
2019-09-05,19443126.66614803,23230.35265620728,19419896.31349182,0.0,0.003330548343823958,-0.29289186235161224,5993953.889892323,6192454.821723709
2019-09-06,19541762.18065151,23230.35265620728,19518531.8279953,0.0,0.005073027409486119,-0.2893046833878513,6048268.962437743,6244325.608472094
2019-09-09,19663676.29145702,23230.35265620728,19640445.93880081,0.0,0.006238644687131645,-0.28487090782669955,6079680.933877546,6280725.872745186
2019-09-11,19704056.773325764,23230.35265620728,19680826.420669556,0.0,0.0020535570902520117,-0.28340234940902154,6097721.746278659,6310651.090008161
2019-09-12,19643649.25170406,23230.35265620728,19620418.89904785,0.0,-0.0030657403354359403,-0.285599251730717,6068491.89619287,6287165.3726222245
2019-09-13,19738156.191653095,23230.35265620728,19714925.838996887,0.0,0.0048110683884685645,-0.2821622208740203,6119934.166045717,6335640.724562833
2019-09-16,19743476.238036,23230.35265620728,19720245.88537979,0.0,0.0002695310712534926,-0.2819687412884263,6079929.6870783875,6306451.059515112
2019-09-17,19507662.116206013,23230.35265620728,19484431.763549805,0.0,-0.011943900809913477,-0.2905448354208947,5977211.342569785,6197775.270507465
2019-09-18,19561599.735659443,23230.35265620728,19538369.383003235,0.0,0.0027649453395350854,-0.2885832306699826,5989947.9381286735,6214435.254743485
2019-09-19,19324015.678877674,23230.35265620728,19300785.326221466,0.0,-0.012145430843709004,-0.29722369384293523,5914884.366497065,6136559.689351532
2019-09-20,20171537.45785793,23230.35265620728,20148307.10520172,0.0,0.04385847088225292,-0.26640099968260833,6229503.74567596,6461396.911015032
2019-09-23,20587586.650561176,23230.35265620728,20564356.29790497,0.0,0.02062555685566614,-0.2512701117923022,6409633.43877248,6640667.939120528
2019-09-24,20665977.025484882,23230.35265620728,20642746.672828674,0.0,0.003807652458456934,-0.2484192085927479,6403002.897922301,6632373.152336241
2019-09-25,20461443.840803944,23230.35265620728,20438213.488147736,0.0,-0.009897097264199628,-0.2558576767872096,6321226.227436764,6540952.762043689
2019-09-26,20571567.2336758,23230.35265620728,20548336.881019592,0.0,0.0053819952164007034,-0.2518527063633571,6393609.631717881,6610707.858323187
2019-09-27,20650710.37971767,23230.35265620728,20627480.027061462,0.0,0.003847210333703277,-0.24897442636414602,6361120.089470965,6576967.476642616
2019-09-30,20425389.87715801,23230.35265620728,20402159.5245018,0.0,-0.010911029132487537,-0.25716888827733,6340150.896113316,6538677.745526621
2019-10-01,20122877.19988605,19770.297366824467,20103106.902519226,20000.0,-0.01481061948346274,-0.26817067721353205,6296856.966166611,6485527.214439348
2019-10-03,20179658.604655948,19770.297366824467,20159888.307289124,0.0,0.0028217339004692477,-0.266105649604068,6271414.120321296,6458844.738179566
2019-10-04,19906791.273029055,19770.297366824467,19887020.97566223,0.0,-0.01352190029438527,-0.2760292958367345,6194227.058605304,6383888.045002415
2019-10-07,19897871.9868848,19770.297366824467,19878101.689517975,0.0,-0.0004480524270298325,-0.2763536726678334,6167426.596969596,6348077.353180075
2019-10-09,20125048.078502383,19770.297366824467,20105277.78113556,0.0,0.011417104892790686,-0.2680917266433993,6271025.998103708,6444485.215786574
2019-10-10,20052929.015628543,19770.297366824467,20033158.71826172,0.0,-0.0035835473581242727,-0.2707145546027756,6227374.428192509,6398703.566745549
2019-10-11,20132623.188472476,19770.297366824467,20112852.89110565,0.0,0.003974191140946104,-0.267816234846457,6266452.976493964,6432864.432347673
2019-10-14,20166554.240813937,19770.297366824467,20146783.943447113,0.0,0.0016853766160431771,-0.26658222945002075,6286463.7352353735,6454807.258219205
2019-10-15,20103680.021110263,19770.297366824467,20083909.72374344,0.0,-0.0031177472835902664,-0.26886884071188977,6334771.1478153,6497779.539835365
2019-10-16,20078533.526080813,19770.297366824467,20058763.22871399,0.0,-0.0012508403935520551,-0.2697833690989119,6354559.967771199,6517440.311816257
2019-10-17,20341776.00374576,19770.297366824467,20322005.706378937,0.0,0.013110642633487712,-0.26020975980613825,6422379.047482192,6594082.488305666
2019-10-18,20611204.65339252,19770.297366824467,20591434.356025696,0.0,0.01324508978946315,-0.2504111716494021,6464229.124031976,6656014.057188137
2019-10-22,20732346.593089785,19770.297366824467,20712576.29572296,0.0,0.00587747983363629,-0.2460054784272524,6423487.658781524,6634281.745302311
2019-10-23,20672644.21085712,19770.297366824467,20652873.913490295,0.0,-0.002879673169874808,-0.24817673622125802,6432217.972763763,6641584.592037681
2019-10-24,20731546.206710543,19770.297366824467,20711775.90934372,0.0,0.002849272461356911,-0.24603458689996582,6420300.401295944,6626839.013052011
2019-10-25,20512681.146167483,19770.297366824467,20492910.84880066,0.0,-0.010557102608787394,-0.2539942771295396,6421021.431691798,6622239.248178692
2019-10-27,20789809.538310733,19770.297366824467,20770039.24094391,0.0,0.013510100906288791,-0.24391566453689084,,
2019-10-29,20844408.4975011,19770.297366824467,20824638.200134277,0.0,0.002626236622791378,-0.24193000816517873,6533517.330240227,6739677.252243128
2019-10-30,20878336.792144503,19770.297366824467,20858566.49477768,0.0,0.0016276928485388087,-0.24069610306077738,6565251.328683607,6774224.174437929
2019-10-31,20979878.64602634,19770.297366824467,20960108.348659515,0.0,0.004863503012368264,-0.23700322627071047,6583737.746888435,6803785.960880041
2019-11-01,20858620.610772613,382299.1011729279,20476321.509599686,20000.0,-0.00577973005943444,-0.24141314165908512,6611026.541393077,6833861.832234925
2019-11-04,20919785.597930435,382299.1011729279,20537486.496757507,0.0,0.0029323601161925783,-0.23918869181101843,6639215.2238713335,6853862.280041267
2019-11-05,20756377.165820602,382299.1011729279,20374078.064647675,0.0,-0.007811190575777172,-0.2451315339314889,6625816.138673837,6826854.591924807
2019-11-06,20694916.044037346,382299.1011729279,20312616.942864418,0.0,-0.0029610717367607453,-0.2473667536113363,6652975.918224415,6846079.972518519
2019-11-07,20753372.266235832,382299.1011729279,20371073.165062904,0.0,0.002824665829718631,-0.24524081619795213,6678551.350153374,6876326.85013941
2019-11-08,20569726.001431946,382299.1011729279,20187426.900259018,0.0,-0.008848984273397531,-0.25191966834561885,6620784.559026977,6819284.104012964
2019-11-11,20842652.508703712,382299.1011729279,20460353.407530785,0.0,0.013268358910214273,-0.24199387001155626,6623731.184983976,6828122.070960193
2019-11-13,21017369.720586304,382299.1011729279,20635070.619413376,0.0,0.00838267642804258,-0.23563974989339043,6583144.086488019,6784530.557852256
2019-11-14,21004694.560699943,382299.1011729279,20622395.459527016,0.0,-0.0006030802167382721,-0.2361007204386909,6600740.76985643,6796115.302481161
2019-11-15,20969901.906789307,382299.1011729279,20587602.80561638,0.0,-0.0016564227492140704,-0.23736606058346454,6613723.407272644,6808016.401074407
2019-11-18,20892167.434280876,382299.1011729279,20509868.33310795,0.0,-0.003706954512899374,-0.24019310990687492,6607635.233906913,6808931.764392963
2019-11-19,21083534.908815864,382299.1011729279,20701235.807642937,0.0,0.009159771246183945,-0.2332334526023474,6638547.93009924,6832559.2791730575
2019-11-20,21112822.302566055,382299.1011729279,20730523.201393127,0.0,0.0013891121141145213,-0.23216832790265962,6671351.201486384,6862665.172962015
2019-11-21,21028600.53122187,382299.1011729279,20646301.430048943,0.0,-0.003989128982246459,-0.23523130747930987,6654282.814977408,6839741.88961558
2019-11-22,20928203.704602722,382299.1011729279,20545904.603429794,0.0,-0.004774299006255145,-0.23888254188802638,6624259.481843412,6816467.178278325
2019-11-25,21145367.213534836,382299.1011729279,20763068.112361908,0.0,0.010376595717307202,-0.23098473373181394,6712855.896788555,6902911.586760068
2019-11-26,21098335.849237923,382299.1011729279,20716036.748064995,0.0,-0.0022241923643118167,-0.2326951716150868,6692812.650574698,6875305.577015401
2019-11-27,21401480.18275786,382299.1011729279,21019181.08158493,0.0,0.014368163237428178,-0.22167041058798553,6727839.87256436,6912700.678778344
2019-11-28,21554438.888515953,382299.1011729279,21172139.787343025,0.0,0.007147108725747309,-0.2161076043879916,6755889.558129959,6950588.19236404
2019-11-29,21490549.668396477,382299.1011729279,21108250.56722355,0.0,-0.0029640864440927395,-0.21843112921145258,6703014.806781074,6911081.084026128
2019-12-02,21237628.00627169,31733.69682344841,21205894.309448242,20000.0,-0.011768971293308894,-0.22762939081550682,6718650.520906309,6920059.586998948
2019-12-03,21158340.631210655,31733.69682344841,21126606.934387207,0.0,-0.003733344186912957,-0.23051291613944824,6688537.547827549,6881320.807125646
2019-12-04,21237601.327179283,31733.69682344841,21205867.630355835,0.0,0.0037460733499918852,-0.2276303610814353,6715862.282658275,6908829.575712812
2019-12-05,21048527.467132896,31733.69682344841,21016793.77030945,0.0,-0.008902787896503894,-0.2345066041544266,6702032.729863587,6891525.8953819815
2019-12-06,21028528.30036959,31733.69682344841,20996794.603546143,0.0,-0.0009501456476960213,-0.23523393437282925,6647996.45478559,6829233.197966514
2019-12-09,20897738.435928673,31733.69682344841,20866004.739105225,0.0,-0.006219639461817139,-0.2399905035736627,6656918.817179296,6830680.918989091
2019-12-10,20610993.6397098,31733.69682344841,20579259.942886353,0.0,-0.01372133147794996,-0.2504188458005182,6611916.542940483,6776969.020640741
2019-12-11,20867492.5462192,31733.69682344841,20835758.849395752,0.0,0.01244476180979559,-0.24109048687939405,6641667.371793668,6805819.983182141
2019-12-12,20973869.299087852,31733.69682344841,20942135.602264404,0.0,0.005097725691433297,-0.23722177435688607,6676046.022645248,6844594.628464292
2019-12-13,21170417.00401339,31733.69682344841,21138683.30718994,0.0,0.009371075127948991,-0.2300737222984207,6740119.955416164,6909888.984712658
2019-12-16,21138630.691788048,31733.69682344841,21106896.9949646,0.0,-0.0015014495094411995,-0.23122972773038164,6721856.994891547,6888277.317003545
2019-12-17,21194204.54219088,31733.69682344841,21162470.84536743,0.0,0.0026290184644941483,-0.22920861648963076,6783783.657464808,6943613.504541113
2019-12-18,21096604.736191124,31733.69682344841,21064871.039367676,0.0,-0.004605023312173162,-0.23275812877951818,6815374.614646137,6967061.895014935
2019-12-19,21023583.952637047,31733.69682344841,20991850.2558136,0.0,-0.0034612576036375797,-0.23541375054010916,6836592.998798113,6986660.9615121
2019-12-20,21101651.32496676,31733.69682344841,21069917.62814331,0.0,0.0037133236895092736,-0.23257459430731675,6843340.31752724,6995877.681866886
2019-12-23,21199647.74795565,31733.69682344841,21167914.051132202,0.0,0.004644016787110239,-0.22901065784042518,6838293.715213857,6990439.93410986
2019-12-24,21199002.180511802,31733.69682344841,21167268.483688354,0.0,-3.0451800497988124e-05,-0.22903413585405863,6811414.98958726,6969781.458612849
2019-12-26,21294119.048385948,31733.69682344841,21262385.3515625,0.0,0.004486855893697905,-0.22557492312267546,6762341.996421875,6933620.160140866
2019-12-27,21414980.740448326,31733.69682344841,21383247.043624878,0.0,0.005675824944330721,-0.2211794219538199,6828841.478637468,6998244.109131518
2019-12-30,21516147.45259127,31733.69682344841,21484413.755767822,0.0,0.004724109415231048,-0.2175001883282962,6834445.728600458,7009544.47179655
2019-12-31,21641380.016006798,31733.69682344841,21609646.31918335,0.0,0.005820399013878541,-0.21294572719608207,6785707.650771507,6972712.076347451
2020-01-01,21829055.504794884,44305.71722774621,21784749.78756714,20000.0,0.008672066598769401,-0.20612034012548053,6813542.491332924,7004012.439012484
2020-01-02,22020801.19989376,44305.71722774621,21976495.482666016,0.0,0.008783966629099416,-0.19914692768562192,6869303.7486410225,7068786.174107112
2020-01-03,22140250.366809655,44305.71722774621,22095944.64958191,0.0,0.0054243787876560035,-0.19480279726813066,6838235.3345533125,7041623.3295647865
2020-01-06,21750851.667850304,44305.71722774621,21706545.95062256,0.0,-0.017587818227344676,-0.2089644593069453,6707585.014973142,6904036.985444515
2020-01-07,22165943.250156213,44305.71722774621,22121637.532928467,0.0,0.01908392317894614,-0.19386839781654286,6741086.665436584,6945118.107498445
2020-01-08,22163740.16284542,44305.71722774621,22119434.445617676,0.0,-9.939064112574059e-05,-0.19394851975331562,6725649.951702059,6935768.472416229
2020-01-09,22510528.702731896,44305.71722774621,22466222.98550415,0.0,0.015646661499299608,-0.1813365050908864,6832222.974054086,7043216.9937823955
2020-01-10,22427082.25940304,44305.71722774621,22382776.542175293,0.0,-0.0037069961541476015,-0.18437128751805554,6855097.580709983,7067369.583691459
2020-01-13,22403698.031772424,44305.71722774621,22359392.314544678,0.0,-0.001042678104986705,-0.18522172571835893,6895785.880832656,7113054.62459626
2020-01-14,22493281.89245968,44305.71722774621,22448976.175231934,0.0,0.003998619360081168,-0.18196373753664286,6914102.607004719,7136675.993099454
2020-01-15,22588172.224063683,44305.71722774621,22543866.506835938,0.0,0.004218607673956765,-0.17851276348224,6903476.109378179,7144609.037766016
2020-01-16,22632262.31145077,44305.71722774621,22587956.594223022,0.0,0.0019519103604193067,-0.17690929403432887,6910299.548669316,7160899.827546023
2020-01-17,22696421.96619015,44305.71722774621,22652116.248962402,0.0,0.0028348758889613634,-0.17457593403755856,6908537.568748304,7167026.857771536
2020-01-20,22696572.857852746,44305.71722774621,22652267.140625,0.0,6.648257721897366e-06,-0.17457044640563812,6837060.499212303,7101155.403443685
2020-01-21,22666917.48152523,44305.71722774621,22622611.764297485,0.0,-0.0013066015082208171,-0.17564895390529456,6806467.262598641,7074133.664587294
2020-01-22,22619772.707309533,44305.71722774621,22575466.990081787,0.0,-0.0020798934947429126,-0.17736351628345148,6771260.435038671,7045412.432248842
2020-01-23,22719641.835834313,44305.71722774621,22675336.118606567,0.0,0.004415125201169934,-0.1737314732127927,6812339.800760677,7098109.872388939
2020-01-24,22794934.32326107,44305.71722774621,22750628.606033325,0.0,0.0033139821468488595,-0.17099323406651668,6850315.766014241,7142236.5254976135
2020-01-27,22808076.928073693,44305.71722774621,22763771.210845947,0.0,0.0005765581346381943,-0.17051526347194745,6778027.617686329,7082668.4835026935
2020-01-28,22891205.44195919,44305.71722774621,22846899.724731445,0.0,0.003644696312961715,-0.1674920435110656,6742680.421608163,7052460.107905623
2020-01-29,23035837.73244076,44305.71722774621,22991532.015213013,0.0,0.006318247016229961,-0.16223205259899165,6783900.155848364,7089539.085357517
2020-01-30,22770696.27676754,44305.71722774621,22726390.559539795,0.0,-0.011509954999371574,-0.17187472397349313,6731494.6346328575,7025721.963810177
2020-01-31,22785884.69852047,44305.71722774621,22741578.981292725,0.0,0.0006670161319759504,-0.17132235105508642,6690274.900392656,6984817.915558204
2020-02-03,22280971.365607478,28091.554816461634,22252879.810791016,20000.0,-0.022159040107219474,-0.189685052314013,6568103.984881328,6855438.17954981
2020-02-04,22510457.28125689,28091.554816461634,22482365.72644043,0.0,0.010299636936100809,-0.1813391025489519,6720555.081862025,6999287.62434357
2020-02-05,22367039.482856013,28091.554816461634,22338947.92803955,0.0,-0.006371163260210366,-0.18655492478136282,6781984.318731891,7069116.62349237
2020-02-06,22609068.98252032,28091.554816461634,22580977.427703857,0.0,0.0108208106776857,-0.17775278962572616,6809360.89189492,7106659.968895503
2020-02-07,22570321.538428523,28091.554816461634,22542229.98361206,0.0,-0.0017138009584451996,-0.17916195768294452,6787145.058344781,7104209.061833117
2020-02-10,22483531.406958796,28091.554816461634,22455439.852142334,0.0,-0.003845321003600133,-0.1823183434476202,6749642.588126015,7065068.082983997
2020-02-11,22685664.376136042,28091.554816461634,22657572.82131958,0.0,0.008990267832867493,-0.17496716635319165,6792503.023675362,7094476.8865774665
2020-02-12,22831759.135047175,28091.554816461634,22803667.580230713,0.0,0.006439959460249112,-0.16965398835113177,6844843.989904227,7130030.647645778
2020-02-13,22732342.003836848,28091.554816461634,22704250.449020386,0.0,-0.004354335144405086,-0.173269593171671,6829949.613274115,7116285.311519506
2020-02-14,22634823.724112727,28091.554816461634,22606732.169296265,0.0,-0.004289847465239638,-0.17681614051184003,6795616.450768786,7076007.328233576
2020-02-17,22293614.781226374,28091.554816461634,22265523.226409912,0.0,-0.015074512929511563,-0.1892252362450596,6757664.744193058,7026246.214593042
2020-02-18,22549169.630377986,28091.554816461634,22521078.075561523,0.0,0.011463140978232644,-0.1799312108265434,6727763.6818435965,6993959.867128987
2020-02-19,23092848.23996661,28091.554816461634,23064756.685150146,0.0,0.024110804011877374,-0.16015869297452445,6802600.980421092,7082720.4410676295
2020-02-20,23158861.61456988,28091.554816461634,23130770.059753418,0.0,0.0028586068689882005,-0.1577579168454014,6777327.600397542,7074302.862155941
2020-02-24,22547433.44986651,28091.554816461634,22519341.89505005,0.0,-0.026401477537164597,-0.1799943522846622,6636265.192915016,6931909.532257156
2020-02-25,22712996.01302264,28091.554816461634,22684904.458206177,0.0,0.007342856273387044,-0.1739731686701229,6618593.768609986,6908112.216698682
2020-02-26,22602212.389365412,28091.554816461634,22574120.83454895,0.0,-0.00487754339382207,-0.1780021503843957,6551610.436390281,6835654.718580343
2020-02-27,22155745.922614314,28091.554816461634,22127654.36779785,0.0,-0.019753219687518975,-0.19423925449052093,6526253.235436711,6804859.865649017
2020-02-28,21136312.50493548,28091.554816461634,21108220.95011902,0.0,-0.04601214606989601,-0.2313140356102914,6284154.832027643,6560990.797490481
2020-03-02,21151796.16658712,71256.31490255173,21080539.85168457,20000.0,0.000732562108363366,-0.23075092539954878,6265445.997835672,6540322.250752492
2020-03-03,21578362.786917932,71256.31490255173,21507106.47201538,0.0,0.020166921852464048,-0.2152375394270013,6361430.421379806,6643997.775628687
2020-03-04,21141096.947821863,71256.31490255173,21069840.63291931,0.0,-0.020264087846422085,-0.23114003486662682,6331996.399959502,6596934.214330084
2020-03-05,21350494.663916834,71256.31490255173,21279238.349014282,0.0,0.009904770628117454,-0.22352465326683835,6342126.69372888,6612539.262392218
2020-03-06,21016884.15349508,71256.31490255173,20945627.83859253,0.0,-0.015625423001817684,-0.23565740901002707,6184797.7134701805,6455636.370111367
2020-03-09,19788877.333884485,71256.31490255173,19717621.018981934,0.0,-0.05842953744436852,-0.28031759305060133,5882014.48858544,6150238.495820543
2020-03-11,19711856.62300802,71256.31490255173,19640600.30810547,0.0,-0.003892121295056117,-0.2831186842723663,5885926.017489339,6140761.765705578
2020-03-12,18168310.021758325,71256.31490255173,18097053.706855774,0.0,-0.07830549048576385,-0.3392544273204984,5397280.041641429,5630079.85295589
2020-03-13,18627006.21388174,71256.31490255173,18555749.898979187,0.0,0.02524704783076026,-0.3225725522430959,5602727.917304673,5816517.591507734
2020-03-16,17521931.482428797,71256.31490255173,17450675.167526245,0.0,-0.05932648106539995,-0.36276193889562813,5176242.659534586,5409582.179952011
2020-03-17,17114452.15096212,71256.31490255173,17043195.83605957,0.0,-0.02325538893216772,-0.3775811578489907,5046602.709229296,5285420.941397531
2020-03-18,15745850.967665918,71256.31490255173,15674594.652763367,0.0,-0.07996757192249737,-0.42735448137461907,4766190.549751932,4995343.166128378
2020-03-19,15124803.165580042,71256.31490255173,15053546.85067749,0.0,-0.039441996711463645,-0.44994076403707584,4650621.001507724,4850447.10093716
2020-03-20,16170330.078177698,71256.31490255173,16099073.763275146,0.0,0.06912664589096895,-0.4119170140136098,4921887.756887732,5101904.713337476
2020-03-23,14326605.007422693,71256.31490255173,14255348.692520142,0.0,-0.1140190127128674,-0.47896965546901304,4283003.786578242,4448428.191079601
2020-03-24,14312210.141455896,71256.31490255173,14240953.826553345,0.0,-0.0010047646291175827,-0.47949316832989475,4390384.790612926,4535679.656854281
2020-03-25,14938487.76029516,71256.31490255173,14867231.445392609,0.0,0.043758274413902454,-0.45671668755536343,4681236.670693009,4791163.087749357
2020-03-26,15844240.532973535,71256.31490255173,15772984.218070984,0.0,0.06063215950718681,-0.4237762470976273,4863357.17066466,4983443.84728478
2020-03-27,15744274.770167597,71256.31490255173,15673018.455265045,0.0,-0.006309280813927232,-0.4274118045663434,4873937.5897919545,4990177.203548636
2020-03-30,15314910.237452753,71256.31490255173,15243653.922550201,0.0,-0.027271153418156002,-0.44302694508943974,4660553.987580529,4809119.400299227
2020-03-31,15858967.440547235,71256.31490255173,15787711.125644684,0.0,0.03552467462486231,-0.42324065853892656,4838762.958648281,4985510.162732052
2020-04-01,15547024.53900335,23030.354783990188,15523994.18421936,20000.0,-0.019669811588510444,-0.43458540611737917,4665189.818617696,4838204.368973944
2020-04-03,15306911.13716314,23030.354783990188,15283880.78237915,0.0,-0.015444331565685032,-0.44331785657737954,4569102.890423168,4749839.589241835
2020-04-07,16375855.642351128,23030.354783990188,16352825.287567139,0.0,0.06983410928627753,-0.40444245493588515,4969502.993169988,5115140.164411733
2020-04-08,16731469.039323784,23030.354783990188,16708438.684539795,0.0,0.021715713959579164,-0.39150949764080367,4944944.194363927,5124048.332560808
2020-04-09,17157214.42231939,23030.354783990188,17134184.0675354,0.0,0.02544578614077353,-0.3760259784490797,5150203.050292155,5324532.424810346
2020-04-13,16956366.37570379,23030.354783990188,16933336.0209198,0.0,-0.011706331906321754,-0.38333042544627716,5083478.715343469,5266362.0658348445
2020-04-15,17050871.831285454,23030.354783990188,17027841.476501465,0.0,0.005573449729010305,-0.3798934485730918,5044733.184986077,5254913.997205583
2020-04-16,17389654.253923394,23030.354783990188,17366623.899139404,0.0,0.019868920838190363,-0.3675726005915474,5082885.347651551,5303532.304045079
2020-04-17,17675782.51379583,23030.354783990188,17652752.15901184,0.0,0.016453936098693944,-0.35716668057461753,5237726.716744897,5448135.7907919
2020-04-20,17849184.89888189,23030.354783990188,17826154.5440979,0.0,0.009810167383012436,-0.35086037811167714,5234956.931556017,5448279.031396697
2020-04-21,17736283.599061944,23030.354783990188,17713253.244277954,0.0,-0.006325291628696106,-0.35496637552786225,5076470.352939483,5291762.468106017
2020-04-22,18315774.07266424,23030.354783990188,18292743.71788025,0.0,0.03267259853879101,-0.33389145087146277,5192820.0978505835,5390466.075198531
2020-04-23,18346397.91060064,23030.354783990188,18323367.55581665,0.0,0.0016719925576123007,-0.332777722334758,5264376.929676239,5455934.717672118
2020-04-24,18149314.151857354,23030.354783990188,18126283.797073364,0.0,-0.010742368049774464,-0.33994526961244687,5174224.782340786,5361595.756617976
2020-04-27,18722678.579866387,23030.354783990188,18699648.225082397,0.0,0.03159152038537805,-0.3190931371419433,5246515.734194583,5440658.980588811
2020-04-28,18648735.004533745,23030.354783990188,18625704.649749756,0.0,-0.003949412207084335,-0.32178231901800236,5302246.483729376,5489671.024407835
2020-04-29,18790453.69388006,23030.354783990188,18767423.33909607,0.0,0.007599372789192316,-0.31662829002799864,5399717.7525483975,5578930.184501605
2020-04-30,18836745.992799737,23030.354783990188,18813715.638015747,0.0,0.0024636073015498194,-0.314944730493639,5572985.534348073,5733264.250089435
2020-05-04,18631290.634878807,51094.20888393535,18580196.425994873,20000.0,-0.010907157637495613,-0.32241673630854184,5272846.277504917,5455614.465728645
2020-05-05,18590342.27419155,51094.20888393535,18539248.065307617,0.0,-0.0021978273802780723,-0.32390594735790124,5222974.29735769,5402579.982419919
2020-05-06,18647604.189230613,51094.20888393535,18596509.98034668,0.0,0.0030801969213098968,-0.32182344453843703,5260023.953712371,5440246.405297084
2020-05-07,18562470.10887783,51094.20888393535,18511375.899993896,0.0,-0.004565416526909671,-0.3249196029929039,5219258.139476927,5401000.291538861
2020-05-08,18727657.364248924,51094.20888393535,18676563.15536499,0.0,0.0088989910503392,-0.3189120685816783,5249016.768315139,5423370.187156435
2020-05-11,18893414.413717918,51094.20888393535,18842320.204833984,0.0,0.008850922795363925,-0.31288381188384073,5242038.237152442,5426529.919571358
2020-05-12,18872750.150564842,51094.20888393535,18821655.94168091,0.0,-0.0010937283595532366,-0.3136353303450915,5217839.716310869,5401036.058124847
2020-05-13,18826721.249563865,51094.20888393535,18775627.04067993,0.0,-0.002438907982872829,-0.3153093106170747,5323937.769132026,5505955.935504289
2020-05-14,18756552.7183749,51094.20888393535,18705458.509490967,0.0,-0.0037270712334251943,-0.3178612015892679,5187315.360591605,5396475.8184116
2020-05-15,18866605.90212124,51094.20888393535,18815511.693237305,0.0,0.005867452585704758,-0.3138587845327232,5183967.660291089,5388935.38051897
2020-05-18,18420538.893484764,51094.20888393535,18369444.68460083,0.0,-0.023643203814753044,-0.3300813611357184,5006040.879969362,5203081.680150313
2020-05-19,18667215.938986473,51094.20888393535,18616121.73010254,0.0,0.013391413081240477,-0.3211102039118645,5037728.231870484,5231268.555129906
2020-05-20,18995928.538107567,51094.20888393535,18944834.329223633,0.0,0.017609085371674382,-0.30915557553458994,5144081.71167584,5333495.418976267
2020-05-21,19228136.81731289,51094.20888393535,19177042.608428955,0.0,0.012224107852347954,-0.30071061878073146,5166606.3823671555,5364913.910195559
2020-05-22,19128305.909842186,51094.20888393535,19077211.700958252,0.0,-0.005191917886750996,-0.3043412718270989,5128592.641516794,5325703.563023321
2020-05-26,19107377.05040615,51094.20888393535,19056282.841522217,0.0,-0.0010941303184233142,-0.3051024131328687,5122805.364184966,5331807.727031642
2020-05-27,18973451.703604393,51094.20888393535,18922357.49472046,0.0,-0.007009091119542843,-0.3099730136379708,5285016.459084007,5454644.910726175
2020-05-28,19114053.45061367,51094.20888393535,19062959.241729736,0.0,0.007410446407206228,-0.3048596056360089,5384390.8536551185,5552814.370979919
2020-05-29,19304141.332113914,51094.20888393535,19253047.12322998,0.0,0.009944927798354541,-0.29794648460433926,5435567.67230081,5617554.346184654
2020-06-01,19661437.37451168,50548.50909420289,19610888.86541748,20000.0,0.01850877675679774,-0.28495233281655596,5595055.738893907,5779530.159909869
2020-06-02,19965540.25784298,50548.50909420289,19914991.74874878,0.0,0.015466971083483827,-0.2738927112249171,5682145.735495525,5864096.24018496
2020-06-03,20047240.377990685,50548.50909420289,19996691.868896484,0.0,0.004092056568096636,-0.2709214391247422,5729093.260224666,5911333.440289023
2020-06-04,20123178.274932824,50548.50909420289,20072629.765838623,0.0,0.0037879476431832426,-0.26815972770837926,5710615.968071205,5899010.585344783
2020-06-05,20336323.21563717,50548.50909420289,20285774.70654297,0.0,0.010592011748455032,-0.26040806694627383,5774987.6087722,5980765.92448471
2020-06-08,20267270.723113976,50548.50909420289,20216722.214019775,0.0,-0.0033955249329483683,-0.2629193697951653,5789393.435243647,5998493.861374025
2020-06-09,20049815.466918908,50548.50909420289,19999266.957824707,0.0,-0.010729380347550665,-0.27082778822344533,5720609.464552652,5936627.295541921
2020-06-10,20278484.15426632,50548.50909420289,20227935.64517212,0.0,0.01140502703003432,-0.26251155943858373,5760183.087832846,5976442.140425009
2020-06-11,20129780.471862756,50548.50909420289,20079231.962768555,0.0,-0.007333076835147945,-0.267919618838254,5638244.85928752,5863771.815632303
2020-06-12,20271114.302246056,50548.50909420289,20220565.793151855,0.0,0.007021131232944011,-0.26277958640905374,5678615.871503525,5906577.559319709
2020-06-15,20352440.164703332,50548.50909420289,20301891.65560913,0.0,0.004011908829711697,-0.2598219253223245,5587966.539770716,5827344.075677494
2020-06-16,20618743.011810265,50548.50909420289,20568194.502716064,0.0,0.013084566025098887,-0.250137016433874,5645077.715105683,5874797.324236363
2020-06-17,20698363.2104797,50548.50909420289,20647814.701385498,0.0,0.003861544742268075,-0.24724138697226272,5626372.994727153,5866258.132214811
2020-06-18,20830513.743774377,50548.50909420289,20779965.234680176,0.0,0.006384588575959027,-0.2424353329310711,5746232.673870764,5969452.58585454
2020-06-19,21143724.552551232,50548.50909420289,21093176.04345703,0.0,0.015036153818840159,-0.23104447406930428,5833209.234389463,6055748.109379422
2020-06-22,21328719.393737756,50548.50909420289,21278170.884643555,0.0,0.00874939704812805,-0.22431657686058448,5871245.353898725,6115596.346324283
2020-06-23,21662516.730712853,50548.50909420289,21611968.221618652,0.0,0.01565013495714629,-0.2121770266044315,5962236.10599875,6212628.844686221
2020-06-24,21176807.510284387,50548.50909420289,21126259.001190186,0.0,-0.022421643175921213,-0.22984131219970028,5867885.644031103,6122658.38620695
2020-06-25,21222167.39282223,50548.50909420289,21171618.883728027,0.0,0.00214196037414105,-0.22819166280863146,5858547.7413818175,6125288.96967296
2020-06-26,21081082.768096887,50548.50909420289,21030534.259002686,0.0,-0.006647983785721179,-0.23332263211996407,5912128.496665554,6167877.961164665
2020-06-29,20882320.7366943,50548.50909420289,20831772.227600098,0.0,-0.009428454581250634,-0.2405512148614939,5871928.750692387,6116749.073910512
2020-06-30,20832761.63851925,50548.50909420289,20782213.12942505,0.0,-0.002373256248668021,-0.2423535814363671,5866063.437934414,6107200.717445337
2020-07-01,20932773.37446551,38785.00935320486,20893988.365112305,20000.0,0.004800695062979088,-0.23871635201528485,5958918.874307422,6184815.280789044
2020-07-02,21098563.303588435,38785.00935320486,21059778.29423523,0.0,0.007920112932821466,-0.23268689954933564,6028420.441638039,6252123.371229792
2020-07-03,21287486.621841,38785.00935320486,21248701.612487793,0.0,0.008954321464174297,-0.22581613138422807,6060214.186635513,6287115.331898853
2020-07-06,21445019.853591487,38785.00935320486,21406234.84423828,0.0,0.007400273904992538,-0.2200869587036446,6149512.290949553,6373474.067485748
2020-07-07,21515069.147979304,38785.00935320486,21476284.1386261,0.0,0.003266459759238005,-0.2175394041385451,6170079.8897139095,6398488.497220321
2020-07-08,21364533.48474078,38785.00935320486,21325748.475387573,0.0,-0.006996754795587701,-0.2230140890649971,6116432.513097484,6351278.791517197
2020-07-09,21565171.440795466,38785.00935320486,21526386.43144226,0.0,0.009391169537962929,-0.2157172826467979,6177964.024320548,6399356.200696013
2020-07-10,21664223.009017512,38785.00935320486,21625437.999664307,0.0,0.0045931268617074306,-0.2121149726305499,6152025.773817213,6372208.872507358
2020-07-13,21705577.791579768,38785.00935320486,21666792.782226562,0.0,0.0019088975655874307,-0.21061098081984164,6171822.310800636,6386848.985828727
2020-07-14,21502370.99230914,38785.00935320486,21463585.982955933,0.0,-0.009361962221040687,-0.21800121099511072,6060214.186635513,6285018.440667928
2020-07-15,21598658.463607356,38785.00935320486,21559873.45425415,0.0,0.004477993209802689,-0.21449942572787284,6066413.367133309,6282488.050711148
2020-07-16,21693614.728759333,38785.00935320486,21654829.719406128,0.0,0.004396396438786976,-0.2110460538004778,6135971.843509987,6337975.887620534
2020-07-17,21981849.01258807,38785.00935320486,21943064.003234863,0.0,0.01328659549976341,-0.20056354184938263,6228383.207402617,6431022.082378917
2020-07-20,22363958.855880305,38785.00935320486,22325173.8465271,0.0,0.017382970971796752,-0.18666696110355452,6297227.531044421,6495944.517779498
2020-07-21,22444284.92753558,38785.00935320486,22405499.918182373,0.0,0.003591764417602228,-0.1837456604347859,6377241.091873282,6557758.329580832
2020-07-22,22656633.10078387,38785.00935320486,22617848.091430664,0.0,0.009461124465933501,-0.17602297653230103,6360301.165829353,6540407.084162914
2020-07-23,22575629.970077083,38785.00935320486,22536844.960723877,0.0,-0.0035752501418220284,-0.17896890050231196,6407635.543855863,6589171.454677653
2020-07-24,22824982.826644465,38785.00935320486,22786197.81729126,0.0,0.011045222520828402,-0.16990042931183968,6395466.492839983,6568856.3205771
2020-07-27,22751308.463485286,38785.00935320486,22712523.45413208,0.0,-0.00322779489994518,-0.1725798204725536,6359844.219665399,6524719.231250066
2020-07-28,22747373.7261806,38785.00935320486,22708588.716827393,0.0,-0.00017294553897861942,-0.17272291910146387,6456254.83887332,6609197.824968963
2020-07-29,22749938.225081965,38785.00935320486,22711153.21572876,0.0,0.00011273824100466179,-0.17262965333853975,6400436.549529243,6576194.0278373705
2020-07-30,22510619.372787043,38785.00935320486,22471834.363433838,0.0,-0.010519538555540886,-0.1813332075999562,6342904.851553294,6529635.276247013
2020-07-31,22778758.622603938,38785.00935320486,22739973.613250732,0.0,0.011911678011891969,-0.17158151236985852,6326507.793174234,6532563.157706491
2020-08-03,23301229.933819436,36231.68359055472,23264998.25022888,20000.0,0.022936777191055358,-0.1525802620981349,6242612.518545745,6477591.176925105
2020-08-04,23662377.502472542,36231.68359055472,23626145.81888199,0.0,0.015499077502725944,-0.1394460379030542,6359336.46392729,6581223.638648042
2020-08-05,23905059.093758248,36231.68359055472,23868827.410167694,0.0,0.010256010464728016,-0.13062018746232462,6363004.901996279,6591231.363083269
2020-08-06,24122819.072655343,36231.68359055472,24086587.38906479,0.0,0.009109367939356128,-0.12270068687087055,6419461.010844375,6649501.517430566
2020-08-07,24319032.15388932,36231.68359055472,24282800.470298767,0.0,0.008133920029951947,-0.1155648044155464,6427427.577679271,6670931.97114297
2020-08-10,25206014.858448647,36231.68359055472,25169783.174858093,0.0,0.03647277979430075,-0.08330699428466526,6459582.103426779,6721623.5635214485
2020-08-11,25007221.17865815,36231.68359055472,24970989.495067596,0.0,-0.00788675563776653,-0.09053672801559187,6489586.725203736,6737904.617731444
2020-08-12,24754901.59557786,36231.68359055472,24718669.911987305,0.0,-0.010089868893375042,-0.09971309319325439,6481505.414730734,6733408.188431376
2020-08-13,24713127.216976784,36231.68359055472,24676895.53338623,0.0,-0.0016875194772956181,-0.10123234488364496,6476948.692985292,6750124.083969178
2020-08-14,24471146.32614579,36231.68359055472,24434914.642555237,0.0,-0.009791593298025147,-0.11003271223196409,6406994.814220557,6682353.992209516
2020-08-17,24685963.6350142,36231.68359055472,24649731.951423645,0.0,0.008778391743703873,-0.10222023074085462,6446370.353017807,6721152.603451431
2020-08-18,25005479.520504616,36231.68359055472,24969247.836914062,0.0,0.012943221103883573,-0.09060006868473991,6525609.510868054,6803934.6359692495
2020-08-19,25206966.951019906,36231.68359055472,25170735.26742935,0.0,0.008057731120495681,-0.08327236855720432,6538821.261277025,6826053.4704155745
2020-08-20,25133751.875462197,36231.68359055472,25097520.191871643,0.0,-0.002904557128986407,-0.0859350563344502,6483683.30495448,6794289.515377404
2020-08-21,25519293.595745705,36231.68359055472,25483061.91215515,0.0,0.015339600796326236,-0.07191366499670415,6517728.581967939,6834030.754969987
2020-08-24,26392273.135548256,36231.68359055472,26356041.451957703,0.0,0.03420860912655055,-0.04016512232688352,6572092.998252134,6888276.148297866
2020-08-25,26266028.741779946,36231.68359055472,26229797.058189392,0.0,-0.00478338463382566,-0.044756381731755,6575417.2054068055,6896181.195367854
2020-08-26,26265561.363320015,36231.68359055472,26229329.67972946,0.0,-1.779402834456434e-05,-0.04477337936377446,6619750.788820336,6938171.003715787
2020-08-27,26406398.036598824,36231.68359055472,26370166.35300827,0.0,0.0053620279167339024,-0.03965142755711559,6625281.9919020785,6947997.426229323
2020-08-28,26249670.96400895,36231.68359055472,26213439.280418396,0.0,-0.005935193144201434,-0.04535128182032222,6675920.318435701,6991763.426841324
2020-08-31,25111341.504051827,36231.68359055472,25075109.820461273,0.0,-0.04336547538130642,-0.08675007730633877,6526842.025458825,6796682.559101602
2020-09-01,25544515.434672847,27617.812867655884,25516897.62180519,20000.0,0.01725013100359951,-0.07099639650084588,6594270.88847588,6867592.280354615
2020-09-02,26410260.83256103,27617.812867655884,26382643.019693375,0.0,0.033891635177117685,-0.03951094529282495,6631495.799879625,6922978.426114602
2020-09-03,26703625.665978923,27617.812867655884,26676007.853111267,0.0,0.011107986978159845,-0.02884184538047252,6627155.401260201,6934797.470786768
2020-09-04,26568712.17324592,27617.812867655884,26541094.360378265,0.0,-0.0050522537433890236,-0.033748382802571864,6515854.016561565,6820825.371799961
2020-09-07,26747906.666739956,27617.812867655884,26720288.8538723,0.0,0.006744568284889674,-0.027231432789998844,6528042.05350751,6821661.370332361
2020-09-08,27030686.158589855,27617.812867655884,27003068.3457222,0.0,0.010572023275433606,-0.016947300855844505,6506368.131802309,6785840.573402872
2020-09-09,26648803.36204101,27617.812867655884,26621185.549173355,0.0,-0.014127750746256496,-0.030835624359787928,6483745.958477886,6757002.530570262
2020-09-10,27318602.716584697,27617.812867655884,27290984.90371704,0.0,0.025134312615993748,-0.006476343966162368,6582197.944236827,6851591.112183067
2020-09-11,27604458.92054321,27617.812867655884,27576841.107675552,0.0,0.010463793003035793,0.0,6590936.568543043,6870610.96664408
2020-09-14,28985659.91814758,27617.812867655884,28958042.105279922,0.0,0.05003543092730145,0.0,6576908.732570342,6904722.121715042
2020-09-15,29243198.35371162,27617.812867655884,29215580.540843964,0.0,0.008885029227945873,0.0,6623906.979786653,6962944.412028872
2020-09-16,29212547.729589,27617.812867655884,29184929.916721344,0.0,-0.0010481283118174423,-0.0010481283118174423,6671480.1291095875,7005966.018747209
2020-09-17,28741949.49463035,27617.812867655884,28714331.681762695,0.0,-0.01610945540645148,-0.017140698941969457,6620629.925493343,6958144.345689058
2020-09-18,28611520.88563682,27617.812867655884,28583903.072769165,0.0,-0.0045379179661385605,-0.021600833822427057,6614220.1038612155,6952871.233450707
2020-09-21,27445895.193076625,27617.812867655884,27418277.38020897,0.0,-0.04073973198486447,-0.06146055362671632,6467964.783365557,6773585.417346769
2020-09-22,26886222.10049583,27617.812867655884,26858604.287628174,0.0,-0.020391868752817177,-0.08059912683650206,6412257.106090631,6701507.712103855
2020-09-23,26689816.41490318,27617.812867655884,26662198.602035522,0.0,-0.007305068181707397,-0.08731541290128275,6399723.791024011,6687287.923982655
2020-09-24,26049772.04083778,27617.812867655884,26022154.227970123,0.0,-0.023980845882027424,-0.10920236132339889,6212133.3459189655,6505747.68192983
2020-09-25,26973252.932963863,27617.812867655884,26945635.120096207,0.0,0.03545063237706492,-0.07762302171231727,6352812.003694828,6659467.71113894
2020-09-28,27920674.048697963,27617.812867655884,27893056.235830307,0.0,0.035124466377441044,-0.045225022551125926,6454742.034913261,6786131.787844915
2020-09-29,27811890.585027233,27617.812867655884,27784272.772159576,0.0,-0.003896161800427733,-0.04894498034626649,6451781.625920863,6778458.642436657
2020-09-30,27651146.63821937,27617.812867655884,27623528.825351715,0.0,-0.0057796842798741865,-0.05444177809265449,6466240.077045692,6794496.034843679
2020-10-01,27654463.274372507,41383.43205683469,27613079.842315674,20000.0,0.00011994570049944642,-0.05432836244936479,6583628.718478519,6901738.909725741
2020-10-05,27954200.342060495,41383.43205683469,27912816.910003662,0.0,0.010838650698592911,-0.044078557894387194,6633451.276512899,6941566.027548175
2020-10-06,28082583.34723704,41383.43205683469,28041199.915180206,0.0,0.004592619484928617,-0.03968837445331186,6725168.52789969,7018922.955824464
2020-10-07,27926667.73750155,41383.43205683469,27885284.305444717,0.0,-0.005552039419152277,-0.04502006245301726,6769253.267121413,7042374.724254981
2020-10-08,28243102.724159647,41383.43205683469,28201719.292102814,0.0,0.011330925323151497,-0.03419925609556451,6824467.876891117,7084171.4714957485
2020-10-09,28020246.114923883,41383.43205683469,27978862.68286705,0.0,-0.007890656044851951,-0.04182005757357643,6870369.864253819,7112145.907983047
2020-10-12,27763451.18707316,41383.43205683469,27722067.755016327,0.0,-0.009164620710235383,-0.05060141331806978,6880028.816876718,7108644.027975623
2020-10-13,28085699.095642496,41383.43205683469,28044315.663585663,0.0,0.011606911057202352,-0.0395818283646191,6882075.825551172,7102152.442843878
2020-10-14,28378288.78783076,41383.43205683469,28336905.355773926,0.0,0.010417746454944421,-0.029576435361800435,6903152.412527456,7121810.9828285985
2020-10-15,27527665.685730387,41383.43205683469,27486282.253673553,0.0,-0.02997443251282783,-0.058664331008906,6735519.01467726,6966184.61441892
2020-10-16,27807246.482117105,41383.43205683469,27765863.050060272,0.0,0.010156356865800076,-0.04910379002412568,6782862.636759798,7021768.0552446535
2020-10-19,27824087.6088032,41383.43205683469,27782704.17674637,0.0,0.0006056380554229079,-0.04852789109260691,6846640.3315099,7082347.872468286
2020-10-20,27860770.33173983,41383.43205683469,27819386.899683,0.0,0.0013183800831990666,-0.04727348921450403,6860335.861348338,7099635.733717306
2020-10-21,27728916.24312823,41383.43205683469,27687532.811071396,0.0,-0.004732607427634261,-0.05178236977595152,6883892.510553589,7116850.223599204
2020-10-22,27789466.020533014,41383.43205683469,27748082.58847618,0.0,0.0021836330303672824,-0.04971181043861761,6860134.257742986,7108425.338561001
2020-10-23,28001657.741455484,41383.43205683469,27960274.30939865,0.0,0.007635689032876147,-0.042455705331511995,6879682.4866608195,7134174.414360099
2020-10-26,27604185.228432108,41383.43205683469,27562801.796375275,0.0,-0.014194606501276241,-0.05604766980187326,6785918.789738137,7037378.347857081
2020-10-27,27668294.491102625,41383.43205683469,27626911.05904579,0.0,0.0023224471992198126,-0.05385539035640763,6856068.9604607625,7110796.017296703
2020-10-28,27623440.281494547,41383.43205683469,27582056.849437714,0.0,-0.0016211411087337924,-0.05538922427790771,6763919.218658022,7026217.351934314
2020-10-29,27766869.824263025,41383.43205683469,27725486.392206192,0.0,0.005192312807777322,-0.05048450964876128,6730012.082675201,6997806.248961143
2020-10-30,28122393.257318903,41383.43205683469,28081009.82526207,0.0,0.01280387149527451,-0.03832703532753157,6713635.450141005,6989235.333532069
2020-11-02,27854301.209063295,40296.27370906086,27814004.935354233,20000.0,-0.009533045278279695,-0.04749470724265159,6749060.941643246,7019666.177500481
2020-11-03,27918880.41922641,40296.27370906086,27878584.14551735,0.0,0.0023184645587914776,-0.045286357479332406,6832548.108914393,7093074.307442545
2020-11-04,27948205.98940349,40296.27370906086,27907909.715694427,0.0,0.0010503848913971936,-0.04428354069361795,6887493.050747623,7143037.241715478
2020-11-05,28386477.600643877,40296.27370906086,28346181.326934814,0.0,0.015681565085306604,-0.029296410833906106,7009991.239682825,7267944.934587176
2020-11-06,28593680.444533113,40296.27370906086,28553384.17082405,0.0,0.007299350303488827,-0.022210905295729,7092842.42828925,7339744.28362041
2020-11-09,28881846.73173595,40296.27370906086,28841550.458026886,0.0,0.01007797117135123,-0.012356774987637653,7207070.070521492,7444242.176063482
2020-11-10,28503015.216065172,40296.27370906086,28462718.94235611,0.0,-0.01311659601234949,-0.02531129217445882,7305421.403440512,7512018.144067174
2020-11-11,28912914.14261699,40296.27370906086,28872617.86890793,0.0,0.014380897018950733,-0.011294394241685546,7373698.17511576,7576026.478628073
2020-11-12,29277477.435940508,40296.27370906086,29237181.162231445,0.0,0.01260901241311263,0.0,7339950.074586594,7565931.592738787
2020-11-13,30010040.352356676,40296.27370906086,29969744.078647614,0.0,0.025021380958076822,0.0,7356809.722137189,7598484.402886901
2020-11-14,32268714.18936229,40296.27370906086,32228417.91565323,0.0,0.07526393868471559,0.0,,
2020-11-17,30419612.241112474,40296.27370906086,30379315.967403412,0.0,-0.057303242310764,-0.057303242310764,7446022.956640092,7698556.719073224
2020-11-18,30296557.33919597,40296.27370906086,30256261.065486908,0.0,-0.0040452488658022645,-0.06111668530060188,7483067.301829402,7745629.991367375
2020-11-19,30171555.622116808,40296.27370906086,30131259.348407745,0.0,-0.004125937996177664,-0.06499045964269734,7386740.25624108,7664540.861278003
2020-11-20,30607391.860874895,40296.27370906086,30567095.587165833,0.0,0.014445269054625953,-0.05148399526359404,7437260.458412289,7725293.771948344
2020-11-23,31375202.23835445,40296.27370906086,31334905.964645386,0.0,0.025085782577281224,-0.027689728997705054,7476242.674648369,7780450.953995745
2020-11-24,31820155.91221309,40296.27370906086,31779859.63850403,0.0,0.014181698988850133,-0.013900717410583185,7550678.724599639,7851883.826738468
2020-11-25,31428289.7845161,40296.27370906086,31387993.510807037,0.0,-0.012315028523998683,-0.026044558203166535,7436884.858223976,7735828.000759003
2020-11-26,31707968.998673204,40296.27370906086,31667672.72496414,0.0,0.008898963834007123,-0.017377363950682012,7511262.732506981,7808321.725921625
2020-11-27,32730132.24304271,40296.27370906086,32689835.96933365,0.0,0.032236793356656746,0.0,7500823.30652113,7841240.297981516
2020-12-01,32977749.824992765,52599.23276864318,32925150.59222412,20000.0,0.007565431759069208,0.0,7601852.410605,7946170.642523276
2020-12-02,33466885.74152719,52599.23276864318,33414286.508758545,0.0,0.014832301146384674,0.0,7604578.023185546,7963038.14488265
2020-12-03,33464977.450481046,52599.23276864318,33412378.217712402,0.0,-5.7020275530894615e-05,-5.7020275530894615e-05,7616263.103174524,7989035.526661066
2020-12-04,33619111.595866784,52599.23276864318,33566512.363098145,0.0,0.004605834431348876,0.0,7688546.484723101,8051555.290840918
2020-12-07,33730213.13865243,52599.23276864318,33677613.90588379,0.0,0.0033047138223398775,0.0,7744912.243497119,8118585.56495026
2020-12-08,33748986.56456338,52599.23276864318,33696387.33179474,0.0,0.0005565759645151935,0.0,7766484.393929425,8132079.853310285
2020-12-09,33925926.31835519,52599.23276864318,33873327.08558655,0.0,0.005242816801426464,0.0,7845436.550410163,8199953.072828806
2020-12-10,33809503.00838815,52599.23276864318,33756903.77561951,0.0,-0.0034316914112983987,-0.0034316914112983987,7815978.075274623,8170727.861858232
2020-12-11,33752802.44228707,52599.23276864318,33700203.20951843,0.0,-0.0016770600291582394,-0.005102996287958406,7836593.174956644,8192766.19332064
2020-12-14,33357423.996272672,52599.23276864318,33304824.76350403,0.0,-0.011713944247753849,-0.016757164321698603,7862282.90882405,8224924.166781094
2020-12-15,33444181.29935037,52599.23276864318,33391582.066581726,0.0,0.0026008394139604984,-0.01419990760117218,7867907.422464185,8231268.100880081
2020-12-16,33756498.58399545,52599.23276864318,33703899.35122681,0.0,0.009338464046992234,-0.004994048880783919,7934508.527546278,8301817.689977277
2020-12-17,33810282.509685144,52599.23276864318,33757683.276916504,0.0,0.001593291009014619,-0.003408714844949645,7968142.348943267,8321068.643756997
2020-12-18,33584265.90074502,52599.23276864318,33531666.66797638,0.0,-0.006684848281743316,-0.010070776385118663,7979653.007848762,8327412.577855984
2020-12-21,32056927.53952371,52599.23276864318,32004328.306755066,0.0,-0.04547779504054683,-0.05509057472132395,7729052.38354891,8040848.380163582
2020-12-22,32943898.39411508,52599.23276864318,32891299.161346436,0.0,0.02766861713424662,-0.028946237606747194,7809019.353606281,8122619.098123154
2020-12-23,34055381.81538735,52599.23276864318,34002782.58261871,0.0,0.03373867318237056,0.0,7887188.880420217,8232477.731123159
2020-12-24,34387372.310710534,52599.23276864318,34334773.077941895,0.0,0.009748547149548425,0.0,7973100.324871517,8305594.830238968
2020-12-28,34822291.76658212,52599.23276864318,34769692.53381348,0.0,0.01264765018803482,0.0,8044978.234031215,8385862.283615815
2020-12-29,34985890.535235986,52599.23276864318,34933291.302467346,0.0,0.004698104586294605,0.0,8079423.5665081795,8409549.980649455
2020-12-30,35031075.39772378,52599.23276864318,34978476.16495514,0.0,0.0012915167170686193,0.0,8108041.649150569,8440828.483453603
2020-12-31,34760604.60461007,52599.23276864318,34708005.37184143,0.0,-0.007720881818297887,-0.007720881818297887,8107925.557195653,8447171.701371273
2021-01-01,35487848.44160043,52599.23276864318,35435249.20883179,0.0,0.02092149562018575,0.0,8129236.642304952,
2021-01-04,36378786.111875534,54716.336179730424,36324069.7756958,20000.0,0.025105429306069516,0.0,8215576.682064038,8594411.338734375
2021-01-05,37078547.58764458,54716.336179730424,37023831.251464844,0.0,0.019235426757151064,0.0,8254291.608419762,8649689.518489871
2021-01-06,37050360.702711105,54716.336179730424,36995644.36653137,0.0,-0.0007601938794081775,-0.0007601938794081775,8223336.924934544,8628298.969819598
2021-01-07,37239864.919065475,54716.336179730424,37185148.58288574,0.0,0.00511477385807213,0.0,8218163.051231413,8649027.659107564
2021-01-08,37281720.12779808,54716.336179730424,37227003.79161835,0.0,0.001123935568068557,0.0,8340179.955554803,8766272.961920442
2021-01-11,36985742.71262169,54716.336179730424,36931026.376441956,0.0,-0.007938942038130503,-0.007938942038130503,8420109.88943682,8825741.242776291
2021-01-12,36917582.22509575,54716.336179730424,36862865.888916016,0.0,-0.0018428854614478407,-0.009767196938716971,8465858.990584675,8863854.867553104
2021-01-13,36707883.934431076,54716.336179730424,36653167.59825134,0.0,-0.005680173999101257,-0.01539189155972287,8466672.482028233,8851174.73292287
2021-01-14,36917618.94004631,54716.336179730424,36862902.60386658,0.0,0.0057136228824812285,-0.00976621214106177,8484547.721787304,8872051.299686708
2021-01-15,36493416.77760887,54716.336179730424,36438700.44142914,0.0,-0.01149050709706756,-0.02114450050821104,8390434.198430553,8770389.842134684
2021-01-18,35524280.0841198,54716.336179730424,35469563.74794006,0.0,-0.026556480019259365,-0.0471394570222069,8301842.539185098,8656452.400529694
2021-01-19,35668095.62298393,54716.336179730424,35613379.2868042,0.0,0.0040483730711387,-0.04328192205946513,8441269.749916354,8807621.227019027
2021-01-20,36578892.41235924,54716.336179730424,36524176.076179504,0.0,0.0255353355279333,-0.018851804933614047,8513090.315151323,8878556.472921489
2021-01-21,36442217.03443718,54716.336179730424,36387500.69825745,0.0,-0.0037364547942375648,-0.022517820810927347,8481495.851584535,8832687.89488322
2021-01-22,35897825.74615288,54716.336179730424,35843109.409973145,0.0,-0.014938478846384773,-0.037119917667461366,8354509.439866236,8714009.041976558
2021-01-25,35566350.93666649,54716.336179730424,35511634.600486755,0.0,-0.009233840841235685,-0.04601099909691597,8277195.3947294485,8632562.291806066
2021-01-27,35582860.283849716,54716.336179730424,35528143.94766998,0.0,0.0004641844538009199,-0.04556817223359977,8119428.01088792,8487493.770122422
2021-01-28,35546200.08531761,54716.336179730424,35491483.74913788,0.0,-0.001030276887233339,-0.04655150128618735,8032260.671273928,8411192.581830865
2021-01-29,35280573.11167717,54716.336179730424,35225856.77549744,0.0,-0.007472724876439352,-0.05367635960092976,7925910.147528253,8308171.512922995
2021-02-01,36357060.02545567,61892.79540653527,36295167.23004913,20000.0,0.03051217196418521,-0.024801969951299685,8321784.635397769,8672005.308476122
2021-02-02,36751414.85152836,61892.79540653527,36689522.056121826,0.0,0.010846719338598376,-0.014224270619807355,8535434.568092108,8880587.292040491
2021-02-03,37024229.56181736,61892.79540653527,36962336.76641083,0.0,0.007423243741530472,-0.006906617106133162,8618237.865893638,8969590.109570103
2021-02-04,37533861.95196171,61892.79540653527,37471969.156555176,0.0,0.013764834438848794,0.0,8679830.32656083,9051961.911761248
2021-02-05,37907809.79536076,61892.79540653527,37845916.99995422,0.0,0.009962946095918745,0.0,8696495.577843659,9047541.234868938
2021-02-08,38293259.585239604,61892.79540653527,38231366.78983307,0.0,0.01016808388455126,0.0,8808113.383053413,9166494.426148439
2021-02-09,38720848.11115666,61892.79540653527,38658955.31575012,0.0,0.011166156408421113,0.0,8804325.774211695,9161263.579630356
2021-02-10,39335505.156048015,61892.79540653527,39273612.36064148,0.0,0.015874059450527778,0.0,8802694.302674856,9174709.8051778
2021-02-11,39972411.13756962,61892.79540653527,39910518.342163086,0.0,0.016191630919570876,0.0,8841619.153576287,9220131.828539565
2021-02-12,40248887.644466594,61892.79540653527,40186994.84906006,0.0,0.0069166832579963256,0.0,8835792.06305057,9216042.84631642
2021-02-15,40659763.479374126,61892.79540653527,40597870.68396759,0.0,0.010208377397580515,0.0,8924014.441230653,9307035.112349814
2021-02-16,41258194.91819401,61892.79540653527,41196302.122787476,0.0,0.014718025576402116,0.0,8923286.054914938,9318197.609307382
2021-02-17,41551595.563038066,61892.79540653527,41489702.76763153,0.0,0.007111330135159966,0.0,8862363.937278926,9281542.830075307
2021-02-18,42229478.36751194,61892.79540653527,42167585.57210541,0.0,0.016314242456597405,0.0,8809949.144189736,9258150.081520164
2021-02-19,41907925.90055485,61892.79540653527,41846033.105148315,0.0,-0.0076144077404581845,-0.0076144077404581845,8730001.348366532,9164652.47744331
2021-02-22,42360520.69078465,61892.79540653527,42298627.89537811,0.0,0.010799742065588758,0.0,8551663.356637316,8997956.119629096
2021-02-23,42884127.39266606,61892.79540653527,42822234.59725952,0.0,0.012360723932161699,0.0,8570368.089604145,9035642.677940529
2021-02-24,42967825.21139927,61892.79540653527,42905932.41599274,0.0,0.0019517202242882448,0.0,8730147.025629677,9176735.948753443
2021-02-25,43248585.12999363,61892.79540653527,43186692.3345871,0.0,0.0065341896456949655,0.0,8797362.287223103,9259733.725699848
2021-02-26,43082887.11148472,61892.79540653527,43020994.316078186,0.0,-0.003831293394012003,-0.003831293394012003,8466267.458793292,8975005.870469911
2021-03-01,43496530.03656822,60107.35419516964,43436422.68237305,20000.0,0.009601095767169054,0.0,8621688.701179877,9132709.523958659
2021-03-02,44255696.83760887,60107.35419516964,44195589.4834137,0.0,0.017453502621988637,0.0,8713707.858309027,9244281.670661
2021-03-03,45476603.33995109,60107.35419516964,45416495.98575592,0.0,0.02758755571790439,0.0,8904404.729449302,9425483.743813617
2021-03-04,45876110.616623454,60107.35419516964,45816003.26242828,0.0,0.00878489700925833,0.0,8808122.019750958,9369402.383963808
2021-03-05,45443669.91426139,60107.35419516964,45383562.56006622,0.0,-0.009426272117439738,-0.009426272117439738,8724805.072862366,9258753.954000793
2021-03-08,45644328.0868917,60107.35419516964,45584220.73269653,0.0,0.004415536267402986,-0.005052357896437765,8735376.972109187,9273485.108776508
2021-03-09,44867609.47464805,60107.35419516964,44807502.12045288,0.0,-0.017016760784933416,-0.021983143915647596,8818430.976157056,9316496.706018757
2021-03-10,45572750.715904765,60107.35419516964,45512643.361709595,0.0,0.01571604214071498,-0.006612589791096357,8863053.117715001,9371248.37526176
2021-03-12,46316186.78412681,60107.35419516964,46256079.42993164,0.0,0.016313170843176517,0.0,8779035.750417719,9299292.211339928
2021-03-15,46410782.52920585,60107.35419516964,46350675.17501068,0.0,0.0020423906121620483,0.0,8719782.35126714,9237451.502858585
2021-03-16,47502509.07519584,60107.35419516964,47442401.72100067,0.0,0.023523123000629864,0.0,8708656.047592593,9239334.269764423
2021-03-17,45689534.720299296,60107.35419516964,45629427.366104126,0.0,-0.038165865134126564,-0.038165865134126564,8598180.128244514,9096971.565084547
2021-03-18,44891451.191208415,60107.35419516964,44831343.837013245,0.0,-0.017467534611078084,-0.054966736175012465,8502714.76581462,8989571.647151714
2021-03-19,46096478.95148521,60107.35419516964,46036371.59729004,0.0,0.026843145594562356,-0.029599070682453932,8611438.49339112,9092983.935444834
2021-03-22,47140599.08152824,60107.35419516964,47080491.72733307,0.0,0.022650756712718323,-0.007618755318686499,8606999.835719755,9110779.003120936
2021-03-23,48277137.022728495,60107.35419516964,48217029.668533325,0.0,0.024109535375964386,0.0,8652761.016004212,9168890.95339849
2021-03-24,47757657.74012046,60107.35419516964,47697550.38592529,0.0,-0.01076035810415732,-0.01076035810415732,8497779.881957944,9006370.167963063
2021-03-25,46073621.85191398,60107.35419516964,46013514.49771881,0.0,-0.0352621122537119,-0.04564303740251041,8366657.531051384,8855810.829266077
2021-03-26,46576899.35170799,60107.35419516964,46516791.99751282,0.0,0.010923332691569199,-0.03521827879354256,8473190.448538484,8970705.760304729
2021-03-30,46947455.91243797,60107.35419516964,46887348.5582428,0.0,0.007955801392700357,-0.027542667032316448,8670487.127943391,9147182.528388802
2021-03-31,47696494.73774772,60107.35419516964,47636387.38355255,0.0,0.01595483313742907,-0.012027272551547785,8580308.00032437,9092393.36244756
2021-04-01,49505433.752518944,384108.2903836299,49121325.462135315,20000.0,0.03792603680244033,0.0,8703482.550249275,9234450.16284998
2021-04-05,50255470.87363558,384108.2903836299,49871362.58325195,0.0,0.015150601949396547,0.0,8569101.993391247,9100954.015996447
2021-04-06,51348149.77032595,384108.2903836299,50964041.47994232,0.0,0.0217424864934177,0.0,8595855.306045879,9144983.969092816
2021-04-07,51462386.59291964,384108.2903836299,51078278.30253601,0.0,0.002224750513984519,0.0,8675207.402470883,9236152.016505802
2021-04-08,51323074.37319308,384108.2903836299,50938966.08280945,0.0,-0.002707068772938137,-0.002707068772938137,8707258.553627351,9280811.402525406
2021-04-09,52105865.11270266,384108.2903836299,51721756.82231903,0.0,0.015252218404095519,0.0,8684456.752759133,9270266.41375863
2021-04-12,48748048.80816775,384108.2903836299,48363940.51778412,0.0,-0.0644421946986602,-0.0644421946986602,8377673.200182748,8897824.232383793
2021-04-13,49482562.91080599,384108.2903836299,49098454.62042236,0.0,0.01506755902228396,-0.0503456222485239,8491242.575970054,9018148.537800096
2021-04-15,49139063.708016686,384108.2903836299,48754955.41763306,0.0,-0.0069418231915043815,-0.05693795503191268,8536114.41626456,9055814.064082524
2021-04-16,50261984.46864443,384108.2903836299,49877876.1782608,0.0,0.022851895740222394,-0.03538719950374103,8557422.966440342,9100547.160961106
2021-04-19,49526594.065018944,384108.2903836299,49142485.774635315,0.0,-0.0146311454153637,-0.04950058965732296,8406153.584178057,8936563.624709768
2021-04-20,49937941.91130953,384108.2903836299,49553833.6209259,0.0,0.00830559528786834,-0.041606126233659224,8369243.651384908,8920986.7858345
2021-04-22,50268419.88449984,384108.2903836299,49884311.59411621,0.0,0.006617773190918497,-0.03526369294950782,8433492.305986231,8977707.291818298
2021-04-23,50427447.34039431,384108.2903836299,50043339.05001068,0.0,0.003163565838350646,-0.0322116861255064,8395557.335485756,8958134.168137642
2021-04-26,50757109.185105614,384108.2903836299,50373000.894721985,0.0,0.0065373494415854605,-0.025884915732226066,8479651.58906763,9040459.080439674
2021-04-27,52341307.76883822,384108.2903836299,51957199.47845459,0.0,0.0312113634753155,0.0,8578029.482982775,9148277.110115992
2021-04-28,52759926.5137723,384108.2903836299,52375818.22338867,0.0,0.007997865601350407,0.0,8701843.51895708,9263273.276676934
2021-04-29,52870973.58698397,384108.2903836299,52486865.29660034,0.0,0.0021047617111953354,0.0,8719611.02978028,9274261.97590854
2021-04-30,52716032.17762881,384108.2903836299,52331923.88724518,0.0,-0.002930557143992263,-0.002930557143992263,8565179.637724785,9149608.964165963
2021-05-03,53880013.63875235,81367.34575307788,53798646.29299927,20000.0,0.022080217593036133,0.0,8586965.592993991,9192475.228869798
2021-05-04,53966265.09962881,81367.34575307788,53884897.75387573,0.0,0.0016008062183270333,0.0,8506195.672184905,9122170.486626476
2021-05-05,54868155.578937896,81367.34575307788,54786788.233184814,0.0,0.01671211594213662,0.0,8577400.688712131,9205638.854880765
2021-05-06,57087543.61049307,81367.34575307788,57006176.26473999,0.0,0.04044947398244836,0.0,8640156.477247745,9271568.516538026
2021-05-07,58569457.04225577,81367.34575307788,58488089.696502686,0.0,0.025958612650664348,0.0,8697866.222942114,9316954.636413425
2021-05-10,58937843.15205801,81367.34575307788,58856475.80630493,0.0,0.006289730661775961,0.0,8767809.442247398,9396159.455684079
2021-05-11,58664741.38165701,81367.34575307788,58583374.03590393,0.0,-0.004633725222967677,-0.004633725222967677,8714061.006360155,9375653.573923817
2021-05-12,57743696.346851714,81367.34575307788,57662329.00109863,0.0,-0.01570014651242091,-0.02026112157048965,8623550.836151171,9298303.51071688
2021-05-14,56923246.15773428,81367.34575307788,56841878.8119812,0.0,-0.014208480596551998,-0.03418172241434292,8612578.013715673,9249505.537730912
2021-05-17,58248586.94528616,81367.34575307788,58167219.59953308,0.0,0.02328294461421554,-0.011694628949919128,8756543.804925246,9397790.424311759
2021-05-18,59582148.68790091,81367.34575307788,59500781.34214783,0.0,0.022894319202410474,0.0,8865067.534384442,9521639.7507248
2021-05-19,60320768.11554373,81367.34575307788,60239400.76979065,0.0,0.012396656446745702,0.0,8819328.8176472,9499317.497153606
2021-05-20,59915628.118137725,81367.34575307788,59834260.77238464,0.0,-0.006716426366288442,-0.006716426366288442,8746509.594592175,9445513.638219805
2021-05-21,60825431.8525585,81367.34575307788,60744064.50680542,0.0,0.015184748336892762,0.0,8904498.98408176,9580041.753449513
2021-05-24,61305186.143848784,81367.34575307788,61223818.7980957,0.0,0.007887396384676837,0.0,8917642.991655286,9613118.11588057
2021-05-25,60834389.271229155,81367.34575307788,60753021.925476074,0.0,-0.007679560282468301,-0.007679560282468301,8923950.831718473,9613525.858037489
2021-05-26,60698650.977894194,81367.34575307788,60617283.63214111,0.0,-0.0022312756807629786,-0.009893700747134027,8978520.982962787,9657429.47667805
2021-05-27,61516299.72241629,81367.34575307788,61434932.37666321,0.0,0.013470624657208274,0.0,8999879.278990692,9690097.372721002
2021-05-28,61435515.08656729,81367.34575307788,61354147.74081421,0.0,-0.0013132232629974316,-0.0013132232629974316,9057266.412588805,9727771.154711785
2021-05-31,61778532.930256255,81367.34575307788,61697165.584503174,0.0,0.005583380284280626,0.0,9143610.130663028,9808829.281583786
2021-06-01,61368061.77466706,141901.63270310353,61226160.14196396,20000.0,-0.006644236049641816,-0.006644236049641816,9158945.148290716,9817001.137877187
2021-06-02,63128495.817727365,141901.63270310353,62986594.18502426,0.0,0.02868648596927037,0.0,9159739.373777952,9864449.48685624
2021-06-03,64065179.76761369,141901.63270310353,63923278.13491058,0.0,0.014837735918670214,0.0,9226866.071520101,9943406.697845824
2021-06-04,64604482.75209168,141901.63270310353,64462581.11938858,0.0,0.008418035919578015,0.0,9215046.29640928,9953364.88579802
2021-06-07,64413203.31334046,141901.63270310353,64271301.68063736,0.0,-0.0029607765684809273,-0.0029607765684809273,9262914.605348522,10017087.999608437
2021-06-08,65018026.75873307,141901.63270310353,64876125.12602997,0.0,0.00938974331784781,0.0,9256122.053603755,10029646.405271808
2021-06-09,64236853.4710019,141901.63270310353,64094951.8382988,0.0,-0.012014718481536235,-0.012014718481536235,9194522.774744205,9955222.702527188
2021-06-10,65373637.03679017,141901.63270310353,65231735.40408707,0.0,0.01769675045340513,0.0,9254740.342452427,10044992.261738589
2021-06-11,66073018.800217904,141901.63270310353,65931117.1675148,0.0,0.010698223246079275,0.0,9290964.605130518,10079658.686479043
2021-06-14,66151242.760018624,141901.63270310353,66009341.12731552,0.0,0.001183901707855206,0.0,9298315.354397766,10072450.938137604
2021-06-15,65655533.15189866,141901.63270310353,65513631.51919556,0.0,-0.0074935796734505455,-0.0074935796734505455,9332070.224743892,10112319.249719724
2021-06-16,64975214.49905137,141901.63270310353,64833312.86634827,0.0,-0.01036193935510854,-0.017777871010430046,9272264.413850091,10040087.190147793
2021-06-17,63476324.26792649,141901.63270310353,63334422.63522339,0.0,-0.02306864613962545,-0.040436405734599945,9227483.99388038,9976587.594912603
2021-06-18,63103035.05150346,141901.63270310353,62961133.418800354,0.0,-0.005880762957341745,-0.04607937177496968,9222749.651930442,9947902.469188474
2021-06-21,63853885.17807511,141901.63270310353,63711983.54537201,0.0,0.011898795770422632,-0.03472886503852679,9259885.866939502,9999586.78545196
2021-06-22,64515342.01874284,141901.63270310353,64373440.386039734,0.0,0.010358912990541702,-0.024729705339179398,9275322.440400725,10025596.219660293
2021-06-23,63621286.35838059,141901.63270310353,63479384.72567749,0.0,-0.013858031785718539,-0.03824503208225616,9224867.012285782,9975249.386299876
2021-06-24,63221748.91123704,141901.63270310353,63079847.278533936,0.0,-0.006279933494160228,-0.04428478931845781,9285731.216218608,10008616.065039573
2021-06-25,63683692.97915391,141901.63270310353,63541791.346450806,0.0,0.007306727129068102,-0.037301639060908,9326836.261554696,10061489.81943552
2021-06-28,63644934.07574967,141901.63270310353,63503032.44304657,0.0,-0.00060861582598426,-0.03788755251902465,9299991.669797072,10056770.529517641
2021-06-29,63340126.099667825,141901.63270310353,63198224.46696472,0.0,-0.004789194623394,-0.042495296279600914,9261032.69868065,10018797.045857338
2021-06-30,62906282.35611466,141901.63270310353,62764380.72341156,0.0,-0.006849429741748403,-0.049053657475127466,9245184.368405003,10012554.491363475
2021-07-01,62715717.76162513,94415.15640052315,62621302.60522461,20000.0,-0.003029341225582849,-0.05193439843385528,9240779.880837735,10018100.532068627
2021-07-02,63053561.967130505,94415.15640052315,62959146.81072998,0.0,0.0053869144380915834,-0.04682725015652067,9265649.951999161,10048146.112091541
2021-07-05,62813803.97936805,94415.15640052315,62719388.82296753,0.0,-0.0038024495410335923,-0.05045164144168879,9331743.577580571,10116129.15432205
2021-07-06,62667834.95693763,94415.15640052315,62573419.80053711,0.0,-0.002323836691666803,-0.052658236757818555,9322255.50701923,10107491.931748604
2021-07-07,62805187.17748817,94415.15640052315,62710772.02108765,0.0,0.0021917498928265555,-0.050581900549762415,9358440.933955649,10149822.902862474
2021-07-08,63012734.316678844,94415.15640052315,62918319.16027832,0.0,0.00330461779540836,-0.04744443660303643,9269009.279177772,10076627.568040079
2021-07-09,62893446.03356727,94415.15640052315,62799030.87716675,0.0,-0.0018930821587914703,-0.049247702545360816,9246555.253158677,10073090.655209867
2021-07-12,62776858.82623085,94415.15640052315,62682443.66983032,0.0,-0.0018537258599918838,-0.05101013666559917,9248205.277318534,10088764.618214633
2021-07-13,62349607.87859901,94415.15640052315,62255192.72219849,0.0,-0.006805866932821258,-0.05746883539604941,9318778.197645722,10148221.693558995
2021-07-14,61999107.1426371,94415.15640052315,61904691.98623657,0.0,-0.005621538737571097,-0.06276731084923848,9343294.89774536,10172235.470143056
2021-07-15,63318283.2520121,94415.15640052315,63223868.09561157,0.0,0.021277340435565728,-0.04282549185483708,9384695.713219138,10216353.803867258
2021-07-16,63437810.62835487,94415.15640052315,63343395.471954346,0.0,0.0018877229483156288,-0.04101861157026876,9384224.35996245,10232735.294870337
2021-07-19,62892736.68270668,94415.15640052315,62798321.52630615,0.0,-0.008592256577728774,-0.04925842571292349,9283447.99774158,10141520.174512282
2021-07-20,62579538.767789684,94415.15640052315,62485123.61138916,0.0,-0.004979874170479737,-0.053992999121517005,9212550.4824977,10049001.981006254
2021-07-22,64293181.519285046,94415.15640052315,64198766.36288452,0.0,0.02738343530868903,-0.028088077611394202,9325673.537533835,10179011.886809323
2021-07-23,64900515.87252601,94415.15640052315,64806100.71612549,0.0,0.009446326016061102,-0.01890708073361458,9344532.271984525,10191521.243597586
2021-07-26,65526020.179563366,94415.15640052315,65431605.02316284,0.0,0.009637894223613497,-0.009451410954188999,9325909.50192363,10182660.055326832
2021-07-27,66064226.97213539,94415.15640052315,65969811.81573486,0.0,0.008213634691946137,-0.001315406699144095,9279941.336700074,10134409.26362276
2021-07-28,66056266.98266395,94415.15640052315,65961851.82626343,0.0,-0.00012048864924718572,-0.001435736856814973,9258106.573323466,10111214.997885669
2021-07-29,65867904.29897865,94415.15640052315,65773489.142578125,0.0,-0.0028515490246328046,-0.0042831918074140996,9298800.071150765,10159316.721511986
2021-07-30,65749929.86727699,94415.15640052315,65655514.710876465,0.0,-0.0017910761387848195,-0.006066596423554782,9289724.074987208,10174581.292673947
2021-08-02,65974366.35727815,411559.4879506115,65562806.869327545,20000.0,0.0034134863786807745,-0.002673818289130825,9381682.278939363,10283525.488120666
2021-08-03,66403563.459378526,411559.4879506115,65992003.97142792,0.0,0.006505513062089907,0.0,9526732.05475689,10399538.473802593
2021-08-04,65794421.65843706,411559.4879506115,65382862.17048645,0.0,-0.009173330002298807,-0.009173330002298807,9602357.563733334,10422031.872786202
2021-08-05,65789514.95764284,411559.4879506115,65377955.46969223,0.0,-7.457624325191148e-05,-0.009247222133061062,9623500.731091976,10431134.001944438
2021-08-06,65441886.67961244,411559.4879506115,65030327.191661835,0.0,-0.00528394651114561,-0.01448230681707885,9590191.54795922,10411065.311664792
2021-08-09,65001594.430913255,411559.4879506115,64590034.94296265,0.0,-0.006727988312053901,-0.02111285833813581,9602032.852114825,10396442.01587235
2021-08-10,62957743.81255464,411559.4879506115,62546184.324604034,0.0,-0.03144308437742882,-0.051892089329389934,9614937.11100029,10364883.645225668
2021-08-11,62548455.53065233,411559.4879506115,62136896.04270172,0.0,-0.006500999831266063,-0.05805573869668168,9616207.119852789,10352797.259201014
2021-08-12,64022914.87103014,411559.4879506115,63611355.38307953,0.0,0.023573073513465603,-0.03585121737939134,9664724.687831834,10423972.076896375
2021-08-13,64138035.27145891,411559.4879506115,63726475.7835083,0.0,0.001798112451778744,-0.034117569447993934,9761995.138781669,10493616.880085027
2021-08-16,64372759.469033524,411559.4879506115,63961199.981082916,0.0,0.003659672401581382,-0.030582756173730297,9782046.513788912,10497720.233276349
2021-08-17,64523462.97632341,411559.4879506115,64111903.4883728,0.0,0.002341106836695195,-0.028313246836598416,9812490.967598164,10529278.603923032
2021-08-18,63912851.251355454,411559.4879506115,63501291.763404846,0.0,-0.009463405973607064,-0.03750871306095993,9785471.26972267,10516185.322637297
2021-08-20,62631026.813401505,411559.4879506115,62219467.3254509,0.0,-0.020055816832718176,-0.05681226201489653,9715574.642640809,10403082.278831461
2021-08-23,61434575.04373674,411559.4879506115,61023015.55578613,0.0,-0.019103179854122243,-0.0748301470098287,9742711.998012174,10393084.726897633
2021-08-24,62914642.367844865,411559.4879506115,62503082.87989426,0.0,0.024091764662723447,-0.05254117263854308,9818396.912488984,10492087.594156655
2021-08-25,63462104.38040285,411559.4879506115,63050544.89245224,0.0,0.008701662950845623,-0.04429670526304019,9824332.848506201,10514730.351699254
2021-08-26,64532077.0069478,411559.4879506115,64120517.51899719,0.0,0.01686002437188905,-0.028183524421480532,9825661.686106635,10524690.746137919
2021-08-27,65805402.5759633,411559.4879506115,65393843.088012695,0.0,0.019731668777349443,-0.009007963612994052,9865998.597608007,10588516.394152727
2021-08-30,66795654.38299303,411559.4879506115,66384094.89504242,0.0,0.015048184013259691,0.0,9999385.285771031,10741758.27567453
2021-08-31,67182574.9505742,411559.4879506115,66771015.462623596,0.0,0.005792600898295808,0.0,10118182.444445953,10859636.421897966
2021-09-01,67527311.56082217,82025.79650561046,67445285.76431656,20000.0,0.005131339644269151,0.0,10105139.14418377,10876241.24684975
2021-09-02,67393761.93384998,82025.79650561046,67311736.13734436,0.0,-0.001977712778509,-0.001977712778509,10198579.180385312,10975650.588571498
2021-09-03,67421460.4708945,82025.79650561046,67339434.67438889,0.0,0.00041099556175105967,-0.0015675300479323084,10251512.160507252,11031671.262089787
2021-09-06,67639769.01807849,82025.79650561046,67557743.22157288,0.0,0.00323796823235889,0.0,10283586.555270428,11066464.385708285
2021-09-07,67630806.20054309,82025.79650561046,67548780.40403748,0.0,-0.00013250810381992828,-0.00013250810381992828,10274295.140204262,11050320.002629973
2021-09-08,69530593.96857516,82025.79650561046,69448568.17206955,0.0,0.028090568111796665,0.0,10269206.186287565,11064782.648724271
2021-09-09,70989432.45145862,82025.79650561046,70907406.654953,0.0,0.020981245803002757,0.0,10278526.496163614,11089336.446643224
2021-09-13,71885010.70116107,82025.79650561046,71802984.90465546,0.0,0.012615655862791009,0.0,10270271.826876072,11101108.605531326
2021-09-14,72312290.82745425,82025.79650561046,72230265.03094864,0.0,0.00594393910671398,0.0,10284887.977507586,11140087.093675146
2021-09-15,73187669.41173236,82025.79650561046,73105643.61522675,0.0,0.012105529699879991,0.0,10367409.242950318,11226939.611900367
2021-09-16,72429397.93905322,82025.79650561046,72347372.1425476,0.0,-0.010360645157496795,-0.010360645157496795,10432533.521258341,11289986.500786765
2021-09-17,71807366.65183704,82025.79650561046,71725340.85533142,0.0,-0.008588105174360372,-0.018859772021570298,10406288.943337277,11231947.596903546
2021-09-20,70230227.82607715,82025.79650561046,70148202.02957153,0.0,-0.021963468364001648,-0.0404090143794239,10294889.049104493,11082086.14566136
2021-09-21,70203201.57341067,82025.79650561046,70121175.77690506,0.0,-0.00038482365077052716,-0.04077828768575675,10392589.33607527,11171442.291427886
2021-09-22,70400211.43877856,82025.79650561046,70318185.64227295,0.0,0.0028062803540644943,-0.03808644263929728,10383505.963640267,11204516.452113507
2021-09-23,71434620.13257281,82025.79650561046,71352594.3360672,0.0,0.014693261179958172,-0.02395279550845386,10547010.134847531,11365141.312021613
2021-09-24,71637697.03049915,82025.79650561046,71555671.23399353,0.0,0.0028428358343537408,-0.021178053539504416,10564911.047466611,11355050.890117526
2021-09-27,71695150.55394809,82025.79650561046,71613124.75744247,0.0,0.0008020012623308759,-0.02039303710284579,10566035.63346728,11352883.02603657
2021-09-28,71445051.45647113,82025.79650561046,71363025.65996552,0.0,-0.0034883683979263225,-0.023810267074604763,10503012.585733991,11283034.737316385
2021-09-29,72208986.00870578,82025.79650561046,72126960.21220016,0.0,0.010692616726577509,-0.013372244408013545,10480940.418360116,11276569.830863513
2021-09-30,72678453.48920123,82025.79650561046,72596427.69269562,0.0,0.006501510496752516,-0.006957673698644862,10425817.211649,11250932.830824649
2021-10-01,74066294.2973323,117376.24983169138,73948918.04750061,20000.0,0.01909562933032527,0.0,10394866.415485075,11242006.808715483
2021-10-04,76176229.33793975,117376.24983169138,76058853.08810806,0.0,0.02848711496402556,0.0,10489256.662981145,11367201.425033616
2021-10-05,77123344.4038768,117376.24983169138,77005968.1540451,0.0,0.012433210125633476,0.0,10566957.519642796,11441291.706167748
2021-10-06,76718658.63180877,117376.24983169138,76601282.38197708,0.0,-0.005247253930648843,-0.005247253930648843,10462427.645020295,11332308.269162945
2021-10-07,77151417.51915695,117376.24983169138,77034041.26932526,0.0,0.0056408557587677155,0.0,10548013.4629775,11448817.437222904
2021-10-08,77238382.4575,117376.24983169138,77121006.2076683,0.0,0.0011271981920675245,0.0,10610179.475200927,11505012.53606858
2021-10-11,78389797.05989791,117376.24983169138,78272420.81006622,0.0,0.014907285286968275,0.0,10640269.478770278,11552035.193177385
2021-10-12,78598149.02223922,117376.24983169138,78480772.77240753,0.0,0.0026578964374930347,0.0,10667543.176586835,11592394.229308188
2021-10-13,79467975.24037124,117376.24983169138,79350598.99053955,0.0,0.011066751939487807,0.0,10768219.159126563,11704335.457035696
2021-10-14,80047115.97991897,117376.24983169138,79929739.73008728,0.0,0.007287724870250756,0.0,10873045.486986201,11807553.21299018
2021-10-18,81008833.78101303,117376.24983169138,80891457.53118134,0.0,0.012014396637791691,0.0,10955163.033673003,11895084.806624882
2021-10-19,79023529.45683242,117376.24983169138,78906153.20700073,0.0,-0.024507257190584553,-0.024507257190584553,10920596.123014709,11799016.93390566
2021-10-20,77140021.65160705,117376.24983169138,77022645.40177536,0.0,-0.023834771974520108,-0.04775790427824622,10830385.17134999,11657350.092220305
2021-10-21,76360212.46577789,117376.24983169138,76242836.2159462,0.0,-0.01010900916454327,-0.05738412835076123,10777912.948376834,11596699.66114386
2021-10-22,75284379.75407745,117376.24983169138,75167003.50424576,0.0,-0.014088917211729779,-0.07066456532888987,10740441.722410968,11530845.12708262
2021-10-25,74366501.62383606,117376.24983169138,74249125.37400436,0.0,-0.012192145744438831,-0.0819951583938715,10746667.240390833,11481912.519573884
2021-10-26,76616231.24466278,117376.24983169138,76498854.99483109,0.0,0.03025192219215045,-0.05422374735358548,10831452.866211863,11605684.910192223
2021-10-27,77859085.82896759,117376.24983169138,77741709.5791359,0.0,0.016221818329016147,-0.03888153680325768,10797389.694452608,11594228.13267841
2021-10-28,76220373.38122131,117376.24983169138,76102997.13138962,0.0,-0.021047157570614483,-0.05911034854218633,10587679.137710452,11374463.916370556
2021-10-29,75777994.47310592,117376.24983169138,75660618.22327423,0.0,-0.005803945697074986,-0.06457122098618728,10477635.927689487,11296629.781466272
2021-11-01,76881598.65889455,78550.14345265675,76803048.5154419,20000.0,0.014563649954873137,-0.0509479636909157,10650605.798051905,11478214.363941694
2021-11-02,78479947.97216512,78550.14345265675,78401397.82871246,0.0,0.020789751268857737,-0.03121740791484684,10626428.408771295,11487177.939110594
2021-11-03,78727129.29013158,78550.14345265675,78648579.14667892,0.0,0.003149611134478869,-0.028166119475925955,10590935.59755807,11463250.167069463
2021-11-04,80067031.15761663,78550.14345265675,79988481.01416397,0.0,0.017019569741291152,-0.01162592496939685,10642972.848098591,11533870.276739625
2021-11-08,80305956.28464605,78550.14345265675,80227406.14119339,0.0,0.002984063772254464,-0.008676553698662381,10733115.67825101,11641318.909114866
2021-11-09,81592283.28989126,78550.14345265675,81513733.1464386,0.0,0.016017828125796774,0.0,10718680.48090808,11657670.456756884
2021-11-10,82204252.68424322,78550.14345265675,82125702.54079056,0.0,0.007500334218833782,0.0,10702611.723216422,11642030.896943923
2021-11-11,82608197.133832,78550.14345265675,82529646.99037933,0.0,0.004913911828143158,0.0,10617310.403955502,11559522.348523146
2021-11-12,83507454.04375936,78550.14345265675,83428903.9003067,0.0,0.010885807233760314,0.0,10753430.764690066,11685460.689520875
2021-11-15,82743358.89637472,78550.14345265675,82664808.75292206,0.0,-0.009150023265997786,-0.009150023265997786,10757410.247641863,11695661.453417428
2021-11-16,84115241.35526754,78550.14345265675,84036691.21181488,0.0,0.016579970612637718,0.0,10691919.328206578,11645256.817107676
2021-11-17,85071825.70039465,78550.14345265675,84993275.55694199,0.0,0.011372306964999357,0.0,10632191.117757177,11592413.695733178
2021-11-18,84860071.7052355,78550.14345265675,84781521.56178284,0.0,-0.002489120145427459,-0.002489120145427459,10552681.512459923,11478101.55928565
2021-11-22,83391465.74030782,78550.14345265675,83312915.59685516,0.0,-0.017306206975984284,-0.01975224989298696,10345813.370116726,11233689.029531024
2021-11-23,86003948.87318899,78550.14345265675,85925398.72973633,0.0,0.03132794356939095,0.0,10397373.778822498,11332023.924695227
2021-11-24,87941430.09471609,78550.14345265675,87862879.95126343,0.0,0.02252781700040174,0.0,10344922.337199239,11286044.30739302
2021-11-25,91248717.57118703,78550.14345265675,91170167.42773438,0.0,0.03760784277568474,0.0,10416917.332852531,11364127.104308486
2021-11-26,89297482.78609945,78550.14345265675,89218932.64264679,0.0,-0.021383695431832717,-0.021383695431832717,10114084.481216356,11031543.085900119
2021-11-29,86545916.1603098,78550.14345265675,86467366.01685715,0.0,-0.03081348476956136,-0.05153827402788835,10130420.084703615,10993476.641969625
2021-11-30,86883097.6534815,78550.14345265675,86804547.51002884,0.0,0.0038959838676515535,-0.04784308244441604,10088393.032095484,10987400.572996343
2021-12-01,87233578.8222379,107269.29740040004,87126309.5248375,20000.0,0.0040339396064610344,-0.04400213894312277,10217515.559509842,11109674.108651122
2021-12-02,88923223.03381245,107269.29740040004,88815953.73641205,0.0,0.01936919514694746,-0.025485229812247656,10357235.702518582,11251882.323717183
2021-12-03,90308518.05686085,107269.29740040004,90201248.75946045,0.0,0.01557855165148081,-0.010303701129746767,10235251.433959758,11163476.23625295
2021-12-06,89739286.6882848,107269.29740040004,89632017.3908844,0.0,-0.006303185799346744,-0.01654194078645177,10065950.963150494,10984673.210889615
2021-12-07,91505911.01788227,107269.29740040004,91398641.72048187,0.0,0.019686186449575427,0.0,10223347.694406297,11147095.198929843
2021-12-08,92602155.71821491,107269.29740040004,92494886.42081451,0.0,0.011980042470900232,0.0,10397767.703203201,11326499.221899575
2021-12-09,93412029.35689823,107269.29740040004,93304760.05949783,0.0,0.008745732023212716,0.0,10425800.777356688,11366587.74355712
2021-12-10,95185460.56404011,107269.29740040004,95078191.26663971,0.0,0.018985040999014657,0.0,10422498.187115341,11387928.662225338
2021-12-13,96676386.60976689,107269.29740040004,96569117.31236649,0.0,0.01566338006762802,0.0,10337356.22496939,11319736.34773527
2021-12-14,97667631.62718861,107269.29740040004,97560362.32978821,0.0,0.010253227827213607,0.0,10311555.101982178,11303956.308018561
2021-12-15,98796597.18716328,107269.29740040004,98689327.88976288,0.0,0.01155926012708175,0.0,10249953.249793021,11236214.55827859
2021-12-16,98386972.33912174,107269.29740040004,98279703.04172134,0.0,-0.0041461432853353575,-0.0041461432853353575,10266023.298190191,11223703.681365915
2021-12-17,95332046.73787205,107269.29740040004,95224777.44047165,0.0,-0.031050102758726328,-0.03506750786899959,10109369.388181914,11025852.187300649
2021-12-20,91630126.40542118,107269.29740040004,91522857.10802078,0.0,-0.03883185622385499,-0.07253762766915661,9888555.019465225,10745981.764704105
2021-12-21,92185812.02322666,107269.29740040004,92078542.72582626,0.0,0.006064442335775411,-0.0669130855935548,9981791.292012617,10866736.786823828
2021-12-22,94018414.9601392,107269.29740040004,93911145.6627388,0.0,0.019879446703260584,-0.04836383400910205,10091662.575596143,11000754.11631893
2021-12-23,93201425.87452213,107269.29740040004,93094156.57712173,0.0,-0.008689670911421365,-0.05663323911896967,10161388.96252545,11084689.045766331
2021-12-24,93178404.96227543,107269.29740040004,93071135.66487503,0.0,-0.00024700171730951404,-0.05686625232896003,10120410.571607575,11019577.302645814
2021-12-27,93927949.8579816,107269.29740040004,93820680.5605812,0.0,0.008044191097815512,-0.04927950423189531,10169513.4972656,11066766.98893964
2021-12-28,96335047.73615925,107269.29740040004,96227778.43875885,0.0,0.02562706714899199,-0.024915326246923164,10257005.982983533,11172155.111333378
2021-12-29,96321992.41827671,107269.29740040004,96214723.12087631,0.0,-0.00013551991917104544,-0.02504746964309512,10245310.326377345,11168811.83282941
2021-12-30,96174311.7722234,107269.29740040004,96067042.474823,0.0,-0.001533197583912238,-0.026542264507067426,10239566.539547887,11152768.352159468
2021-12-31,98423860.81521504,107269.29740040004,98316591.51781464,0.0,0.023390331592072267,-0.003772765283020063,10328905.034876259,11268601.651512267
2022-01-03,101215561.00147659,127828.46183425235,101087732.53964233,20000.0,0.028364058909483347,0.0,10510586.647381483,11445199.319647755
2022-01-04,102605665.36104995,127828.46183425235,102477836.8992157,0.0,0.013734097265469813,0.0,10617656.671697205,11531125.552937925
2022-01-05,102598387.25448257,127828.46183425235,102470558.79264832,0.0,-7.093279442005329e-05,-7.093279442005329e-05,10689215.273828804,11589576.562552387
2022-01-06,104725445.11404067,127828.46183425235,104597616.65220642,0.0,0.020731883965019904,0.0,10582265.212664442,11509559.09017578
2022-01-07,107096873.65967971,127828.46183425235,106969045.19784546,0.0,0.022644244128603885,0.0,10622098.802369893,11553557.232370293
2022-01-10,110000023.53834182,127828.46183425235,109872195.07650757,0.0,0.027107699594363543,0.0,10735758.647174882,11664210.872927248
2022-01-11,110873476.88311416,127828.46183425235,110745648.4212799,0.0,0.007940483253332076,0.0,10767035.25364692,11690556.977821762
2022-01-12,110509409.5174678,127828.46183425235,110381581.05563354,0.0,-0.003283629014630529,-0.003283629014630529,10860418.996490499,11793947.061948398
2022-01-13,111485687.65378982,127828.46183425235,111357859.19195557,0.0,0.00883434397654348,0.0,10887522.515862316,11833955.063033327
2022-01-14,112002670.86359817,127828.46183425235,111874842.40176392,0.0,0.00463721595738642,0.0,10886299.59053292,11840993.677831458
2022-01-17,111889701.7867549,127828.46183425235,111761873.32492065,0.0,-0.0010086284190565786,-0.0010086284190565786,10917516.79777467,11879270.510472566
2022-01-18,109121024.05155593,127828.46183425235,108993195.58972168,0.0,-0.02474470564302389,-0.025728375848747653,10801204.952041075,11722586.166894274
2022-01-19,108255115.10905105,127828.46183425235,108127286.6472168,0.0,-0.007935308067634761,-0.03345952132794283,10697057.136917217,11646860.22801025
2022-01-20,108694660.50120193,127828.46183425235,108566832.03936768,0.0,0.004060273657351843,-0.02953510248362634,10588884.150423458,11563004.045818936
2022-01-21,107467349.03045303,127828.46183425235,107339520.56861877,0.0,-0.011291368546436864,-0.040492979302863774,10505488.795794081,11427284.11534016
2022-01-24,102788036.47573501,127828.46183425235,102660208.01390076,0.0,-0.043541713803622706,-0.08227155939062514,10226379.965520304,11074434.496217212
2022-01-25,103002978.793423,127828.46183425235,102875150.33158875,0.0,0.002091121934591378,-0.08035247731846851,10303215.781620951,11164877.204632156
2022-01-27,101822643.80059463,127828.46183425235,101694815.33876038,0.0,-0.011459231632471312,-0.0908909313011047,10203153.701788072,11050083.46187749
2022-01-28,101729423.88746291,127828.46183425235,101601595.42562866,0.0,-0.0009155125977112766,-0.09172323210619215,10198263.165161273,11082865.396804132
2022-01-31,103462510.36504775,127828.46183425235,103334681.9032135,0.0,0.017036236040243846,-0.07624961469848346,10340128.326825326,11232059.772113165
2022-02-01,103803161.3511807,151458.81121411268,103651702.53996658,20000.0,0.00329250648308288,-0.07320816056612789,10501456.566035235,11398657.027204778
2022-02-02,105437168.0209805,151458.81121411268,105285709.20976639,0.0,0.015741396008853048,-0.058619163203825986,10622830.705937054,11532239.897726359
2022-02-03,105762283.84132352,151458.81121411268,105610825.0301094,0.0,0.003083502966224616,-0.05571641260121796,10491508.631232249,11413512.332561595
2022-02-04,106199461.253616,151458.81121411268,106048002.44240189,0.0,0.004133585210285284,-0.05181313593003123,10465281.090747565,11375469.407362642
2022-02-07,104294038.76398054,151458.81121411268,104142579.95276642,0.0,-0.017941922370821706,-0.06882543103820749,10284429.386399034,11213457.254205596
2022-02-08,101845323.72925535,151458.81121411268,101693864.91804123,0.0,-0.023478954921543282,-0.09068843676694893,10316184.594585976,11203239.767375385
2022-02-09,101592420.32545438,151458.81121411268,101440961.51424026,0.0,-0.0024832107605968767,-0.09294644902550453,10433914.464647358,11323362.801912636
2022-02-10,102088388.37394682,151458.81121411268,101936929.5627327,0.0,0.004881939488237341,-0.08851826847705624,10518782.892833445,11395640.751452956
2022-02-11,100465181.29911771,151458.81121411268,100313722.4879036,0.0,-0.015900016649134874,-0.10301084318365339,10380710.22542069,11229066.628500367
2022-02-14,96000605.55617872,151458.81121411268,95849146.7449646,0.0,-0.04443903534744531,-0.14287217602969016,10062892.087347757,10858894.62869519
2022-02-15,97686027.62451902,151458.81121411268,97534568.8133049,0.0,0.017556369135130145,-0.12782412355607653,10367386.41080714,11164405.217070667
2022-02-16,99065410.39121976,151458.81121411268,98913951.58000565,0.0,0.014120573845041173,-0.1155084996868867,10349313.259577973,11152604.48002893
2022-02-17,99137246.94516721,151458.81121411268,98985788.1339531,0.0,0.0007251426473049438,-0.1148671171788308,10338798.20497273,11139143.907649152
2022-02-18,97497764.88927808,151458.81121411268,97346306.07806396,0.0,-0.01653749833093432,-0.12950500075114102,10321890.800003758,11092882.07286375
2022-02-21,95101038.23981062,151458.81121411268,94949579.4285965,0.0,-0.024582375321006378,-0.15090383553773568,10280277.50932818,11007219.399674715
2022-02-22,93406143.07279173,151458.81121411268,93254684.2615776,0.0,-0.017822046934387603,-0.16603646723259058,10211897.564281825,10925742.398207694
2022-02-23,94295228.20144239,151458.81121411268,94143769.39022827,0.0,0.009518486679808591,-0.15809839645449786,10194601.577226123,10939240.526755279
2022-02-24,88392921.33255354,151458.81121411268,88241462.52133942,0.0,-0.06259390831824263,-0.21079630823980644,9707492.927069832,10387827.615875186
2022-02-25,89919537.907787,151458.81121411268,89768079.09657288,0.0,0.017270801238596922,-0.19716612814264933,9952720.313910296,10698277.94491063
2022-02-28,91498999.76362196,151458.81121411268,91347540.95240784,0.0,0.01756527994455115,-0.18306412643450698,10033676.082226072,10789180.8081021
2022-03-02,92124567.41126838,122992.45940986369,92001574.95185852,20000.0,0.006836879629968706,-0.17747883420153632,9941382.860639423,10727627.957904011
2022-03-03,92697501.32850471,122992.45940986369,92574508.86909485,0.0,0.0062191219273639575,-0.17236347478359826,9876787.957745155,10679391.02047857
2022-03-04,91165037.0404264,122992.45940986369,91042044.58101654,0.0,-0.016531883450099816,-0.18604586535752132,9725504.880466739,10495961.25324485
2022-03-07,88526699.12098137,122992.45940986369,88403706.6615715,0.0,-0.02894023855082828,-0.20960189218350767,9496695.993207175,10247484.438475281
2022-03-08,89189785.42468086,122992.45940986369,89066792.965271,0.0,0.007490240913572421,-0.20368161993833034,9586675.06532132,10355139.969188938
2022-03-09,91991567.65299812,122992.45940986369,91868575.19358826,0.0,0.03141371195116638,-0.17866630372565362,9785371.273707388,10561271.68499441
2022-03-10,94898240.6252729,122992.45940986369,94775248.16586304,0.0,0.03159716750603758,-0.1527144853461201,9934768.325745627,10719468.94944621
2022-03-11,96590226.31857505,122992.45940986369,96467233.85916519,0.0,0.01782947378322164,-0.13760783047569525,9956050.126983382,10755845.481774662
2022-03-14,98391246.66053596,122992.45940986369,98268254.2011261,0.0,0.01864598946088769,-0.12152767517159302,10100239.27051588,10859685.261358583
2022-03-15,96745772.63870826,122992.45940986369,96622780.1792984,0.0,-0.016723784662520003,-0.13621905716400673,9975537.10568941,10739753.222756527
2022-03-16,98097033.90624443,122992.45940986369,97974041.44683456,0.0,0.013967135004258724,-0.12415451212131046,10162529.55112348,10940672.587105775
2022-03-17,98626488.5656797,122992.45940986369,98503496.10626984,0.0,0.005397254517820471,-0.1194273511049444,10349133.80041388,11121911.91251734
2022-03-21,98819920.3188993,122992.45940986369,98696927.85948944,0.0,0.001961255602147771,-0.11770032306420086,10247689.495508304,11031745.241148306
2022-03-22,99688579.52701774,122992.45940986369,99565587.06760788,0.0,0.008790324919461634,-0.10994462222759915,10366165.321584648,11123686.989318993
2022-03-23,100004008.88406959,122992.45940986369,99881016.42465973,0.0,0.0031641473732340053,-0.10712835584198777,10324348.879759153,11101854.1348754
2022-03-24,100279456.48422828,122992.45940986369,100156464.02481842,0.0,0.00275436558226394,-0.10466906091593953,10310639.241853945,11105026.549774446
2022-03-25,99862498.72206321,122992.45940986369,99739506.26265335,0.0,-0.00415795793857987,-0.10839180930176029,10268882.432568593,11069028.493921159
2022-03-28,98356352.84338585,122992.45940986369,98233360.38397598,0.0,-0.015082197000390152,-0.12183921968103262,10310190.24390464,11087272.830674298
2022-03-29,97979658.47411934,122992.45940986369,97856666.01470947,0.0,-0.0038298936304228537,-0.12520248206006335,10372032.695828428,11152282.251893902
2022-03-30,99575740.21841255,122992.45940986369,99452747.75900269,0.0,0.016289929656315483,-0.11095209202930245,10475571.155231934,11254271.702043682
2022-03-31,100496047.89201942,122992.45940986369,100373055.43260956,0.0,0.009242288047151215,-0.10273525517612003,10455515.913496317,11252458.261154879
2022-04-01,101734607.3946258,119487.18563761003,101615120.20898819,20000.0,0.012324459803008114,-0.09167695189588176,10598660.616686136,11418114.157962754
2022-04-04,103637379.63526453,119487.18563761003,103517892.44962692,0.0,0.018703293690985,-0.0746883191608998,10828353.107987298,11642809.27223673
2022-04-05,105956651.81480326,119487.18563761003,105837164.62916565,0.0,0.022378722693501496,-0.053981025650343795,10770772.714494968,11647576.983492285
2022-04-06,107819492.05023111,119487.18563761003,107700004.8645935,0.0,0.0175811542127986,-0.03734892017406899,10680953.298604587,11600201.409642711
2022-04-07,108021147.94398798,119487.18563761003,107901660.75835037,0.0,0.0018703101816035517,-0.03554846405813894,10580127.864711676,11504352.010676203
2022-04-08,109130174.52785791,119487.18563761003,109010687.3422203,0.0,0.010266754288197344,-0.025646677115749417,10666977.588676944,11611175.053530866
2022-04-11,109628048.31280817,119487.18563761003,109508561.12717056,0.0,0.0045622009412544795,-0.021201481468972494,10601359.697631089,11598384.786752284
2022-04-12,108354625.2539512,119487.18563761003,108235138.0683136,0.0,-0.011615850856191767,-0.03257105907849034,10514600.177325873,11476691.007860878
2022-04-13,108519037.48915018,119487.18563761003,108399550.30351257,0.0,0.001517353180020109,-0.031103127698539512,10481821.104443612,11456900.313084679
2022-04-18,107855047.56209864,119487.18563761003,107735560.37646103,0.0,-0.00611864924730765,-0.037031467816965646,10300682.783248989,11296079.669896211
2022-04-19,106909796.09097971,119487.18563761003,106790308.9053421,0.0,-0.008764091180569866,-0.04547101183703728,10171726.69365679,11145173.589797694
2022-04-20,106448169.01126017,119487.18563761003,106328681.82562256,0.0,-0.004317911890194814,-0.04959258390456167,10278430.594642486,11238751.84061844
2022-04-21,108324651.99218668,119487.18563761003,108205164.80654907,0.0,0.017628137697023316,-0.032838671105359096,10432007.597524649,11392875.072646182
2022-04-22,109353908.02674784,119487.18563761003,109234420.84111023,0.0,0.009501586348372504,-0.023649104226060036,10299662.4275619,11272467.26764792
2022-04-25,106221710.07158579,119487.18563761003,106102222.88594818,0.0,-0.028642761943138972,-0.05161449050668343,10168906.950673064,11104570.811785342
2022-04-26,107332136.42719187,119487.18563761003,107212649.24155426,0.0,0.010453855006266943,-0.041700205900395804,10316967.472578758,11275116.078241613
2022-04-27,105799318.46702494,119487.18563761003,105679831.28138733,0.0,-0.014281071924872268,-0.055385754185522496,10219560.405959012,11167385.463007191
2022-04-28,105402076.9033729,119487.18563761003,105282589.71773529,0.0,-0.0037546703457815855,-0.05893246928248497,10343508.43520413,11286884.95656024
2022-04-29,102934466.9153892,119487.18563761003,102814979.72975159,0.0,-0.02341139814774129,-0.0809641759280244,10258037.538613953,11188083.730163148
2022-05-02,100575660.15873247,109918.64902406465,100465741.5097084,20000.0,-0.02291561638528361,-0.1020244483167907,10257973.667370806,11172476.295566745
2022-05-04,98291864.69778925,109918.64902406465,98181946.04876518,0.0,-0.022707238086619008,-0.12241499296482439,10022694.901490856,10912465.100187149
2022-05-05,99437885.2054854,109918.64902406465,99327966.55646133,0.0,0.011659362768421833,-0.11218291100767341,10025730.25673793,10914095.44081556
2022-05-06,97405040.04778963,109918.64902406465,97295121.39876556,0.0,-0.020443366766046522,-0.13033288137910726,9862627.449673854,10724744.92597803
2022-05-09,94393432.69164187,109918.64902406465,94283514.0426178,0.0,-0.030918393490420915,-0.15722159155830862,9796881.373318722,10607988.252164295
2022-05-10,90964923.53765398,109918.64902406465,90855004.88862991,0.0,-0.0363214797494219,-0.18783255045377345,9759741.70083214,10505030.242424898
2022-05-11,88535012.2087813,109918.64902406465,88425093.55975723,0.0,-0.026712618824626833,-0.20952766995527117,9715901.00626298,10441230.763791773
2022-05-12,86357452.32503611,109918.64902406465,86247533.67601204,0.0,-0.0245954660130403,-0.2289697052831351,9500093.82127774,10208816.89656085
2022-05-13,86735882.49432665,109918.64902406465,86625963.84530258,0.0,0.004382136794242042,-0.2255909450591811,9484559.046840373,10213555.39793316
2022-05-16,89215092.05247599,109918.64902406465,89105173.40345192,0.0,0.02858343613799641,-0.20345567329259406,9520706.88824274,10289144.119902428
2022-05-17,92876813.04427058,109918.64902406465,92766894.3952465,0.0,0.041043739434139415,-0.1707625154994733,9771310.324697245,10558176.977660399
2022-05-18,95020628.96484286,109918.64902406465,94910710.31581879,0.0,0.023082358775062817,-0.1516217583725017,9759891.942700518,10552225.716093112
2022-05-19,92227070.77205187,109918.64902406465,92117152.1230278,0.0,-0.029399491702213343,-0.17656364744756758,9500935.410493575,10273753.61552333
2022-05-20,94125503.97976595,109918.64902406465,94015585.33074188,0.0,0.020584338110512412,-0.1596137551541411,9775427.304020181,10534674.010853738
2022-05-23,94046003.53050333,109918.64902406465,93936084.88147926,0.0,-0.0008446217645720067,-0.16032356366718492,9744507.410131529,10489753.017844234
2022-05-24,92035033.56269366,109918.64902406465,91925114.91366959,0.0,-0.021382832787332995,-0.17827822450075315,9690690.89025499,10422618.078479504
2022-05-25,87767941.08597857,109918.64902406465,87658022.4369545,0.0,-0.0463637846538989,-0.2163763559454197,9630984.419632193,10301691.523458138
2022-05-26,88763253.11932665,109918.64902406465,88653334.47030258,0.0,0.011340268679346899,-0.2074898532783518,9717734.42656303,10403891.372977965
2022-05-27,90220203.29127032,109918.64902406465,90110284.64224625,0.0,0.016413888864404758,-0.1944816798061495,9827290.679607809,10518070.746279664
2022-05-30,91331704.93007952,109918.64902406465,91221786.28105545,0.0,0.012319875130637703,-0.18455779468592026,10012959.6979258,10731606.127886966
2022-05-31,92289992.40436083,109918.64902406465,92180073.75533676,0.0,0.01049238569470412,-0.17600186055602474,9966775.582339322,10704918.740079945
2022-06-01,93461840.21855333,107289.67361619975,93354550.54493713,20000.0,0.012697452710345392,-0.16553918314702232,9949635.322970444,10697094.852334408
2022-06-02,94788662.09251574,107289.67361619975,94681372.41889954,0.0,0.014196402198584313,-0.15369284177201825,10013014.549657444,10761697.01543146
2022-06-03,92639130.8322008,107289.67361619975,92531841.1585846,0.0,-0.022677092522067177,-0.1728846275012419,9986699.84475292,10693296.950426554
2022-06-06,93273253.3584955,107289.67361619975,93165963.6848793,0.0,0.006845082856436813,-0.16722295424465528,9977817.720347853,10675218.343922997
2022-06-07,93549750.3077791,107289.67361619975,93442460.6341629,0.0,0.002964375523826668,-0.1647542903534136,9885563.356443059,10585208.068706857
2022-06-08,92686024.09559038,107289.67361619975,92578734.42197418,0.0,-0.00923280082893918,-0.17246594763380652,9849372.6983302,10548217.097546533
2022-06-09,94564898.63575533,107289.67361619975,94457608.96213913,0.0,0.020271389980297316,-0.15569068213631554,9922747.843359185,10616730.654542046
2022-06-10,94017402.16760805,107289.67361619975,93910112.49399185,0.0,-0.005789637339496556,-0.16057892688910402,9756366.200082576,10468346.923713278
2022-06-13,89973332.16477755,107289.67361619975,89866042.49116135,0.0,-0.043014058138098776,-0.1966858337302414,9498995.707448293,10191214.31820826
2022-06-14,89270723.31412676,107289.67361619975,89163433.64051056,0.0,-0.007809078909782108,-0.20295897744398783,9473523.110736834,10169489.874228705
2022-06-15,90557853.13066652,107289.67361619975,90450563.45705032,0.0,0.014418274757454386,-0.19146702098781287,9449466.573053937,10163830.85203046
2022-06-16,87215734.3557451,107289.67361619975,87108444.6821289,0.0,-0.03690589672106126,-0.22130665560680862,9249814.011314308,9942299.678811967
2022-06-17,86281585.12641695,107289.67361619975,86174295.45280075,0.0,-0.01071078786676094,-0.22964707483186275,9209408.107721081,9870557.163417064
2022-06-20,80686956.0848482,107289.67361619975,80579666.411232,0.0,-0.06484151900282886,-0.27959792866803723,9243521.722441547,9837135.626627948
2022-06-21,84402848.8600519,107289.67361619975,84295559.1864357,0.0,0.04605320308893757,-0.24642110577129506,9417340.027875628,10058287.75143337
2022-06-22,82755511.92806414,107289.67361619975,82648222.25444794,0.0,-0.019517551294023328,-0.2611291204934971,9281548.905615117,9910814.923640314
2022-06-23,83446262.42780092,107289.67361619975,83338972.75418472,0.0,0.008346882082455487,-0.2549618523880962,9367871.464112477,10010357.784289625
2022-06-24,85488382.11764696,107289.67361619975,85381092.44403076,0.0,0.02447227269900698,-0.23672907566857482,9453741.801101133,10119509.63347689
2022-06-27,86958207.87765673,107289.67361619975,86850918.20404053,0.0,0.017193280813140532,-0.22360594433003922,9533710.912030144,10212216.270692063
2022-06-28,87592372.82134798,107289.67361619975,87485083.14773178,0.0,0.007292755441596466,-0.21794389235572897,9544640.676608572,10227180.15256455
2022-06-29,87613603.0956476,107289.67361619975,87506313.4220314,0.0,0.00024237583268726937,-0.21775434085543066,9513869.031763237,10191935.326148579
2022-06-30,86164525.82997301,107289.67361619975,86057236.15635681,0.0,-0.01653940957196609,-0.2306922221979152,9502518.213088278,10168920.188942527
2022-07-01,85231447.46099709,379242.8322129155,84852204.62878418,20000.0,-0.01082903155316084,-0.23902308039782605,9505536.677968765,10194161.590286452
2022-07-04,85739604.89221428,379242.8322129155,85360362.06000137,0.0,0.005962088482067918,-0.23448606867034638,9555803.745337296,10253677.689550204
2022-07-05,86579538.29092263,379242.8322129155,86200295.45870972,0.0,0.009796329243227264,-0.22698684215876386,9541019.279093357,10245457.500758702
2022-07-06,86567033.766726,379242.8322129155,86187790.93451309,0.0,-0.0001444281690969884,-0.22709848703383884,9649006.345295144,10374421.560300747
2022-07-07,87086975.58202599,379242.8322129155,86707732.74981308,0.0,0.006006233466438138,-0.22245626010040076,9735360.05069436,10476633.587712472
2022-07-08,87575278.58494614,379242.8322129155,87196035.75273323,0.0,0.005607072695505755,-0.2180965158268484,9788281.933928201,10524315.142118441
2022-07-11,88854182.76733254,379242.8322129155,88474939.93511963,0.0,0.014603484031693759,-0.20667800078139997,9785506.31068167,10568913.754109656
2022-07-12,88445770.98852776,379242.8322129155,88066528.15631485,0.0,-0.00459642715835018,-0.210324447563925,9690342.506017992,10486832.270406594
2022-07-13,86990240.83650444,379242.8322129155,86610998.00429153,0.0,-0.016456752377817074,-0.22331994258918142,9635036.886896206,10447218.541437494
2022-07-14,87488050.79550599,379242.8322129155,87108807.96329308,0.0,0.005722595479844328,-0.21887531680335715,9618140.354045993,10428724.603128368
2022-07-15,88470006.66021584,379242.8322129155,88090763.82800293,0.0,0.011223885499576092,-0.21010806279826533,9684851.368563391,10495356.442671489
2022-07-18,91037880.70650719,379242.8322129155,90658637.87429428,0.0,0.02902536286849977,-0.1871811626940828,9823221.785793757,10643157.072261618
2022-07-19,91699093.15422677,379242.8322129155,91319850.32201385,0.0,0.007263047454402205,-0.1812776209068978,9860665.591624178,10694339.267644798
2022-07-20,91478275.83941124,379242.8322129155,91099033.00719833,0.0,-0.0024080643245198985,-0.18324915705967804,9969467.076366667,10780150.308974963
2022-07-21,92145081.01234673,379242.8322129155,91765838.18013382,0.0,0.007289218853512747,-0.17729568141669494,10020398.289679749,10861889.160939068
2022-07-22,92239639.69814537,379242.8322129155,91860396.86593246,0.0,0.0010261935282902535,-0.17645142756926835,10089311.534361115,10911206.577508695
2022-07-25,93560236.7627034,379242.8322129155,93180993.9304905,0.0,0.014317023232958137,-0.16466066352430808,10035937.065425929,10867749.575823424
2022-07-26,92632758.78303002,379242.8322129155,92253515.95081711,0.0,-0.009913164093692362,-0.17294151944070768,9947139.515100311,10762683.522646837
2022-07-27,93140401.25355767,379242.8322129155,92761158.42134476,0.0,0.0054801614158623835,-0.16840910546688492,10042454.770968735,10854849.230719076
2022-07-28,93991621.1606717,379242.8322129155,93612378.32845879,0.0,0.009139105003388881,-0.16080910896188472,10216126.283599716,11012048.821200464
2022-07-29,94987315.13877343,379242.8322129155,94608072.30656052,0.0,0.010593433391255846,-0.15191919615512384,10354104.813471496,11161638.419544766
2022-08-01,96158037.04865803,107656.26878704503,96050380.77987099,20000.0,0.012325034223508835,-0.14146657122343487,10483812.058920972,11319544.349914167
2022-08-02,97340109.16164364,107656.26878704503,97232452.8928566,0.0,0.012293014180265072,-0.13091260760925294,10487075.959637055,11342226.36349079
2022-08-03,97128602.46635403,107656.26878704503,97020946.19756699,0.0,-0.0021728627295699576,-0.13280101521291798,10512893.13089455,11343332.022306485
2022-08-04,97390458.9008614,107656.26878704503,97282802.63207436,0.0,0.0026959765492156063,-0.1304630670864284,10509174.598566422,11354311.177118752
2022-08-05,96725359.62987484,107656.26878704503,96617703.3610878,0.0,-0.006829203584137522,-0.13640131182522175,10518545.914081195,11360372.569993204
2022-08-08,96780617.72155727,107656.26878704503,96672961.45277023,0.0,0.0005712885627293662,-0.1359079477718793,10595692.765630541,11431238.971392334
2022-08-10,96193279.69104542,107656.26878704503,96085623.42225838,0.0,-0.006068756785595819,-0.14115191227721813,10601527.401462005,11425482.844588209
2022-08-11,96752832.25412716,107656.26878704503,96645175.98534012,0.0,0.0058169610692027085,-0.13615602638657553,10676649.075830424,11508853.986599846
2022-08-12,97464833.42930187,107656.26878704503,97357177.16051483,0.0,0.0073589698470490905,-0.1297990246321994,10700319.441190004,11543467.436217878
2022-08-16,98310857.53013767,107656.26878704503,98203201.26135063,0.0,0.008680301100083332,-0.12224541814842071,10777163.992238874,11650168.351516344
2022-08-17,99275321.79941143,107656.26878704503,99167665.53062439,0.0,0.00981035354083959,-0.11363433537836498,10849111.511352291,11725304.755143085
2022-08-18,99934950.3029076,107656.26878704503,99827294.03412056,0.0,0.0066444358128494585,-0.10774493561307275,10856517.873613967,11744784.45318685
2022-08-19,99313451.23743023,107656.26878704503,99205794.96864319,0.0,-0.006219036118931154,-0.11329390208579426,10736776.173030676,11616736.504955892
2022-08-22,97779810.31446041,107656.26878704503,97672154.04567337,0.0,-0.015442429035149696,-0.12698679807786895,10574894.25502549,11437643.602458056
2022-08-23,98747677.20406117,107656.26878704503,98640020.93527412,0.0,0.009898432881881192,-0.11834533549364656,10627374.094252748,11505308.432875717
2022-08-24,98989095.80994762,107656.26878704503,98881439.54116058,0.0,0.0024448028826802304,-0.11618986362833306,10643969.919384379,11543353.519855049
2022-08-25,98636093.02941097,107656.26878704503,98528436.76062393,0.0,-0.0035660774315424693,-0.11934159900941654,10594090.33680575,11513047.30003418
2022-08-26,99306271.7792641,107656.26878704503,99198615.51047707,0.0,0.006794457579065938,-0.11335800286223796,10616128.751807287,11548804.380588848
2022-08-29,98692692.08175243,107656.26878704503,98585035.8129654,0.0,-0.006178660083781318,-0.11883626237855716,10467396.90557283,11415533.404349748
2022-08-30,101887982.38957943,107656.26878704503,101780326.12079239,0.0,0.03237615917073344,-0.09030756495384695,10737291.028570551,11684134.04142417
2022-09-01,100534065.5519614,176457.09233616744,100357608.45962524,20000.0,-0.013288287841849433,-0.10239581987829327,10626394.911864208,11617332.751154013
2022-09-02,100508522.84100865,176457.09233616744,100332065.74867249,0.0,-0.0002540702080684465,-0.10262387435909992,10624364.732810082,11610000.443380143
2022-09-05,100901110.11039494,176457.09233616744,100724653.01805878,0.0,0.003906009742151939,-0.09911871446997189,10700901.063444993,11680875.689350579
2022-09-06,101732294.68445347,176457.09233616744,101555837.59211731,0.0,0.008237615752186844,-0.09169760060143939,10694721.7946806,11695118.907899821
2022-09-07,102252059.68926762,176457.09233616744,102075602.59693146,0.0,0.005109144607681637,-0.087056952295408,10675823.14653922,11699969.075477228
2022-09-08,102336704.0933051,176457.09233616744,102160247.00096893,0.0,0.0008278014574445436,-0.08630121670995428,10781433.8654347,11792610.035796646
2022-09-09,102067477.23858403,176457.09233616744,101891020.14624786,0.0,-0.0026307946606879407,-0.08870497059051086,10802392.269830877,11813001.921346985
2022-09-12,102733387.90938328,176457.09233616744,102556930.81704712,0.0,0.00652421994562169,-0.08275948138329159,10864783.600016411,11897012.820304237
2022-09-13,104141681.40147923,176457.09233616744,103965224.30914307,0.0,0.013708235664710466,-0.0701857321928725,10945771.89089647,11967619.565532267
2022-09-14,104714797.56624363,176457.09233616744,104538340.47390747,0.0,0.0055032351797257295,-0.06506874560366538,10905610.784736006,11937719.770359173
2022-09-15,105240648.46323155,176457.09233616744,105064191.37089539,0.0,0.005021743910217147,-0.060373760270428845,10829075.637189124,11899265.243198866
2022-09-16,103464492.52290867,176457.09233616744,103288035.43057251,0.0,-0.01687709042332075,-0.0762319172824697,10619155.59622773,11642345.086979924
2022-09-19,103238735.97794865,176457.09233616744,103062278.88561249,0.0,-0.0021819712198369867,-0.07824755265276329,10674520.566621626,11680226.066721035
2022-09-20,104159290.1018958,176457.09233616744,103982833.00955963,0.0,0.008916751209969931,-0.07002851540258703,10792034.334155545,11815254.344241614
2022-09-21,101974151.03832768,176457.09233616744,101797693.94599152,0.0,-0.020978820625893846,-0.08953822036515247,10732732.046808193,11731931.105519079
2022-09-22,102932453.74722813,176457.09233616744,102755996.65489197,0.0,0.009397506124275257,-0.08098215021511546,10679094.384933542,11712112.021552538
2022-09-23,100215231.783689,176457.09233616744,100038774.69135284,0.0,-0.026398107347288424,-0.10524248206781095,10495887.288531069,11500061.32273122
2022-09-26,95350342.17874669,176457.09233616744,95173885.08641052,0.0,-0.048544413043348666,-0.1486779605919526,10307472.23863427,11246539.192574503
2022-09-27,95168771.84456395,176457.09233616744,94992314.75222778,0.0,-0.001904244180292114,-0.15029908563104977,10302080.906495778,11247760.87095245
2022-09-28,94556991.47542332,176457.09233616744,94380534.38308716,0.0,-0.0064283730606488065,-0.1557612800985877,10211946.162079912,11166270.149796836
2022-09-29,94936306.07161473,176457.09233616744,94759848.97927856,0.0,0.004011491802697664,-0.15237462339418328,10187413.648754533,11152446.836575301
2022-09-30,96320865.7848029,176457.09233616744,96144408.69246674,0.0,0.01458409085501744,-0.14001277789074573,10354749.619276414,11325699.923954349
2022-10-03,93926174.01706071,138128.1405806141,93788045.8764801,20000.0,-0.024861609665057793,-0.16139344452376336,10249361.217835583,11199941.312597675
2022-10-04,96876882.1961226,138128.1405806141,96738754.05554199,0.0,0.031415185489466646,-0.13504846403079462,10484211.708051639,11450358.95129868
2022-10-06,99471493.60662217,138128.1405806141,99333365.46604156,0.0,0.02678256516603117,-0.11188284315324071,10519109.91787483,11517114.075083505
2022-10-07,100097751.52379747,138128.1405806141,99959623.38321686,0.0,0.006295853158211795,-0.10629138794644499,10508700.910386465,11504604.961070191
2022-10-10,99250204.20415635,138128.1405806141,99112076.06357574,0.0,-0.008467196382923925,-0.11385859427381273,10464000.61846314,11439533.210470889
2022-10-11,97723059.52657457,138128.1405806141,97584931.38599396,0.0,-0.01538681647889073,-0.12749348945806793,10307748.15142394,11263751.093685063
2022-10-12,98352401.19940324,138128.1405806141,98214273.05882263,0.0,0.006440052899260085,-0.12187450137522915,10392747.34080478,11346420.18350558
2022-10-13,98420482.3005156,138128.1405806141,98282354.159935,0.0,0.0006922159528606198,-0.12126664889646743,10326440.742140716,11270177.499707552
2022-10-14,97520430.43036027,138128.1405806141,97382302.28977966,0.0,-0.009144965043019537,-0.12930263467444458,10430437.170333596,11335057.974880537
2022-10-17,99289995.84592576,138128.1405806141,99151867.70534515,0.0,0.01814558659920129,-0.11350332023023335,10506971.410110243,11404721.082881095
2022-10-18,99203081.23450609,138128.1405806141,99064953.09392548,0.0,-0.0008753612151877199,-0.1142793250410965,10613273.443537703,11519791.93105195
2022-10-19,99532367.8645186,138128.1405806141,99394239.72393799,0.0,0.003319318572717611,-0.11133933595446543,10628629.130020367,11529011.25716653
2022-10-20,100299579.23227067,138128.1405806141,100161451.09169006,0.0,0.007708159508436285,-0.1044893978071294,10660006.698431367,11562293.181345783
2022-10-21,99401660.24560685,138128.1405806141,99263532.10502625,0.0,-0.008952370424051836,-0.11250634043662566,10667503.17529692,11538575.028482407
2022-10-24,100210863.02882524,138128.1405806141,100072734.88824463,0.0,0.008140737098545126,-0.10528148787749458,10761242.327348491,11628589.542975299
2022-10-25,100265294.41978593,138128.1405806141,100127166.27920532,0.0,0.0005431685679129217,-0.10479550490457978,10716086.841383994,11597487.859788211
2022-10-27,100008808.59763475,138128.1405806141,99870680.45705414,0.0,-0.002558071799772965,-0.10708550227851332,10765004.790595055,11663401.670565093
2022-10-28,98257639.70849748,138128.1405806141,98119511.56791687,0.0,-0.01751014649302285,-0.12272056593936054,10795260.96951921,11661373.852178272
2022-10-31,97904721.49309678,138128.1405806141,97766593.35251617,0.0,-0.0035917636170348377,-0.12587154629259234,10932061.003705196,11800928.702087408
2022-11-01,97576982.99573359,87873.06438287627,97489109.93135071,20000.0,-0.0033475249443031263,-0.12879771309590304,11032904.176658042,11907691.534332901
2022-11-02,98746273.97173914,87873.06438287627,98658400.90735626,0.0,0.01198326634116853,-0.11835786405489612,10994871.575511202,11877150.486739606
2022-11-03,100586841.99722895,87873.06438287627,100498968.93284607,0.0,0.018639366848581806,-0.10192461285384813,10976539.3059832,11867302.688464
2022-11-04,101761818.88644251,87873.06438287627,101673945.82205963,0.0,0.011681218595628318,-0.0914339979412403,11015727.397073083,11902671.088153182
2022-11-07,103058054.47877344,87873.06438287627,102970181.41439056,0.0,0.01273793655140354,-0.0798607418542534,11067805.198175075,11967278.273009792
2022-11-09,102334852.03324732,87873.06438287627,102246978.96886444,0.0,-0.007017427693388867,-0.0863177525661396,11039957.059260024,11930567.944280624
2022-11-10,100757352.07846674,87873.06438287627,100669479.01408386,0.0,-0.015415080233546097,-0.10040223771829937,10961642.629882973,11833044.953970214
2022-11-11,101420895.92796168,87873.06438287627,101333022.8635788,0.0,0.0065855625997215395,-0.09447788034022375,11157123.50197374,11993296.578166587
2022-11-14,101872530.66998133,87873.06438287627,101784657.60559845,0.0,0.004453073874839841,-0.09044552344607726,11144629.247409765,11994140.055036675
2022-11-15,102834960.91342005,87873.06438287627,102747087.84903717,0.0,0.009447397027531723,-0.0818526011879035,11189775.2964074,12027631.400608571
2022-11-16,103167286.92234644,87873.06438287627,103079413.85796356,0.0,0.003231644238248732,-0.07888547543666924,11193575.468881948,12004179.450542752
2022-11-17,103234431.9636825,87873.06438287627,103146558.89929962,0.0,0.0006508365523520965,-0.07828598043518098,11153597.6544497,11953559.611937301
2022-11-18,101669770.20107874,87873.06438287627,101581897.13669586,0.0,-0.015156394362243475,-0.09225584160491396,11131556.654097319,11917998.866590967
2022-11-21,101322781.81095728,87873.06438287627,101234908.7465744,0.0,-0.0034128963745585494,-0.09535387835212727,11041750.265646452,11843620.97140695
2022-11-22,102807277.03874049,87873.06438287627,102719403.9743576,0.0,0.014651149536664798,-0.08209977274610036,11092976.590603365,11886079.217050288
2022-11-23,103188993.91873011,87873.06438287627,103101120.85434723,0.0,0.0037129363891796885,-0.0786916675906929,11106992.101711057,11908266.326024318
2022-11-24,103458052.61725459,87873.06438287627,103370179.5528717,0.0,0.0026074360094681115,-0.07628941506894593,11238842.64837721,12017591.256675813
2022-11-25,102679546.91926417,87873.06438287627,102591673.85488129,0.0,-0.007524843917858348,-0.08324019304582575,11256262.876511319,12053190.171782905
2022-11-28,102946349.1261886,87873.06438287627,102858476.06180573,0.0,0.0025983968076350727,-0.08085808729006783,11286664.256307706,12097027.767800309
2022-11-29,101615655.15685114,87873.06438287627,101527782.09246826,0.0,-0.012926091897696557,-0.09273900012078096,11320288.65738407,12118486.657613207
2022-11-30,103951258.83410487,87873.06438287627,103863385.76972198,0.0,0.022984683547515816,-0.07188589314355431,11405594.216560394,12220953.006155139
2022-12-01,104286902.23119478,476841.0894406233,103810061.14175415,20000.0,0.003228853607492699,-0.068889148561466,11458519.14839066,12285250.136155
2022-12-02,105955064.17805605,476841.0894406233,105478223.08861542,0.0,0.015995891249728666,-0.053995200640412966,11387620.750790302,12254199.004315317
2022-12-05,105790685.39206819,476841.0894406233,105313844.30262756,0.0,-0.0015514009383413851,-0.05546283337381486,11390636.463626802,12257039.417114152
2022-12-06,105391187.6949399,476841.0894406233,104914346.60549927,0.0,-0.003776303137159265,-0.059029692039308856,11355125.998865645,12222994.194823544
2022-12-07,104572131.5599988,476841.0894406233,104095290.47055817,0.0,-0.007771580839490144,-0.06634251885518527,11305028.287240123,12176283.685059639
2022-12-08,106681179.80681734,476841.0894406233,106204338.71737671,0.0,0.02016835858039734,-0.04751217998418611,11334782.130929949,12213974.441116607
2022-12-09,104620777.68736391,476841.0894406233,104143936.59792328,0.0,-0.019313642042434243,-0.06590818878975002,11266107.152379462,12138477.483351834
2022-12-12,104826949.99670534,476841.0894406233,104350108.90726471,0.0,0.0019706631311566802,-0.06406740849628256,11266442.628126955,12150183.97220552
2022-12-13,107208629.36702089,476841.0894406233,106731788.27758026,0.0,0.022720105568180715,-0.042802921212617084,11333960.096385563,12208908.326127287
2022-12-14,107307709.91536836,476841.0894406233,106830868.82592773,0.0,0.0009241844516851838,-0.04191829455520335,11365816.01683361,12254429.145969907
2022-12-15,105968705.83884554,476841.0894406233,105491864.7494049,0.0,-0.012478172142326716,-0.05387340300215748,11216344.916501433,12116254.195565749
2022-12-16,104865926.44237642,476841.0894406233,104389085.35293579,0.0,-0.010406651546223444,-0.06371941281572824,11127478.34269496,12003065.732096927
2022-12-19,105757150.14140444,476841.0894406233,105280309.0519638,0.0,0.008498696662139649,-0.05576224811459907,11219724.656212872,12094300.03108259
2022-12-20,106898793.41328554,476841.0894406233,106421952.32384491,0.0,0.010794951172139688,-0.04556924768810522,11198316.069149494,12072038.511295253
2022-12-21,102553630.3596509,476841.0894406233,102076789.27021027,0.0,-0.04064744713100399,-0.08436442123290733,11084902.663521191,11919546.800893165
2022-12-22,98600347.56762056,476841.0894406233,98123506.47817993,0.0,-0.03854844317228312,-0.11966074730753118,11041200.404443609,11845815.262009697
2022-12-23,91520703.26516084,476841.0894406233,91043862.17572021,0.0,-0.07180141325165679,-0.18287034979175787,10845957.088294,11549890.576560795
2022-12-26,98145732.0463727,476841.0894406233,97668890.95693207,0.0,0.07238830717916689,-0.1237197176672784,10972525.42589312,
2022-12-27,99030671.59774904,476841.0894406233,98553830.50830841,0.0,0.009016587200737503,-0.1158186600893385,11044216.117280109,11835720.514385227
2022-12-28,98965603.91666536,476841.0894406233,98488762.82722473,0.0,-0.0006570457418281217,-0.11639960767373059,11038246.55238324,11846813.042277643
2022-12-29,99997138.04769258,476841.0894406233,99520296.95825195,0.0,0.010423158048889603,-0.10718970113245296,11079969.266624557,11887037.605476353
2022-12-30,100531587.78420381,476841.0894406233,100054746.69476318,0.0,0.005344650326455591,-0.10241794227714762,11027770.667871123,11859133.492092598
2023-01-02,100749072.79169275,113426.15757943783,100635646.63411331,20000.0,0.0021633499707154336,-0.10047615815885813,11103897.425909024,11936553.460089326
2023-01-03,101593774.45184518,113426.15757943783,101480348.29426575,0.0,0.008384212745053521,-0.0929343588996141,11125316.04039745,11962811.86557583
2023-01-04,100975837.39190103,113426.15757943783,100862411.2343216,0.0,-0.00608243037802525,-0.09845152250990608,11009623.105828201,11836092.85108085
2023-01-05,101509334.60878183,113426.15757943783,101395908.4512024,0.0,0.005283414633247663,-0.09368826809135289,10978626.18037586,11830864.297865072
2023-01-06,100097842.96256448,113426.15757943783,99984416.80498505,0.0,-0.013905042838249781,-0.10629057154835098,10897653.28230179,11743052.687696142
2023-01-09,99893137.63414194,113426.15757943783,99779711.4765625,0.0,-0.0020450523444256463,-0.10811825411024134,11045166.660162881,11879998.28071269
2023-01-10,98569838.25496103,113426.15757943783,98456412.09738159,0.0,-0.013247150009718212,-0.11993314538897237,10931031.378004959,11783998.048855115
2023-01-11,98516531.32333185,113426.15757943783,98403105.16575241,0.0,-0.000540803683691693,-0.120409088785841,10919772.661608778,11765620.393907113
2023-01-12,98666167.59634973,113426.15757943783,98552741.4387703,0.0,0.0015188950626650044,-0.11907308249363291,10896890.545084307,11748896.232306968
2023-01-13,98740279.26084329,113426.15757943783,98626853.10326385,0.0,0.0007511355340845682,-0.11841138698296227,10956933.4571999,11800029.875820052
2023-01-16,98278164.54151346,113426.15757943783,98164738.38393402,0.0,-0.004680103426779492,-0.12253731287175307,10919254.23865627,11768773.445027757
2023-01-17,98238366.27382852,113426.15757943783,98124940.11624908,0.0,-0.0004049553415105267,-0.12289264607388184,11015939.523410479,11838515.27139883
2023-01-18,99477542.56834604,113426.15757943783,99364116.4107666,0.0,0.01261397498268102,-0.11182883585433234,11084310.572519457,11892493.343977166
2023-01-19,99046173.93313028,113426.15757943783,98932747.77555084,0.0,-0.004336341892637652,-0.1156802496812499,11049224.660515267,11856623.351364143
2023-01-20,98929520.85523035,113426.15757943783,98816094.69765091,0.0,-0.0011777646048063417,-0.11672177018250651,11000287.91735236,11801414.545090465
2023-01-23,98913228.21057321,113426.15757943783,98799802.05299377,0.0,-0.00016468941238456658,-0.11686723675514721,11055754.406163057,11843936.056357138
2023-01-24,98264820.88418771,113426.15757943783,98151394.72660828,0.0,-0.006555314573346238,-0.12265644982824575,11055601.858719561,11832670.97588276
2023-01-25,97003264.15052225,113426.15757943783,96889837.99294281,0.0,-0.01283833545223989,-0.13392008063220984,10917484.449956331,11666121.694516532
2023-01-27,93730447.56921197,113426.15757943783,93617021.41163254,0.0,-0.03373924176646026,-0.16314096042083603,10741994.109313365,11437596.44881536
2023-01-30,94045948.87651636,113426.15757943783,93932522.71893692,0.0,0.0033660492986700152,-0.1603240516375748,10769208.334877755,11421795.149760412
2023-01-31,98319404.27512933,113426.15757943783,98205978.1175499,0.0,0.045440079553283885,-0.12216910974500705,10777263.554960512,11484308.762250245
2023-02-01,95268457.84232166,152868.59187344462,95115589.25044823,20000.0,-0.031030969474450276,-0.14940905330423926,10769286.592178639,11436758.828287166
2023-02-02,96004102.28295544,152868.59187344462,95851233.691082,0.0,0.007721804858553893,-0.14284095599940194,10765679.53537168,11430404.067914242
2023-02-03,94999764.01564434,152868.59187344462,94846895.4237709,0.0,-0.010461409912995046,-0.15180804811932314,10914629.131403198,11525108.652543869
2023-02-06,94899502.96636036,152868.59187344462,94746634.37448692,0.0,-0.001055382087764678,-0.15270321471232418,10859945.386053355,11503387.52795479
2023-02-07,96095033.92781284,152868.59187344462,95942165.3359394,0.0,0.012597863256209818,-0.14202908567384387,10833597.51364053,11478777.123702785
2023-02-08,96090650.37664059,152868.59187344462,95937781.78476715,0.0,-4.5616833597716955e-05,-0.14206822359027438,10925418.063977735,11575908.372272167
2023-02-09,95067592.29619816,152868.59187344462,94914723.70432472,0.0,-0.010646801498714109,-0.15120245291314793,10938714.384600801,11577294.715000303
2023-02-10,94857304.13731983,152868.59187344462,94704435.5454464,0.0,-0.0022119857440286994,-0.1530799809868706,10916126.400266465,11566318.3107198
2023-02-13,92504333.18118885,152868.59187344462,92351464.58931541,0.0,-0.024805374531039925,-0.17408814925632676,10863797.211693622,11477467.507484833
2023-02-14,92905320.40590885,152868.59187344462,92752451.81403542,0.0,0.004334793959701155,-0.1705079915544775,10960966.85653436,11530154.548919529
2023-02-15,93179200.89284542,152868.59187344462,93026332.30097198,0.0,0.002947952665573572,-0.16806268837710847,11013540.813940508,11584651.433329754
2023-02-16,93796468.56870678,152868.59187344462,93643599.97683334,0.0,0.006624522103073183,-0.1625515012678913,11025767.31566287,11618620.215162199
2023-02-17,93393343.39958027,152868.59187344462,93240474.80770683,0.0,-0.004297871500686834,-0.1661507473038849,10969739.13272129,11557152.50163551
2023-02-20,91988288.63327435,152868.59187344462,91835420.04140091,0.0,-0.015044485133104635,-0.17869557998932206,10908851.392942797,11506853.760885475
2023-02-21,90185080.28295735,152868.59187344462,90032211.69108391,0.0,-0.019602586123824706,-0.1947952706164593,10897908.435102424,11487827.843021797
2023-02-22,87911394.82028607,152868.59187344462,87758526.22841263,0.0,-0.025211326036829518,-0.2150955495753447,10731384.436839322,11324491.39503218
2023-02-23,89180733.69255474,152868.59187344462,89027865.1006813,0.0,0.014438843506732413,-0.2037624370479254,10705066.414284216,11297415.963585326
2023-02-24,88616522.09458187,152868.59187344462,88463653.50270844,0.0,-0.00632660861389589,-0.20879992047240536,10677282.166717876,11269455.1683886
2023-02-27,86253717.66309574,152868.59187344462,86100849.0712223,0.0,-0.026663249421640223,-0.2298958855352713,10632593.347727202,11206485.27014781
2023-02-28,88152116.33274677,152868.59187344462,87999247.74087334,0.0,0.022009470676569665,-0.21294630161005412,10578338.246334227,11183415.413864998
2023-03-01,90128248.53581342,279838.5626383659,89848409.97317505,20000.0,0.022417297340966424,-0.1953026848299394,10688173.184135856,11315952.142126316
2023-03-02,90332211.41183576,279838.5626383659,90052372.84919739,0.0,0.0022630293979506444,-0.19348163114925765,10609164.404652234,11256073.35104933
2023-03-03,91396269.5943614,279838.5626383659,91116431.03172302,0.0,0.011779388170565896,-0.18398133821587315,10776031.693370868,11400755.43665983
2023-03-06,92206057.03184614,279838.5626383659,91926218.46920776,0.0,0.008860180410850127,-0.17675126565384525,10847751.826818367,11482741.951839112
2023-03-08,92286612.15706739,279838.5626383659,92006773.59442902,0.0,0.0008736424462161274,-0.17603204061572664,10874058.180827942,11514340.67004695
2023-03-09,92126558.17115125,279838.5626383659,91846719.60851288,0.0,-0.0017343142431508474,-0.17746105998358674,10773122.455366626,11423287.410836076
2023-03-10,91476594.50092039,279838.5626383659,91196755.93828201,0.0,-0.007055117255367005,-0.18326416865250783,10664899.280101921,11327526.708975157
2023-03-13,88263546.34380063,279838.5626383659,87983707.78116226,0.0,-0.03512426511556921,-0.21195141452214206,10506514.477685953,11153600.003258107
2023-03-14,87488382.97580442,279838.5626383659,87208544.41316605,0.0,-0.008782372792691007,-0.2188723509785614,10438530.179060511,11079599.637783512
2023-03-15,87717320.95133695,279838.5626383659,87437482.38869858,0.0,0.0026167814256647937,-0.21682831065552888,10394952.616866216,11050084.49231897
2023-03-16,86657766.3049365,279838.5626383659,86377927.74229813,0.0,-0.012079195247974628,-0.22628839440380688,10403189.875458818,11057839.301397188
2023-03-17,88042651.39283857,279838.5626383659,87762812.8302002,0.0,0.0159810845230981,-0.21392364383827223,10473287.917321717,11127672.521385187
2023-03-20,87542814.34792432,279838.5626383659,87262975.78528595,0.0,-0.00567721481585115,-0.21838636817386392,10404905.273196517,11047615.10068071
2023-03-21,88005066.72947416,279838.5626383659,87725228.16683578,0.0,0.005280300673367488,-0.21425921318741903,10477850.348961594,11120303.531201933
2023-03-22,88836329.00197324,279838.5626383659,88556490.43933487,0.0,0.009445618342116324,-0.20683740559935326,10505044.307658317,11157882.44228167
2023-03-23,88660921.34076032,279838.5626383659,88381082.77812195,0.0,-0.0019745037101772667,-0.20840350808477115,10459108.970749235,11114361.769509021
2023-03-24,87231880.12463865,279838.5626383659,86952041.56200027,0.0,-0.01611805059671423,-0.22116250039364227,10378354.887709614,11018216.00230567
2023-03-27,86546716.77860364,279838.5626383659,86266878.21596527,0.0,-0.007854506231621206,-0.22727988438772073,10403250.883328151,11005638.457040437
2023-03-28,85217438.97458753,279838.5626383659,84937600.41194916,0.0,-0.015359078350904443,-0.23914815318672966,10382426.863929367,10966361.792112362
2023-03-29,88142925.632516,279838.5626383659,87863087.06987762,0.0,0.03432967116978092,-0.2130283594767095,10461435.643412989,11069606.777693508
2023-03-31,90368263.93373212,279838.5626383659,90088425.37109375,0.0,0.025246930315133476,-0.19315974130843172,10632346.198765805,11233386.898604592
2023-04-03,91928170.08120702,102107.61025212146,91826062.4709549,20000.0,0.017261658900726395,-0.179232339975524,10675804.32264047,11287416.5772717
2023-04-05,92847843.14818738,102107.61025212146,92745735.53793526,0.0,0.010004257304022657,-0.1710211691178185,10773370.015984071,11370476.380899213
2023-04-06,92880017.45795797,102107.61025212146,92777909.84770584,0.0,0.00034652727171313735,-0.17073390534524502,10799203.208299585,11408972.001926262
2023-04-10,92201374.05590986,102107.61025212146,92099266.44565773,0.0,-0.007306667468654382,-0.17679307694191693,10814482.60374521,11433205.484154133
2023-04-11,93470200.30076955,102107.61025212146,93368092.69051743,0.0,0.013761467850688325,-0.16546454133578903,10874770.838783002,11492495.308079721
2023-04-12,93333584.61004613,102107.61025212146,93231476.999794,0.0,-0.0014615962123095683,-0.16668429520121064,10930057.825315451,11549929.612121312
2023-04-13,94005078.67721342,102107.61025212146,93902971.06696129,0.0,0.007194559921520627,-0.1606889554294917,10939630.068740366,11559746.957968095
2023-04-17,95220862.37390874,102107.61025212146,95118754.76365662,0.0,0.012933170354231471,-0.14983400270987335,10865289.679682653,11521135.083864506
2023-04-18,95206734.11635374,102107.61025212146,95104626.50610161,0.0,-0.0001483735517908702,-0.14996014485850317,10836634.071783608,11515492.280311665
2023-04-19,95190936.72350667,102107.61025212146,95088829.11325455,0.0,-0.00016592726337771868,-0.15010118964542885,10811229.93457591,11484494.982721457
2023-04-20,95869552.73840307,102107.61025212146,95767445.12815094,0.0,0.007128998182542423,-0.14404226257106612,10814727.09324799,11488243.766994823
2023-04-21,96026816.95218252,102107.61025212146,95924709.34193039,0.0,0.0016403979082761921,-0.1426381512890148,10814482.60374521,11476918.905603554
2023-04-24,98877183.59559987,102107.61025212146,98775075.98534775,0.0,0.029683027448850208,-0.11718905600012963,10887717.996128606,11541117.77989759
2023-04-25,100525691.8480451,102107.61025212146,100423584.23779297,0.0,0.016672281637667652,-0.10247058330894843,10903579.85186026,11560867.96977759
2023-04-26,100469546.90770887,102107.61025212146,100367439.29745674,0.0,-0.0005585133442413959,-0.10297186546501957,10930793.690779693,11590783.509843888
2023-04-27,100808114.86187719,102107.61025212146,100706007.25162506,0.0,0.003369856484764844,-0.09994900938884044,10993046.231185386,11653126.109363817
2023-04-28,102299923.09938596,102107.61025212146,102197815.48913383,0.0,0.01479849354938123,-0.08662961061016705,11085058.177686488,11764825.688776117
2023-05-02,104463791.43940087,116564.66598244663,104347226.77341843,20000.0,0.021152199087311807,-0.06730981829333771,11155774.169299364,11847594.046316622
2023-05-03,106230243.66916771,116564.66598244663,106113679.00318527,0.0,0.016909708191010564,-0.05153829948805755,11120242.712137992,11828739.788384076
2023-05-04,106303886.99960442,116564.66598244663,106187322.33362198,0.0,0.0006932426011001525,-0.050880785431750786,11222256.678503823,11928703.500189908
2023-05-05,106102434.36881371,116564.66598244663,105985869.70283127,0.0,-0.0018950636376209307,-0.052679426743046376,11107425.982219843,11830442.675560787
2023-05-08,104093921.68295784,116564.66598244663,103977357.0169754,0.0,-0.018929939711602173,-0.07061214808236094,11227543.054319242,11945428.392984968
2023-05-09,100885276.47658272,116564.66598244663,100768711.81060028,0.0,-0.030824520341810158,-0.09926008282922738,11228495.15425602,11940395.348114548
2023-05-10,101306800.42975731,116564.66598244663,101190235.76377487,0.0,0.004178250463261923,-0.09549656585303012,11258709.019210603,11975588.097711027
2023-05-11,101438909.57708092,116564.66598244663,101322344.91109848,0.0,0.0013040501403971394,-0.09431704802274099,11247582.77694817,11989525.760429109
2023-05-12,101274002.51410027,116564.66598244663,101157437.84811783,0.0,-0.0016256785849549926,-0.09578939740252934,11258525.322753696,11984337.70140628
2023-05-15,101381292.42693444,116564.66598244663,101264727.760952,0.0,0.001059402316198943,-0.09483147459580599,11310192.052361907,12040359.816086976
2023-05-16,100849765.03982277,116564.66598244663,100733200.37384033,0.0,-0.005242854715969747,-0.09957714166796883,11241128.18771726,11995991.741001066
2023-05-17,101362303.13914604,116564.66598244663,101245738.4731636,0.0,0.005082194282960195,-0.09500101776510705,11176735.976104137,11944847.65703838
2023-05-18,100773578.13239403,116564.66598244663,100657013.46641159,0.0,-0.005808125787590268,-0.1002573656915684,11144892.85564614,11894710.786983056
2023-05-19,100187740.49506493,116564.66598244663,100071175.82908249,0.0,-0.005813405142362282,-0.10548793414865965,11190044.964501576,11930290.693877257
2023-05-22,100570840.64104195,116564.66598244663,100454275.97505951,0.0,0.0038238225962974326,-0.10206747869859645,11258279.19351405,12004973.487841636
2023-05-23,99732272.17223473,116564.66598244663,99615707.50625229,0.0,-0.008338087495959656,-0.1095545186266752,11278933.638926875,12036526.807606183
2023-05-24,100101434.21018715,116564.66598244663,99984869.54420471,0.0,0.003701530406475584,-0.10625850760206312,11240452.232781062,12014226.698490571
2023-05-25,100533652.77096672,116564.66598244663,100417088.10498428,0.0,0.004317805875508451,-0.10239950533500153,11262428.57230535,12044657.110858398
2023-05-26,101209160.266988,116564.66598244663,101092595.60100555,0.0,0.00671921766893524,-0.09636833223160357,11371971.692143472,12154222.626114435
2023-05-29,101885849.49174614,116564.66598244663,101769284.8257637,0.0,0.006686047221151181,-0.09032660823037642,11433014.144836536,12212760.507063743
2023-05-30,100444515.71304055,116564.66598244663,100327951.0470581,0.0,-0.014146555050535858,-0.103195352945053,11454651.906577507,12233744.886300368
2023-05-31,101835328.80791207,116564.66598244663,101718764.14192963,0.0,0.01384658072168854,-0.09077767500802136,11393518.205971207,12208153.940154098
2023-06-01,101625097.04473092,89930.28348519001,101535166.76124573,20000.0,-0.002064428579375499,-0.09265469956074102,11384841.147976363,12223468.731918354
2023-06-02,102557732.32852913,89930.28348519001,102467802.04504395,0.0,0.00917721420120965,-0.08432779738414897,11413383.449771073,12262907.612565838
2023-06-05,102073297.14829995,89930.28348519001,101983366.86481476,0.0,-0.0047235363851197976,-0.08865300835004775,11450177.7735039,12300368.149101412
2023-06-06,103821975.15021493,89930.28348519001,103732044.86672974,0.0,0.017131591226786425,-0.07304018422333924,11453349.407646272,12315026.982157268
2023-06-07,105096348.27387215,89930.28348519001,105006417.99038696,0.0,0.012274599108843764,-0.06166212409467309,11531803.151852883,12414534.206919337
2023-06-08,104626039.50284554,89930.28348519001,104536109.21936035,0.0,-0.004475024858152321,-0.06586120941469531,11475241.741608908,12348105.168374501
2023-06-09,105788555.85677315,89930.28348519001,105698625.57328796,0.0,0.01111115702602894,-0.05548184662839728,11431427.005100567,12314251.398554435
2023-06-12,105978825.96436287,89930.28348519001,105888895.68087769,0.0,0.001798588760842268,-0.05378304689333169,11454888.91909953,12354348.464896118
2023-06-13,106481638.74816109,89930.28348519001,106391708.4646759,0.0,0.004744464559055306,-0.04929375409413972,11525491.154894533,12446720.926436832
2023-06-14,107871483.53208138,89930.28348519001,107781553.24859619,0.0,0.013052436084378893,-0.03688472158443379,11549969.38700131,12474525.295635985
2023-06-15,108828175.71744515,89930.28348519001,108738245.43395996,0.0,0.008868814574884754,-0.02834303076592748,11508217.355291666,12454515.390164113
2023-06-16,108936058.11464669,89930.28348519001,108846127.8311615,0.0,0.0009913094333366956,-0.027379818046358362,11593137.047601953,12550067.44151409
2023-06-19,109968979.9917524,89930.28348519001,109879049.70826721,0.0,0.009481909800872712,-0.018157521210565464,11549691.55329373,12519587.157403996
2023-06-20,111324262.5757673,89930.28348519001,111234332.2922821,0.0,0.012324226196483101,-0.006057072412648745,11587409.58389851,12564415.738166466
2023-06-21,112611403.1243055,89930.28348519001,112521472.84082031,0.0,0.011562084659327398,0.0,11612134.378386473,12596214.665882546
2023-06-22,111962292.43427254,89930.28348519001,111872362.15078735,0.0,-0.00576416483609965,-0.00576416483609965,11559421.746775638,12518539.665096657
2023-06-23,109668547.49524666,89930.28348519001,109578617.21176147,0.0,-0.020486762901647637,-0.026132838659424062,11494300.412302893,12418489.380331432
2023-06-26,112980720.04764535,89930.28348519001,112890789.76416016,0.0,0.030201663357876107,0.0,11510126.10894504,12460642.803588824
2023-06-27,116069792.35439278,89930.28348519001,115979862.0709076,0.0,0.027341588064270894,0.0,11587841.368751416,12536145.564362098
2023-06-28,115909783.00922371,89930.28348519001,115819852.72573853,0.0,-0.0013785614837710236,-0.0013785614837710236,11683105.856381593,12624329.571485177
2023-06-30,115400428.3340223,89930.28348519001,115310498.05053711,0.0,-0.004394406252670513,-0.005766909777237594,11816705.381941177,12742838.594516613
2023-07-03,117817584.51599331,158663.68904323352,117658920.82695007,20000.0,0.020945816379248194,0.0,11918915.293545067,12838806.40248924
2023-07-04,118599731.7186758,158663.68904323352,118441068.02963257,0.0,0.006638628740316177,0.0,11959903.805805676,12860635.518477546
2023-07-05,120000310.04751797,158663.68904323352,119841646.35847473,0.0,0.011809287496234777,0.0,11965763.78239834,12892599.364435405
2023-07-06,119540678.78482266,158663.68904323352,119382015.09577942,0.0,-0.0038302506261300717,-0.0038302506261300717,12026708.02086801,12968609.839207035
2023-07-07,119325766.0893118,158663.68904323352,119167102.40026855,0.0,-0.0017978206054669599,-0.0056211851280972835,11924621.060227398,12867509.839060187
2023-07-10,119851890.7820303,158663.68904323352,119693227.09298706,0.0,0.004409145735756015,-0.0012368240167788258,11939486.654630538,12858848.286156569
2023-07-11,122878311.53798123,158663.68904323352,122719647.84893799,0.0,0.025251339267187367,0.0,11990992.764681844,12932061.089960556
2023-07-12,125260157.32901211,158663.68904323352,125101493.63996887,0.0,0.019383777016619197,0.0,11957005.141397381,12926662.980794141
2023-07-13,124988213.60336514,158663.68904323352,124829549.9143219,0.0,-0.0021710313274848625,-0.0021710313274848625,11975170.586928668,12913340.665844645
2023-07-14,125772663.97218533,158663.68904323352,125614000.28314209,0.0,0.006276194740326035,0.0,12068159.162859619,13023294.900138544
2023-07-17,127869224.39784451,158663.68904323352,127710560.70880127,0.0,0.016669444372449993,0.0,12158803.266247535,13106102.319560412
2023-07-18,127507787.08886929,158663.68904323352,127349123.39982605,0.0,-0.0028266168867238095,-0.0028266168867238095,12182120.286595892,13106062.873006638
2023-07-19,129805588.57422085,158663.68904323352,129646924.88517761,0.0,0.018020871805657368,0.0,12233873.373456717,13169371.557463136
2023-07-20,132158656.86277981,158663.68904323352,131999993.17373657,0.0,0.01812763467586387,0.0,12323931.961091336,13238545.641030755
2023-07-21,132901141.2843649,158663.68904323352,132742477.59532166,0.0,0.005618129294065133,0.0,12179498.718120227,13131153.915557
2023-07-24,133540071.88553067,158663.68904323352,133381408.19648743,0.0,0.004807562937316545,0.0,12134685.0772244,13100742.139772624
2023-07-25,134120189.70128079,158663.68904323352,133961526.01223755,0.0,0.004344147846852886,0.0,12139774.004265396,13125405.338932058
2023-07-26,135540483.3167135,158663.68904323352,135381819.6276703,0.0,0.010589707773274615,0.0,12200039.960082587,13186072.621460862
2023-07-27,134939938.24823207,158663.68904323352,134781274.55918884,0.0,-0.004430743153528316,-0.004430743153528316,12127005.905595774,13142726.927564148
2023-07-28,133070814.97940274,158663.68904323352,132912151.2903595,0.0,-0.013851520114015026,-0.01822089073963218,12118462.917516295,13165370.766605396
2023-07-31,133248278.87393399,158663.68904323352,133089615.18489075,0.0,0.0013336049272616446,-0.016911585282040065,12184927.388869928,13251323.290103143
2023-08-01,132378795.07787423,130945.08239845932,132247849.99547577,20000.0,-0.006525291008691925,-0.023326523275348343,12192436.386132935,13265225.763194818
2023-08-02,129836632.61945061,130945.08239845932,129705687.53705215,0.0,-0.019203698424118065,-0.042082266181203365,12064540.785391502,13115699.667977553
2023-08-03,131459193.29216485,130945.08239845932,131328248.20976639,0.0,0.012496940501144582,-0.030111225256678753,11975013.623523617,13048290.076299941
2023-08-04,132373064.70207886,130945.08239845932,132242119.6196804,0.0,0.006951749718127065,-0.02336880124024221,12058639.805171605,13140322.615257684
2023-08-07,135198620.56043917,130945.08239845932,135067675.4780407,0.0,0.021345398814476058,-0.0025222188080554764,12108253.895306751,13191473.92023999
2023-08-08,137333093.97151476,130945.08239845932,137202148.8891163,0.0,0.015787686310907212,0.0,12091910.955609804,13185950.661161726
2023-08-09,139518112.71259028,130945.08239845932,139387167.6301918,0.0,0.01591035836947441,0.0,12130033.218621414,13228427.334485766
2023-08-10,139725242.088296,130945.08239845932,139594297.00589752,0.0,0.0014846056306137,0.0,12074765.530872729,13178637.471080933
2023-08-11,138905896.88988978,130945.08239845932,138774951.8074913,0.0,-0.005863974083426204,-0.005863974083426204,12003836.714025099,13116634.13959602
2023-08-14,140043800.76208216,130945.08239845932,139912855.6796837,0.0,0.008191904718734877,0.0,12007698.296173088,13089716.798585994
2023-08-16,142646259.04550272,130945.08239845932,142515313.96310425,0.0,0.018583173758914384,0.0,12026511.441700328,13111110.880517757
2023-08-17,142777889.02616984,130945.08239845932,142646943.94377136,0.0,0.0009227720484779045,0.0,11964880.590618405,13071589.568653753
2023-08-18,141856234.5197993,130945.08239845932,141725289.43740082,0.0,-0.0064551627192191985,-0.0064551627192191985,11930837.12375061,13036930.548137877
2023-08-21,145082919.88772875,130945.08239845932,144951974.80533028,0.0,0.02274616536137586,0.0,11982396.485892804,13110332.913902057
2023-08-22,146415180.90597826,130945.08239845932,146284235.8235798,0.0,0.009182755759812977,0.0,11984157.126003405,13151720.130070904
2023-08-23,147091600.6049834,130945.08239845932,146960655.52258492,0.0,0.004619874078764408,0.0,12013536.52568308,13186728.627777427
2023-08-24,149546226.38873774,130945.08239845932,149415281.30633926,0.0,0.01668773589830108,0.0,11978133.05785254,13171091.802695056
2023-08-25,150462308.36763674,130945.08239845932,150331363.28523827,0.0,0.006125744534119404,0.0,11903435.578177357,13086059.443812573
2023-08-28,152554031.51988322,130945.08239845932,152423086.43748474,0.0,0.013901974354504798,0.0,11928304.167210413,13128420.637717094
2023-08-29,151967059.8026839,130945.08239845932,151836114.72028542,0.0,-0.003847631631569315,-0.003847631631569315,11950917.350920158,13168874.90173352
2023-08-30,153869980.64869982,130945.08239845932,153739035.56630135,0.0,0.012521929742450144,0.0,11953882.321963161,13201275.995704608
2023-08-31,157636538.97791773,130945.08239845932,157505593.89551926,0.0,0.024478837999059255,0.0,11896021.340453215,13166541.001886418
2023-09-01,160598964.1143834,202368.3267399706,160396595.78764343,20000.0,0.018792756778811537,0.0,12028161.686030848,13303430.48589542
2023-09-04,163902229.75652856,202368.3267399706,163699861.4297886,0.0,0.020568411884602567,0.0,12086027.171638813,13386329.546328885
2023-09-05,164105851.40618676,202368.3267399706,163903483.0794468,0.0,0.0012423360558344587,0.0,12114557.399262575,13441765.515793066
2023-09-06,164792168.02285737,202368.3267399706,164589799.6961174,0.0,0.0041821581058183455,0.0,12136930.232507851,13467087.499154784
2023-09-07,164311245.305906,202368.3267399706,164108876.97916603,0.0,-0.002918359062335174,-0.002918359062335174,12208720.567593668,13545702.822619306
2023-09-08,167992935.87921113,202368.3267399706,167790567.55247116,0.0,0.022406808289053837,0.0,12266213.756878788,13625135.327878615
2023-09-11,174715477.4315068,202368.3267399706,174513109.10476685,0.0,0.04001681092786713,0.0,12375384.81853601,13754394.61806657
2023-09-12,162664151.9841916,202368.3267399706,162461783.65745163,0.0,-0.06897686240785195,-0.06897686240785195,12373435.097858252,13604177.734437656
2023-09-13,163655447.07323617,202368.3267399706,163453078.7464962,0.0,0.006094121396464258,-0.06330309438444848,12420965.734244373,13655756.057999076
2023-09-14,167562268.9178502,202368.3267399706,167359900.59111023,0.0,0.02387223837936614,-0.04094204256437939,12441450.493280932,13715554.895630207
2023-09-15,171218288.84220093,202368.3267399706,171015920.51546097,0.0,0.021818873353542045,-0.020016478452384745,12496685.72954308,13764095.798591267
2023-09-18,168978213.26750535,202368.3267399706,168775844.94076538,0.0,-0.01308315595164078,-0.032837755694830384,12460141.46094378,13723423.884570317
2023-09-20,167595753.98991174,202368.3267399706,167393385.66317177,0.0,-0.008181287107143609,-0.04075038769468031,12316622.437241191,13595450.476349948
2023-09-21,165686329.3243596,202368.3267399706,165483960.99761963,0.0,-0.011393037234505798,-0.05167915424486014,12218188.73998603,13481813.510752821
2023-09-22,166779725.5762784,202368.3267399706,166577357.24953842,0.0,0.006599194130122221,-0.045421000886080365,12176043.103983924,13448544.929006796
2023-09-25,166985394.0933568,202368.3267399706,166783025.76661682,0.0,0.0012331745742339972,-0.04424383833527523,12176229.252145346,13457699.799914494
2023-09-26,168875021.32893723,202368.3267399706,168672653.00219727,0.0,0.01131612286116468,-0.033428384184561954,12170132.295481605,13460971.570601255
2023-09-27,169399184.9996125,202368.3267399706,169196816.67287254,0.0,0.0031038555409228508,-0.030428285519114584,12202159.449280666,13511498.362281486
2023-09-28,168796713.09864205,202368.3267399706,168594344.77190208,0.0,-0.0035565218390621878,-0.033876588496202786,12082778.04009398,13378148.597858177
2023-09-29,170249160.6829068,202368.3267399706,170046792.35616684,0.0,0.008604714852569195,-0.02556337202782122,12153794.772431029,13473320.602751514
2023-10-03,171618910.44353402,257755.53478539828,171361154.90874863,20000.0,0.008045559550090342,-0.017723484109681942,12105995.744027143,13463558.141778652
2023-10-04,169924073.9363414,257755.53478539828,169666318.40155602,0.0,-0.009875581326163063,-0.02742403572713681,12048561.180392057,13361104.526329873
2023-10-05,171010060.3176986,257755.53478539828,170752304.7829132,0.0,0.006391009562094485,-0.02120829343960573,12116534.15163892,13417833.03803442
2023-10-06,172380253.68303025,257755.53478539828,172122498.14824486,0.0,0.008012355312816855,-0.013365866509405522,12183329.058707673,13494145.177479971
2023-10-09,165823781.0353595,257755.53478539828,165566025.5005741,0.0,-0.038034940241628123,-0.050892436817070785,12095829.03806252,13364693.588067621
2023-10-10,168069740.3786174,257755.53478539828,167811984.84383202,0.0,0.01354425360002498,-0.03803748328761958,12205862.41165606,13501753.073953364
2023-10-11,171221904.79449952,257755.53478539828,170964149.25971413,0.0,0.01875509778727036,-0.01999578221899012,12281181.030763749,13582903.969669553
2023-10-12,172443660.7673999,257755.53478539828,172185905.23261452,0.0,0.00713551209681218,-0.013002950268086733,12270425.898087347,13592540.333732307
2023-10-13,174757448.35600197,257755.53478539828,174499692.82121658,0.0,0.01341764364259812,0.0,12243801.405511182,13569638.919408252
2023-10-16,177800990.54670823,257755.53478539828,177543235.01192284,0.0,0.01741580813486232,0.0,12231836.729038345,13571707.011458412
2023-10-17,183931616.06704247,257755.53478539828,183673860.53225708,0.0,0.03448026640056168,0.0,12281274.258864174,13629994.593293624
2023-10-18,182714888.41568673,257755.53478539828,182457132.88090134,0.0,-0.006615108796261815,-0.006615108796261815,12194239.1679666,13533472.4548229
2023-10-19,182528006.40670884,257755.53478539828,182270250.87192345,0.0,-0.0010228066831243776,-0.007631149501899803,12165475.272098845,13507332.502837397
2023-10-20,183119059.0055648,257755.53478539828,182861303.47077942,0.0,0.003238147451953166,-0.004417712837261667,12114612.684166506,13427937.275538145
2023-10-23,172592338.29594338,257755.53478539828,172334582.761158,0.0,-0.05748566406351796,-0.06164942174468779,11952878.880491346,13178202.587335225
2023-10-25,169819694.96692383,257755.53478539828,169561939.43213844,0.0,-0.016064695318428912,-0.07672373788623099,11853942.072357588,13078403.810759977
2023-10-26,170763694.52415955,257755.53478539828,170505938.98937416,0.0,0.005558834370887222,-0.07159139806656867,11689728.64336201,12918168.587360034
2023-10-27,174210016.94191277,257755.53478539828,173952261.40712738,0.0,0.020181821594786653,-0.05285442129528295,11807510.846081853,13082030.9729408
2023-10-30,175995966.12754738,257755.53478539828,175738210.592762,0.0,0.010251702037490151,-0.043144567036276005,11865565.316047044,13129356.295294218
2023-10-31,178449816.88493454,257755.53478539828,178192061.35014915,0.0,0.01394265341064016,-0.02980346337037476,11827564.573709823,13109848.868439365
2023-11-01,177464472.57509938,231614.39194049872,177232858.18315887,20000.0,-0.005521688545472303,-0.03516058647353937,11791494.530453695,13076671.318029491
2023-11-02,178082976.11037007,231614.39194049872,177851361.71842957,0.0,0.0034852245426697515,-0.03179790446978181,11880974.56093598,13200031.101942353
2023-11-03,181004580.13074818,231614.39194049872,180772965.73880768,0.0,0.016405858011758534,-0.015913718363826046,11941424.731842723,13286111.259991718
2023-11-06,184859162.26942006,231614.39194049872,184627547.87747955,0.0,0.021295495041548262,0.0,12053911.799263012,13409939.634026594
2023-11-07,187685866.8313097,231614.39194049872,187454252.4393692,0.0,0.015291125022896646,0.0,12050775.46834463,13432134.321206464
2023-11-08,190050638.8834795,231614.39194049872,189819024.491539,0.0,0.012599627729536156,0.0,12073627.265391856,13488322.397986965
2023-11-09,188205558.83321705,231614.39194049872,187973944.44127655,0.0,-0.009708360156545859,-0.009708360156545859,12043697.499574458,13456438.427111492
2023-11-10,189676049.38186207,231614.39194049872,189444434.98992157,0.0,0.007813215283126285,-0.001970998381368716,12062356.606759023,13485900.077063065
2023-11-13,194050512.55299702,231614.39194049872,193818898.16105652,0.0,0.023062812544814904,0.0,12073658.79849467,13534352.600949848
2023-11-15,196242993.97677937,231614.39194049872,196011379.58483887,0.0,0.011298508800297924,0.0,12217658.35093131,13682407.236928117
2023-11-16,195122194.9065279,231614.39194049872,194890580.5145874,0.0,-0.005711281954779435,-0.005711281954779435,12273389.47172072,13748872.242996981
2023-11-17,201066569.1599535,231614.39194049872,200834954.768013,0.0,0.030464880001340733,0.0,12252650.392562056,13754655.591441002
2023-11-20,200582167.47378102,231614.39194049872,200350553.08184052,0.0,-0.002409160748086059,-0.002409160748086059,12229177.635951718,13733672.82789918
2023-11-21,199849184.78433552,231614.39194049872,199617570.39239502,0.0,-0.003654276442801474,-0.006054633451518798,12284691.66345637,13775833.728063013
2023-11-22,197586623.81837025,231614.39194049872,197355009.42642975,0.0,-0.011321341982990285,-0.017307428858622798,12302357.47790228,13775911.57202465
2023-11-23,198751762.3776888,231614.39194049872,198520147.9857483,0.0,0.005896849375743196,-0.011512638783940377,12296241.268767945,13785055.947988793
2023-11-24,199784068.16076985,231614.39194049872,199552453.76882935,0.0,0.0051939453050955375,-0.006378489495005968,12291707.77883256,13788259.761233449
2023-11-28,199997775.39955464,231614.39194049872,199766161.00761414,0.0,0.0010696910957526118,-0.0053156214126706125,12350698.937328316,13865081.0669045
2023-11-29,201080054.65700856,231614.39194049872,200848440.26506805,0.0,0.005411456478912058,0.0,12479175.71349877,13991916.354751656
2023-11-30,203070845.50957814,231614.39194049872,202839231.11763763,0.0,0.009900488917040429,0.0,12501872.270655217,14057444.18057649
2023-12-01,206401391.8690327,272118.25573618896,206129273.6132965,20000.0,0.016400908515927126,0.0,12605546.571784724,14177006.60751106
2023-12-04,209135747.59702954,272118.25573618896,208863629.34129333,0.0,0.01324775818242463,0.0,12866080.138715256,14437728.8895001
2023-12-05,208080861.90122876,272118.25573618896,207808743.64549255,0.0,-0.005044023835816813,-0.005044023835816813,12970752.979760388,14547332.120681508
2023-12-06,208452786.55068097,272118.25573618896,208180668.29494476,0.0,0.0017874044064116745,-0.0032656351398352435,13022125.50492187,14618899.946112795
2023-12-07,206016845.10893902,272118.25573618896,205744726.85320282,0.0,-0.011685818558965111,-0.014913292079076435,12999394.094850063,14637564.563522162
2023-12-08,204647541.26359448,272118.25573618896,204375423.00785828,0.0,-0.006646562540167378,-0.021460732490760526,13041841.932906453,14637290.960498964
2023-12-11,205979582.46645245,272118.25573618896,205707464.21071625,0.0,0.006508952878853558,-0.015091466508434959,13059069.360771487,14689489.526098007
2023-12-12,205416145.9365376,272118.25573618896,205144027.6808014,0.0,-0.0027353999030783616,-0.017785585215488897,13002659.313162092,14624222.212742835
2023-12-13,210819949.4770268,272118.25573618896,210547831.2212906,0.0,0.02630661536293588,0.0,13015066.656852225,14674815.844406916
2023-12-14,211828984.59977612,272118.25573618896,211556866.34403992,0.0,0.004786241175241734,0.0,13174502.359483272,14848865.5798739
2023-12-15,213607751.94661602,272118.25573618896,213335633.69087982,0.0,0.008397185825163023,0.0,13344885.2895801,14982846.993273145
2023-12-18,213623910.37037548,272118.25573618896,213351792.11463928,0.0,7.564530599757369e-05,0.0,13321251.328464454,14991064.255020157
2023-12-19,213829967.48641858,272118.25573618896,213557849.23068237,0.0,0.000964578897960644,0.0,13342676.89415924,15001785.213705711
2023-12-20,204307508.07983288,272118.25573618896,204035389.82409668,0.0,-0.044532857197345455,-0.044532857197345455,13154258.73479206,14696728.542398946
2023-12-21,210009046.83380017,272118.25573618896,209736928.57806396,0.0,0.027906653101262613,-0.01786896709349728,13219501.149345936,14823784.283741698
2023-12-22,211325991.54926953,272118.25573618896,211053873.29353333,0.0,0.0062708951605860985,-0.011710126352182604,13278181.544062914,14912138.18962419
2023-12-26,212235555.59936413,272118.25573618896,211963437.34362793,0.0,0.004304080361466234,-0.007456447315578929,13335369.024603745,14985819.9423241
2023-12-27,211875094.99402508,272118.25573618896,211602976.73828888,0.0,-0.0016983987641518983,-0.00914218205882511,13468092.617606243,15101722.15707311
2023-12-28,212044073.246291,272118.25573618896,211771954.9905548,0.0,0.0007975371162463052,-0.008351936172094288,13545182.381191827,15181782.375783117
2023-12-29,212743651.98378643,272118.25573618896,212471533.72805023,0.0,0.003299213822792746,-0.005080277172567649,13515765.047909671,15205182.312554881
2024-01-01,215090416.68504223,272118.25573618896,214818298.42930603,0.0,0.01103095053306058,0.0,13522295.484533733,
2024-01-02,215009507.01719326,820995.455181537,214188511.56201172,20000.0,-0.0003761658426997272,-0.0003761658426997272,13494965.610615715,15216769.401718654
2024-01-03,215216064.25452465,820995.455181537,214395068.7993431,0.0,0.000960688856027625,0.0,13402499.909507522,15176608.553443294
2024-01-04,219587009.48121685,820995.455181537,218766014.0260353,0.0,0.020309567698082676,0.0,13490480.220586035,15313037.58752932
2024-01-05,221222438.89355892,820995.455181537,220401443.43837738,0.0,0.007447751195327257,0.0,13522994.736269047,15351709.23971581
2024-01-08,222203575.69220394,820995.455181537,221382580.2370224,0.0,0.0044350690804790815,0.0,13399790.670669416,15216219.944991106
2024-01-09,223239304.98505443,820995.455181537,222418309.5298729,0.0,0.0046611729339818275,0.0,13419628.819629002,15249015.93038914
2024-01-10,223143239.1438374,820995.455181537,222322243.68865585,0.0,-0.00043032673490661644,-0.00043032673490661644,13465627.485865032,15294700.425822495
2024-01-11,227431254.43869442,820995.455181537,226610258.98351288,0.0,0.019216424890619255,0.0,13483379.265445476,15346811.575291986
2024-01-12,228540706.73193783,820995.455181537,227719711.2767563,0.0,0.004878187459245842,0.0,13637446.999353485,15473171.317426655
2024-01-15,230003597.28715938,820995.455181537,229182601.83197784,0.0,0.006401006525885267,0.0,13763826.239343533,15582840.73751701
2024-01-16,233089837.58412975,820995.455181537,232268842.1289482,0.0,0.013418226207641437,0.0,13723247.267325629,15537390.41166392
2024-01-17,232464300.97060055,820995.455181537,231643305.515419,0.0,-0.0026836717551164124,-0.0026836717551164124,13436508.338658515,15270995.730011186
2024-01-18,233236689.26898617,820995.455181537,232415693.81380463,0.0,0.003322610375703583,0.0,13368180.045627048,15213948.653114557
2024-01-19,239027500.7645306,820995.455181537,238206505.30934906,0.0,0.024828047052520175,0.0,13467932.832788343,15364091.147587292
2024-01-23,229215770.84370846,820995.455181537,228394775.38852692,0.0,-0.041048539977363574,-0.041048539977363574,13229000.351638546,15050678.887465842
2024-01-24,236295140.8635258,820995.455181537,235474145.40834427,0.0,0.030885178597263474,-0.011431152868457972,13363009.74250089,15242315.313249296
2024-01-25,241364599.63803905,820995.455181537,240543604.1828575,0.0,0.02145392730458706,0.0,13299882.16614338,15196864.987396205
2024-01-29,245942253.55506557,820995.455181537,245121258.09988403,0.0,0.018965722081412784,0.0,13539686.907844106,15446567.816484494
2024-01-30,245905491.87741894,820995.455181537,245084496.4222374,0.0,-0.0001494728015022373,-0.0001494728015022373,13405458.539437596,15338857.462163668
2024-01-31,250841795.9056248,820995.455181537,250020800.45044327,0.0,0.0200739885494976,0.0,13532274.517974066,15517446.203818029
2024-02-01,250223670.5953151,298162.89226257004,249925507.70305252,20000.0,-0.002464203814512067,-0.002464203814512067,13534678.455758361,15518051.452699684
2024-02-02,252843478.52911103,298162.89226257004,252545315.63684845,0.0,0.010469864531852835,0.0,13632209.188664246,15622762.25533411
2024-02-05,253267893.68954957,298162.89226257004,252969730.797287,0.0,0.001678568745009823,0.0,13580994.954311179,15577801.909823716
2024-02-06,254377616.75082886,298162.89226257004,254079453.85856628,0.0,0.0043816176030568865,0.0,13679367.561704122,15719232.831033865
2024-02-07,257975451.16742432,298162.89226257004,257677288.27516174,0.0,0.014143675306619752,0.0,13680053.488384604,15778708.971508965
2024-02-08,259222866.36671174,298162.89226257004,258924703.47444916,0.0,0.004835402723950777,0.0,13547466.175897524,15682983.188498488
2024-02-09,248363671.16917145,298162.89226257004,248065508.27690887,0.0,-0.04189134758728508,-0.04189134758728508,13587732.386892121,15662542.766914956
2024-02-12,228733027.52181733,298162.89226257004,228434864.62955475,0.0,-0.07903991576120173,-0.11762017476406461,13483902.824611288,15437900.418868503
2024-02-13,231689072.8814441,298162.89226257004,231390909.98918152,0.0,0.012923561549697204,-0.10621668478241708,13563248.581259824,15522406.804187194
2024-02-14,238449997.87545884,298162.89226257004,238151834.98319626,0.0,0.02918102657985222,-0.08013517010442428,13623632.059302615,15631785.587339196
2024-02-15,244915037.75552475,298162.89226257004,244616874.86326218,0.0,0.02711276971133625,-0.05519508680590812,13667733.611665169,15721782.90312226
2024-02-16,242286430.10799897,298162.89226257004,241988267.2157364,0.0,-0.01073273275342801,-0.06533542544334614,13748794.794186031,15822138.354269177
2024-02-19,246218841.04983246,298162.89226257004,245920678.1575699,0.0,0.01623042173711764,-0.05016542521554801,13799665.456027739,
2024-02-20,245234453.79996598,298162.89226257004,244936290.9077034,0.0,-0.003998017558970002,-0.053962880523653056,13846262.173295496,15906094.573794758
2024-02-21,239411888.2064563,298162.89226257004,239113725.31419373,0.0,-0.023742853026104793,-0.07642450080861951,13757747.172957236,15793420.925865082
2024-02-22,239767723.94912064,298162.89226257004,239469561.05685806,0.0,0.0014862910331232548,-0.07505179882575919,13859049.893434657,15915548.53696381
2024-02-23,242753115.4944278,298162.89226257004,242454952.60216522,0.0,0.012451181902784603,-0.06353510052228517,13856086.88510973,15938735.190027151
2024-02-26,244252814.47347748,298162.89226257004,243954651.5812149,0.0,0.0061778773713991875,-0.057749735210692155,13799541.185119374,15893462.215486687
2024-02-27,243737030.26255906,298162.89226257004,243438867.37029648,0.0,-0.0021116817508541885,-0.0597394678995854,13847135.724680765,15922532.11779723
2024-02-28,237470034.03988755,298162.89226257004,237171871.14762497,0.0,-0.025712121854937542,-0.08391556127633959,13692935.02087616,15708758.22603136
2024-02-29,240999040.65836823,298162.89226257004,240700877.76610565,0.0,0.014860850265797865,-0.07030176760163986,13712678.25685702,15763408.5389786
2024-03-01,238967747.21123418,1472908.8363219262,237494838.37491226,20000.0,-0.008428637066707378,-0.07813785658408501,13954716.256521812,15987218.146658694
2024-03-04,237273903.70233068,1472908.8363219262,235800994.86600876,0.0,-0.007088167874831464,-0.08467217021406892,13996476.307137333,16051835.42260639
2024-03-05,237098926.10187444,1472908.8363219262,235626017.26555252,0.0,-0.00073744983213897,-0.08534717856849672,13965679.993186757,16012514.509008469
2024-03-06,230191179.33331212,1472908.8363219262,228718270.4969902,0.0,-0.02913444983548452,-0.11199508531137725,14039236.832276028,16010590.352852542
2024-03-07,232081479.6074935,1472908.8363219262,230608570.77117157,0.0,0.008211871018064754,-0.1047029034885466,14051418.21964113,16053995.878641116
2024-03-11,224839778.1163207,1472908.8363219262,223366869.27999878,0.0,-0.031203271813934785,-0.13263910214522012,13950905.912697572,15939255.408921871
2024-03-12,216913236.77216253,1472908.8363219262,215440327.9358406,0.0,-0.03525417704360734,-0.1632171967988948,13952810.47456425,15847063.164650274
2024-03-13,199489116.2656432,1472908.8363219262,198016207.4293213,0.0,-0.08032760363453961,-0.23043395414263224,13741666.42690248,15434534.211957121
2024-03-14,213909945.7212821,1472908.8363219262,212437036.88496017,0.0,0.07228880314671327,-0.17480294574525435,13834714.217830444,15646690.073918277
2024-03-15,216712214.23926076,1472908.8363219262,215239305.40293884,0.0,0.013100225464176996,-0.16399267828214248,13757689.880454753,15575080.469738875
2024-03-18,213256917.1841956,1472908.8363219262,211784008.3478737,0.0,-0.015944173092386715,-0.17732212372611456,13777898.245732015,15589143.381356956
2024-03-19,210117660.3343154,1472908.8363219262,208644751.49799347,0.0,-0.014720539391314347,-0.1894323858101672,13629066.679591728,15406448.283505691
2024-03-20,208168867.89498052,1472908.8363219262,206695959.0586586,0.0,-0.009274767462355005,-0.19695021194429374,13642591.387017827,15423339.121595362
2024-03-21,213841907.5577155,1472908.8363219262,212368998.7213936,0.0,0.027252104121529674,-0.1750654155054272,13750568.209976979,15631803.181553999
2024-03-22,216400918.81515035,1472908.8363219262,214928009.97882843,0.0,0.011966837027696187,-0.16519355777427047,13803542.115888238,15708164.86836092
2024-03-26,217991523.70784292,1472908.8363219262,216518614.871521,0.0,0.0073502686652233695,-0.159057506140452,13746039.232623287,15716532.032251088
2024-03-27,221568898.68018636,1472908.8363219262,220095989.84386444,0.0,0.016410615016104524,-0.14525712262304002,13820346.42760494,15781385.608077582
2024-03-28,222246473.0603362,1472908.8363219262,220773564.22401428,0.0,0.0030580753173659048,-0.1426432545270392,13947313.965141196,15912858.871162368
2024-04-01,229156583.9830019,942094.1175615324,228214489.86544037,20000.0,0.031092106108652207,-0.11598622762382516,14051708.871534573,16119365.45537035
2024-04-02,231348881.56497973,942094.1175615324,230406787.4474182,0.0,0.009566810361165468,-0.1075290355068439,14046266.841025945,16180090.078341099
2024-04-03,235047557.94069308,942094.1175615324,234105463.82313156,0.0,0.015987440054576085,-0.09326070946155984,14034599.587023502,16208367.602259522
2024-04-04,235501646.23794192,942094.1175615324,234559552.1203804,0.0,0.0019318996599122507,-0.09150898013453956,14084645.74096005,16254738.378334159
2024-04-05,238755866.86482638,942094.1175615324,237813772.74726486,0.0,0.01381825001595316,-0.07895522408479017,14084050.709784096,16294421.549192186
2024-04-08,240538353.12040728,942094.1175615324,239596259.00284576,0.0,0.0074657275609066875,-0.0720789547164109,14179514.725882007,16376227.56862108
2024-04-09,239136885.45876712,942094.1175615324,238194791.3412056,0.0,-0.005826379217532263,-0.07748537461016203,14164781.900584964,16353887.925282072
2024-04-10,236973039.08130664,942094.1175615324,236030944.96374512,0.0,-0.0090485680337824,-0.08583281096016115,14234252.706750108,16451819.169694545
2024-04-12,235235171.57959002,942094.1175615324,234293077.4620285,0.0,-0.007333608533924174,-0.09253695525913719,14087617.231350033,16318334.38521252
2024-04-15,228856204.04847735,942094.1175615324,227914109.93091583,0.0,-0.027117405480984402,-0.11714499860238381,13933162.044397373,16108509.811340816
2024-04-16,230102559.0819208,942094.1175615324,229160464.96435928,0.0,0.005446018117033269,-0.11233695427005908,13855215.404007183,16064657.065348886
2024-04-18,228042121.59537143,942094.1175615324,227100027.4778099,0.0,-0.008954430992728857,-0.12028547175784332,13760095.943949558,15987334.030533377
2024-04-19,227314038.88245028,942094.1175615324,226371944.76488876,0.0,-0.003192755390221347,-0.12309418505974457,13854652.140409412,16034923.109143455
2024-04-22,230414961.37484378,942094.1175615324,229472867.25728226,0.0,0.013641579321887143,-0.11113180482741292,13973136.654220177,16184101.41241428
2024-04-23,236508332.73663348,942094.1175615324,235566238.61907196,0.0,0.026445207053533704,-0.08762550136277314,13992904.640659127,16245299.22224621
2024-04-24,239393394.04434222,942094.1175615324,238451299.9267807,0.0,0.012198560931556912,-0.07649584544874832,14014424.73121783,16306653.73681788
2024-04-25,243721855.18186206,942094.1175615324,242779761.06430054,0.0,0.018080954801610316,-0.05979800857120776,14119489.8869064,16414614.084573798
2024-04-26,248470227.59166735,942094.1175615324,247528133.47410583,0.0,0.019482751787943453,-0.041480286541670575,14025402.873139702,16392156.144519495
2024-04-29,246971711.07962054,942094.1175615324,246029616.96205902,0.0,-0.006030970094773158,-0.04726109026878822,14165188.769951684,16512387.087925551
2024-04-30,246770489.04939288,942094.1175615324,245828394.93183136,0.0,-0.0008147574041902361,-0.048037341349751905,14141072.290791538,16516320.069628865
2024-05-02,252988785.4418691,355099.7996915162,252633685.64217758,20000.0,0.02519870352581588,-0.024049116546776883,14188190.80608992,16604282.300726295
2024-05-03,254091748.1353391,355099.7996915162,253736648.33564758,0.0,0.004359729588580663,-0.019794234603184413,14080220.670382923,16506588.273168216
2024-05-06,248793307.1262487,355099.7996915162,248438207.32655716,0.0,-0.02085247178616867,-0.04023394767076138,14059453.276783941,16432085.2908055
2024-05-07,239615174.00939307,355099.7996915162,239260074.20970154,0.0,-0.0368905949395103,-0.0756402883439321,13971624.074679302,16251817.483369282
2024-05-08,245231084.9597791,355099.7996915162,244875985.1600876,0.0,0.02343720915673697,-0.05397587644578794,13971624.074679302,16306039.645217247
2024-05-09,236331190.5885366,355099.7996915162,235976090.78884506,0.0,-0.03629186884159574,-0.08830885985880288,13755495.375844447,16022445.018055713
2024-05-10,235953672.20869192,355099.7996915162,235598572.4090004,0.0,-0.0015974124232376319,-0.0897652066122201,13816700.028092619,16120335.931850113
2024-05-13,234031728.5152181,355099.7996915162,233676628.71552658,0.0,-0.008145428191403292,-0.09717945875907719,13847303.577771386,16153334.3726922
2024-05-14,243937825.6980451,355099.7996915162,243582725.89835358,0.0,0.042328009307433856,-0.0589648624864888,13918593.991254248,16289422.754506528
2024-05-15,246357114.63939413,355099.7996915162,246002014.8397026,0.0,0.009917645754306648,-0.049632009350274564,13907756.967445483,16335138.815675952
2024-05-16,248940190.40173468,355099.7996915162,248585090.60204315,0.0,0.010485086928061937,-0.03966731835466464,14035115.550626082,16482568.152337095
2024-05-17,256681319.69024405,355099.7996915162,256326219.89055252,0.0,0.031096341960761276,-0.00980448489012642,14074112.685415851,16589280.492422892
2024-05-21,263191369.9267896,355099.7996915162,262836270.12709808,0.0,0.025362384159477225,0.0,14113549.076336062,16686226.96755244
2024-05-22,260018061.79435858,355099.7996915162,259662961.99466705,0.0,-0.012057037179120766,-0.012057037179120766,14156618.201103877,16725682.661676357
2024-05-23,266124986.35067114,355099.7996915162,265769886.5509796,0.0,0.02348653979715598,0.0,14388314.186143871,16923987.094168015
2024-05-24,266887015.7774175,355099.7996915162,266531915.97772598,0.0,0.0028634268326170886,0.0,14381704.54375763,16919418.718215887
2024-05-27,267493307.78612265,355099.7996915162,267138207.98643112,0.0,0.0022717178913296276,0.0,14366262.060129942,16926703.50895975
2024-05-28,260292923.87076697,355099.7996915162,259937824.07107544,0.0,-0.026917996472318628,-0.026917996472318628,14338510.616412362,16843499.077855896
2024-05-29,261063594.1234525,355099.7996915162,260708494.323761,0.0,0.0029607806513718415,-0.024036914104075824,14223585.795899106,16740292.235680837
2024-05-30,255552818.5016912,355099.7996915162,255197718.70199966,0.0,-0.02110893952971238,-0.04463845986748427,14088239.847761566,16568804.323845543
2024-05-31,257288207.39972052,355099.7996915162,256933107.600029,0.0,0.006790724939775394,-0.03815086243040422,14114581.756486746,16619797.859052595
2024-06-03,264094726.42398623,318215.3987787105,263776511.02520752,20000.0,0.026454842579283655,-0.012705294910980713,14593902.960143369,17186432.49793853
2024-06-04,229870414.2960947,318215.3987787105,229552198.89731598,0.0,-0.12959104708871283,-0.1406498495286087,13728577.924102657,16024592.98586855
2024-06-05,231818625.87395266,318215.3987787105,231500410.47517395,0.0,0.008475260219214187,-0.13336663338394283,14190190.878601283,16600604.87092203
2024-06-06,244555503.22388247,318215.3987787105,244237287.82510376,0.0,0.05494328724412023,-0.08575094738661782,14316313.993915426,16845501.011046402
2024-06-07,249954532.4629419,318215.3987787105,249636317.0641632,0.0,0.022076907564483772,-0.06556715556115544,14610370.102207737,17160216.120282676
2024-06-10,252259776.77610567,318215.3987787105,251941561.37732697,0.0,0.009222654578210365,-0.05694920421036154,14590953.822423954,17194987.00791728
2024-06-11,260176210.05825594,318215.3987787105,259857994.65947723,0.0,0.03138206726146642,-0.027354320705911594,14594498.42376266,17229482.241674982
2024-06-12,261031477.64785555,318215.3987787105,260713262.24907684,0.0,0.003287262849313244,-0.02415697869882316,14630945.453151708,17315384.61352641
2024-06-13,262530999.30763033,318215.3987787105,262212783.90885162,0.0,0.005744600893681229,-0.01855115000656382,14678591.119331555,17404758.068274714
2024-06-14,265671740.43200472,318215.3987787105,265353525.033226,0.0,0.011963315313838763,-0.006809767949687906,14720432.85307398,17515142.816299357
2024-06-18,269838618.19488317,318215.3987787105,269520402.79610443,0.0,0.015684309351467807,0.0,14778334.951264307,17606051.61694303
2024-06-19,265627446.35381868,318215.3987787105,265309230.95503998,0.0,-0.015606260768883273,-0.015606260768883273,14752050.010884328,17523500.210656635
2024-06-20,266903210.5896738,318215.3987787105,266584995.19089508,0.0,0.004802832890076214,-0.010878382141318865,14784043.315466532,17586734.28603872
2024-06-21,266216592.42552736,318215.3987787105,265898377.02674866,0.0,-0.002572536173804263,-0.013422933283552152,14742702.702341987,17532408.91276772
2024-06-24,264496280.27540377,318215.3987787105,264178064.87662506,0.0,-0.006462077117168619,-0.019798270370703808,14765756.701232104,17574118.886264477
2024-06-25,264409865.78069857,318215.3987787105,264091650.38191986,0.0,-0.0003267134593167853,-0.020118515468619202,14880839.234913653,17638418.617975146
2024-06-26,265033122.4049814,318215.3987787105,264714907.0062027,0.0,0.0023571610024557543,-0.017808777046253388,14973368.890322968,17690575.71940995
2024-06-27,264501530.96072176,318215.3987787105,264183315.56194305,0.0,-0.0020057547503340434,-0.019778811757429238,15083588.471113633,17769894.737497356
2024-06-28,263934422.58855227,318215.3987787105,263616207.18977356,0.0,-0.002144064611307339,-0.021880469318393714,15062322.088315178,17787476.526953235
2024-07-01,266336733.20030653,368415.9124265786,265968317.28787994,20000.0,0.009101922319163513,-0.012977701331273073,15164720.285560036,17939859.686327375
2024-07-02,267295314.2629515,368415.9124265786,266926898.3505249,0.0,0.003599132012796824,-0.009425277778790209,15153351.049755473,17900551.35617105
2024-07-03,275573726.6749617,368415.9124265786,275205310.7625351,0.0,0.03097103454595662,0.0,15255519.588667382,18037422.107682146
2024-07-04,287669551.13944685,368415.9124265786,287301135.22702026,0.0,0.043893242692008005,0.0,15265350.352291204,18087150.683495864
2024-07-05,295855138.5162169,368415.9124265786,295486722.6037903,0.0,0.028454827229184465,0.0,15278980.675997766,18145128.813165583
2024-07-08,300138394.6801573,368415.9124265786,299769978.7677307,0.0,0.014477545279159232,0.0,15276908.52327586,18132104.662357226
2024-07-09,295657616.5568434,368415.9124265786,295289200.6444168,0.0,-0.014929040078623945,-0.014929040078623945,15347668.428775376,18208038.791608494
2024-07-10,294804818.1615263,368415.9124265786,294436402.24909973,0.0,-0.0028844120616561275,-0.01777039063700836,15279357.31950613,18137235.388433248
2024-07-11,301044868.0096327,368415.9124265786,300676452.0972061,0.0,0.021166715954714865,0.0,15274018.060390832,18159020.93235759
2024-07-12,299440042.5361372,368415.9124265786,299071626.62371063,0.0,-0.005330851457810426,-0.005330851457810426,15390979.978533499,18230219.006769456
2024-07-15,297611779.2900435,368415.9124265786,297243363.3776169,0.0,-0.006105607087846687,-0.01140391046121203,15444089.166916337,18320520.094044283
2024-07-16,295648699.4636656,368415.9124265786,295280283.551239,0.0,-0.006596109304076725,-0.01792479832539262,15460609.953507926,18316100.08453108
2024-07-18,286071545.83524,368415.9124265786,285703129.9228134,0.0,-0.032393694427878206,-0.04973784231363676,15578607.334585637,18320678.887549642
2024-07-19,279990764.8396269,368415.9124265786,279622348.9272003,0.0,-0.021256154567414587,-0.06993676161698303,15409039.23730583,18039316.837954808
2024-07-22,287232516.0041853,368415.9124265786,286864100.0917587,0.0,0.025864250089485452,-0.04588137342040799,15395439.584894737,18109608.40187007
2024-07-23,278394436.62717116,368415.9124265786,278026020.71474457,0.0,-0.030769773213577878,-0.07523938717911238,15376470.002072878,18048472.902307417
2024-07-24,284658543.4247023,368415.9124265786,284290127.5122757,0.0,0.022500833254509578,-0.05443150282969145,15335294.401331238,18092873.416426808
2024-07-25,279325940.5806471,368415.9124265786,278957524.6682205,0.0,-0.018733331450021096,-0.07214515089588125,15330645.85978991,18089558.79471303
2024-07-26,277266230.3595854,368415.9124265786,276897814.4471588,0.0,-0.007373859430241603,-0.07898702212484299,15599964.371046828,18385404.9703548
2024-07-29,288005521.55643904,368415.9124265786,287637105.64401245,0.0,0.03873277745698034,-0.04331363141781386,15600749.556210842,18466035.070647996
2024-07-30,290064004.9103056,368415.9124265786,289695588.997879,0.0,0.007147374615396718,-0.036475835552113534,15614067.032703616,18502898.289158717
2024-07-31,287005521.16267836,368415.9124265786,286637105.25025177,0.0,-0.010544168514025065,-0.04663539670938721,15673018.489447448,18573860.485839322
2024-08-01,280349329.520056,240438.23672319204,280108891.2833328,20000.0,-0.02319185922158462,-0.06874569437574496,15730550.340287335,18574757.472976357
2024-08-02,279653960.21480393,240438.23672319204,279413521.97808075,0.0,-0.002480367284781848,-0.07105554708922768,15546142.113395203,18379460.890676133
2024-08-05,265064674.20975327,240438.23672319204,264824235.9730301,0.0,-0.052169066348441984,-0.11951771188714688,15129716.032250918,17812892.295922324
2024-08-06,259483487.89738297,240438.23672319204,259243049.6606598,0.0,-0.021055941645221843,-0.13805709556530243,15090061.61160926,17734545.865090508
2024-08-07,269768375.7888167,240438.23672319204,269527937.5520935,0.0,0.03963600140715329,-0.10389312539224305,15281858.74653273,18055047.958139725
2024-08-08,267154328.50091386,240438.23672319204,266913890.26419067,0.0,-0.009689969331131643,-0.11257637352460836,15168333.671782276,17941891.351840816
2024-08-09,273142853.6457503,240438.23672319204,272902415.4090271,0.0,0.02241597648235727,-0.09268390638364787,15325885.0913113,18113996.069510404
2024-08-12,280679573.5264189,240438.23672319204,280439135.28969574,0.0,0.027592594058650777,-0.06764870172961113,15312991.661769005,18107950.78211051
2024-08-13,278081448.2418349,240438.23672319204,277841010.0051117,0.0,-0.009256552772763493,-0.0762790607248055,15182170.522998398,17941971.605847657
2024-08-14,275400488.8886092,240438.23672319204,275160050.651886,0.0,-0.009640914092529429,-0.08518457494582832,15185158.024965515,17915776.38934564
2024-08-16,280594537.94656205,240438.23672319204,280354099.70983887,0.0,0.018859984885697623,-0.06793116985610359,15435102.119434007,18219091.77816069
2024-08-19,280363209.3061507,240438.23672319204,280122771.0694275,0.0,-0.0008244231769594101,-0.06869958900219575,15454913.974584363,18284875.370229386
2024-08-20,277640349.32856584,240438.23672319204,277399911.09184265,0.0,-0.009711901873014739,-0.07774428720810478,15534286.693376843,18395976.23927615
2024-08-21,277529815.9938338,240438.23672319204,277289377.7571106,0.0,-0.0003981169703876075,-0.07811145285840415,15579161.871979129,18465750.92483888
2024-08-22,279957647.4001601,240438.23672319204,279717209.1634369,0.0,0.008748002075496863,-0.07004676993463277,15605137.906763941,18522683.42596083
2024-08-23,279168245.15353227,240438.23672319204,278927806.9168091,0.0,-0.002819720246825308,-0.07266897788604865,15612465.394113386,18505260.589745
2024-08-26,279743990.3283522,240438.23672319204,279503552.091629,0.0,0.002062359114315848,-0.0707564883006041,15730361.164587116,18618336.94203707
2024-08-27,281560429.552397,240438.23672319204,281319991.3156738,0.0,0.006493219825429497,-0.06472270590778595,15734858.386915082,18652393.96451689
2024-08-28,286708296.5906279,240438.23672319204,286467858.3539047,0.0,0.01828334701156198,-0.047622706587863384,15756619.734508619,18661164.801456794
2024-08-29,285073874.63250566,240438.23672319204,284833436.3957825,0.0,-0.005700644095611662,-0.05305187058234795,15819262.687967971,18673374.213920556
2024-08-30,284389309.141577,240438.23672319204,284148870.9048538,0.0,-0.002401361723557205,-0.05532583557452564,15872063.591361308,18754882.961291146
2024-09-02,280851403.4811552,340106.05805950984,280511297.4230957,20000.0,-0.012440360965399466,-0.06707792317466565,15918981.81940631,18795545.28136002
2024-09-03,282558162.8173521,340106.05805950984,282218056.7592926,0.0,0.006077090287040177,-0.061408471483025084,15919706.265204968,18817496.503281392
2024-09-04,280995533.18701917,340106.05805950984,280655427.12895966,0.0,-0.005530293709274492,-0.06659915830876084,15868602.70240618,18786211.995068707
2024-09-05,278104650.1169432,340106.05805950984,277764544.05888367,0.0,-0.01028800364649185,-0.07620198957171886,15834848.940007875,18797207.690903053
2024-09-06,275887944.46862775,340106.05805950984,275547838.41056824,0.0,-0.007970760817495481,-0.08356536255652092,15650367.402926587,18571682.36951324
2024-09-09,274095855.27507764,340106.05805950984,273755749.2170181,0.0,-0.006495714037094813,-0.08951825989504247,15703422.91051735,18591024.102848943
2024-09-10,277122383.22750074,340106.05805950984,276782277.1694412,0.0,0.011041859605595672,-0.07946484834734502,15769356.087907705,18702955.558772333
2024-09-11,276537970.9329222,340106.05805950984,276197864.8748627,0.0,-0.0021088599476238867,-0.08140612805904524,15692118.358165098,18614042.913054917
2024-09-12,280379674.3889845,340106.05805950984,280039568.330925,0.0,0.01389213728263794,-0.06864489588305145,15988379.791049335,18911550.876656063
2024-09-13,284733609.3680952,340106.05805950984,284393503.3100357,0.0,0.015528711161388653,-0.05418215148253436,15967976.0026725,18928043.647912443
2024-09-16,289930238.7155836,340106.05805950984,289590132.6575241,0.0,0.018250846322712677,-0.036920175279963385,15985136.38940067,18959685.048880186
2024-09-17,288319470.250511,340106.05805950984,287979364.1924515,0.0,-0.005555710477832432,-0.042270767953149546,16007051.79727929,18961030.735415485
2024-09-18,286198346.22846204,340106.05805950984,285858240.1704025,0.0,-0.00735685321635049,-0.04931664133432634,15981232.499816723,18904669.489941694
2024-09-19,280778924.7666624,340106.05805950984,280438818.7086029,0.0,-0.01893589370175286,-0.06731868035804489,16005320.01513241,18869309.29736607
2024-09-20,287754770.9042433,340106.05805950984,287414664.8461838,0.0,0.024844621594651617,-0.044146565903140256,16241565.602947768,19138143.78633048
2024-09-23,288517865.7346342,340106.05805950984,288177759.6765747,0.0,0.002651892887798102,-0.04161174497948139,16334830.927261388,19284800.443823744
2024-09-24,288559399.74297315,340106.05805950984,288219293.68491364,0.0,0.00014395645217035735,-0.04147377880648695,16335680.828868983,19293106.311577775
2024-09-25,285211174.83274823,340106.05805950984,284871068.7746887,0.0,-0.011603243260165041,-0.052595791722241936,16375826.68772846,19278512.333377518
2024-09-26,283152696.5446089,340106.05805950984,282812590.4865494,0.0,-0.007217383012241618,-0.05943357076079203,16509268.619874338,19377906.193165496
2024-09-27,284881687.6536253,340106.05805950984,284541581.5955658,0.0,0.006106214527058285,-0.05369027036690832,16485904.3203984,19372092.394735727
2024-09-30,285625299.9377821,340106.05805950984,285285193.8797226,0.0,0.002610249504913398,-0.051220165863638645,16254097.654293332,19178801.750581805
2024-10-01,285306719.8630668,403883.46524728835,284902836.3978195,20000.0,-0.0011153776461143572,-0.05227841368171848,16265313.28775,19219449.00070548
2024-10-03,276829188.30240166,403883.46524728835,276425304.8371544,0.0,-0.02971374654173564,-0.08043877268971145,15920547.603565326,18810967.276270587
2024-10-04,272817358.3387519,403883.46524728835,272413474.87350464,0.0,-0.014492077183954066,-0.09376512497126366,15772061.497821506,18636362.357364494
2024-10-07,263386231.4823829,403883.46524728835,262982348.01713562,0.0,-0.034569379726412386,-0.12509310248744987,15634073.70062554,18356836.115306213
2024-10-08,274356848.8413917,403883.46524728835,273952965.3761444,0.0,0.04165220519411461,-0.08865130086651096,15771147.744749071,18618625.95208871
2024-10-09,279790873.49309075,403883.46524728835,279386990.0278435,0.0,0.019806411520787437,-0.0706007534925388,15751474.961282564,18687556.353792273
2024-10-10,280756917.063079,403883.46524728835,280353033.5978317,0.0,0.0034527343866779248,-0.06739178475516994,15761878.446398374,18686408.7768203
2024-10-11,280919821.7027122,403883.46524728835,280515938.2374649,0.0,0.0005802337528750812,-0.06685065399047618,15740315.35165668,18696781.820959177
2024-10-14,280642292.25464165,403883.46524728835,280238408.7893944,0.0,-0.0009879311697849058,-0.0677725413154634,15843530.041701239,18788479.716738854
2024-10-15,284825755.18851006,403883.46524728835,284421871.7232628,0.0,0.014906744454868281,-0.0538760648150417,15799015.981985193,18795328.06017809
2024-10-16,284598966.66389,403883.46524728835,284195083.19864273,0.0,-0.0007962360161916093,-0.054629402768016866,15744760.969704513,18745798.20501965
2024-10-17,278232395.9345695,403883.46524728835,277828512.4693222,0.0,-0.022370322717437774,-0.07577764811567322,15605132.85028148,18511288.840216536
2024-10-18,279319579.8312522,403883.46524728835,278915696.36600494,0.0,0.003907466968506412,-0.07216627980412982,15670833.173957324,18561729.642593976
2024-10-21,274610181.9476806,403883.46524728835,274206298.4824333,0.0,-0.01686024977703593,-0.08780978807818862,15624836.420576572,18421214.874114186
2024-10-22,261049976.62405312,403883.46524728835,260646093.15880585,0.0,-0.049379834452791704,-0.13285358973234462,15430007.517498694,18065827.91712939
2024-10-23,265565337.58165658,403883.46524728835,265161454.1164093,0.0,0.017296921516703145,-0.11785462633045407,15406930.942263711,18086931.269936167
2024-10-24,262956256.1435691,403883.46524728835,262552372.67832184,0.0,-0.009824630962183556,-0.12652137908175487,15384169.624153448,18044764.775914624
2024-10-25,253009372.62665093,403883.46524728835,252605489.16140366,0.0,-0.037827141528389285,-0.15956257849725164,15246339.455519844,17816076.812354807
2024-10-28,258822874.41463387,403883.46524728835,258418990.9493866,0.0,0.02297741671634257,-0.1402514976393746,15346181.14062451,17935567.104612146
2024-10-29,262181086.63825142,403883.46524728835,261777203.17300415,0.0,0.0129749436992872,-0.12909630922569904,15426697.317689119,18050467.08898158
2024-10-30,261701546.93300164,403883.46524728835,261297663.46775436,0.0,-0.001829040040220109,-0.13068922694730067,15347252.522259304,18014635.467301305
2024-10-31,263864351.65060723,403883.46524728835,263460468.18535995,0.0,0.00826439408919244,-0.12350490013281268,15261817.841459783,17966766.66021281
2024-11-01,266332078.40555564,328204.4527052939,266003873.95285034,20000.0,0.009352255200490323,-0.11530769427687548,15344238.752154637,18093035.071697332
2024-11-04,263570197.7645034,328204.4527052939,263241993.3117981,0.0,-0.010370063784981287,-0.12448200991730651,15149155.573603466,17851052.612063013
2024-11-05,264674518.14792624,328204.4527052939,264346313.69522095,0.0,0.004189852998515153,-0.12081371824130449,15286756.244730739,17979118.075718146
2024-11-06,275372598.32840717,328204.4527052939,275044393.8757019,0.0,0.0404197587865327,-0.08527722080418954,15457690.777393294,18257645.32442615
2024-11-07,273339809.7961501,328204.4527052939,273011605.3434448,0.0,-0.007381956464066142,-0.09202966453690264,15277948.351676084,18079320.13115525
2024-11-08,266158161.1447524,328204.4527052939,265829956.69204712,0.0,-0.026273701795408333,-0.11588540636993683,15245655.209969744,17952007.146739613
2024-11-11,262962409.90631858,328204.4527052939,262634205.45361328,0.0,-0.012006963170653306,-0.12650093773429016,15241299.970116874,17909001.255060133
2024-11-12,258321724.74896994,328204.4527052939,257993520.29626465,0.0,-0.017647713066677118,-0.14191619854916682,15078508.700191677,17702612.921427384
2024-11-13,249590279.99131003,328204.4527052939,249262075.53860474,0.0,-0.033800659879245076,-0.17091999726989615,14873703.916034611,17372754.511758484
2024-11-14,251301444.39478293,328204.4527052939,250973239.94207764,0.0,0.006855893601034779,-0.16523591298443296,14857067.195735939,17410925.02758417
2024-11-18,248903121.43115988,328204.4527052939,248574916.9784546,0.0,-0.00954360994382264,-0.17320257582602072,14807255.681269204,17360428.406355966
2024-11-19,251149619.1692275,328204.4527052939,250821414.71652222,0.0,0.009025590861016841,-0.16574024055048386,14848102.701474795,17443625.359967183
2024-11-21,249857517.20456687,328204.4527052939,249529312.75186157,0.0,-0.005144749846465069,-0.1700322983198238,14741659.505036734,17298158.42682092
2024-11-22,251312933.08716574,328204.4527052939,250984728.63446045,0.0,0.005824983370051218,-0.16519775025985717,15093535.017532296,17618979.344059914
2024-11-25,254690797.84915915,328204.4527052939,254362593.39645386,0.0,0.013440871189951187,-0.15397728075201844,15292185.497582434,17878956.276372045
2024-11-26,253702310.90900412,328204.4527052939,253374106.45629883,0.0,-0.0038811254607654666,-0.15726080106807783,15274886.613127194,17886050.638255518
2024-11-27,256512363.80344382,328204.4527052939,256184159.35073853,0.0,0.011076181704342325,-0.14792646857133585,15325646.366395418,17988511.6797223
2024-11-28,256845671.2732009,328204.4527052939,256517466.8204956,0.0,0.0012993816937902913,-0.14681929982283415,15097891.490465531,17847920.378520835
2024-11-29,259709549.69104758,328204.4527052939,259381345.2383423,0.0,0.01115019148911589,-0.13730617164104086,15234859.591365024,17984786.44299344
2024-12-02,264331875.79033312,309773.14094957337,264022102.64938354,20000.0,0.017798059812526246,-0.12195189528401085,15346372.650731018,18122784.78727573
2024-12-03,265120392.06193957,309773.14094957337,264810618.92099,0.0,0.0029830540461639465,-0.11933263033251129,15460856.761734655,18269602.849357802
2024-12-04,266072858.97716174,309773.14094957337,265763085.83621216,0.0,0.003592582629402763,-0.11616876003796206,15467367.27926884,18332020.676025696
2024-12-05,269274718.46406966,309773.14094957337,268964945.3231201,0.0,0.012033769619406165,-0.10553293851382473,15619687.214152157,18473639.965090204
2024-12-06,273137689.4527171,309773.14094957337,272827916.3117676,0.0,0.014345836143406565,-0.09270106061406969,15600343.334347857,18500742.095743764
2024-12-09,271734406.15568954,309773.14094957337,271424633.01474,0.0,-0.005137640652373321,-0.09736243652891408,15563171.773398843,18484790.821705688
2024-12-10,271116323.4748729,309773.14094957337,270806550.33392334,0.0,-0.002274583809834252,-0.09941556131693363,15557514.42628304,18502964.826962363
2024-12-11,272044493.48070174,309773.14094957337,271734720.3397522,0.0,0.003423512070142465,-0.09633239962091966,15577585.538180575,18537288.50904371
2024-12-12,269976349.82626754,309773.14094957337,269666576.685318,0.0,-0.007602225753490233,-0.10320228472511628,15518730.36089639,18456538.57489857
2024-12-13,269179517.7761424,309773.14094957337,268869744.6351929,0.0,-0.002951488345693587,-0.10584917273019478,15657553.90526839,18537922.46794776
2024-12-16,271409169.5448802,309773.14094957337,271099396.40393066,0.0,0.008283140512169496,-0.0984427957888464,15594305.702877697,18532763.99549623
2024-12-17,271692570.5132945,309773.14094957337,271382797.372345,0.0,0.0010441834698862174,-0.09750140465905233,15384270.209083807,18329044.634226736
2024-12-18,271041060.46910506,309773.14094957337,270731287.3281555,0.0,-0.0023979678316510267,-0.09966556725879017,15297569.08035861,18200995.785761133
2024-12-19,271421582.31123763,309773.14094957337,271111809.1702881,0.0,0.0014039269233745433,-0.09840156350862361,15141330.241122268,18056360.154331636
2024-12-20,264908455.81073412,309773.14094957337,264598682.66978455,0.0,-0.023996347103433124,-0.12003663253858332,14911097.697105698,17712924.930731554
2024-12-23,264233386.56804308,309773.14094957337,263923613.4270935,0.0,-0.002548311418089866,-0.12227905323538601,15016004.321951047,17786651.716235496
2024-12-24,265157042.3680614,309773.14094957337,264847269.22711182,0.0,0.003495605956594261,-0.11921088666564805,14999695.308844836,17779031.80921274
2024-12-26,267521461.40614733,309773.14094957337,267211688.26519775,0.0,0.008917051634645734,-0.11135684466281193,15013949.798685944,17800975.467414767
2024-12-27,265732034.91247973,309773.14094957337,265422261.77153015,0.0,-0.006688908188008602,-0.11730089714076464,15053903.114993297,17812760.282934297
2024-12-30,269438549.52461654,309773.14094957337,269128776.383667,0.0,0.013948316819827777,-0.10498873039750622,14947383.985710315,17742883.75150776
2024-12-31,270775859.6302684,309773.14094957337,270466086.48931885,0.0,0.004963321351051375,-0.10054650185365654,14947321.016547743,17757367.154929366
2025-01-01,271249558.01576644,309773.14094957337,270939784.8748169,0.0,0.0017494114362515134,-0.09897298761762274,15009335.7641657,
2025-01-02,274711762.7186108,358531.21336179104,274353231.505249,20000.0,0.01276390910337688,-0.08747236073188691,15311121.531986998,18130007.957823217
2025-01-03,275970496.1258374,358531.21336179104,275611964.9124756,0.0,0.004582014962773551,-0.08329114543481608,15194714.821188012,18041343.454221785
2025-01-06,265561182.34226805,358531.21336179104,265202651.12890625,0.0,-0.03771893709544549,-0.11786842905499806,14948672.942804575,17657804.574889667
2025-01-07,267557350.26481444,358531.21336179104,267198819.05145264,0.0,0.00751679106464298,-0.11123763034467926,15006812.628528886,17750163.756085645
2025-01-08,262093927.71342283,358531.21336179104,261735396.50006104,0.0,-0.02041963170133132,-0.12938583060304332,14994816.767202774,17662889.605749533
2025-01-09,257000233.630354,358531.21336179104,256641702.4169922,0.0,-0.01943461310800898,-0.14630588015162382,14891988.387326665,17515710.7815211
2025-01-10,252492570.62425047,358531.21336179104,252134039.41088867,0.0,-0.01753952882621479,-0.16127927277547438,14831854.542649554,17319034.760354005
2025-01-13,237149884.32981688,358531.21336179104,236791353.11645508,0.0,-0.06076490193949502,-0.21224405551989456,14613125.100462802,16877656.564491324
2025-01-14,240151003.94193846,358531.21336179104,239792472.72857666,0.0,0.012654948665071997,-0.2022750444818936,14670158.293773748,17066428.054929044
2025-01-15,244693296.44364744,358531.21336179104,244334765.23028564,0.0,0.018914318187931434,-0.18718662084677073,14693672.802938193,17122160.11729186
2025-01-16,244026070.65177733,358531.21336179104,243667539.43841553,0.0,-0.0027267841071558774,-0.18940298745112938,14756086.392878145,17251940.904901184
2025-01-17,242474120.76298338,358531.21336179104,242115589.54962158,0.0,-0.0063597708418973165,-0.19455819869606683,14687342.92455113,17224689.360207573
2025-01-20,243434780.61558348,358531.21336179104,243076249.40222168,0.0,0.0039619067370044725,-0.1913671133972158,14776942.847641774,17326979.636155806
2025-01-21,229707719.66709715,358531.21336179104,229349188.45373535,0.0,-0.05638907026257356,-0.23696517005648787,14574323.68773272,17028410.582830567
2025-01-22,224969963.310957,358531.21336179104,224611432.0975952,0.0,-0.020625150791650837,-0.2527028784833545,14657054.703729901,16999293.854403798
2025-01-23,231090413.19523436,358531.21336179104,230731881.98187256,0.0,0.0272056313394049,-0.23237218849437413,14688704.095665222,17111713.846999332
2025-01-24,229089115.12162596,358531.21336179104,228730583.90826416,0.0,-0.008660238414640031,-0.23902002835572123,14617081.274454717,16937601.583456073
2025-01-27,219857233.78034788,358531.21336179104,219498702.56698608,0.0,-0.04029821031163683,-0.26968615929598583,14450574.565265615,16613489.444081318
2025-01-28,212412818.6027966,358531.21336179104,212054287.3894348,0.0,-0.03386022397147381,-0.294414749511691,14531660.060143033,16624453.99338123
2025-01-29,219659973.9911328,358531.21336179104,219301442.777771,0.0,0.034118258191790485,-0.2703414097592117,14661960.359479876,16879285.884724114
2025-01-30,216103174.4840222,358531.21336179104,215744643.2706604,0.0,-0.016192296859937616,-0.2821562582587941,14716650.756004985,16920599.238893498
2025-01-31,220566430.53410155,358531.21336179104,220207899.32073975,0.0,0.020653357178745946,-0.26733037506208557,14880531.554706953,17145757.329463355
2025-02-01,225348096.32502562,358531.21336179104,224989565.11166382,0.0,0.021679027852721244,-0.2514468098562138,14863915.62394091,
2025-02-03,219151338.91695005,1115575.3365362282,218035763.58041382,20000.0,-0.027498601093740027,-0.2720309754294242,14807261.043934437,17024060.77988488
2025-02-04,222495823.7191046,1115575.3365362282,221380248.38256836,0.0,0.015261074007957509,-0.2609213862699521,15046980.336147869,17282492.160509624
2025-02-05,226976600.7079962,1115575.3365362282,225861025.37145996,0.0,0.02013870154501629,-0.24603730264973833,15019757.23305977,17327672.75427287
2025-02-06,224410649.54036313,1115575.3365362282,223295074.2038269,0.0,-0.011304914954357481,-0.254560786822041,14960840.693766193,17238743.947856676
2025-02-07,227430970.77269346,1115575.3365362282,226315395.43615723,0.0,0.013458903303014136,-0.2445279925336039,14933331.618108137,17217825.280123293
2025-02-10,220957872.0192755,1115575.3365362282,219842296.68273926,0.0,-0.02846181736561959,-0.26603009883495055,14820285.794620652,16999203.84087752
2025-02-11,212169073.66093808,1115575.3365362282,211053498.32440186,0.0,-0.03977590061860614,-0.29522441268073973,14623921.677179767,16664449.229030687
2025-02-12,210956997.91569883,1115575.3365362282,209841422.5791626,0.0,-0.005712782378341497,-0.29925064223666253,14607092.62472958,16630564.560487594
2025-02-13,211398236.6805914,1115575.3365362282,210282661.34405518,0.0,0.002091605252502182,-0.29778495119927717,14598314.13341545,16627780.58331877
2025-02-14,203049414.30031186,1115575.3365362282,201933838.96377563,0.0,-0.03949333973345315,-0.3255177686875075,14533566.724838339,16412022.352734908
2025-02-17,200547024.296192,1115575.3365362282,199431448.95965576,0.0,-0.012324044433926873,-0.3338301176760968,14552740.504766874,16427334.22716344
2025-02-18,198337040.35618955,1115575.3365362282,197221465.01965332,0.0,-0.01101977926502895,-0.3411711627323165,14543740.415660439,16394762.315711673
2025-02-19,203839832.50792295,1115575.3365362282,202724257.17138672,0.0,0.027744651941216114,-0.32289218595348856,14535880.502904354,16490251.800467126
2025-02-20,207762511.9264105,1115575.3365362282,206646936.58987427,0.0,0.01924392975712963,-0.30986197074197397,14523362.084603904,16569515.918285524
2025-02-21,208821565.25041562,1115575.3365362282,207705989.9138794,0.0,0.005097422601341384,-0.30634404555358896,14449043.879756939,16457481.033503301
2025-02-24,204679355.0363043,1115575.3365362282,203563779.69976807,0.0,-0.01983612281204794,-0.3201034902552963,14295304.530957542,16281055.801781205
2025-02-25,205650625.18065244,1115575.3365362282,204535049.8441162,0.0,0.0047453254099607545,-0.31687716007146116,14291628.978748877,16241523.94740738
2025-02-27,200086112.23833066,1115575.3365362282,198970536.90179443,0.0,-0.027058089113192185,-0.33536115874950445,14290044.368837427,16159437.013452956
2025-02-28,193074489.6083868,1115575.3365362282,191958914.2718506,0.0,-0.035043024983123394,-0.35865211426819976,14023607.06794517,15813706.509475686
2025-03-03,193581921.60673815,164954.27559189685,193416967.33114624,20000.0,0.0026281669804257834,-0.35696654493195346,14040185.300917635,15846472.101214651
2025-03-04,194377407.34654528,164954.27559189685,194212453.07095337,0.0,0.004109297672037604,-0.35432412905200006,14016921.533187589,15863117.741372963
2025-03-05,197981285.16191393,164954.27559189685,197816330.88632202,0.0,0.018540620870323155,-0.3423528975236375,14178560.398117568,16132828.133056903
2025-03-06,199615006.06788927,164954.27559189685,199450051.79229736,0.0,0.008251895650840169,-0.3369260622589252,14310206.173109205,16284626.85150652
2025-03-07,198987808.14686877,164954.27559189685,198822853.87127686,0.0,-0.0031420379327954384,-0.3390094657235557,14315157.704594087,16281680.692973686
2025-03-10,197074821.1148253,164954.27559189685,196909866.8392334,0.0,-0.009613589143268153,-0.34536395714767876,14256634.42084964,16140792.40533151
2025-03-11,196202802.62639147,164954.27559189685,196037848.35079956,0.0,-0.004424809234893412,-0.34826059675558574,14280500.70342737,16169463.785520094
2025-03-12,196037303.0507384,164954.27559189685,195872348.77514648,0.0,-0.0008435128012326265,-0.34881034728529015,14263108.356106037,16139079.775688084
2025-03-13,194317674.94914538,164954.27559189685,194152720.67355347,0.0,-0.008771943272184002,-0.35452254597833677,14216580.820645947,16068756.184816465
2025-03-17,194836222.02394396,164954.27559189685,194671267.74835205,0.0,0.0026685533106254322,-0.35280005498147315,14287387.472931257,16158155.141098924
2025-03-18,194836222.02394396,164954.27559189685,194671267.74835205,0.0,0.0,-0.35280005498147315,14494030.229807325,16451955.900891619
2025-03-19,205825644.7882262,164954.27559189685,205660690.51263428,0.0,0.05640338665020761,-0.3162957862426,14540556.525524931,16617055.887352986
2025-03-20,207242944.38542467,164954.27559189685,207077990.10983276,0.0,0.00688592327091575,-0.3115878514866648,14720222.485928537,16780762.126166295
2025-03-21,209833287.06434923,164954.27559189685,209668332.78875732,0.0,0.012499063293113233,-0.30298334447064856,14821623.503257388,16943113.505379766
2025-03-24,213723337.07203966,164954.27559189685,213558382.79644775,0.0,0.018538765045878813,-0.29006151646072564,15017093.700859107,17153528.9566661
2025-03-25,211799595.33110338,164954.27559189685,211634641.05551147,0.0,-0.009001084145938809,-0.29645173248950285,15023632.102724724,17073607.79549481
2025-03-26,209265828.37391955,164954.27559189685,209100874.09832764,0.0,-0.011963039651812557,-0.3048683083106949,14908234.392740812,16944347.034269173
2025-03-27,213682000.40797716,164954.27559189685,213517046.13238525,0.0,0.021103168483708412,-0.29019882710261036,14974946.175598338,17049873.64190771
2025-03-28,214902268.70723253,164954.27559189685,214737314.43164062,0.0,0.005710674258597059,-0.2861453838158231,14928863.707690343,16995399.263966944
2025-04-01,210924824.22293022,202448.289153372,210722375.93377686,20000.0,-0.018508154931211496,-0.2993575156505205,14724384.77568333,16801319.003016748
2025-04-02,213490204.8062432,202448.289153372,213287756.51708984,0.0,0.01216253512484422,-0.29083592682466175,14830309.680060675,16956727.976911988
2025-04-03,212400053.90347221,202448.289153372,212197605.61431885,0.0,-0.005106327495260854,-0.2944571508301682,14778030.6343749,16938986.35177681
2025-04-04,205183163.0562432,202448.289153372,204980714.76708984,0.0,-0.033977820224606936,-0.3184299589200177,14558331.271909364,16589694.992176322
2025-04-07,197777545.6034234,202448.289153372,197575097.31427002,0.0,-0.03609271512589873,-0.3430296722510646,14086167.519129112,16031810.275045896
2025-04-08,202832474.59976128,202448.289153372,202630026.3106079,0.0,0.025558659760465785,-0.32623839117140796,14324045.122143108,16330907.412551327
2025-04-09,201093400.31771782,202448.289153372,200890952.02856445,0.0,-0.008573944016977975,-0.3320151854862933,14237157.526979085,16231992.245869802
2025-04-11,205097952.5058892,202448.289153372,204895504.21673584,0.0,0.01991389166349755,-0.31871300825720583,14510089.352376945,16547832.7306214
2025-04-15,213136193.48666313,202448.289153372,212933745.19750977,0.0,0.039192204907765316,-0.2920118688758272,14827895.10122664,16967691.90255733
2025-04-16,215157522.46310356,202448.289153372,214955074.1739502,0.0,0.009483743438286174,-0.2852974910828938,14896953.297308715,17067323.46210772
2025-04-17,216093909.0459893,202448.289153372,215891460.75683594,0.0,0.004352097812644784,-0.282187035857144,15160383.227387452,17288357.13754319
2025-04-21,219059612.61184624,202448.289153372,218857164.32269287,0.0,0.013724142336773548,-0.27233566856606617,15334477.464893056,17546865.94689965
2025-04-22,219884594.9119561,202448.289153372,219682146.62280273,0.0,0.0037660173423736953,-0.2695952720744592,15360981.96777564,17610177.945374064
2025-04-23,220208246.15023735,202448.289153372,220005797.86108398,0.0,0.0014719141120860257,-0.26852017904789127,15463759.850382147,17731737.35621513
2025-04-24,220887326.21865776,202448.289153372,220684877.9295044,0.0,0.003083808532570176,-0.2662644353346362,15411480.804696374,17686327.392583493
2025-04-25,216378419.12380913,202448.289153372,216175970.83465576,0.0,-0.020412701679340506,-0.2812419605276728,15279687.008934146,17421199.736068986
2025-04-28,219125045.81875542,202448.289153372,218922597.52960205,0.0,0.012693625852653545,-0.2721183148960242,15463474.321779666,17623493.50848026
2025-04-29,219637211.19259575,202448.289153372,219434762.90344238,0.0,0.00233732009924581,-0.2704170224035578,15468209.130866043,17631906.452562094
2025-04-30,217772618.7857354,202448.289153372,217570170.49658203,0.0,-0.008489419423675537,-0.27661075830474813,15467096.81074507,17566242.81662682
2025-05-02,215503288.20524004,271114.8386628814,215232173.36657715,20000.0,-0.01042064237987661,-0.28414893889390447,15495041.954466313,17567065.291002292
2025-05-05,218443877.42002276,271114.8386628814,218172762.58135986,0.0,0.013645217385185093,-0.2743809955496963,15567882.453049185,17718061.258553322
2025-05-06,214004525.1227205,271114.8386628814,213733410.28405762,0.0,-0.020322621763237958,-0.28912747612135714,15515980.847598081,17527629.687643643
2025-05-07,214845686.0565584,271114.8386628814,214574571.2178955,0.0,0.003930575455614926,-0.28633333802692873,15538129.211968627,17620110.722444504
2025-05-08,211536116.39866045,271114.8386628814,211265001.55999756,0.0,-0.015404403591453564,-0.29732694731772735,15448646.985796079,17436985.33258645
2025-05-09,211965155.0890291,271114.8386628814,211694040.2503662,0.0,0.0020282053848434956,-0.2959017820484927,15279482.60667454,17303272.55260631
2025-05-12,219018602.27243975,271114.8386628814,218747487.43377686,0.0,0.03327644668977814,-0.2724718952344616,15862900.207825938,17970518.970008355
2025-05-13,222088710.84812334,271114.8386628814,221817596.00946045,0.0,0.014017569940769858,-0.2622737191420349,15642471.89925072,17841196.75892309
2025-05-14,224337729.17191485,271114.8386628814,224066614.33325195,0.0,0.010126666570321463,-0.25480301107562287,15698828.535451854,17961019.063660186
2025-05-15,226117283.26047686,271114.8386628814,225846168.42181396,0.0,0.007932477943548788,-0.24889175239738137,15950346.345726013,18191963.61119071
2025-05-16,229221916.9051912,271114.8386628814,228950802.06652832,0.0,0.013730191694979688,-0.2385788921741172,15923425.977156425,18257502.51868214
2025-05-19,229973251.5405672,271114.8386628814,229702136.7019043,0.0,0.003277760894420556,-0.23608313584269902,15876106.191834956,18253431.575718895
2025-05-20,226682005.5468538,271114.8386628814,226410890.70819092,0.0,-0.014311429575681767,-0.24701587824576188,15709647.895844784,18029751.112166066
2025-05-21,227891265.84122637,271114.8386628814,227620151.00256348,0.0,0.00533461088565601,-0.24299900095312565,15792097.040548675,18145543.011862952
2025-05-22,228974260.4352205,271114.8386628814,228703145.59655762,0.0,0.004752242653953465,-0.23940154851636974,15662423.824074585,18037255.305380203
2025-05-23,229724183.26407793,271114.8386628814,229453068.42541504,0.0,0.003275140303683033,-0.23691048187299668,15817364.175050868,18185776.90047521
2025-05-26,230271963.9850252,271114.8386628814,230000849.1463623,0.0,0.0023845148262757743,-0.23509088360324726,15911556.25376579,18287358.698997434
2025-05-27,230850786.59366778,271114.8386628814,230579671.75500488,0.0,0.002513647769470717,-0.23316817150896885,15800211.560843373,18214075.48905543
2025-05-28,231803903.33561113,271114.8386628814,231532788.49694824,0.0,0.004128713425702868,-0.23000214264342156,15753274.629726984,18184459.417976573
2025-05-29,236133868.50248125,271114.8386628814,235862753.66381836,0.0,0.01867943164270658,-0.21561902030189883,15804921.413385745,18249878.270849787
2025-05-30,235748255.0388582,271114.8386628814,235477140.2001953,0.0,-0.0016330290358962385,-0.21689993721695056,15752160.872039476,18202459.81495501
2025-06-02,233564629.35656914,289197.1040667016,233275432.25250244,20000.0,-0.009262531686307196,-0.22415342636202773,15750458.756563814,18248444.623620458
2025-06-03,236433428.34247002,289197.1040667016,236144231.23840332,0.0,0.012282677363451455,-0.21462395321449323,15639515.149419945,18149988.597824726
2025-06-04,238254654.0162371,289197.1040667016,237965456.9121704,0.0,0.0077029110753708,-0.2085742713653782,15689028.365626067,18227146.66756632
2025-06-05,238288387.46319756,289197.1040667016,237999190.35913086,0.0,0.00014158567898592267,-0.20846221681622257,15772316.659711266,18328360.735747375
2025-06-06,237558322.29065117,289197.1040667016,237269125.18658447,0.0,-0.003063788295848635,-0.21088732101206298,15932997.513500074,18512646.97813973
2025-06-09,239733141.40869316,289197.1040667016,239443944.30462646,0.0,0.009154884986016576,-0.20366308519492093,15996816.317838345,18644869.122170646
2025-06-10,239861467.85394463,289197.1040667016,239572270.74987793,0.0,0.0005352887151830465,-0.20323681503094204,15997485.919927703,18652379.988021325
2025-06-11,238532821.3663958,289197.1040667016,238243624.2623291,0.0,-0.005539224367449691,-0.20765026508020945,16021159.714243138,18650702.061838973
2025-06-12,234044783.72546563,289197.1040667016,233755586.62139893,0.0,-0.01881517862079185,-0.2225584668728624,15859809.25836497,18417826.19892883
2025-06-13,235781592.07025322,289197.1040667016,235492394.96618652,0.0,0.007420837658252966,-0.2167891994667427,15751733.240837986,18305743.85167083
2025-06-16,235977330.9922503,289197.1040667016,235688133.8881836,0.0,0.0008301704992252912,-0.21613900096546546,15896960.972802471,18456666.67811176
2025-06-17,237267542.21954522,289197.1040667016,236978345.11547852,0.0,0.0054675219092858995,-0.2118532237794094,15837633.978762526,18365921.308447026
2025-06-18,236479175.10290703,289197.1040667016,236189977.99884033,0.0,-0.003322692641662295,-0.21447199327330746,15811284.26531675,18320927.912974946
2025-06-19,233347946.22320732,289197.1040667016,233058749.11914062,0.0,-0.013241034346204494,-0.22487319659028115,15799303.615294125,18191704.18401035
2025-06-20,235055932.41143975,289197.1040667016,234766735.30737305,0.0,0.007319482411894285,-0.2191996695857359,16002679.69226766,18413550.999102354
2025-06-23,236769550.32275566,289197.1040667016,236480353.21868896,0.0,0.007290255956256431,-0.21350743532628624,15913147.172007153,18381904.53087241
2025-06-24,238059389.5719622,289197.1040667016,237770192.4678955,0.0,0.005447656793064359,-0.2092228937636469,15959314.866993574,18471170.203773547
2025-06-25,238533060.5563372,289197.1040667016,238243863.4522705,0.0,0.0019897177138303856,-0.2076494705476769,16087018.44018821,18617936.455866937
2025-06-26,238908243.3148211,289197.1040667016,238619046.2107544,0.0,0.0015728752970713966,-0.20640320197327988,16280899.360396463,18794312.25184798
2025-06-27,242057668.5448626,289197.1040667016,241768471.4407959,0.0,0.013182572465242792,-0.195941554675108,16337486.960015072,18876305.87071788
2025-06-30,246321095.76666436,289197.1040667016,246031898.66259766,0.0,0.01761327062030915,-0.18177945568305565,16260539.971962001,18873947.408893198
2025-07-01,244799739.43767643,344312.11176396906,244455427.32591248,20000.0,-0.006176313580664949,-0.18683304234289944,16296311.714854866,18892548.87693098
2025-07-02,243192755.0464716,344312.11176396906,242848442.93470764,0.0,-0.006564485709405599,-0.1921710652158003,16239910.040843006,18837988.954667043
2025-07-03,242985490.4479456,344312.11176396906,242641178.33618164,0.0,-0.0008522646922043409,-0.19285954929425786,16209221.279527744,18817668.438341867
2025-07-04,241962469.66433048,344312.11176396906,241618157.55256653,0.0,-0.004210213464718282,-0.19625778288773799,16244758.782885386,18850148.451633018
2025-07-07,238836413.6498804,344312.11176396906,238492101.53811646,0.0,-0.012919590458746688,-0.20664180316723346,16244950.688892717,18841148.361357506
2025-07-08,235184705.06301212,344312.11176396906,234840392.95124817,0.0,-0.015289580558773053,-0.21877191722967093,16283997.330670133,18858229.7826929
2025-07-09,237184452.9142084,344312.11176396906,236840140.80244446,0.0,0.00850288223743334,-0.21212922684129898,16254392.713682003,18846148.411510568
2025-07-10,235720378.4959345,344312.11176396906,235376066.38417053,0.0,-0.006172725068128715,-0.2169925365132217,16177287.621450637,18777308.658512626
2025-07-11,231940463.18474674,344312.11176396906,231596151.0729828,0.0,-0.016035589859927812,-0.229548523054958,16046237.002872672,18626346.206782002
2025-07-14,234859369.9401331,344312.11176396906,234515057.82836914,0.0,0.012584724180107143,-0.2198526037234484,16003139.150511917,18647427.668239847
2025-07-15,236515604.18749332,344312.11176396906,236171292.07572937,0.0,0.00705202542177652,-0.21435098445217338,16075555.00699271,18759508.47996773
2025-07-16,235636001.62429142,344312.11176396906,235291689.51252747,0.0,-0.003719004360086986,-0.2172728165664939,16085922.915960224,18778188.35483643
2025-07-17,235660289.48365116,344312.11176396906,235315977.3718872,0.0,0.0001030736355749351,-0.21719213803003412,16021736.587222395,18735947.3061371
2025-07-18,234506819.08757877,344312.11176396906,234162506.97581482,0.0,-0.004894632008641486,-0.22102369444784853,15930467.834735649,18620307.083706506
2025-07-21,235355709.45894718,344312.11176396906,235011397.34718323,0.0,0.003619896319737137,-0.2182038809862178,16008497.565002339,18702946.9751269
2025-07-22,237428841.64067936,344312.11176396906,237084529.5289154,0.0,0.008808506012019102,-0.2113174251717116,15989485.162704578,18656907.450826913
2025-07-23,237894372.9701624,344312.11176396906,237550060.85839844,0.0,0.0019607193728703454,-0.20977103996820057,16090931.164294412,18742908.313459568
2025-07-24,235901718.8153162,344312.11176396906,235557406.70355225,0.0,-0.008376213905219698,-0.21639016677152623,15990250.294448094,18641066.66693575
2025-07-25,231228946.0074091,344312.11176396906,230884633.89564514,0.0,-0.019808133791366478,-0.23191201518834614,15846631.078532828,18412025.307033725
2025-07-28,228561836.97565556,344312.11176396906,228217524.8638916,0.0,-0.011534494611535662,-0.24077152191034157,15747035.599156545,18277742.71011058
2025-07-29,231835054.7302637,344312.11176396906,231490742.61849976,0.0,0.014320928628854146,-0.22989866506262602,15836486.229145262,18406064.309741873
2025-07-30,230743836.08922672,344312.11176396906,230399523.97746277,0.0,-0.004706875076793682,-0.23352343584264823,15858147.93125852,18427025.45749291
2025-07-31,228199003.75174809,344312.11176396906,227854691.63998413,0.0,-0.011028820446993715,-0.24197676824556835,15802830.401573792,18332143.255775884
2025-08-01,224676206.14846146,245069.14486037195,224431137.00360107,20000.0,-0.015437392562497765,-0.25367867044565473,15693311.292625766,18159102.256975904
2025-08-04,225730740.0183345,245069.14486037195,225485670.87347412,0.0,0.004693571642278016,-0.2501757578172312,15793864.851477472,18308668.484207332
2025-08-05,225899668.50313675,245069.14486037195,225654599.35827637,0.0,0.0007483627829711903,-0.24961461726061207,15747102.312189924,18259093.073819473
2025-08-06,224181680.1153804,245069.14486037195,223936610.97052002,0.0,-0.00760509477123239,-0.25532136921129267,15698964.771080108,18153655.57856204
2025-08-07,223459152.7695552,245069.14486037195,223214083.62469482,0.0,-0.003222954460209815,-0.2577214345258161,15712988.042840948,18175479.83394119
2025-08-08,221259127.2346431,245069.14486037195,221014058.0897827,0.0,-0.009845314043506193,-0.2650294001106728,15564234.556226876,17974497.08762198
2025-08-11,224952446.71840775,245069.14486037195,224707377.57354736,0.0,0.016692280810851834,-0.2527610644695999,15705897.175911786,18126905.536185402
2025-08-12,223788025.23580277,245069.14486037195,223542956.09094238,0.0,-0.005176300589708971,-0.25662899781223947,15643514.266558044,18074968.125681248
2025-08-13,229160646.51162064,245069.14486037195,228915577.36676025,0.0,0.024007635217107026,-0.2387824179607405,15727808.616021415,18178683.39436382
2025-08-14,228718329.7124263,245069.14486037195,228473260.56756592,0.0,-0.0019301603740758955,-0.24025168997364255,15735443.494560838,18164387.81882554
2025-08-18,228997372.7862178,245069.14486037195,228752303.64135742,0.0,0.0012200293441384513,-0.2393247747412507,15892373.375858493,18365611.457871843
2025-08-19,230777384.50228226,245069.14486037195,230532315.35742188,0.0,0.007773066102929382,-0.23341199593245365,15958621.762204412,18473811.398298398
2025-08-20,233516536.79238236,245069.14486037195,233271467.64752197,0.0,0.01186924054975158,-0.22431317850962207,16003276.880368724,18535120.16158183
2025-08-21,233118757.01265824,245069.14486037195,232873687.86779785,0.0,-0.001703433021010392,-0.22563450905531135,16024485.846770607,18530314.82094789
2025-08-22,232121920.54897416,245069.14486037195,231876851.40411377,0.0,-0.004276088618771934,-0.2289457645179096,15887997.576048434,18413505.311885525
2025-08-25,231989813.62917435,245069.14486037195,231744744.48431396,0.0,-0.0005691272908968648,-0.229384592526084,15950380.485402176,18462118.715603504
2025-08-26,228077363.218835,245069.14486037195,227832294.0739746,0.0,-0.016864750866144695,-0.2423808293867442,15787029.769823777,18235186.817013312
2025-08-28,225447963.50185502,245069.14486037195,225202894.35699463,0.0,-0.011528543121822832,-0.25111507466507876,15652138.597406957,18053384.763029188
2025-08-29,224429665.83767045,245069.14486037195,224184596.69281006,0.0,-0.004516774728711148,-0.25449761917054425,15604832.046509147,17990353.773170896
2025-09-01,226501698.99120936,238795.7167953048,226262903.27441406,20000.0,0.00923243879460034,-0.24761481406830743,15751450.748797454,18211058.08503931
2025-09-02,227187807.4235519,238795.7167953048,226949011.7067566,0.0,0.003029153579855226,-0.24533572378891233,15722377.83838505,18219756.98326227
2025-09-03,228822713.4894851,238795.7167953048,228583917.77268982,0.0,0.007196275559300691,-0.23990495170253712,15809019.384086164,18332205.315142427
2025-09-04,228042603.87161097,238795.7167953048,227803808.15481567,0.0,-0.0034092315661224948,-0.2424962917344462,15821332.675522916,18296125.6364643
2025-09-05,228878109.5660995,238795.7167953048,228639313.8493042,0.0,0.003663814043094016,-0.23972093901040703,15825617.840866672,18303742.45751857
2025-09-08,229447740.99564967,238795.7167953048,229208945.27885437,0.0,0.0024887982106722717,-0.23782875784380453,15846182.886558674,18343430.10406451
2025-09-09,229059749.78997645,238795.7167953048,228820954.07318115,0.0,-0.0016909785382484,-0.23911757305676085,15907237.122812133,18399914.219078396
2025-09-10,228305199.30660853,238795.7167953048,228066403.58981323,0.0,-0.0032941207875227807,-0.24162401167621528,15974080.704897357,18500176.26365503
2025-09-11,228161026.9522842,238795.7167953048,227922231.2354889,0.0,-0.0006314895795724862,-0.24210291821023977,15994805.663465163,18523026.72681784
2025-09-12,227414964.60893092,238795.7167953048,227176168.89213562,0.0,-0.00326989386977683,-0.24458116123190587,16064207.851563219,18593261.521452934
2025-09-15,226416486.70596156,238795.7167953048,226177690.98916626,0.0,-0.004390554969354699,-0.24789786916840328,16035550.96449177,18613786.536575947
2025-09-16,227960228.0463241,238795.7167953048,227721432.3295288,0.0,0.006818148990922923,-0.24276992478400283,16144228.00475066,18736819.180443317
2025-09-17,227095383.10059962,238795.7167953048,226856587.38380432,0.0,-0.003793841378105345,-0.24564273557610317,16202532.489131927,18797672.319047134
2025-09-18,227067809.4466842,238795.7167953048,226829013.72988892,0.0,-0.00012141882207794552,-0.24573432874657541,16262243.707092518,18856763.754590493
2025-09-19,226602395.531401,238795.7167953048,226363599.8146057,0.0,-0.0020496692878542166,-0.24728032392782628,16200486.1040494,18830906.65153784
2025-09-22,225712276.8431991,238795.7167953048,225473481.1264038,0.0,-0.003928108024253252,-0.25023708812741874,16120720.81200777,18746559.44091979
2025-09-23,223988328.13305506,238795.7167953048,223749532.41625977,0.0,-0.007637815427034345,-0.2559636388623374,16099708.509991258,18701500.55748731
2025-09-24,223827072.61814722,238795.7167953048,223588276.90135193,0.0,-0.0007199282045270428,-0.25649929162391405,16027684.000593917,18583640.273805436
2025-09-25,221448840.4308456,238795.7167953048,221210044.7140503,0.0,-0.010625310689556078,-0.264399217648315,15921469.368758509,18458684.633175183
2025-09-26,216349890.4900039,238795.7167953048,216111094.77320862,0.0,-0.02302540817518517,-0.28133672591594805,15770415.416412095,18210737.06359274
2025-09-29,216812047.80235133,238795.7167953048,216573252.08555603,0.0,0.0021361569044509032,-0.2798015484010381,15757751.066240182,18231542.38524715
2025-09-30,214990254.8637832,238795.7167953048,214751459.14698792,0.0,-0.00840263701687316,-0.28585311456993834,15742526.860736098,18227533.53206069
2025-10-01,217743429.00958204,229210.7820429746,217514218.22753906,20000.0,0.012806041592644313,-0.2767077198518635,15906577.128850123,18403238.329397697
2025-10-03,219172333.12023878,229210.7820429746,218943122.3381958,0.0,0.006562329422091784,-0.2719612376410755,15943691.098668825,18483019.78168823
2025-10-06,222285315.56115675,229210.7820429746,222056104.77911377,0.0,0.01420335494266145,-0.26162064468727575,16061151.121585771,18596955.885025166
2025-10-07,221033606.62347364,229210.7820429746,220804395.84143066,0.0,-0.005631091439950442,-0.26577852635441335,16080781.371951962,18628940.89192377
2025-10-08,222778350.98907423,229210.7820429746,222549140.20703125,0.0,0.007893570540034256,-0.259982897360184,16040976.733138315,18548555.88977998
2025-10-09,222716963.2869258,229210.7820429746,222487752.5048828,0.0,-0.0002755550612341118,-0.2601868128182162,16127854.944996024,18654826.126149606
2025-10-10,222948138.73309278,229210.7820429746,222718927.9510498,0.0,0.0010379786198375651,-0.25941890254724764,16194173.493626898,18731719.94511625
2025-10-13,224606730.63708448,229210.7820429746,224377519.8550415,0.0,0.007439361967391589,-0.25390945169708856,16157027.000612536,18697406.960212234
2025-10-14,224037636.09088087,229210.7820429746,223808425.3088379,0.0,-0.0025337377227717672,-0.2557998494639271,16104605.863666385,18608514.256630488
2025-10-15,224799624.7954707,229210.7820429746,224570414.01342773,0.0,0.0034011638307089864,-0.2532687028291156,16218639.693009574,18763664.192803986
2025-10-16,224176095.0274043,229210.7820429746,223946884.24536133,0.0,-0.002773713562172153,-0.2553399215553769,16386279.254156286,18913317.90615797
2025-10-17,224091180.84271193,229210.7820429746,223861970.06066895,0.0,-0.00037878340543850975,-0.25562198643578427,16466047.395085465,18940808.426227268
2025-10-20,226696993.7313838,229210.7820429746,226467782.94934082,0.0,0.011628359843848024,-0.24696609103421074,16551420.783697745,19035559.48254048
2025-10-21,228766576.58221388,229210.7820429746,228537365.8001709,0.0,0.009129291115709925,-0.24009142525926097,16567719.90829288,19070153.07893471
2025-10-23,223844764.521667,229210.7820429746,223615553.73962402,0.0,-0.021514559224861562,-0.25644052329600076,16582322.823145038,19067505.29789017
2025-10-24,223798387.8251338,229210.7820429746,223569177.04309082,0.0,-0.00020718240443240443,-0.2565945757362228,16520678.858444478,19011881.516349405
2025-10-27,226660030.24957228,229210.7820429746,226430819.4675293,0.0,0.012786698118104622,-0.24708887499680043,16630133.171660054,19135729.946237333
2025-10-28,228063508.37762403,229210.7820429746,227834297.59558105,0.0,0.006191996562015856,-0.24242685189927715,16611014.536179466,19112975.33293864
2025-10-29,227958935.08758497,229210.7820429746,227729724.305542,0.0,-0.00045852706021654033,-0.2427742196877748,16686397.049262863,19225224.63201038
2025-10-30,228409223.9686885,229210.7820429746,228180013.1866455,0.0,0.0019753070040027243,-0.24127846630031258,16573644.133471893,19136051.31693842
2025-10-31,226269212.17364454,229210.7820429746,226040001.39160156,0.0,-0.009369200410826228,-0.24838708040555446,16473892.99059281,19030985.044951394
2025-11-03,226648191.7891954,286434.41047225305,226361757.37872314,20000.0,0.0016749057987615057,-0.24712819956810161,16520311.832607334,19131489.189403873
2025-11-04,226038911.09296736,286434.41047225305,225752476.68249512,0.0,-0.0026882221800150763,-0.24915208624073049,16414060.013427218,19022818.129848037
2025-11-06,223011486.60480818,286434.41047225305,222725052.19433594,0.0,-0.013393377598222567,-0.2592084758685461,16357662.813239804,18892413.799962536
2025-11-07,227029877.78806624,286434.41047225305,226743443.377594,0.0,0.01801876326836438,-0.24586032876401054,16346506.359701809,18899122.568152245
2025-11-10,228817354.04432234,286434.41047225305,228530919.6338501,0.0,0.007873308454690475,-0.2399227545144509,16399118.781870382,18959705.491184726
2025-11-11,227721443.73862776,286434.41047225305,227435009.32815552,0.0,-0.004789454498640433,-0.2435631098971558,16476451.239954196,19028604.148167446
2025-11-12,227847351.2046922,286434.41047225305,227560916.79421997,0.0,0.0005529012287879276,-0.24314487501111748,16592419.243075462,19152541.382448316
2025-11-13,226754365.13898787,286434.41047225305,226467930.72851562,0.0,-0.00479701019092571,-0.24677551675874354,16594567.123387279,19135748.276390277
2025-11-14,229620516.63773665,286434.41047225305,229334082.2272644,0.0,0.012639895584775074,-0.23725483793867785,16614381.47581483,19152098.83914317
2025-11-17,231945905.14948592,286434.41047225305,231659470.73901367,0.0,0.010127093805898602,-0.2295304461324874,16680683.973603502,19247071.457171988
2025-11-18,227503156.26816878,286434.41047225305,227216721.85769653,0.0,-0.019154245807675885,-0.24428820935459616,16614381.47581483,19142698.717165068
2025-11-19,224098151.38044295,286434.41047225305,223811716.9699707,0.0,-0.014966846805906209,-0.255598831954603,16705821.061497655,19208303.408199202
2025-11-20,224188043.7032884,286434.41047225305,223901609.29281616,0.0,0.000401129247571852,-0.2553002308741734,16795273.075136833,19263862.993927523
2025-11-21,219235511.0225633,286434.41047225305,218949076.61209106,0.0,-0.022090975945531444,-0.27175137556057494,16715760.17412423,19115058.592223454
2025-11-24,218273044.71815047,286434.41047225305,217986610.30767822,0.0,-0.0043901022235115494,-0.2749484614659956,16646089.95029563,19022096.2506978
2025-11-25,219822879.32886824,286434.41047225305,219536444.918396,0.0,0.007100439785036272,-0.2698002766755869,16598190.340729604,19006428.334532633
2025-11-26,223462613.46921858,286434.41047225305,223176179.05874634,0.0,0.016557576497326698,-0.2577099388983163,16803705.540524274,19247592.46560216
2025-11-27,223877128.96824202,286434.41047225305,223590694.55776978,0.0,0.0018549657707307432,-0.25633301624301896,16810278.179519266,19241607.145865187
2025-11-28,224819261.72440657,286434.41047225305,224532827.31393433,0.0,0.004208258166014778,-0.25320347358582806,16802197.640876796,19229915.84223633
2025-12-01,225267368.3672023,225535.3231044188,225041833.0440979,20000.0,0.0019931861681186103,-0.2517149690789803,16804756.602263175,19241278.40127348
2025-12-02,222475845.6788173,225535.3231044188,222250310.3557129,0.0,-0.012392041992671632,-0.26098774860464113,16712597.411448358,19160686.27435833
2025-12-03,220895785.41865495,225535.3231044188,220670250.09555054,0.0,-0.007102165429875185,-0.2662363358687555,16682937.645202558,19075469.31368156
2025-12-04,218902620.110168,225535.3231044188,218677084.7870636,0.0,-0.0090231024766243,-0.27285716060383514,16713593.008573545,19095415.48021389
2025-12-05,221469772.39550737,225535.3231044188,221244237.07240295,0.0,0.011727371212127968,-0.26432968660199563,16811625.470086567,19171142.420254145
2025-12-08,216519945.28903154,225535.3231044188,216294409.96592712,0.0,-0.02234989927942077,-0.2807718440093009,16666599.319583943,18922567.03117979
2025-12-09,219973064.27706864,225535.3231044188,219747528.95396423,0.0,0.015948272032987765,-0.26930139772377704,16588981.614739891,18914564.686349064
2025-12-10,219315067.80265763,225535.3231044188,219089532.47955322,0.0,-0.0029912593006488075,-0.27148710671380694,16536562.297588222,18828141.247299705
2025-12-11,219536127.70629838,225535.3231044188,219310592.38319397,0.0,0.001007955841135555,-0.2707527978876765,16626795.496987062,18942393.806623165
2025-12-12,223372877.49844316,225535.3231044188,223147342.17533875,0.0,0.017476621420952076,-0.2580080206140708,16722066.869243585,19083430.814192377
2025-12-15,223438690.9171596,225535.3231044188,223213155.59405518,0.0,0.0002946347804329008,-0.2577894039701415,16709452.628589457,19082626.495277315
2025-12-16,221357845.45500138,225535.3231044188,221132310.13189697,0.0,-0.009312825158511506,-0.2647014814817622,16602109.954665212,18957917.790058035
2025-12-17,219717698.46237138,225535.3231044188,219492163.13926697,0.0,-0.007409482095647846,-0.27014966268967944,16575435.725894311,18898318.072638944
2025-12-18,220683726.23796037,225535.3231044188,220458190.91485596,0.0,0.004396677110444225,-0.26694074641757715,16573509.734478334,18894657.793201257
2025-12-19,223036103.61508134,225535.3231044188,222810568.29197693,0.0,0.010659496362610987,-0.259126703970437,16670354.752064968,19044301.955722872
2025-12-22,225115582.41024736,225535.3231044188,224890047.08714294,0.0,0.009323507546360243,-0.2522191662040085,16802606.1626288,19197202.66728926
2025-12-23,226720678.71826127,225535.3231044188,226495143.39515686,0.0,0.007130098640123483,-0.24688741509784928,16805655.649037432,19219321.437453493
2025-12-24,228154504.95280412,225535.3231044188,227928969.6296997,0.0,0.006324196992743669,-0.24212458275321358,16783153.147767156,19183207.20398009
2025-12-26,229149649.92962602,225535.3231044188,228924114.6065216,0.0,0.00436171522025286,-0.23881894601075282,16719082.585669346,19126904.879925683
2025-12-29,229789174.8452907,225535.3231044188,229563639.52218628,0.0,0.002790861412448553,-0.23669459517928737,16654753.720035281,19047960.66422518
2025-12-30,232411371.0924678,225535.3231044188,232185835.7693634,0.0,0.011411313213264052,-0.22798427812750088,16652667.229334638,19037264.16521607
2025-12-31,233544660.7904201,225535.3231044188,233319125.46731567,0.0,0.004876223106576649,-0.22421975722586562,16775128.183533914,19200339.825245082
2026-01-01,234485079.28343156,225535.3231044188,234259543.96032715,0.0,0.004026718015426534,-0.22109590894627507,16786010.787374586,
2026-01-02,235863267.94798234,225535.3231044188,235637732.62487793,0.0,0.005877511135303104,-0.21651789147777367,16902854.266610593,19383281.534101997
