symbol,sector,shares,price,market_value,weight,date
ABB.NS,Capital Goods,30,1099.9615478515625,32998.846435546875,0.06457006951558733,2007-09-17
ADANIENT.NS,Metals & Mining,1090,31.54400634765625,34382.96691894531,0.06727842951858161,2007-09-17
CGPOWER.NS,Capital Goods,548,61.62879180908203,33772.57791137695,0.06608405865694497,2007-09-17
DIVISLAB.NS,Healthcare,116,291.2749938964844,33787.89929199219,0.06611403857194996,2007-09-17
IFCI.NS,Financial Services,457,79.0999984741211,36148.69930267334,0.07073350371294573,2007-09-17
IIFL.NS,Financial Services,364,90.6013412475586,32978.88821411133,0.06453101652177988,2007-09-17
JINDALSTEL.NS,Metals & Mining,216,153.5500030517578,33166.80065917969,0.0648987117884798,2007-09-17
JSWSTEEL.NS,Metals & Mining,481,68.02999877929688,32722.429412841797,0.06402919405176712,2007-09-17
KOTAKBANK.NS,Financial Services,875,39.88750076293945,34901.56316757202,0.06829318607650414,2007-09-17
RAJESHEXPO.NS,Consumer Durables,271,131.35000610351562,35595.851654052734,0.06965172616739773,2007-09-17
SAIL.NS,Metals & Mining,193,170.5500030517578,32916.15058898926,0.06440825547850258,2007-09-17
UCOBANK.NS,Financial Services,887,37.95000076293945,33661.650676727295,0.0658670032133103,2007-09-17
UNITDSPR.NS,Fast Moving Consumer Goods,97,363.9500122070313,35303.15118408204,0.06907898827699396,2007-09-17
VOLTAS.NS,Consumer Durables,217,151.89999389648438,32962.29867553711,0.06449855515495419,2007-09-17
WELCORP.NS,Capital Goods,128,267.75,34272.0,0.0670612964232104,2007-09-17
ABB.NS,Capital Goods,34,1186.072021484375,40326.44873046875,0.06526005797921383,2007-10-01
ADANIENT.NS,Metals & Mining,928,47.14740753173828,43752.794189453125,0.07080489295351675,2007-10-01
CGPOWER.NS,Capital Goods,608,68.62711334228516,41725.284912109375,0.06752378645497015,2007-10-01
DIVISLAB.NS,Healthcare,141,334.1499938964844,47115.1491394043,0.0762461724583674,2007-10-01
GLENMARK.NS,Healthcare,97,412.0499877929688,39968.848815917976,0.06468135611253265,2007-10-01
IFCI.NS,Financial Services,399,100.5999984741211,40139.39939117432,0.06495735711882031,2007-10-01
IIFL.NS,Financial Services,437,93.65039825439452,40925.2240371704,0.0662290525835502,2007-10-01
JINDALSTEL.NS,Metals & Mining,230,172.64999389648438,39709.498596191406,0.06426165115687435,2007-10-01
JSWSTEEL.NS,Metals & Mining,468,84.05000305175781,39335.401428222656,0.06365625188071507,2007-10-01
KOTAKBANK.NS,Financial Services,873,47.26250076293945,41260.16316604614,0.06677108263226667,2007-10-01
RAJESHEXPO.NS,Consumer Durables,259,156.13333129882812,40438.532806396484,0.06544144298890014,2007-10-01
SAIL.NS,Metals & Mining,194,206.0500030517578,39973.700592041016,0.06468920771367928,2007-10-01
UCOBANK.NS,Financial Services,825,48.0,39600.0,0.06408445021404265,2007-10-01
UNITDSPR.NS,Fast Moving Consumer Goods,113,359.739990234375,40650.618896484375,0.06578466067782258,2007-10-01
WELCORP.NS,Capital Goods,135,299.04998779296875,40371.74835205078,0.06533336609396102,2007-10-01
ABB.NS,Capital Goods,35,1444.8570556640625,50569.99694824219,0.06669185357865613,2007-11-01
ADANIENT.NS,Metals & Mining,830,63.30643081665039,52544.337577819824,0.06929561952938279,2007-11-01
CGPOWER.NS,Capital Goods,637,82.07933807373047,52284.53835296631,0.06895299558417052,2007-11-01
DIVISLAB.NS,Healthcare,117,415.8500061035156,48654.45071411133,0.06416562584127752,2007-11-01
GLENMARK.NS,Healthcare,105,486.2999877929688,51061.498718261726,0.06734004748923403,2007-11-01
IFCI.NS,Financial Services,578,83.69999694824219,48378.598236083984,0.06380183082082817,2007-11-01
IIFL.NS,Financial Services,422,115.64253997802734,48801.15187072754,0.06435909573740746,2007-11-01
JINDALSTEL.NS,Metals & Mining,129,406.7200012207031,52466.8801574707,0.06919346846653437,2007-11-01
KOTAKBANK.NS,Financial Services,1014,49.96749877929688,50667.04376220704,0.06681983918865812,2007-11-01
LT.NS,Construction,54,983.1666870117188,53091.00109863281,0.07001656091136797,2007-11-01
RAJESHEXPO.NS,Consumer Durables,343,145.60833740234375,49943.659729003906,0.06586583830008978,2007-11-01
SAIL.NS,Metals & Mining,194,258.29998779296875,50110.19763183594,0.0660854689526749,2007-11-01
UNITDSPR.NS,Fast Moving Consumer Goods,126,378.1099853515625,47641.858154296875,0.06283021593798842,2007-11-01
VEDL.NS,Metals & Mining,267,181.8724975585937,48559.95684814452,0.06404100706624398,2007-11-01
WELCORP.NS,Capital Goods,154,324.6000061035156,49988.400939941406,0.06592484313435602,2007-11-01
ABB.NS,Capital Goods,38,1456.79541015625,55358.2255859375,0.0660679336454031,2007-12-03
ADANIENT.NS,Metals & Mining,886,61.0571174621582,54096.60607147217,0.06456223880989856,2007-12-03
GLENMARK.NS,Healthcare,122,455.1000061035156,55522.200744628906,0.06626363175149756,2007-12-03
IFCI.NS,Financial Services,556,106.8000030517578,59380.80169677734,0.0708687250140134,2007-12-03
IIFL.NS,Financial Services,406,137.48330688476562,55818.222595214844,0.06661692255471777,2007-12-03
INDUSINDBK.NS,Financial Services,454,119.6500015258789,54321.10069274902,0.06483016458940614,2007-12-03
JINDALSTEL.NS,Metals & Mining,117,472.4500122070313,55276.65142822266,0.0659705779953251,2007-12-03
KOTAKBANK.NS,Financial Services,881,62.45249938964844,55020.65196228027,0.0656650523837268,2007-12-03
LT.NS,Construction,59,928.6666870117188,54791.334533691406,0.06539137076739276,2007-12-03
MRPL.NS,Oil Gas & Consumable Fuels,447,127.3499984741211,56925.44931793213,0.06793835547408297,2007-12-03
NLCINDIA.NS,Power,228,242.25,55233.0,0.06591848167842157,2007-12-03
RAJESHEXPO.NS,Consumer Durables,375,150.7083282470703,56515.62309265137,0.06744924348446614,2007-12-03
SAIL.NS,Metals & Mining,208,262.70001220703125,54641.6025390625,0.06521267133508564,2007-12-03
VEDL.NS,Metals & Mining,315,175.03250122070312,55135.237884521484,0.06580180631735094,2007-12-03
WELCORP.NS,Capital Goods,130,429.8999938964844,55886.99920654297,0.06669900482064099,2007-12-03
ADANIENT.NS,Metals & Mining,692,92.49000549316406,64003.08380126953,0.06667315453218124,2008-01-01
GLENMARK.NS,Healthcare,107,598.25,64012.75,0.0666832239838923,2008-01-01
GMDCLTD.NS,Metals & Mining,242,257.5249938964844,62321.04852294922,0.06492094836679947,2008-01-01
IFCI.NS,Financial Services,674,96.0500030517578,64737.70205688476,0.06743841947833411,2008-01-01
IIFL.NS,Financial Services,302,207.3088836669922,62607.28286743164,0.0652191237913048,2008-01-01
INDUSINDBK.NS,Financial Services,490,129.0500030517578,63234.50149536133,0.065872508628749,2008-01-01
JINDALSTEL.NS,Metals & Mining,124,508.760009765625,63086.2412109375,0.06571806324475675,2008-01-01
JSWSTEEL.NS,Metals & Mining,478,131.92999267578125,63062.53649902344,0.06569336962334478,2008-01-01
MRPL.NS,Oil Gas & Consumable Fuels,466,142.5500030517578,66428.30142211914,0.06919954700588057,2008-01-01
NLCINDIA.NS,Power,246,254.8000030517578,62680.80075073242,0.06529570868226743,2008-01-01
RCF.NS,Chemicals,514,123.6999969482422,63581.79843139649,0.06623429404453807,2008-01-01
SAIL.NS,Metals & Mining,223,281.1000061035156,62685.301361083984,0.06530039704838414,2008-01-01
TRIVENI.NS,Fast Moving Consumer Goods,665,100.44570922851562,66796.39663696289,0.0695829983598503,2008-01-01
TTML.NS,Telecommunication,1215,52.85219192504883,64215.413188934326,0.06689434184433413,2008-01-01
WELCORP.NS,Capital Goods,138,459.75,63445.5,0.06609230953630392,2008-01-01
ADANIENT.NS,Metals & Mining,682,66.28762817382812,45208.16241455078,0.06446147440941298,2008-02-01
AXISBANK.NS,Financial Services,206,217.02999877929688,44708.179748535156,0.06374855846439012,2008-02-01
GLENMARK.NS,Healthcare,95,476.4500122070313,45262.751159667976,0.06453931148149183,2008-02-01
GMDCLTD.NS,Metals & Mining,232,202.3249969482422,46939.39929199219,0.06693001273770172,2008-02-01
IIFL.NS,Financial Services,384,125.83309936523438,48319.91015625,0.06889845739449292,2008-02-01
JINDALSTEL.NS,Metals & Mining,122,371.6833190917969,45345.36492919922,0.06465710891244401,2008-02-01
LT.NS,Construction,57,827.0888671875,47144.0654296875,0.06722184236078044,2008-02-01
NLCINDIA.NS,Power,316,140.39999389648438,44366.39807128906,0.06326121835444762,2008-02-01
RAJESHEXPO.NS,Consumer Durables,317,154.0,48818.0,0.0696086743996005,2008-02-01
RCF.NS,Chemicals,505,85.6500015258789,43253.25077056885,0.061674002409209644,2008-02-01
RENUKA.NS,Fast Moving Consumer Goods,1082,44.397499084472656,48038.094009399414,0.06849662101433249,2008-02-01
TORNTPOWER.NS,Power,285,169.64999389648438,48350.24826049805,0.06894171593069891,2008-02-01
TRIVENI.NS,Fast Moving Consumer Goods,732,70.56489562988281,51653.50360107422,0.07365176602412568,2008-02-01
UCOBANK.NS,Financial Services,786,56.84999847412109,44684.09880065917,0.06371422189058674,2008-02-01
WELCORP.NS,Capital Goods,97,477.0,46269.0,0.06597410290866311,2008-02-01
ADANIENT.NS,Metals & Mining,880,50.79152297973633,44696.54022216797,0.0672976413382236,2008-03-03
GLENMARK.NS,Healthcare,95,464.8999938964844,44165.499420166016,0.06649807624321954,2008-03-03
IIFL.NS,Financial Services,389,107.45765686035156,41801.02851867676,0.06293799499549535,2008-03-03
INDUSINDBK.NS,Financial Services,460,92.9499969482422,42756.99859619141,0.06437735766398993,2008-03-03
JINDALSTEL.NS,Metals & Mining,121,356.4916687011719,43135.4919128418,0.06494723862896491,2008-03-03
JSWSTEEL.NS,Metals & Mining,454,101.5250015258789,46092.35069274902,0.06939925260295214,2008-03-03
MRPL.NS,Oil Gas & Consumable Fuels,609,83.94999694824219,51125.54814147949,0.07697751962329592,2008-03-03
NLCINDIA.NS,Power,304,140.8000030517578,42803.200927734375,0.06444692250998725,2008-03-03
RENUKA.NS,Fast Moving Consumer Goods,781,53.46500015258789,41756.16511917114,0.06287044612137366,2008-03-03
SAIL.NS,Metals & Mining,187,230.75,43150.25,0.06496945924048148,2008-03-03
TATAPOWER.NS,Power,352,126.0408935546875,44366.39453125,0.06680055529562788,2008-03-03
TATASTEEL.NS,Metals & Mining,613,73.63701629638672,45139.49098968506,0.06796457309031638,2008-03-03
TRIVENI.NS,Fast Moving Consumer Goods,618,72.35169982910156,44713.350494384766,0.06732295183574355,2008-03-03
UCOBANK.NS,Financial Services,927,46.84999847412109,43429.94858551025,0.06539058926524212,2008-03-03
WELCORP.NS,Capital Goods,106,404.3999938964844,42866.399353027344,0.06454207763692472,2008-03-03
ASIANPAINT.NS,Consumer Durables,339,119.81500244140624,40617.28582763671,0.06719403037009838,2008-04-01
EXIDEIND.NS,Automobile and Auto Components,599,68.4000015258789,40971.600914001465,0.06778018127084562,2008-04-01
GAIL.NS,Oil Gas & Consumable Fuels,763,52.737525939941406,40238.73229217529,0.06656778129313039,2008-04-01
GLENMARK.NS,Healthcare,82,469.8500061035156,38527.70050048828,0.06373718540686876,2008-04-01
GODREJIND.NS,Diversified,157,249.90008544921875,39234.313415527344,0.0649061500165309,2008-04-01
JINDALSTEL.NS,Metals & Mining,116,335.6916809082031,38940.23498535156,0.06441964988325569,2008-04-01
LICHSGFIN.NS,Financial Services,719,59.27999877929688,42622.31912231446,0.07051099912737474,2008-04-01
MRPL.NS,Oil Gas & Consumable Fuels,512,85.8499984741211,43955.19921875,0.0727160107093808,2008-04-01
NATIONALUM.NS,Metals & Mining,358,114.125,40856.75,0.06759018098780856,2008-04-01
RENUKA.NS,Fast Moving Consumer Goods,832,49.400001525878906,41100.80126953125,0.0679939201368579,2008-04-01
TATAPOWER.NS,Power,354,113.4377670288086,40156.96952819824,0.06643251943272122,2008-04-01
TATASTEEL.NS,Metals & Mining,611,63.966739654541016,39083.67792892456,0.06465695056227502,2008-04-01
VEDL.NS,Metals & Mining,258,147.36749267578125,38020.81311035156,0.06289863093447978,2008-04-01
VOLTAS.NS,Consumer Durables,223,174.5500030517578,38924.65068054199,0.0643938684399777,2008-04-01
WELCORP.NS,Capital Goods,106,372.2999877929688,39463.798706054695,0.06528579236010407,2008-04-01
ADANIENT.NS,Metals & Mining,739,66.77811431884766,49349.02648162842,0.06673678498776824,2008-05-02
CHAMBLFERT.NS,Chemicals,709,70.5,49984.5,0.06759616282325144,2008-05-02
DIVISLAB.NS,Healthcare,128,380.2124938964844,48667.19921875,0.06581472101435926,2008-05-02
GLENMARK.NS,Healthcare,74,669.4500122070312,49539.30090332031,0.06699410117158093,2008-05-02
INDUSINDBK.NS,Financial Services,538,102.3499984741211,55064.29917907715,0.07446579105637006,2008-05-02
JINDALSTEL.NS,Metals & Mining,120,403.7833251953125,48453.9990234375,0.06552640133293215,2008-05-02
LICHSGFIN.NS,Financial Services,673,72.9800033569336,49115.54225921631,0.06642103435477542,2008-05-02
MRPL.NS,Oil Gas & Consumable Fuels,475,102.5999984741211,48734.99927520752,0.06590640991103178,2008-05-02
NATIONALUM.NS,Metals & Mining,430,109.6875,47165.625,0.0637840784075147,2008-05-02
NLCINDIA.NS,Power,308,156.89999389648438,48325.19812011719,0.06535221839957038,2008-05-02
RENUKA.NS,Fast Moving Consumer Goods,754,62.84999847412109,47388.8988494873,0.06408602111943774,2008-05-02
TATAPOWER.NS,Power,360,137.2302703857422,49402.89733886719,0.06680963683658817,2008-05-02
TRIVENI.NS,Fast Moving Consumer Goods,680,71.4995346069336,48619.683532714844,0.06575046353354239,2008-05-02
VEDL.NS,Metals & Mining,229,217.2100067138672,49741.091537475586,0.0672669912187469,2008-05-02
WELCORP.NS,Capital Goods,119,403.1000061035156,47968.90072631836,0.06487038229748422,2008-05-02
ADANIENT.NS,Metals & Mining,777,60.8616943359375,47289.53649902344,0.0673369814118486,2008-06-02
CHAMBLFERT.NS,Chemicals,571,83.4000015258789,47621.400871276855,0.06780953298921803,2008-06-02
GESHIP.NS,Services,95,491.5,46692.5,0.06648684333452219,2008-06-02
GLENMARK.NS,Healthcare,73,660.2999877929688,48201.89910888672,0.06863612174287083,2008-06-02
ITC.NS,Fast Moving Consumer Goods,689,70.59773254394531,48641.83772277832,0.0692625634561785,2008-06-02
JINDALSTEL.NS,Metals & Mining,123,373.5416564941406,45945.6237487793,0.06542334396513341,2008-06-02
JSWSTEEL.NS,Metals & Mining,417,114.63500213623048,47802.79589080811,0.06806782676756011,2008-06-02
LICHSGFIN.NS,Financial Services,706,62.13999938964844,43870.8395690918,0.06246899689209538,2008-06-02
NATIONALUM.NS,Metals & Mining,362,125.8499984741211,45557.699447631836,0.06487096698304752,2008-06-02
RENUKA.NS,Fast Moving Consumer Goods,858,54.5,46761.0,0.0665843825275064,2008-06-02
TATACHEM.NS,Chemicals,269,174.2646484375,46877.1904296875,0.06674982954566999,2008-06-02
TATAPOWER.NS,Power,369,125.05657196044922,46145.87505340576,0.06570848777020347,2008-06-02
TATASTEEL.NS,Metals & Mining,562,82.79281616210938,46529.56268310547,0.06625483202945791,2008-06-02
VEDL.NS,Metals & Mining,225,196.9375,44310.9375,0.06309566546165454,2008-06-02
WELCORP.NS,Capital Goods,125,380.0,47500.0,0.06763666666787609,2008-06-02
CHAMBLFERT.NS,Chemicals,896,57.75,51744.0,0.09181036566129558,2008-07-01
CIPLA.NS,Healthcare,281,206.3500061035156,57984.35171508788,0.10288274067709087,2008-07-01
DRREDDY.NS,Healthcare,443,132.0500030517578,58498.15135192871,0.10379438516794966,2008-07-01
GLENMARK.NS,Healthcare,93,610.2000122070312,56748.601135253906,0.10069012486461569,2008-07-01
INFY.NS,Information Technology,271,214.625,58163.375,0.10320038510445767,2008-07-01
LUPIN.NS,Healthcare,433,134.07000732421875,58052.31317138672,0.10300332598463706,2008-07-01
OFSS.NS,Information Technology,41,1289.449951171875,52867.447998046875,0.09380372086193979,2008-07-01
RENUKA.NS,Fast Moving Consumer Goods,1202,47.650001525878906,57275.301834106445,0.10162465995575112,2008-07-01
SUNPHARMA.NS,Healthcare,419,138.66000366210938,58098.54153442383,0.10308534985048354,2008-07-01
VEDL.NS,Metals & Mining,343,152.72500610351562,52384.67709350586,0.09294713124234051,2008-07-01
CHAMBLFERT.NS,Chemicals,645,81.80000305175781,52761.00196838379,0.08267894030742488,2008-08-01
CIPLA.NS,Healthcare,217,220.0,47740.0,0.07481079704744231,2008-08-01
GLENMARK.NS,Healthcare,73,629.9500122070312,45986.35089111328,0.07206274745428454,2008-08-01
HEROMOTOCO.NS,Automobile and Auto Components,60,794.9500122070312,47697.000732421875,0.07474341519825975,2008-08-01
HINDUNILVR.NS,Fast Moving Consumer Goods,200,234.9499969482422,46989.99938964844,0.07363551126096413,2008-08-01
LICHSGFIN.NS,Financial Services,733,66.97000122070312,49089.01089477539,0.07692475976767336,2008-08-01
LUPIN.NS,Healthcare,323,148.25999450683594,47887.97822570801,0.07504268579924127,2008-08-01
NATIONALUM.NS,Metals & Mining,454,106.3249969482422,48271.54861450196,0.07564375841150506,2008-08-01
OFSS.NS,Information Technology,34,1454.25,49444.5,0.07748182770448808,2008-08-01
RENUKA.NS,Fast Moving Consumer Goods,769,66.875,51426.875,0.08058830139105959,2008-08-01
SUNPHARMA.NS,Healthcare,336,144.4550018310547,48536.880615234375,0.0760595459786811,2008-08-01
TATACHEM.NS,Chemicals,342,145.78268432617188,49857.67803955078,0.07812929688046827,2008-08-01
UPL.NS,Chemicals,422,116.6500015258789,49226.3006439209,0.07713989918032561,2008-08-01
BALRAMCHIN.NS,Fast Moving Consumer Goods,465,90.5,42082.5,0.06581727500587974,2008-09-01
CHAMBLFERT.NS,Chemicals,589,72.4000015258789,42643.600898742676,0.06669484007826357,2008-09-01
CIPLA.NS,Healthcare,176,237.6999969482422,41835.199462890625,0.06543049552604775,2008-09-01
DIVISLAB.NS,Healthcare,111,386.4375,42894.5625,0.0670873454837378,2008-09-01
GLENMARK.NS,Healthcare,67,651.5,43650.5,0.06826963613483404,2008-09-01
HEROMOTOCO.NS,Automobile and Auto Components,51,848.0,43248.0,0.06764012379146407,2008-09-01
HINDUNILVR.NS,Fast Moving Consumer Goods,172,241.9499969482422,41615.399475097656,0.06508672706545585,2008-09-01
INFY.NS,Information Technology,193,215.4125061035156,41574.61367797851,0.06502293784130507,2008-09-01
LICHSGFIN.NS,Financial Services,648,65.20999908447266,42256.07940673828,0.06608875420860416,2008-09-01
LUPIN.NS,Healthcare,289,146.2100067138672,42254.69194030762,0.06608658420302872,2008-09-01
RENUKA.NS,Fast Moving Consumer Goods,723,58.025001525878906,41952.07610321045,0.0656132912719681,2008-09-01
SUNPHARMA.NS,Healthcare,289,150.8350067138672,43591.31694030762,0.06817707348490917,2008-09-01
TATACHEM.NS,Chemicals,292,144.98907470703125,42336.809814453125,0.06621501703628561,2008-09-01
TITAN.NS,Consumer Durables,669,63.5525016784668,42516.62362289429,0.06649624687957027,2008-09-01
UPL.NS,Chemicals,375,113.36666870117188,42512.50076293945,0.06648979870259747,2008-09-01
CIPLA.NS,Healthcare,427,232.5500030517578,99298.85130310059,0.1680176534678947,2008-10-01
HEROMOTOCO.NS,Automobile and Auto Components,111,874.7000122070312,97091.70135498047,0.16428306691157119,2008-10-01
HINDUNILVR.NS,Fast Moving Consumer Goods,385,254.3500061035156,97924.7523498535,0.16569262272758387,2008-10-01
LUPIN.NS,Healthcare,677,150.9199981689453,102172.83876037598,0.1728805559318278,2008-10-01
ONGC.NS,Oil Gas & Consumable Fuels,554,173.4583282470703,96095.91384887695,0.16259815436794609,2008-10-01
SUNPHARMA.NS,Healthcare,664,145.2949981689453,96475.87878417969,0.16324107033315474,2008-10-01
LUPIN.NS,Healthcare,1883,143.00999450683594,269287.81965637207,0.4861327298095245,2008-11-03
TATACOMM.NS,Telecommunication,843,337.30377197265625,284347.0797729492,0.5133185090947708,2008-11-03
BPCL.NS,Oil Gas & Consumable Fuels,3000,30.512500762939453,91537.50228881836,0.2070953429929968,2008-12-01
HEROMOTOCO.NS,Automobile and Auto Components,112,759.0,85008.0,0.19232293297234918,2008-12-01
HINDPETRO.NS,Oil Gas & Consumable Fuels,2542,34.46666717529297,87614.26795959473,0.19821937916683813,2008-12-01
HINDUNILVR.NS,Fast Moving Consumer Goods,380,232.5,88350.0,0.19988390655123106,2008-12-01
UNIONBANK.NS,Financial Services,616,143.75,88550.0,0.20033638851286373,2008-12-01
BANKBARODA.NS,Financial Services,777,57.34000015258789,44553.18011856079,0.08935207570003399,2009-01-02
BANKINDIA.NS,Financial Services,154,296.25,45622.5,0.09149661287425252,2009-01-02
BPCL.NS,Oil Gas & Consumable Fuels,1503,30.30416679382324,45547.162691116326,0.09134552276332224,2009-01-02
HEROMOTOCO.NS,Automobile and Auto Components,55,791.6500244140625,43540.75134277344,0.08732163449753591,2009-01-02
HINDPETRO.NS,Oil Gas & Consumable Fuels,1109,39.377777099609375,43669.9548034668,0.0875807539895645,2009-01-02
HINDUNILVR.NS,Fast Moving Consumer Goods,182,247.5,45045.0,0.09033842790116073,2009-01-02
IOC.NS,Oil Gas & Consumable Fuels,1279,35.90833282470703,45926.75768280029,0.09210680625289674,2009-01-02
NTPC.NS,Power,299,153.4583282470703,45884.04014587402,0.09202113558734609,2009-01-02
PNB.NS,Financial Services,438,106.43000030517578,46616.34013366699,0.09348977427419826,2009-01-02
TATACOMM.NS,Telecommunication,144,307.5005798339844,44280.08349609375,0.08880437629857348,2009-01-02
UNIONBANK.NS,Financial Services,281,165.1999969482422,46421.199142456055,0.09309841606873549,2009-01-02
BPCL.NS,Oil Gas & Consumable Fuels,1723,31.82083320617676,54827.29561424256,0.11147803101638125,2009-02-02
HEROMOTOCO.NS,Automobile and Auto Components,62,878.0499877929688,54439.09924316406,0.11068872768469742,2009-02-02
HINDPETRO.NS,Oil Gas & Consumable Fuels,1307,42.58518600463867,55658.838108062744,0.11316877134706874,2009-02-02
HINDUNILVR.NS,Fast Moving Consumer Goods,213,261.8999938964844,55784.69869995117,0.11342467838769675,2009-02-02
IOC.NS,Oil Gas & Consumable Fuels,1478,36.74583435058594,54310.343170166016,0.11042693338427792,2009-02-02
NTPC.NS,Power,351,151.0,53001.0,0.10776470106186264,2009-02-02
POWERGRID.NS,Power,1115,47.02500915527344,52432.88520812988,0.10660957718279045,2009-02-02
TATACOMM.NS,Telecommunication,197,266.0245056152344,52406.82760620117,0.10655659535825437,2009-02-02
UNIONBANK.NS,Financial Services,388,147.0500030517578,57055.40118408203,0.1160083442306229,2009-02-02
BPCL.NS,Oil Gas & Consumable Fuels,1799,31.424999237060547,56533.573627471924,0.11392233879660058,2009-03-02
HEROMOTOCO.NS,Automobile and Auto Components,59,902.5,53247.5,0.10730048263080681,2009-03-02
HINDPETRO.NS,Oil Gas & Consumable Fuels,1322,41.488887786865234,54848.30965423584,0.11052631761835667,2009-03-02
HINDUNILVR.NS,Fast Moving Consumer Goods,223,244.8000030517578,54590.40068054199,0.11000659824463647,2009-03-02
IOC.NS,Oil Gas & Consumable Fuels,1546,36.52916717529297,56474.09245300293,0.11380247666733685,2009-03-02
ITC.NS,Fast Moving Consumer Goods,955,57.43789291381836,54853.18773269653,0.11053614756667618,2009-03-02
MARUTI.NS,Automobile and Auto Components,79,674.5999755859375,53293.39807128906,0.10739297308014509,2009-03-02
NTPC.NS,Power,366,149.0416717529297,54549.251861572266,0.10992367814256333,2009-03-02
POWERGRID.NS,Power,1073,51.97501373291016,55769.189735412605,0.11238200806683525,2009-03-02
ACC.NS,Construction Materials,61,586.8499755859375,35797.84851074219,0.06786804289143923,2009-04-01
BHEL.NS,Capital Goods,174,196.0200042724609,34107.480743408196,0.06466332649343268,2009-04-01
BPCL.NS,Oil Gas & Consumable Fuels,1118,30.39999961853028,33987.19957351685,0.06443528911306418,2009-04-01
CIPLA.NS,Healthcare,162,218.8500061035156,35453.700988769524,0.06721558416126681,2009-04-01
GAIL.NS,Oil Gas & Consumable Fuels,759,46.72502136230469,35464.29121398926,0.06723566184440544,2009-04-01
HEROMOTOCO.NS,Automobile and Auto Components,32,1039.75,33272.0,0.06307936418040196,2009-04-01
HINDPETRO.NS,Oil Gas & Consumable Fuels,890,39.07407379150391,34775.925674438484,0.06593061073360469,2009-04-01
ITC.NS,Fast Moving Consumer Goods,596,59.171142578125,35266.0009765625,0.06685972946582702,2009-04-01
LUPIN.NS,Healthcare,258,132.63999938964844,34221.1198425293,0.0648787713755736,2009-04-01
MARUTI.NS,Automobile and Auto Components,45,792.5,35662.5,0.06761143980174274,2009-04-01
NTPC.NS,Power,235,148.75,34956.25,0.06627248209098267,2009-04-01
POWERGRID.NS,Power,630,51.72188568115234,32584.787979125973,0.061776499990276235,2009-04-01
RENUKA.NS,Fast Moving Consumer Goods,787,47.70000076293945,37539.90060043335,0.0711707460107846,2009-04-01
TATACOMM.NS,Telecommunication,108,322.96099853515625,34879.787841796875,0.06612751983072437,2009-04-01
UNIONBANK.NS,Financial Services,251,147.25,36959.75,0.07007085628356008,2009-04-01
BANKBARODA.NS,Financial Services,596,65.33999633789062,38942.63781738281,0.06530672148636736,2009-05-04
BPCL.NS,Oil Gas & Consumable Fuels,1228,32.037498474121094,39342.0481262207,0.0659765317318977,2009-05-04
CIPLA.NS,Healthcare,161,238.5500030517578,38406.55049133301,0.06440770417123627,2009-05-04
HEROMOTOCO.NS,Automobile and Auto Components,32,1203.449951171875,38510.3984375,0.06458185695793404,2009-05-04
HINDPETRO.NS,Oil Gas & Consumable Fuels,965,40.14814758300781,38742.96241760254,0.0649718662620685,2009-05-04
INFY.NS,Information Technology,207,203.5249938964844,42129.67373657227,0.07065137400111432,2009-05-04
IOC.NS,Oil Gas & Consumable Fuels,1060,36.90833282470703,39122.83279418945,0.06560890808242535,2009-05-04
LICHSGFIN.NS,Financial Services,529,72.41000366210938,38304.89193725586,0.06423722299045556,2009-05-04
LUPIN.NS,Healthcare,269,146.1300048828125,39308.97131347656,0.06592106198668762,2009-05-04
MARUTI.NS,Automobile and Auto Components,47,839.3499755859375,39449.44885253906,0.06615664252341619,2009-05-04
NTPC.NS,Power,245,161.25,39506.25,0.06625189792790966,2009-05-04
PFC.NS,Financial Services,618,66.81999969482422,41294.75981140137,0.06925122510950822,2009-05-04
RENUKA.NS,Fast Moving Consumer Goods,756,53.57500076293945,40502.70057678223,0.0679229434435732,2009-05-04
TATACOMM.NS,Telecommunication,110,344.7856140136719,37926.417541503906,0.0636025222270147,2009-05-04
UNIONBANK.NS,Financial Services,241,172.39999389648438,41548.398529052734,0.06967657670406363,2009-05-04
ACC.NS,Construction Materials,61,829.7999877929688,50617.799255371094,0.06923853401028338,2009-06-01
BANKBARODA.NS,Financial Services,541,86.91000366210938,47018.31198120117,0.06431490584551777,2009-06-01
BHEL.NS,Capital Goods,170,283.3066711425781,48162.13409423828,0.06587950500708308,2009-06-01
CGPOWER.NS,Capital Goods,932,55.78860855102539,51994.983169555664,0.07112234161716122,2009-06-01
HEROMOTOCO.NS,Automobile and Auto Components,35,1365.9000244140625,47806.50085449219,0.06539304521373805,2009-06-01
HINDPETRO.NS,Oil Gas & Consumable Fuels,894,53.429630279541016,47766.08946990967,0.0653377677210975,2009-06-01
IIFL.NS,Financial Services,570,85.33576965332031,48641.38870239258,0.06653506267601422,2009-06-01
IOC.NS,Oil Gas & Consumable Fuels,942,49.22499847412109,46369.94856262206,0.06342802942519317,2009-06-01
LICHSGFIN.NS,Financial Services,456,105.98999786376952,48331.4390258789,0.06611109202666815,2009-06-01
LUPIN.NS,Healthcare,291,161.63999938964844,47037.239822387695,0.06434079665853243,2009-06-01
MARUTI.NS,Automobile and Auto Components,47,1042.4000244140625,48992.80114746094,0.06701574897386667,2009-06-01
MPHASIS.NS,Information Technology,143,343.04998779296875,49056.14825439453,0.06710239953715463,2009-06-01
NLCINDIA.NS,Power,336,143.5500030517578,48232.801025390625,0.06597616813325552,2009-06-01
PFC.NS,Financial Services,609,81.22000122070312,49462.9807434082,0.06765889321213542,2009-06-01
SAIL.NS,Metals & Mining,278,175.10000610351562,48677.801696777344,0.0665848708934242,2009-06-01
AUROPHARMA.NS,Healthcare,1031,48.18999862670898,49683.888584136956,0.06740474301028013,2009-07-01
BAJAJ-AUTO.NS,Automobile and Auto Components,98,504.6000061035156,49450.80059814453,0.06708851905433923,2009-07-01
BALRAMCHIN.NS,Fast Moving Consumer Goods,455,110.1500015258789,50118.2506942749,0.06799402994497065,2009-07-01
BANKBARODA.NS,Financial Services,539,90.26000213623048,48650.14115142823,0.06600228676088109,2009-07-01
CENTRALBK.NS,Financial Services,610,78.21405029296875,47710.57067871094,0.0647275977609187,2009-07-01
COLPAL.NS,Fast Moving Consumer Goods,159,310.04998779296875,49297.94805908203,0.06688114828672048,2009-07-01
HEROMOTOCO.NS,Automobile and Auto Components,34,1399.25,47574.5,0.06454299447419702,2009-07-01
LICHSGFIN.NS,Financial Services,393,126.08000183105467,49549.440719604485,0.0672223413501978,2009-07-01
MARUTI.NS,Automobile and Auto Components,45,1072.25,48251.25,0.06546112228448221,2009-07-01
MPHASIS.NS,Information Technology,124,369.8500061035156,45861.40075683594,0.06221888061098692,2009-07-01
PFC.NS,Financial Services,625,78.0,48750.0,0.06613776246974966,2009-07-01
RECLTD.NS,Financial Services,800,61.89374923706055,49514.99938964844,0.06717561576045881,2009-07-01
RENUKA.NS,Fast Moving Consumer Goods,684,73.25,50103.0,0.0679733397542947,2009-07-01
TORNTPOWER.NS,Power,289,172.6999969482422,49910.29911804199,0.06771190785360445,2009-07-01
UNIONBANK.NS,Financial Services,200,248.3000030517578,49660.00061035156,0.06737233486389856,2009-07-01
AUROPHARMA.NS,Healthcare,948,63.2400016784668,59951.52159118652,0.06752161312685592,2009-08-03
BAJAJ-AUTO.NS,Automobile and Auto Components,94,650.8250122070312,61177.55114746094,0.06890245369909957,2009-08-03
BEML.NS,Capital Goods,128,457.5210876464844,58562.69921875,0.0659574238545128,2009-08-03
CENTRALBK.NS,Financial Services,660,87.82599639892578,57965.157623291016,0.06528443055317652,2009-08-03
HEROMOTOCO.NS,Automobile and Auto Components,35,1624.25,56848.75,0.0640270538989898,2009-08-03
INDUSINDBK.NS,Financial Services,662,86.8499984741211,57494.698989868164,0.06475456700684683,2009-08-03
JINDALSTEL.NS,Metals & Mining,117,494.0916748046875,57808.72595214844,0.0651082462212474,2009-08-03
LICHSGFIN.NS,Financial Services,468,126.16000366210938,59042.88171386719,0.066498239096646,2009-08-03
M&M.NS,Automobile and Auto Components,263,229.7250061035156,60417.6766052246,0.06804662963485479,2009-08-03
MARUTI.NS,Automobile and Auto Components,40,1471.9000244140625,58876.0009765625,0.06631028629272136,2009-08-03
MPHASIS.NS,Information Technology,120,514.2000122070312,61704.00146484375,0.06949537901137486,2009-08-03
RECLTD.NS,Financial Services,756,75.5250015258789,57096.90115356445,0.06430653915212849,2009-08-03
TORNTPOWER.NS,Power,259,227.8500061035156,59013.15158081054,0.06646475493328897,2009-08-03
TVSMOTOR.NS,Automobile and Auto Components,1940,30.200000762939453,58588.00148010254,0.06598592103785254,2009-08-03
VEDL.NS,Metals & Mining,238,242.0500030517578,57607.90072631836,0.06488206275092485,2009-08-03
AUROPHARMA.NS,Healthcare,857,70.23500061035156,60191.39552307129,0.06605628234509534,2009-09-01
BAJAJ-AUTO.NS,Automobile and Auto Components,99,612.375,60625.125,0.06653227324944996,2009-09-01
BANKBARODA.NS,Financial Services,701,87.55000305175781,61372.55213928223,0.06735252766813825,2009-09-01
BEML.NS,Capital Goods,140,456.63677978515625,63929.149169921875,0.07015823260039611,2009-09-01
INDUSINDBK.NS,Financial Services,586,99.1500015258789,58101.90089416504,0.06376319300954925,2009-09-01
JINDALSTEL.NS,Metals & Mining,114,510.5750122070313,58205.55139160157,0.06387694293118469,2009-09-01
LICHSGFIN.NS,Financial Services,470,127.58000183105467,59962.600860595696,0.06580519454936969,2009-09-01
M&M.NS,Automobile and Auto Components,281,211.6999969482422,59487.699142456055,0.06528401969195043,2009-09-01
MARUTI.NS,Automobile and Auto Components,42,1540.449951171875,64698.89794921875,0.07100298361934428,2009-09-01
MPHASIS.NS,Information Technology,102,579.0,59058.0,0.06481245182696144,2009-09-01
PRSMJOHNSN.NS,Construction Materials,1068,55.59999847412109,59380.79837036132,0.06516670279768284,2009-09-01
RECLTD.NS,Financial Services,725,79.9124984741211,57936.56139373779,0.06358174327527896,2009-09-01
RENUKA.NS,Fast Moving Consumer Goods,610,101.875,62143.75,0.06819886896308265,2009-09-01
TORNTPOWER.NS,Power,264,228.25,60258.0,0.06612937658215724,2009-09-01
TVSMOTOR.NS,Automobile and Auto Components,2490,25.100000381469727,62499.00094985962,0.06858873460489677,2009-09-01
AUROPHARMA.NS,Healthcare,885,78.25,69251.25,0.06789476260055069,2009-10-01
BAJAJ-AUTO.NS,Automobile and Auto Components,91,754.875,68693.625,0.06734806031004861,2009-10-01
CENTRALBK.NS,Financial Services,507,125.46571350097656,63611.11674499512,0.06236510778011022,2009-10-01
INDUSINDBK.NS,Financial Services,595,113.0500030517578,67264.75181579588,0.06594717576821245,2009-10-01
JINDALSTEL.NS,Metals & Mining,117,593.25,69410.25,0.06805064812252304,2009-10-01
LICHSGFIN.NS,Financial Services,446,150.6199951171875,67176.51782226562,0.06586067009439377,2009-10-01
MARUTI.NS,Automobile and Auto Components,40,1655.949951171875,66237.998046875,0.06494053396188976,2009-10-01
MPHASIS.NS,Information Technology,104,663.3499755859375,68988.3974609375,0.0676370587939248,2009-10-01
MRF.NS,Automobile and Auto Components,12,5635.25,67623.0,0.06629840661846594,2009-10-01
NATCOPHARM.NS,Healthcare,2514,26.350000381469727,66243.90095901489,0.06494632124830538,2009-10-01
PRSMJOHNSN.NS,Construction Materials,1291,55.59999847412109,71779.59803009032,0.07037358557160972,2009-10-01
RAJESHEXPO.NS,Consumer Durables,940,71.30000305175781,67022.00286865234,0.06570918176611365,2009-10-01
TORNTPOWER.NS,Power,216,306.1000061035156,66117.60131835938,0.06482249555391227,2009-10-01
TVSMOTOR.NS,Automobile and Auto Components,2178,30.674999237060547,66810.14833831787,0.06550147702370236,2009-10-01
VEDL.NS,Metals & Mining,259,267.3999938964844,69256.59841918945,0.06790000625537505,2009-10-01
AUROPHARMA.NS,Healthcare,869,75.125,65283.625,0.06862440800635537,2009-11-03
CENTRALBK.NS,Financial Services,577,108.6660614013672,62700.317428588874,0.0659089038843581,2009-11-03
INDUSINDBK.NS,Financial Services,560,111.25,62300.0,0.06548810086443484,2009-11-03
JINDALSTEL.NS,Metals & Mining,104,617.5999755859375,64230.3974609375,0.0675172832662057,2009-11-03
JSWSTEEL.NS,Metals & Mining,877,67.62000274658203,59302.74240875244,0.06233746350564972,2009-11-03
LICHSGFIN.NS,Financial Services,453,138.9199981689453,62930.75917053223,0.06615113810650518,2009-11-03
MPHASIS.NS,Information Technology,97,661.6500244140625,64180.05236816406,0.06746436184544202,2009-11-03
NCC.NS,Construction,738,90.1858139038086,66557.13066101074,0.0699630832419846,2009-11-03
OFSS.NS,Information Technology,31,1975.4000244140625,61237.40075683594,0.06437112483851509,2009-11-03
RAJESHEXPO.NS,Consumer Durables,880,74.3499984741211,65427.99865722656,0.06877616974996084,2009-11-03
RECLTD.NS,Financial Services,875,75.0374984741211,65657.81116485596,0.06901774253775446,2009-11-03
TECHM.NS,Information Technology,284,224.1625061035156,63662.15173339843,0.06691995849058992,2009-11-03
TORNTPOWER.NS,Power,232,273.75,63510.0,0.06676002064045355,2009-11-03
VEDL.NS,Metals & Mining,216,282.6499938964844,61052.398681640625,0.0641766555839321,2009-11-03
YESBANK.NS,Financial Services,1389,43.619998931884766,60588.17851638794,0.06368867970904651,2009-11-03
ASHOKLEY.NS,Capital Goods,5765,13.25,76386.25,0.06735779947811446,2009-12-01
AUROPHARMA.NS,Healthcare,871,86.42500305175781,75276.17765808105,0.06637893181262261,2009-12-01
BAJAJ-AUTO.NS,Automobile and Auto Components,94,818.9500122070312,76981.30114746094,0.06788251872889449,2009-12-01
CENTRALBK.NS,Financial Services,586,129.9314422607422,76139.82516479492,0.06714050075437594,2009-12-01
HINDZINC.NS,Metals & Mining,619,117.98999786376952,73035.80867767333,0.06440336258989873,2009-12-01
JINDALSTEL.NS,Metals & Mining,107,706.7999877929688,75627.59869384766,0.06668881674164528,2009-12-01
JSWSTEEL.NS,Metals & Mining,721,101.58499908447266,73242.78433990479,0.06458587482414818,2009-12-01
LICHSGFIN.NS,Financial Services,435,173.91000366210938,75650.85159301758,0.06670932127118524,2009-12-01
MPHASIS.NS,Information Technology,109,681.1500244140625,74245.35266113281,0.06546994487529464,2009-12-01
OFSS.NS,Information Technology,34,2120.199951171875,72086.79833984375,0.0635665202519363,2009-12-01
RECLTD.NS,Financial Services,802,94.59375,75864.1875,0.06689744200291385,2009-12-01
RENUKA.NS,Fast Moving Consumer Goods,667,115.2750015258789,76888.42601776123,0.06780062094803974,2009-12-01
TORNTPOWER.NS,Power,232,319.5,74124.0,0.06536293545652204,2009-12-01
VEDL.NS,Metals & Mining,200,368.1000061035156,73620.00122070312,0.06491850666582877,2009-12-01
YESBANK.NS,Financial Services,1477,54.060001373291016,79846.62202835083,0.0704091738446442,2009-12-01
AUROPHARMA.NS,Healthcare,857,92.69499969482422,79439.61473846436,0.06737844783716267,2010-01-04
BAJAJ-AUTO.NS,Automobile and Auto Components,88,866.0250244140625,76210.2021484375,0.0646393508707666,2010-01-04
BSOFT.NS,Information Technology,2011,39.84660720825195,80131.52709579468,0.06796530844606359,2010-01-04
CENTRALBK.NS,Financial Services,559,136.86395263671875,76506.94952392578,0.06489104365183028,2010-01-04
HAVELLS.NS,Consumer Durables,1509,53.380001068115234,80550.42161178589,0.06832060299762843,2010-01-04
HINDZINC.NS,Metals & Mining,645,120.86000061035156,77954.70039367676,0.06611898523714478,2010-01-04
JINDALSAW.NS,Capital Goods,833,95.0500030517578,79176.65254211424,0.06715541069519951,2010-01-04
JINDALSTEL.NS,Metals & Mining,110,712.2999877929688,78352.99865722656,0.06645681062643671,2010-01-04
JSWSTEEL.NS,Metals & Mining,769,102.29499816894533,78664.85359191896,0.06672131721447987,2010-01-04
MPHASIS.NS,Information Technology,107,741.4000244140625,79329.80261230469,0.06728530827903796,2010-01-04
OFSS.NS,Information Technology,33,2376.89990234375,78437.69677734375,0.06652864919069726,2010-01-04
PATANJALI.NS,Fast Moving Consumer Goods,25,3001.666748046875,75041.66870117188,0.06364823365321991,2010-01-04
RAJESHEXPO.NS,Consumer Durables,867,89.5,77596.5,0.06581516973375823,2010-01-04
TORNTPOWER.NS,Power,244,315.20001220703125,76908.80297851562,0.0652318844542109,2010-01-04
VEDL.NS,Metals & Mining,190,413.8500061035156,78631.50115966797,0.06669302861912269,2010-01-04
AUROPHARMA.NS,Healthcare,871,89.22000122070312,77710.62106323242,0.0674213124566367,2010-02-01
BSOFT.NS,Information Technology,2153,37.5776481628418,80904.67649459839,0.07019245758835192,2010-02-01
ENGINERSIN.NS,Construction,420,179.85833740234375,75540.50170898438,0.065538528700065,2010-02-01
HAVELLS.NS,Consumer Durables,1343,56.525001525878906,75913.07704925537,0.0658617730402384,2010-02-01
INDUSINDBK.NS,Financial Services,504,148.5500030517578,74869.20153808594,0.0649561123204879,2010-02-01
JINDALSAW.NS,Capital Goods,846,92.625,78360.75,0.06798536078855316,2010-02-01
JSWSTEEL.NS,Metals & Mining,771,99.56500244140624,76764.6168823242,0.06660056437106421,2010-02-01
MPHASIS.NS,Information Technology,113,669.25,75625.25,0.06561205585672074,2010-02-01
OFSS.NS,Information Technology,34,2194.199951171875,74602.79833984375,0.06472498235366496,2010-02-01
RAJESHEXPO.NS,Consumer Durables,782,99.4499969482422,77769.8976135254,0.06747274046948713,2010-02-01
STLTECH.NS,Telecommunication,929,79.43000030517578,73790.4702835083,0.06402021094720664,2010-02-01
THERMAX.NS,Capital Goods,117,651.0,76167.0,0.06608207521216589,2010-02-01
TORNTPOWER.NS,Power,257,297.0,76329.0,0.06622262553165295,2010-02-01
TVSMOTOR.NS,Automobile and Auto Components,2041,37.025001525878906,75568.02811431885,0.06556241045971989,2010-02-01
VEDL.NS,Metals & Mining,216,365.25,78894.0,0.06844800559019806,2010-02-01
AUROPHARMA.NS,Healthcare,832,92.3499984741211,76835.19873046875,0.0640783480409485,2010-03-02
BAJAJ-AUTO.NS,Automobile and Auto Components,85,924.2249755859376,78559.1229248047,0.06551605128563427,2010-03-02
HAVELLS.NS,Consumer Durables,1480,52.98500061035156,78417.80090332031,0.06539819278031181,2010-03-02
HINDALCO.NS,Metals & Mining,477,169.25,80732.25,0.06732837682604252,2010-03-02
INDUSINDBK.NS,Financial Services,519,152.5,79147.5,0.06600674086055078,2010-03-02
JINDALSAW.NS,Capital Goods,790,98.7750015258789,78032.25120544434,0.0650766554102551,2010-03-02
JSWSTEEL.NS,Metals & Mining,714,111.2750015258789,79450.35108947754,0.06625930996737639,2010-03-02
KRBL.NS,Fast Moving Consumer Goods,3044,25.450000762939453,77469.8023223877,0.06460758920258934,2010-03-02
PATANJALI.NS,Fast Moving Consumer Goods,22,3361.666748046875,73956.66845703125,0.06167773650150582,2010-03-02
RAJESHEXPO.NS,Consumer Durables,763,101.9499969482422,77787.8476715088,0.06487282988538211,2010-03-02
STLTECH.NS,Telecommunication,950,87.37999725341797,83010.99739074707,0.06922878667484,2010-03-02
TVSMOTOR.NS,Automobile and Auto Components,2143,38.59999847412109,82719.79673004149,0.06898593369085927,2010-03-02
USHAMART.NS,Capital Goods,889,91.5999984741211,81432.39864349365,0.0679122806773954,2010-03-02
VEDL.NS,Metals & Mining,193,417.6499938964844,80606.44882202148,0.06722346225824469,2010-03-02
VIPIND.NS,Consumer Durables,1852,46.95000076293945,86951.40141296387,0.07251497041002224,2010-03-02
APOLLOTYRE.NS,Automobile and Auto Components,1222,72.25,88289.5,0.06657949439757115,2010-04-01
AUROPHARMA.NS,Healthcare,908,95.66500091552734,86863.82083129883,0.06550438356077545,2010-04-01
ENGINERSIN.NS,Construction,472,185.5708465576172,87589.43957519531,0.0660515757987429,2010-04-01
HAVELLS.NS,Consumer Durables,1454,62.20500183105469,90446.07266235352,0.06820577518397407,2010-04-01
INDUSINDBK.NS,Financial Services,510,177.1999969482422,90371.99844360352,0.06814991549474408,2010-04-01
JINDALSAW.NS,Capital Goods,817,109.875,89767.875,0.06769434338901417,2010-04-01
JSWSTEEL.NS,Metals & Mining,700,125.06500244140624,87545.50170898436,0.06601844206350561,2010-04-01
RAJESHEXPO.NS,Consumer Durables,727,120.6500015258789,87712.55110931396,0.06614441473990952,2010-04-01
STLTECH.NS,Telecommunication,983,87.6500015258789,86159.95149993896,0.06497359264901474,2010-04-01
TATAELXSI.NS,Information Technology,540,164.1750030517578,88654.50164794922,0.06685474372138359,2010-04-01
TVSMOTOR.NS,Automobile and Auto Components,2106,41.47499847412109,87346.34678649901,0.06586825847377113,2010-04-01
USHAMART.NS,Capital Goods,852,102.5,87330.0,0.06585593129126213,2010-04-01
VEDL.NS,Metals & Mining,185,470.3999938964844,87023.99887084961,0.06562517451425107,2010-04-01
VIPIND.NS,Consumer Durables,1727,52.63999938964844,90909.27894592285,0.06855508104890505,2010-04-01
YESBANK.NS,Financial Services,1692,51.61000061035156,87324.12103271484,0.06585149793656621,2010-04-01
APOLLOTYRE.NS,Automobile and Auto Components,1266,68.1500015258789,86277.9019317627,0.06354379425596166,2010-05-03
BAJAJ-AUTO.NS,Automobile and Auto Components,87,1047.300048828125,91115.10424804688,0.06710640046077555,2010-05-03
ENGINERSIN.NS,Construction,449,202.2333374023437,90802.76849365231,0.06687636474512121,2010-05-03
ESCORTS.NS,Capital Goods,510,177.10000610351562,90321.00311279297,0.06652154387493844,2010-05-03
HAVELLS.NS,Consumer Durables,1505,61.08000183105469,91925.4027557373,0.06770318643384333,2010-05-03
INDUSINDBK.NS,Financial Services,479,189.6000061035156,90818.40292358397,0.06688787952441744,2010-05-03
JINDALSAW.NS,Capital Goods,842,106.9499969482422,90051.89743041994,0.06632334716719575,2010-05-03
JSWSTEEL.NS,Metals & Mining,750,122.18499755859376,91638.74816894533,0.06749206493369324,2010-05-03
PATANJALI.NS,Fast Moving Consumer Goods,22,4015.0,88330.0,0.06505516732509654,2010-05-03
RAJESHEXPO.NS,Consumer Durables,734,123.25,90465.5,0.06662796603247506,2010-05-03
STLTECH.NS,Telecommunication,890,100.6500015258789,89578.50135803223,0.0659746903042927,2010-05-03
TATAELXSI.NS,Information Technology,582,147.75,85990.5,0.06333212233520565,2010-05-03
TVSMOTOR.NS,Automobile and Auto Components,1893,48.29999923706055,91431.89855575562,0.06733971990712029,2010-05-03
VEDL.NS,Metals & Mining,215,402.2000122070313,86473.00262451173,0.06368748618635937,2010-05-03
VIPIND.NS,Consumer Durables,1700,54.220001220703125,92174.00207519531,0.06788628017690057,2010-05-03
APOLLOTYRE.NS,Automobile and Auto Components,1204,69.55000305175781,83738.2036743164,0.06600529915077605,2010-06-01
BAJAJ-AUTO.NS,Automobile and Auto Components,78,1081.800048828125,84380.40380859375,0.06651150313077192,2010-06-01
CHOLAFIN.NS,Financial Services,3314,24.920000076293945,82584.88025283813,0.06509621041813085,2010-06-01
CUMMINSIND.NS,Capital Goods,214,397.71429443359375,85110.85900878906,0.0670872727543078,2010-06-01
ENGINERSIN.NS,Construction,503,167.64999389648438,84327.94692993164,0.06647015483552934,2010-06-01
ESCORTS.NS,Capital Goods,491,177.75,87275.25,0.06879331932069647,2010-06-01
HAVELLS.NS,Consumer Durables,1521,56.93999862670898,86605.73791122435,0.06826558712958605,2010-06-01
HCLTECH.NS,Information Technology,899,91.2375030517578,82022.51524353026,0.06465293519794983,2010-06-01
INDUSINDBK.NS,Financial Services,438,187.0,81906.0,0.06456109392159821,2010-06-01
LUPIN.NS,Healthcare,231,370.8599853515625,85668.65661621094,0.0675269477930352,2010-06-01
STLTECH.NS,Telecommunication,852,98.6999969482422,84092.39739990236,0.06628448668751323,2010-06-01
TITAN.NS,Consumer Durables,776,110.70999908447266,85910.95928955078,0.06771793899820878,2010-06-01
TVSMOTOR.NS,Automobile and Auto Components,1640,50.0,82000.0,0.06463518791750365,2010-06-01
VIPIND.NS,Consumer Durables,1689,49.59000015258789,83757.51025772095,0.06602051725621992,2010-06-01
WHIRLPOOL.NS,Consumer Durables,342,253.25,86611.5,0.06827012900386424,2010-06-01
AEGISLOG.NS,Oil Gas & Consumable Fuels,4120,22.76095390319824,93775.13008117674,0.06696438983304825,2010-07-01
APOLLOTYRE.NS,Automobile and Auto Components,1443,64.0999984741211,92496.29779815674,0.06605118157135768,2010-07-01
BAJAJ-AUTO.NS,Automobile and Auto Components,75,1247.2750244140625,93545.62683105469,0.06680050261587435,2010-07-01
CUMMINSIND.NS,Capital Goods,220,426.75,93885.0,0.06704284743762462,2010-07-01
EICHERMOT.NS,Automobile and Auto Components,1003,91.09500122070312,91368.28622436523,0.06524567368565093,2010-07-01
ESCORTS.NS,Capital Goods,484,194.1499938964844,93968.59704589845,0.0671025437042743,2010-07-01
INDUSINDBK.NS,Financial Services,454,205.5500030517578,93319.70138549805,0.06663917029251352,2010-07-01
LUPIN.NS,Healthcare,236,386.0,91096.0,0.06505123534300317,2010-07-01
PATANJALI.NS,Fast Moving Consumer Goods,25,3616.666748046875,90416.66870117188,0.06456612798158294,2010-07-01
STLTECH.NS,Telecommunication,799,116.8000030517578,93323.20243835448,0.06664167037828361,2010-07-01
TITAN.NS,Consumer Durables,786,117.48500061035156,92343.21047973633,0.0659418626201568,2010-07-01
TVSMOTOR.NS,Automobile and Auto Components,1533,59.375,91021.875,0.06499830302083973,2010-07-01
VIPIND.NS,Consumer Durables,1390,67.94999694824219,94450.49575805664,0.06744666536204295,2010-07-01
WHIRLPOOL.NS,Consumer Durables,356,264.8500061035156,94286.60217285156,0.0673296297053469,2010-07-01
ZYDUSLIFE.NS,Healthcare,698,134.02000427246094,93545.96298217773,0.06680074265984792,2010-07-01
AEGISLOG.NS,Oil Gas & Consumable Fuels,3628,29.441940307617188,106815.35943603516,0.07027341262434224,2010-08-02
BAJAJ-AUTO.NS,Automobile and Auto Components,74,1362.75,100843.5,0.06634454935506326,2010-08-02
BSOFT.NS,Information Technology,2240,46.35820007324219,103842.3681640625,0.06831749314340829,2010-08-02
CUMMINSIND.NS,Capital Goods,216,450.1785583496094,97238.56860351562,0.0639728789057465,2010-08-02
EICHERMOT.NS,Automobile and Auto Components,1017,99.15499877929688,100840.63375854492,0.06634266366587477,2010-08-02
ESCORTS.NS,Capital Goods,509,196.3000030517578,99916.70155334473,0.06573481223480944,2010-08-02
IGL.NS,Oil Gas & Consumable Fuels,3326,30.06999969482422,100012.81898498535,0.06579804752203532,2010-08-02
INDUSINDBK.NS,Financial Services,488,205.1999969482422,100137.59851074219,0.06588013949033349,2010-08-02
SHRIRAMFIN.NS,Financial Services,777,135.01609802246094,104907.50816345215,0.06901824463715414,2010-08-02
TITAN.NS,Consumer Durables,716,140.84750366210938,100846.81262207031,0.06634672871633532,2010-08-02
TVSMOTOR.NS,Automobile and Auto Components,1418,70.42500305175781,99862.65432739258,0.06569925477349872,2010-08-02
UBL.NS,Fast Moving Consumer Goods,312,320.45001220703125,99980.40380859375,0.06577672170262241,2010-08-02
UCOBANK.NS,Financial Services,1061,96.5500030517578,102439.55323791502,0.06739458661890438,2010-08-02
VIPIND.NS,Consumer Durables,1191,86.25,102723.75,0.0675815585715706,2010-08-02
WHIRLPOOL.NS,Consumer Durables,352,272.6499938964844,95972.7978515625,0.0631401332144015,2010-08-02
AEGISLOG.NS,Oil Gas & Consumable Fuels,3686,30.64999961853028,112975.89859390262,0.06644197448415934,2010-09-01
BAJAJ-AUTO.NS,Automobile and Auto Components,79,1374.574951171875,108591.42114257812,0.06386343036481212,2010-09-01
EICHERMOT.NS,Automobile and Auto Components,875,126.51499938964844,110700.62446594238,0.06510386868074543,2010-09-01
ESCORTS.NS,Capital Goods,569,195.4499969482422,111211.0482635498,0.06540405274972676,2010-09-01
HAVELLS.NS,Consumer Durables,1390,80.08000183105469,111311.20254516602,0.06546295423496781,2010-09-01
KARURVYSYA.NS,Financial Services,1814,63.07373809814453,114415.76091003418,0.06728876832656104,2010-09-01
M&MFIN.NS,Financial Services,1529,72.20036315917969,110394.35527038574,0.06492374946656149,2010-09-01
NATCOPHARM.NS,Healthcare,2054,53.68999862670898,110279.25717926024,0.06485605941471048,2010-09-01
POONAWALLA.NS,Financial Services,1402,77.80000305175781,109075.60427856445,0.06414818210360998,2010-09-01
TITAN.NS,Consumer Durables,750,147.8125,110859.375,0.06519723106214252,2010-09-01
TRENT.NS,Consumer Services,1077,105.86000061035156,114011.22065734863,0.06705085516560125,2010-09-01
TVSMOTOR.NS,Automobile and Auto Components,1514,71.6500015258789,108478.10231018066,0.06379678670838244,2010-09-01
UBL.NS,Fast Moving Consumer Goods,325,421.6000061035156,137020.00198364258,0.08058249227422373,2010-09-01
UCOBANK.NS,Financial Services,992,114.3000030517578,113385.60302734374,0.06668292473860778,2010-09-01
VIPIND.NS,Consumer Durables,1211,94.66999816894533,114645.36778259279,0.06742380185280687,2010-09-01
AEGISLOG.NS,Oil Gas & Consumable Fuels,3351,36.04999923706055,120803.54744338989,0.06587224435208956,2010-10-01
AJANTPHARM.NS,Healthcare,5560,21.471111297607425,119379.37881469728,0.06509566795269382,2010-10-01
BAJFINANCE.NS,Financial Services,16269,7.52926778793335,122493.65764188766,0.06679383444057248,2010-10-01
CUMMINSIND.NS,Capital Goods,229,531.9642944335938,121819.82342529297,0.06642640340805975,2010-10-01
EICHERMOT.NS,Automobile and Auto Components,974,129.19000244140625,125831.06237792969,0.0686136679216828,2010-10-01
INDUSINDBK.NS,Financial Services,453,264.6000061035156,119863.80276489258,0.0653598165931319,2010-10-01
KARURVYSYA.NS,Financial Services,2008,61.01430130004883,122516.71701049805,0.06680640834585799,2010-10-01
M&MFIN.NS,Financial Services,1543,78.01078033447266,120370.63405609131,0.06563618359861884,2010-10-01
NATCOPHARM.NS,Healthcare,2051,57.72999954223633,118404.22906112671,0.06456393437196283,2010-10-01
TITAN.NS,Consumer Durables,732,165.4949951171875,121142.33642578125,0.0660569805713826,2010-10-01
TVSMOTOR.NS,Automobile and Auto Components,1652,73.8499984741211,122000.19747924805,0.06652475849785935,2010-10-01
UBL.NS,Fast Moving Consumer Goods,291,418.7000122070313,121841.70355224611,0.06643833429171023,2010-10-01
UCOBANK.NS,Financial Services,1060,117.0500030517578,124073.00323486327,0.06765502635934156,2010-10-01
VGUARD.NS,Consumer Durables,8612,14.04285717010498,120937.08594894409,0.06594506076563406,2010-10-01
VIPIND.NS,Consumer Durables,1034,125.16000366210938,129415.4437866211,0.07056817383646194,2010-10-01
AEGISLOG.NS,Oil Gas & Consumable Fuels,3773,32.85499954223633,123961.91327285767,0.06494585830806814,2010-11-01
BAJFINANCE.NS,Financial Services,16354,7.759047031402588,126891.45515155792,0.06648069757230914,2010-11-01
CANBK.NS,Financial Services,888,144.35169982910156,128184.30944824219,0.06715804700770074,2010-11-01
EICHERMOT.NS,Automobile and Auto Components,965,129.85499572753906,125310.0708770752,0.06565218213309439,2010-11-01
KRBL.NS,Fast Moving Consumer Goods,2485,48.75,121143.75,0.0634693722828392,2010-11-01
M&MFIN.NS,Financial Services,1387,92.04601287841795,127667.81986236571,0.06688744889755305,2010-11-01
NATCOPHARM.NS,Healthcare,2291,54.38999938964844,124607.48860168457,0.06528408674232027,2010-11-01
RAYMOND.NS,Textiles,289,430.7000122070313,124472.30352783205,0.06521326086992132,2010-11-01
SRF.NS,Chemicals,1534,83.5,128089.0,0.06710811268708944,2010-11-01
TITAN.NS,Consumer Durables,701,189.625,132927.125,0.06964289270484447,2010-11-01
TVSMOTOR.NS,Automobile and Auto Components,1696,77.75,131864.0,0.06908590254721608,2010-11-01
UBL.NS,Fast Moving Consumer Goods,278,445.25,123779.5,0.06485028873948259,2010-11-01
UCOBANK.NS,Financial Services,1000,134.9499969482422,134949.9969482422,0.07070271141413402,2010-11-01
VGUARD.NS,Consumer Durables,9303,13.453572273254396,125158.58285808565,0.0655728148568326,2010-11-01
VIPIND.NS,Consumer Durables,1054,119.13999938964844,125573.55935668945,0.06579022844918478,2010-11-01
AEGISLOG.NS,Oil Gas & Consumable Fuels,3743,32.65999984741211,122246.37942886353,0.0653182349081349,2010-12-01
BAJAJ-AUTO.NS,Automobile and Auto Components,77,1571.199951171875,120982.39624023438,0.06464286806929241,2010-12-01
BAJFINANCE.NS,Financial Services,17713,6.930288791656494,122756.20536661148,0.06559064322419027,2010-12-01
CANBK.NS,Financial Services,844,144.75048828125,122169.412109375,0.06527711001365469,2010-12-01
CUMMINSIND.NS,Capital Goods,212,564.9285888671875,119764.86083984375,0.06399231904147468,2010-12-01
INDUSINDBK.NS,Financial Services,415,303.0,125745.0,0.0671876049572733,2010-12-01
KRBL.NS,Fast Moving Consumer Goods,3280,39.150001525878906,128412.00500488281,0.06861262924203322,2010-12-01
M&MFIN.NS,Financial Services,1268,96.17975616455078,121955.93081665039,0.06516304347612756,2010-12-01
NATCOPHARM.NS,Healthcare,1913,67.12999725341797,128419.68474578857,0.06861673265288973,2010-12-01
TITAN.NS,Consumer Durables,660,189.09500122070312,124802.70080566406,0.06668411912467082,2010-12-01
TVSMOTOR.NS,Automobile and Auto Components,1466,82.55000305175781,121018.30447387695,0.06466205442434979,2010-12-01
UBL.NS,Fast Moving Consumer Goods,317,406.5,128860.5,0.06885226743486195,2010-12-01
UCOBANK.NS,Financial Services,884,144.4499969482422,127693.7973022461,0.06822887914936929,2010-12-01
VGUARD.NS,Consumer Durables,9888,12.66785717010498,125259.77169799805,0.0669283395592933,2010-12-01
VIPIND.NS,Consumer Durables,983,128.55999755859375,126374.47760009766,0.06752394510857009,2010-12-01
AEGISLOG.NS,Oil Gas & Consumable Fuels,3609,33.75,121803.75,0.06612500762588588,2011-01-03
COROMANDEL.NS,Chemicals,385,308.8500061035156,118907.25234985352,0.0645525525150679,2011-01-03
CUB.NS,Financial Services,4544,26.63285255432129,121019.68200683594,0.06569935158469514,2011-01-03
CUMMINSIND.NS,Capital Goods,213,552.6428833007812,117712.9341430664,0.06390417920528448,2011-01-03
GSFC.NS,Chemicals,1626,74.63999938964844,121364.63900756836,0.06588662237318921,2011-01-03
KRBL.NS,Fast Moving Consumer Goods,3156,39.54999923706055,124819.79759216309,0.06776236419357629,2011-01-03
M&MFIN.NS,Financial Services,1353,91.68628692626952,124051.54621124266,0.06734529469923017,2011-01-03
NATCOPHARM.NS,Healthcare,1971,62.4900016784668,123167.79330825806,0.06686552156047823,2011-01-03
PETRONET.NS,Oil Gas & Consumable Fuels,1944,62.70000076293945,121888.8014831543,0.06617118050621322,2011-01-03
RAYMOND.NS,Textiles,322,380.2999877929688,122456.59606933595,0.06647942570671976,2011-01-03
SRF.NS,Chemicals,1718,72.93000030517578,125293.74052429199,0.06801965906340794,2011-01-03
TITAN.NS,Consumer Durables,678,184.34249877929688,124984.21417236328,0.06785162292017181,2011-01-03
UBL.NS,Fast Moving Consumer Goods,242,517.3499755859375,125198.69409179688,0.06796806010956988,2011-01-03
UCOBANK.NS,Financial Services,1046,117.0500030517578,122434.30319213866,0.06646732331517045,2011-01-03
VIPIND.NS,Consumer Durables,912,135.6300048828125,123694.564453125,0.06715149589190418,2011-01-03
BATAINDIA.NS,Consumer Durables,700,153.72500610351562,107607.50427246094,0.0662376655780376,2011-02-01
CANBK.NS,Financial Services,943,115.50275421142578,108919.09722137451,0.0670450149883973,2011-02-01
CUMMINSIND.NS,Capital Goods,211,499.71429443359375,105439.71612548828,0.0649032862771327,2011-02-01
HINDALCO.NS,Metals & Mining,481,229.8999938964844,110581.897064209,0.0680685493660185,2011-02-01
M&MFIN.NS,Financial Services,1301,83.23588562011719,108289.88719177246,0.06665770553632042,2011-02-01
NATCOPHARM.NS,Healthcare,1985,55.59000015258789,110346.15030288696,0.06792343573994632,2011-02-01
PETRONET.NS,Oil Gas & Consumable Fuels,1707,62.75,107114.25,0.06593404352337605,2011-02-01
SRF.NS,Chemicals,1682,63.91999816894531,107513.43692016602,0.0661797625361889,2011-02-01
SUNPHARMA.NS,Healthcare,498,216.5500030517578,107841.90151977539,0.06638194851243887,2011-02-01
TCS.NS,Information Technology,190,575.0750122070312,109264.25231933594,0.06725747478017387,2011-02-01
TITAN.NS,Consumer Durables,615,179.86000061035156,110613.90037536621,0.06808824896444478,2011-02-01
UBL.NS,Fast Moving Consumer Goods,227,452.25,102660.75,0.06319269713079659,2011-02-01
UCOBANK.NS,Financial Services,1028,105.5999984741211,108556.79843139648,0.06682200241829689,2011-02-01
VIPIND.NS,Consumer Durables,946,113.9800033569336,107825.08317565918,0.06637159600161095,2011-02-01
ZYDUSLIFE.NS,Healthcare,671,161.8800048828125,108621.48327636719,0.06686181909426298,2011-02-01
BANKBARODA.NS,Financial Services,591,178.3300018310547,105393.03108215332,0.06576465402724924,2011-03-01
BATAINDIA.NS,Consumer Durables,605,172.5500030517578,104392.75184631348,0.06514048545367086,2011-03-01
CANBK.NS,Financial Services,863,120.70645904541016,104169.67415618896,0.06500128623943818,2011-03-01
IOB.NS,Financial Services,771,136.85000610351562,105511.35470581055,0.0658384872977527,2011-03-01
JUBLFOOD.NS,Consumer Services,1909,55.21500015258789,105405.43529129028,0.0657723941834436,2011-03-01
M&MFIN.NS,Financial Services,1214,87.0099105834961,105630.03144836426,0.06591254091244608,2011-03-01
NESTLEIND.NS,Fast Moving Consumer Goods,584,178.63499450683594,104322.83679199219,0.06509685885605311,2011-03-01
SHRIRAMFIN.NS,Financial Services,708,150.38165283203125,106470.21020507812,0.06643680769449983,2011-03-01
SRF.NS,Chemicals,1692,63.7599983215332,107881.91716003418,0.06731770483283318,2011-03-01
SUNPHARMA.NS,Healthcare,488,223.1000061035156,108872.80297851561,0.06793601196722182,2011-03-01
TCS.NS,Information Technology,187,562.25,105140.75,0.06560723206191549,2011-03-01
TITAN.NS,Consumer Durables,621,170.11500549316406,105641.41841125488,0.06591964631274849,2011-03-01
UBL.NS,Fast Moving Consumer Goods,255,471.1000061035156,120130.50155639648,0.07496075207115038,2011-03-01
VIPIND.NS,Consumer Durables,998,106.83999633789062,106626.31634521484,0.06653421704113507,2011-03-01
ZYDUSLIFE.NS,Healthcare,696,149.02000427246094,103717.92297363281,0.0647193960620502,2011-03-01
BAJAJFINSV.NS,Financial Services,2212,51.45158767700195,113810.91194152832,0.06587538059712793,2011-04-01
BANKBARODA.NS,Financial Services,599,189.16000366210932,113306.84219360349,0.0655836178309258,2011-04-01
BATAINDIA.NS,Consumer Durables,583,196.5249938964844,114574.0714416504,0.06631710821066893,2011-04-01
CANBK.NS,Financial Services,937,122.42805480957033,114715.0873565674,0.06639873023536706,2011-04-01
FEDERALBNK.NS,Financial Services,2742,42.02999877929688,115246.25665283205,0.06670617860702162,2011-04-01
HCLTECH.NS,Information Technology,962,116.7874984741211,112349.57353210449,0.0650295370636761,2011-04-01
IOB.NS,Financial Services,801,145.85000610351562,116825.85488891602,0.06762047261642244,2011-04-01
JUBLFOOD.NS,Consumer Services,2104,55.650001525878906,117087.60321044922,0.06777197628164672,2011-04-01
M&MFIN.NS,Financial Services,1208,95.64322662353516,115537.01776123047,0.06687447528747023,2011-04-01
PETRONET.NS,Oil Gas & Consumable Fuels,1893,62.625,118549.125,0.06861792595813396,2011-04-01
SHRIRAMFIN.NS,Financial Services,726,153.96726989746094,111780.23794555664,0.06469999749834342,2011-04-01
TCS.NS,Information Technology,193,590.0750122070312,113884.47735595703,0.06591796130921963,2011-04-01
TITAN.NS,Consumer Durables,603,192.9149932861328,116327.74095153809,0.06733215715839005,2011-04-01
VIPIND.NS,Consumer Durables,860,136.22000122070312,117149.20104980469,0.06780762999043684,2011-04-01
ZYDUSLIFE.NS,Healthcare,710,159.47999572753906,113230.79696655273,0.06553960176788663,2011-04-01
BAJAJFINSV.NS,Financial Services,2337,51.24526977539063,119760.1954650879,0.06693286537236025,2011-05-02
BATAINDIA.NS,Consumer Durables,567,212.8999938964844,120714.29653930666,0.06746610363657905,2011-05-02
BLUEDART.NS,Services,83,1426.949951171875,118436.84594726562,0.06619325756884095,2011-05-02
HFCL.NS,Telecommunication,6089,19.5,118735.5,0.06636017255613659,2011-05-02
ITC.NS,Fast Moving Consumer Goods,987,122.7074966430664,121112.29918670654,0.06768854363438305,2011-05-02
JUBLFOOD.NS,Consumer Services,1652,68.01499938964844,112360.77899169922,0.06279739995562479,2011-05-02
M&MFIN.NS,Financial Services,1373,87.41230773925781,120017.09852600098,0.06707644611655547,2011-05-02
NESTLEIND.NS,Fast Moving Consumer Goods,610,197.5175018310547,120485.67611694336,0.06733832979743334,2011-05-02
PETRONET.NS,Oil Gas & Consumable Fuels,1848,66.57499694824219,123030.59436035156,0.06876066106124096,2011-05-02
SUNPHARMA.NS,Healthcare,523,232.6499938964844,121675.94680786134,0.06800356107567641,2011-05-02
TCS.NS,Information Technology,209,579.2249755859375,121058.01989746094,0.06765820744174847,2011-05-02
TIMKEN.NS,Capital Goods,552,214.25,118266.0,0.06609777334936941,2011-05-02
TITAN.NS,Consumer Durables,550,195.88999938964844,107739.49966430664,0.06021460968990074,2011-05-02
VIPIND.NS,Consumer Durables,893,134.36000061035156,119983.48054504395,0.06705765733799053,2011-05-02
ZYDUSLIFE.NS,Healthcare,705,173.1300048828125,122056.65344238281,0.06821633449188395,2011-05-02
ASIANPAINT.NS,Consumer Durables,394,316.9349975585937,124872.38903808591,0.06691162951012661,2011-06-01
BATAINDIA.NS,Consumer Durables,509,247.6499938964844,126053.84689331056,0.06754470196833441,2011-06-01
BLUEDART.NS,Services,92,1327.949951171875,122171.3955078125,0.06546432895153971,2011-06-01
HFCL.NS,Telecommunication,6750,18.549999237060547,125212.49485015869,0.06709387183180361,2011-06-01
HINDZINC.NS,Metals & Mining,890,137.14999389648438,122063.4945678711,0.06540651130447801,2011-06-01
IGL.NS,Oil Gas & Consumable Fuels,3610,34.244998931884766,123624.446144104,0.06624293170418935,2011-06-01
JUBLFOOD.NS,Consumer Services,1470,85.00499725341797,124957.34596252441,0.06695715283434694,2011-06-01
PETRONET.NS,Oil Gas & Consumable Fuels,1791,71.0999984741211,127340.09726715088,0.06823392645690741,2011-06-01
RAYMOND.NS,Textiles,341,371.0,126511.0,0.06778966292038985,2011-06-01
TCS.NS,Information Technology,214,587.7000122070312,125767.80261230469,0.06739142798117366,2011-06-01
TIMKEN.NS,Capital Goods,634,193.9499969482422,122964.29806518555,0.06588919791228647,2011-06-01
TITAN.NS,Consumer Durables,567,215.4774932861328,122175.7386932373,0.06546665620431573,2011-06-01
UBL.NS,Fast Moving Consumer Goods,218,563.6500244140625,122875.70532226562,0.06584172637084158,2011-06-01
VIPIND.NS,Consumer Durables,809,151.3800048828125,122466.42395019531,0.06562241701234911,2011-06-01
ZYDUSLIFE.NS,Healthcare,672,181.4600067138672,121941.12451171875,0.06534094052519308,2011-06-01
BATAINDIA.NS,Consumer Durables,422,305.25,128815.5,0.06666169362260564,2011-07-01
BHARTIARTL.NS,Telecommunication,365,345.58709716796875,126139.2904663086,0.0652767619955512,2011-07-01
BLUEDART.NS,Services,90,1488.25,133942.5,0.0693149030826714,2011-07-01
COROMANDEL.NS,Chemicals,366,348.1000061035156,127404.60223388672,0.06593155761709807,2011-07-01
FEDERALBNK.NS,Financial Services,2869,45.11000061035156,129420.59175109863,0.06697482706481798,2011-07-01
HFCL.NS,Telecommunication,7878,16.450000762939453,129593.10601043701,0.06706410275525543,2011-07-01
IGL.NS,Oil Gas & Consumable Fuels,3402,38.584999084472656,131266.16688537598,0.06792990750279862,2011-07-01
JUBLFOOD.NS,Consumer Services,1359,85.26499938964844,115875.13417053223,0.0599650872181868,2011-07-01
PETRONET.NS,Oil Gas & Consumable Fuels,1910,67.94999694824219,129784.49417114258,0.06716314564164681,2011-07-01
TCS.NS,Information Technology,217,595.9500122070312,129321.15264892578,0.06692336758235544,2011-07-01
TIMKEN.NS,Capital Goods,575,229.3000030517578,131847.50175476074,0.06823074681914693,2011-07-01
TITAN.NS,Consumer Durables,603,213.6000061035156,128800.80368041991,0.06665408831460135,2011-07-01
UBL.NS,Fast Moving Consumer Goods,243,529.6500244140625,128704.95593261719,0.06660448734889116,2011-07-01
VGUARD.NS,Consumer Durables,8084,15.800000190734863,127727.20154190063,0.06609850193850106,2011-07-01
VIPIND.NS,Consumer Durables,845,153.1199951171875,129386.39587402344,0.06695713078540484,2011-07-01
BATAINDIA.NS,Consumer Durables,409,331.8500061035156,135726.6524963379,0.06676983895463014,2011-08-01
BHARTIARTL.NS,Telecommunication,335,397.7698974609375,133252.91564941406,0.06555290029264041,2011-08-01
HFCL.NS,Telecommunication,8632,15.550000190734863,134227.60164642334,0.06603239069378618,2011-08-01
IDEA.NS,Telecommunication,2366,59.362300872802734,140451.20386505127,0.06909405109881737,2011-08-01
IGL.NS,Oil Gas & Consumable Fuels,3330,41.22999954223633,137295.89847564697,0.06754181925025775,2011-08-01
ITC.NS,Fast Moving Consumer Goods,1005,134.10198974609375,134772.49969482422,0.06630044972470792,2011-08-01
JUBLFOOD.NS,Consumer Services,1566,89.21499633789062,139710.68426513672,0.0687297573251212,2011-08-01
MOTHERSON.NS,Automobile and Auto Components,16029,8.384943962097168,134402.2667684555,0.06611831605814594,2011-08-01
NESTLEIND.NS,Fast Moving Consumer Goods,621,211.96749877929688,131631.81674194336,0.0647554112881557,2011-08-01
PETRONET.NS,Oil Gas & Consumable Fuels,1565,86.42500305175781,135255.12977600098,0.0665378764364269,2011-08-01
RAYMOND.NS,Textiles,355,370.1499938964844,131403.24783325195,0.06464296830851489,2011-08-01
TIMKEN.NS,Capital Goods,580,232.3000030517578,134734.00177001953,0.06628151092240182,2011-08-01
TITAN.NS,Consumer Durables,593,228.0500030517578,135233.65180969238,0.06652731049138132,2011-08-01
VGUARD.NS,Consumer Durables,8178,16.467857360839844,134674.13749694824,0.06625206108481584,2011-08-01
VIPIND.NS,Consumer Durables,821,165.7100067138672,136047.91551208496,0.06692788219395698,2011-08-01
BATAINDIA.NS,Consumer Durables,377,351.125,132374.125,0.06619389718555437,2011-09-02
BHARTIARTL.NS,Telecommunication,349,368.2537231445313,128520.54937744142,0.06426691040806745,2011-09-02
CHAMBLFERT.NS,Chemicals,1220,112.8499984741211,137676.99813842773,0.06884560755050011,2011-09-02
HEROMOTOCO.NS,Automobile and Auto Components,62,2072.75,128510.5,0.06426188520048147,2011-09-02
IDEA.NS,Telecommunication,2164,60.4476432800293,130808.7000579834,0.06541110388917905,2011-09-02
IGL.NS,Oil Gas & Consumable Fuels,3020,43.834999084472656,132381.69723510742,0.06619768369407455,2011-09-02
JUBLFOOD.NS,Consumer Services,1380,100.31500244140624,138434.7033691406,0.06922449928737666,2011-09-02
MFSL.NS,Financial Services,675,193.4499969482422,130578.74794006348,0.06529611595742733,2011-09-02
NESTLEIND.NS,Fast Moving Consumer Goods,589,224.6100006103516,132295.2903594971,0.06615447579494567,2011-09-02
PETRONET.NS,Oil Gas & Consumable Fuels,1494,88.94999694824219,132891.29544067383,0.06645250910821955,2011-09-02
SUNPHARMA.NS,Healthcare,521,252.9750061035156,131799.9781799316,0.06590679413141128,2011-09-02
TIMKEN.NS,Capital Goods,635,208.5500030517578,132429.2519378662,0.06622146350077851,2011-09-02
TITAN.NS,Consumer Durables,635,210.8999938964844,133921.4961242676,0.06696766264090802,2011-09-02
VIPIND.NS,Consumer Durables,809,178.72999572753906,144592.5665435791,0.07230374881481637,2011-09-02
ZYDUSLIFE.NS,Healthcare,773,165.88999938964844,128232.96952819824,0.06412310563524315,2011-09-02
ASIANPAINT.NS,Consumer Durables,399,312.94000244140625,124863.0609741211,0.06676061902225441,2011-10-03
BATAINDIA.NS,Consumer Durables,387,317.67498779296875,122940.2202758789,0.06573253245850728,2011-10-03
CHAMBLFERT.NS,Chemicals,1346,92.0999984741211,123966.59794616699,0.06628130651613874,2011-10-03
GMDCLTD.NS,Metals & Mining,758,164.39999389648438,124615.19537353516,0.06662809255045128,2011-10-03
IDEA.NS,Telecommunication,2119,59.24170684814453,125533.17681121826,0.06711891031955407,2011-10-03
IGL.NS,Oil Gas & Consumable Fuels,2926,42.935001373291016,125627.81401824951,0.06716951006037936,2011-10-03
JUBLFOOD.NS,Consumer Services,1578,75.29000091552734,118807.62144470215,0.06352295298810501,2011-10-03
LUPIN.NS,Healthcare,267,472.3999938964844,126130.79837036133,0.0674384410512066,2011-10-03
M&M.NS,Automobile and Auto Components,313,405.2000122070313,126827.6038208008,0.06781100250249972,2011-10-03
NESTLEIND.NS,Fast Moving Consumer Goods,586,209.47250366210932,122750.88714599606,0.0656313015832285,2011-10-03
PETRONET.NS,Oil Gas & Consumable Fuels,1582,80.3499984741211,127113.69758605957,0.06796396845350297,2011-10-03
RAJESHEXPO.NS,Consumer Durables,1051,122.75,129010.25,0.06897799944213183,2011-10-03
TIMKEN.NS,Capital Goods,603,206.5500030517578,124549.65184020996,0.06659304834423402,2011-10-03
TITAN.NS,Consumer Durables,607,204.0500030517578,123858.35185241699,0.06622343050245533,2011-10-03
VIPIND.NS,Consumer Durables,691,173.72999572753906,120047.42704772949,0.06418584070589467,2011-10-03
ACC.NS,Construction Materials,108,1184.1500244140625,127888.20263671875,0.06525062385323628,2011-11-01
ASIANPAINT.NS,Consumer Durables,417,313.31500244140625,130652.3560180664,0.06666093949486984,2011-11-01
BAJAJ-AUTO.NS,Automobile and Auto Components,75,1713.5,128512.5,0.0655691504380515,2011-11-01
BATAINDIA.NS,Consumer Durables,359,365.1499938964844,131088.8478088379,0.06688364464724078,2011-11-01
HEROMOTOCO.NS,Automobile and Auto Components,60,2137.35009765625,128241.005859375,0.06543062974823775,2011-11-01
HINDUNILVR.NS,Fast Moving Consumer Goods,350,388.1000061035156,135835.00213623047,0.0693052091417064,2011-11-01
IDEA.NS,Telecommunication,2292,57.25190734863281,131221.3716430664,0.06695126044510602,2011-11-01
IGL.NS,Oil Gas & Consumable Fuels,3085,41.7599983215332,128829.59482192993,0.06573093733101718,2011-11-01
ITC.NS,Fast Moving Consumer Goods,958,133.71682739257812,128100.72064208984,0.065359053967544,2011-11-01
JUBLFOOD.NS,Consumer Services,1627,82.5199966430664,134260.03453826904,0.06850163526861398,2011-11-01
M&M.NS,Automobile and Auto Components,303,417.0249938964844,126358.57315063477,0.06447018221613857,2011-11-01
PETRONET.NS,Oil Gas & Consumable Fuels,1610,81.375,131013.75,0.06684532853382566,2011-11-01
RAJESHEXPO.NS,Consumer Durables,895,146.9499969482422,131520.24726867676,0.06710375161022936,2011-11-01
TITAN.NS,Consumer Durables,608,215.0500030517578,130750.40185546875,0.06671096406261585,2011-11-01
VIPIND.NS,Consumer Durables,753,173.0,130269.0,0.06646534507082605,2011-11-01
ACC.NS,Construction Materials,106,1171.5,124179.0,0.06770362351602825,2011-12-01
BATAINDIA.NS,Consumer Durables,395,309.29998779296875,122173.49517822266,0.0666102023786927,2011-12-01
BHARTIARTL.NS,Telecommunication,349,341.6666259765625,119241.65246582031,0.06501173262769858,2011-12-01
COLPAL.NS,Fast Moving Consumer Goods,244,501.125,122274.5,0.06666527121019333,2011-12-01
DIVISLAB.NS,Healthcare,326,379.4500122070313,123700.7039794922,0.0674428517776371,2011-12-01
HAVELLS.NS,Consumer Durables,1478,83.94000244140625,124063.32360839844,0.06764055559901584,2011-12-01
HINDUNILVR.NS,Fast Moving Consumer Goods,306,390.6000061035156,119523.60186767578,0.06516545424048167,2011-12-01
IDEA.NS,Telecommunication,2100,55.6540412902832,116873.48670959473,0.06372058514879274,2011-12-01
IGL.NS,Oil Gas & Consumable Fuels,3052,40.0099983215332,122110.51487731934,0.06657586489343928,2011-12-01
ITC.NS,Fast Moving Consumer Goods,944,130.73179626464844,123410.81567382812,0.06728480179568863,2011-12-01
JUBLFOOD.NS,Consumer Services,1566,79.38999938964844,124324.73904418945,0.0677830818896614,2011-12-01
NESTLEIND.NS,Fast Moving Consumer Goods,583,210.32749938964844,122620.93214416504,0.06685414945419917,2011-12-01
PETRONET.NS,Oil Gas & Consumable Fuels,1472,81.07499694824219,119342.3955078125,0.06506665873426166,2011-12-01
RAJESHEXPO.NS,Consumer Durables,926,134.4499969482422,124500.69717407227,0.06787901600879724,2011-12-01
SUNPHARMA.NS,Healthcare,465,261.3500061035156,121527.75283813477,0.06625813724463887,2011-12-01
ACC.NS,Construction Materials,102,1138.8499755859375,116162.69750976562,0.06634736337295306,2012-01-02
AMBUJACEM.NS,Construction Materials,755,156.25,117968.75,0.06737890640190289,2012-01-02
APOLLOHOSP.NS,Healthcare,211,552.5999755859375,116598.59484863281,0.06659633003570375,2012-01-02
BAJAJ-AUTO.NS,Automobile and Auto Components,73,1475.5,107711.5,0.06152038634730438,2012-01-02
DIVISLAB.NS,Healthcare,311,390.7999877929688,121538.7962036133,0.06941797021332523,2012-01-02
GRASIM.NS,Construction Materials,308,373.1203002929688,114921.05249023439,0.06563818671764915,2012-01-02
HINDUNILVR.NS,Fast Moving Consumer Goods,288,402.3999938964844,115891.1982421875,0.06619229413861488,2012-01-02
IGL.NS,Oil Gas & Consumable Fuels,3102,37.3650016784668,115906.235206604,0.06620088263529718,2012-01-02
ITC.NS,Fast Moving Consumer Goods,909,127.5220718383789,115917.56330108643,0.06620735277775305,2012-01-02
LICHSGFIN.NS,Financial Services,530,218.0,115540.0,0.06599170412228544,2012-01-02
PETRONET.NS,Oil Gas & Consumable Fuels,1506,77.8499984741211,117242.09770202637,0.0669638724444193,2012-01-02
PRAJIND.NS,Capital Goods,1579,75.3499984741211,118977.6475906372,0.06795514728203979,2012-01-02
RAJESHEXPO.NS,Consumer Durables,933,126.0500030517578,117604.65284729002,0.06717094905749055,2012-01-02
SUNPHARMA.NS,Healthcare,471,247.6000061035156,116619.60287475584,0.06660832895767108,2012-01-02
ULTRACEMCO.NS,Construction Materials,101,1154.0,116554.0,0.06657085928915403,2012-01-02
ACC.NS,Construction Materials,104,1202.0,125008.0,0.06637139638111057,2012-02-01
AMBUJACEM.NS,Construction Materials,773,163.1999969482422,126153.59764099121,0.06697963677471333,2012-02-01
APOLLOTYRE.NS,Automobile and Auto Components,1718,73.05000305175781,125499.90524291992,0.06663256716905842,2012-02-01
BAJAJ-AUTO.NS,Automobile and Auto Components,76,1610.800048828125,122420.8037109375,0.06499775765065248,2012-02-01
BATAINDIA.NS,Consumer Durables,360,342.7250061035156,123381.00219726562,0.06550756273785191,2012-02-01
HAVELLS.NS,Consumer Durables,1297,96.6500015258789,125355.05197906494,0.06655565918403013,2012-02-01
HINDUNILVR.NS,Fast Moving Consumer Goods,328,384.75,126198.0,0.06700321163848227,2012-02-01
IDEA.NS,Telecommunication,2233,56.16656494140625,125419.93951416016,0.06659011038964896,2012-02-01
INDUSINDBK.NS,Financial Services,432,293.45001220703125,126770.4052734375,0.06730712288651407,2012-02-01
ITC.NS,Fast Moving Consumer Goods,954,129.41580200195312,123462.67510986328,0.0655509259246529,2012-02-01
JUBLFOOD.NS,Consumer Services,1325,93.44499969482422,123814.62459564209,0.06573778899603036,2012-02-01
KOTAKBANK.NS,Financial Services,2501,51.095001220703125,127788.59805297852,0.06784771930084996,2012-02-01
LICHSGFIN.NS,Financial Services,496,253.8000030517578,125884.80151367188,0.06683692291390426,2012-02-01
PETRONET.NS,Oil Gas & Consumable Fuels,1523,82.25,125266.75,0.06650877637929958,2012-02-01
ULTRACEMCO.NS,Construction Materials,101,1239.1500244140625,125154.15246582031,0.06644899416078097,2012-02-01
ACC.NS,Construction Materials,102,1322.050048828125,134849.10498046875,0.06751689087638495,2012-03-01
AMBUJACEM.NS,Construction Materials,833,164.35000610351562,136903.55508422852,0.06854552272000465,2012-03-01
APOLLOTYRE.NS,Automobile and Auto Components,1606,81.9000015258789,131531.40245056152,0.0658557678032693,2012-03-01
BAJAJ-AUTO.NS,Automobile and Auto Components,74,1774.199951171875,131290.79638671875,0.06573530001552222,2012-03-01
BAJAJFINSV.NS,Financial Services,2113,62.60254287719727,132279.17309951785,0.06623016516625854,2012-03-01
GODREJIND.NS,Diversified,531,250.69943237304688,133121.3985900879,0.0666518546283307,2012-03-01
HAVELLS.NS,Consumer Durables,1234,106.61000061035156,131556.74075317383,0.06586845430506488,2012-03-01
HINDUNILVR.NS,Fast Moving Consumer Goods,352,380.3500061035156,133883.2021484375,0.06703327805509933,2012-03-01
INDUSINDBK.NS,Financial Services,424,309.95001220703125,131418.80517578125,0.0657993920645099,2012-03-01
JUBLFOOD.NS,Consumer Services,1286,100.66999816894533,129461.61764526369,0.0648194581083912,2012-03-01
KOTAKBANK.NS,Financial Services,2464,55.47999954223633,136702.7188720703,0.06844496709064192,2012-03-01
LICHSGFIN.NS,Financial Services,514,253.5,130299.0,0.06523872268619266,2012-03-01
MRF.NS,Automobile and Auto Components,13,9757.5498046875,126848.1474609375,0.0635109334335749,2012-03-01
TATACONSUM.NS,Fast Moving Consumer Goods,1062,123.3499984741211,130997.6983795166,0.0655885503120576,2012-03-01
ULTRACEMCO.NS,Construction Materials,95,1416.8499755859375,134600.74768066406,0.06739254216297158,2012-03-01
ACC.NS,Construction Materials,100,1342.0,134200.0,0.06390953553405031,2012-04-02
APOLLOHOSP.NS,Healthcare,212,620.4500122070312,131535.40258789062,0.06264058484110588,2012-04-02
BATAINDIA.NS,Consumer Durables,352,404.0499877929688,142225.59570312503,0.06773153325216351,2012-04-02
COLPAL.NS,Fast Moving Consumer Goods,243,572.4000244140625,139093.2059326172,0.06623980765346926,2012-04-02
GODREJCP.NS,Fast Moving Consumer Goods,856,166.73333740234375,142723.73681640625,0.06796876102548853,2012-04-02
GODREJIND.NS,Diversified,530,273.73101806640625,145077.4395751953,0.06908965558658704,2012-04-02
HAVELLS.NS,Consumer Durables,1200,119.08000183105467,142896.0021972656,0.06805079828688433,2012-04-02
HINDUNILVR.NS,Fast Moving Consumer Goods,335,405.6499938964844,135892.74795532227,0.06471566620171693,2012-04-02
JUBLFOOD.NS,Consumer Services,1266,119.8499984741211,151730.0980682373,0.07225782484409055,2012-04-02
LICHSGFIN.NS,Financial Services,516,266.0,137256.0,0.06536488233428919,2012-04-02
MRF.NS,Automobile and Auto Components,13,10498.349609375,136478.544921875,0.06499463797555925,2012-04-02
OFSS.NS,Information Technology,51,2616.14990234375,133423.64501953125,0.06353981507047875,2012-04-02
RAYMOND.NS,Textiles,321,428.0499877929688,137404.046081543,0.06543538573450565,2012-04-02
ULTRACEMCO.NS,Construction Materials,92,1495.0,137540.0,0.0655001305316936,2012-04-02
YESBANK.NS,Financial Services,1848,74.61000061035156,137879.2811279297,0.06566170504213663,2012-04-02
APOLLOHOSP.NS,Healthcare,220,615.2000122070312,135344.00268554688,0.0646594592922876,2012-05-02
APOLLOTYRE.NS,Automobile and Auto Components,1556,87.80000305175781,136616.80474853516,0.06526752977598786,2012-05-02
ASIANPAINT.NS,Consumer Durables,399,353.0799865722656,140878.91464233398,0.06730371694135216,2012-05-02
BAJAJFINSV.NS,Financial Services,1975,72.18647003173828,142568.2783126831,0.06811079623046257,2012-05-02
BATAINDIA.NS,Consumer Durables,320,438.25,140240.0,0.06699848084305808,2012-05-02
GODREJCP.NS,Fast Moving Consumer Goods,777,182.0,141414.0,0.06755934947190684,2012-05-02
GODREJIND.NS,Diversified,527,264.28857421875,139280.07861328125,0.06653988647170242,2012-05-02
HAVELLS.NS,Consumer Durables,1265,111.80999755859376,141439.64691162112,0.06757160206829112,2012-05-02
HINDUNILVR.NS,Fast Moving Consumer Goods,327,425.0,138975.0,0.06639413772934966,2012-05-02
JUBLFOOD.NS,Consumer Services,1193,118.45500183105467,141316.8171844482,0.06751292119890327,2012-05-02
LUPIN.NS,Healthcare,255,547.0499877929688,139497.74688720703,0.06664387565938609,2012-05-02
MRF.NS,Automobile and Auto Components,12,11264.7998046875,135177.59765625,0.06457996068869708,2012-05-02
SUNPHARMA.NS,Healthcare,467,298.32501220703125,139317.7807006836,0.06655789832695462,2012-05-02
TIMKEN.NS,Capital Goods,569,236.3000030517578,134454.7017364502,0.06423460324121967,2012-05-02
ULTRACEMCO.NS,Construction Materials,98,1422.699951171875,139424.59521484375,0.06660892806298371,2012-05-02
APOLLOHOSP.NS,Healthcare,208,641.1500244140625,133359.205078125,0.06511707420087462,2012-06-01
APOLLOTYRE.NS,Automobile and Auto Components,1637,80.8499984741211,132351.44750213623,0.06462500299503839,2012-06-01
ASIANPAINT.NS,Consumer Durables,349,377.9800109863281,131915.02383422852,0.06441190460149655,2012-06-01
ASTRAZEN.NS,Healthcare,75,1783.5,133762.5,0.06531399638061607,2012-06-01
BAJAJFINSV.NS,Financial Services,2159,64.24325561523438,138701.18887329102,0.06772547573540622,2012-06-01
BATAINDIA.NS,Consumer Durables,317,429.8999938964844,136278.29806518555,0.0665424185895602,2012-06-01
BSOFT.NS,Information Technology,1894,76.55397033691406,144993.21981811523,0.07079776943772917,2012-06-01
COLPAL.NS,Fast Moving Consumer Goods,231,591.4000244140625,136613.40563964844,0.06670604602554253,2012-06-01
GODREJCP.NS,Fast Moving Consumer Goods,724,187.5,135750.0,0.06628445946112424,2012-06-01
GODREJIND.NS,Diversified,540,247.5519561767578,133678.05633544922,0.06527276394850066,2012-06-01
HAVELLS.NS,Consumer Durables,1255,105.6999969482422,132653.49617004397,0.06477248831867166,2012-06-01
JUBLFOOD.NS,Consumer Services,1097,123.3550033569336,135320.43868255615,0.06607471183878778,2012-06-01
MRF.NS,Automobile and Auto Components,13,10604.2998046875,137855.8974609375,0.06731273404586675,2012-06-01
NATCOPHARM.NS,Healthcare,1787,74.12999725341797,132470.3050918579,0.06468303917247893,2012-06-01
ULTRACEMCO.NS,Construction Materials,99,1466.199951171875,145153.79516601562,0.07087617570025852,2012-06-01
AJANTPHARM.NS,Healthcare,2197,63.924442291259766,140441.9997138977,0.06768155252168538,2012-07-02
ASIANPAINT.NS,Consumer Durables,355,392.114990234375,139200.82153320312,0.06708340619511227,2012-07-02
ASTRAZEN.NS,Healthcare,74,1845.25,136548.5,0.06580520423615711,2012-07-02
BAJAJFINSV.NS,Financial Services,2033,66.31625366210938,134820.94369506836,0.06497266345046201,2012-07-02
BATAINDIA.NS,Consumer Durables,313,438.9500122070313,137391.3538208008,0.06621139081322697,2012-07-02
BSOFT.NS,Information Technology,1886,74.22285461425781,139984.30380249023,0.06746098054229181,2012-07-02
DIVISLAB.NS,Healthcare,267,522.4500122070312,139494.15325927734,0.06722476808589291,2012-07-02
GODREJCP.NS,Fast Moving Consumer Goods,719,191.86666870117188,137952.13479614258,0.06648164135874095,2012-07-02
HAVELLS.NS,Consumer Durables,1172,116.41000366210938,136432.5242919922,0.06574931343434028,2012-07-02
INDUSINDBK.NS,Financial Services,402,338.5,136077.0,0.06557797981554943,2012-07-02
ITC.NS,Fast Moving Consumer Goods,827,160.51797485351562,132748.36520385742,0.06397385020161928,2012-07-02
JUBLFOOD.NS,Consumer Services,1178,122.58000183105467,144399.2421569824,0.06958861958708103,2012-07-02
KOTAKBANK.NS,Financial Services,2321,59.8849983215332,138993.08110427856,0.0669832923062487,2012-07-02
MRF.NS,Automobile and Auto Components,13,10142.0498046875,131846.6474609375,0.06353929603049172,2012-07-02
ULTRACEMCO.NS,Construction Materials,90,1514.8499755859375,136336.49780273438,0.06570303652366244,2012-07-02
ACC.NS,Construction Materials,105,1323.4000244140625,138957.00256347656,0.06674595628941175,2012-08-01
AJANTPHARM.NS,Healthcare,2084,66.99555206298828,139618.73049926758,0.06706380758918784,2012-08-01
AMBUJACEM.NS,Construction Materials,760,186.0,141360.0,0.06790020083198883,2012-08-01
BAJAJFINSV.NS,Financial Services,1880,73.0854263305664,137400.60150146484,0.06599836188727738,2012-08-01
BATAINDIA.NS,Consumer Durables,310,449.3250122070313,139290.75378417972,0.06690626878880102,2012-08-01
BSOFT.NS,Information Technology,1889,74.31609344482422,140383.10051727295,0.0674309615063675,2012-08-01
DIVISLAB.NS,Healthcare,250,551.6749877929688,137918.7469482422,0.06624724544624995,2012-08-01
GODREJCP.NS,Fast Moving Consumer Goods,664,209.8833465576172,139362.5421142578,0.06694075125929971,2012-08-01
HAVELLS.NS,Consumer Durables,1282,109.25999450683594,140071.31295776367,0.06728119892920567,2012-08-01
HINDUNILVR.NS,Fast Moving Consumer Goods,296,470.1499938964844,139164.39819335938,0.0668455757356534,2012-08-01
ITC.NS,Fast Moving Consumer Goods,833,166.2954559326172,138524.11479187012,0.06653802500312292,2012-08-01
JUBLFOOD.NS,Consumer Services,1221,111.83000183105467,136544.43223571774,0.06558711354906002,2012-08-01
LUPIN.NS,Healthcare,227,595.7999877929688,135246.5972290039,0.06496371755583241,2012-08-01
ULTRACEMCO.NS,Construction Materials,84,1639.0999755859375,137684.39794921875,0.06613467934481766,2012-08-01
ZEEL.NS,Media Entertainment & Publication,821,165.5,135875.5,0.06526580176957342,2012-08-01
APOLLOTYRE.NS,Automobile and Auto Components,1554,91.6500015258789,142424.10237121582,0.06560229045814267,2012-09-03
BAJAJFINSV.NS,Financial Services,1843,78.67073059082031,144990.15647888184,0.06678424649016074,2012-09-03
BALKRISIND.NS,Automobile and Auto Components,1071,133.4821319580078,142959.36332702637,0.06584883822716048,2012-09-03
DIVISLAB.NS,Healthcare,252,557.7750244140625,140559.30615234375,0.06474334242084463,2012-09-03
GODREJCP.NS,Fast Moving Consumer Goods,626,227.25,142258.5,0.06552601197243565,2012-09-03
HAVELLS.NS,Consumer Durables,1331,109.9499969482422,146343.44593811038,0.06740758823288669,2012-09-03
HCLTECH.NS,Information Technology,1070,138.8874969482422,148609.62173461914,0.06845141663241064,2012-09-03
HINDUNILVR.NS,Fast Moving Consumer Goods,279,515.0999755859375,143712.89318847656,0.06619592333436303,2012-09-03
IPCALAB.NS,Healthcare,652,223.3249969482422,145607.8980102539,0.06706878582510772,2012-09-03
OFSS.NS,Information Technology,48,3030.60009765625,145468.8046875,0.06700471773264184,2012-09-03
SUNPHARMA.NS,Healthcare,432,333.3999938964844,144028.79736328125,0.06634143267644378,2012-09-03
UBL.NS,Fast Moving Consumer Goods,229,652.4500122070312,149411.05279541016,0.06882056562023543,2012-09-03
ULTRACEMCO.NS,Construction Materials,85,1665.699951171875,141584.49584960938,0.06521555738428826,2012-09-03
VGUARD.NS,Consumer Durables,4975,29.07857131958008,144665.89231491092,0.066634886434413,2012-09-03
ZEEL.NS,Media Entertainment & Publication,881,161.14999389648438,141973.14462280273,0.06539457378165882,2012-09-03
ARE&M.NS,Automobile and Auto Components,733,221.6499938964844,162469.44552612308,0.06954349306473838,2012-10-01
BAJAJFINSV.NS,Financial Services,1751,89.37000274658203,156486.87480926514,0.06698271085852213,2012-10-01
BATAINDIA.NS,Consumer Durables,313,485.3999938964844,151930.1980895996,0.06503226894726834,2012-10-01
GODREJCP.NS,Fast Moving Consumer Goods,692,226.3500061035156,156634.20422363278,0.06704577380597744,2012-10-01
HAVELLS.NS,Consumer Durables,1251,124.88999938964844,156237.3892364502,0.0668759209439839,2012-10-01
HINDUNILVR.NS,Fast Moving Consumer Goods,283,542.8499755859375,153626.5430908203,0.06575837320918526,2012-10-01
IPCALAB.NS,Healthcare,635,234.25,148748.75,0.06367048050490352,2012-10-01
MASTEK.NS,Information Technology,1120,141.3000030517578,158256.00341796875,0.06773996944786241,2012-10-01
TATACONSUM.NS,Fast Moving Consumer Goods,1071,145.64999389648438,155991.14346313477,0.06677051779465125,2012-10-01
TECHM.NS,Information Technology,631,256.38751220703125,161780.52020263672,0.06924860516565774,2012-10-01
UBL.NS,Fast Moving Consumer Goods,233,648.3499755859375,151065.54431152344,0.06466216216303997,2012-10-01
ULTRACEMCO.NS,Construction Materials,77,2014.550048828125,155120.35375976562,0.06639778458625632,2012-10-01
UNITDSPR.NS,Fast Moving Consumer Goods,625,247.8099975585937,154881.24847412106,0.06629543785441319,2012-10-01
VGUARD.NS,Consumer Durables,5419,27.92142868041992,151306.22201919553,0.06476518195510075,2012-10-01
ZEEL.NS,Media Entertainment & Publication,788,197.1000061035156,155314.80480957028,0.06648101749931103,2012-10-01
APOLLOHOSP.NS,Healthcare,199,764.5499877929688,152145.44757080078,0.06490910166391027,2012-11-01
ARE&M.NS,Automobile and Auto Components,686,227.8500061035156,156305.1041870117,0.06668371653737172,2012-11-01
BAJAJFINSV.NS,Financial Services,1832,86.09500122070312,157726.04223632812,0.0672899247005064,2012-11-01
DIVISLAB.NS,Healthcare,259,600.0,155400.0,0.06629757616558153,2012-11-01
GODREJCP.NS,Fast Moving Consumer Goods,649,239.46665954589844,155413.8620452881,0.06630349006521666,2012-11-01
HINDUNILVR.NS,Fast Moving Consumer Goods,290,537.4500122070312,155860.50354003906,0.06649403863997189,2012-11-01
IPCALAB.NS,Healthcare,683,234.7250061035156,160317.17916870114,0.06839536934741407,2012-11-01
J&KBANK.NS,Financial Services,1268,122.79499816894533,155704.05767822269,0.06642729487266454,2012-11-01
SHREECEM.NS,Construction Materials,36,4227.10009765625,152175.603515625,0.06492196695379979,2012-11-01
TATACONSUM.NS,Fast Moving Consumer Goods,1026,159.8000030517578,163954.80313110352,0.06994727186806475,2012-11-01
TECHM.NS,Information Technology,658,235.8249969482422,155172.84799194336,0.06620066736535438,2012-11-01
UBL.NS,Fast Moving Consumer Goods,199,773.0499877929688,153836.94757080078,0.06563073840833808,2012-11-01
ULTRACEMCO.NS,Construction Materials,78,1997.5999755859373,155812.7980957031,0.06647368628907499,2012-11-01
VGUARD.NS,Consumer Durables,4936,30.771427154541016,151887.76443481445,0.06479916751117772,2012-11-01
ZEEL.NS,Media Entertainment & Publication,821,187.9499969482422,154306.94749450684,0.06583125228053706,2012-11-01
ARE&M.NS,Automobile and Auto Components,655,253.0500030517578,165747.75199890137,0.06688074473739211,2012-12-03
AUROPHARMA.NS,Healthcare,1730,95.5500030517578,165301.505279541,0.06670068007547357,2012-12-03
BAJAJFINSV.NS,Financial Services,1859,90.0749969482422,167449.41932678226,0.06756738317931027,2012-12-03
IPCALAB.NS,Healthcare,722,231.6000061035156,167215.20440673825,0.06747287530157292,2012-12-03
J&KBANK.NS,Financial Services,1182,137.8800048828125,162974.16577148438,0.06576157714539815,2012-12-03
LTF.NS,Financial Services,2348,67.47977447509766,158442.5104675293,0.0639330124863512,2012-12-03
MOTHERSON.NS,Automobile and Auto Components,17342,9.385164260864258,162757.51861190796,0.06567415802083708,2012-12-03
PVRINOX.NS,Media Entertainment & Publication,529,320.01336669921875,169287.07098388672,0.06830889255070653,2012-12-03
SHREECEM.NS,Construction Materials,36,4341.9501953125,156310.20703125,0.06307260840783674,2012-12-03
TATACONSUM.NS,Fast Moving Consumer Goods,982,168.5500030517578,165516.10299682617,0.06678727223119145,2012-12-03
UBL.NS,Fast Moving Consumer Goods,203,842.7000122070312,171068.10247802734,0.06902755516478327,2012-12-03
ULTRACEMCO.NS,Construction Materials,82,1999.75,163979.5,0.0661672387673643,2012-12-03
UNITDSPR.NS,Fast Moving Consumer Goods,411,400.3399963378906,164539.73849487305,0.06639330016075148,2012-12-03
VGUARD.NS,Consumer Durables,4358,37.34999847412109,162771.2933502197,0.06567971625463356,2012-12-03
ZEEL.NS,Media Entertainment & Publication,831,200.1999969482422,166366.19746398926,0.06713029317944166,2012-12-03
ARE&M.NS,Automobile and Auto Components,719,245.1499938964844,176262.8456115723,0.0680848965493781,2013-01-01
AUROPHARMA.NS,Healthcare,1801,96.7249984741211,174201.7222518921,0.06728874821628822,2013-01-01
BAJAJFINSV.NS,Financial Services,1878,91.16500091552734,171207.87171936035,0.0661323161668425,2013-01-01
BAJFINANCE.NS,Financial Services,12980,13.263541221618652,172160.7650566101,0.06650038945003578,2013-01-01
EICHERMOT.NS,Automobile and Auto Components,588,292.30499267578125,171875.33569335938,0.06639013689736846,2013-01-01
LTF.NS,Financial Services,2044,86.6866226196289,177187.45663452148,0.06844204524754809,2013-01-01
MOTHERSON.NS,Automobile and Auto Components,15859,10.707399368286133,169808.64658164978,0.06559183868606785,2013-01-01
PRESTIGE.NS,Realty,943,185.5,174926.5,0.0675687074886465,2013-01-01
PVRINOX.NS,Media Entertainment & Publication,614,277.299072265625,170261.63037109375,0.06576681234166627,2013-01-01
SHREECEM.NS,Construction Materials,36,4609.4501953125,165940.20703125,0.06409757989498431,2013-01-01
SPARC.NS,Healthcare,1261,135.08090209960938,170337.01754760742,0.06579593208097534,2013-01-01
UBL.NS,Fast Moving Consumer Goods,181,938.6500244140624,169895.65441894528,0.06562544712794166,2013-01-01
UNITDSPR.NS,Fast Moving Consumer Goods,447,390.6099853515625,174602.66345214844,0.06744361942608357,2013-01-01
VGUARD.NS,Consumer Durables,4697,36.3071403503418,170534.63822555542,0.06587226684890345,2013-01-01
ZEEL.NS,Media Entertainment & Publication,773,223.3500061035156,172649.55471801755,0.06668919380875281,2013-01-01
AJANTPHARM.NS,Healthcare,1684,106.87110900878906,179970.94757080078,0.07099662794949876,2013-02-01
ARE&M.NS,Automobile and Auto Components,539,300.54998779296875,161996.44342041016,0.0639058769090289,2013-02-01
AUROPHARMA.NS,Healthcare,1784,96.0,171264.0,0.06756182958007445,2013-02-01
EICHERMOT.NS,Automobile and Auto Components,586,284.1199951171875,166494.31713867188,0.06568024033406798,2013-02-01
J&KBANK.NS,Financial Services,1218,137.3699951171875,167316.65405273438,0.06600464351538626,2013-02-01
LTF.NS,Financial Services,2160,75.47875213623047,163034.1046142578,0.0643152232324862,2013-02-01
MOTHERSON.NS,Automobile and Auto Components,15715,10.782955169677734,169454.1404914856,0.06684785922040676,2013-02-01
PRESTIGE.NS,Realty,933,181.6499938964844,169479.44430541995,0.06685784130633701,2013-02-01
PVRINOX.NS,Media Entertainment & Publication,633,262.4227294921875,166113.5877685547,0.06553004664000509,2013-02-01
RAMCOCEM.NS,Construction Materials,701,243.3999938964844,170623.39572143558,0.067309117993888,2013-02-01
SHREECEM.NS,Construction Materials,37,4414.64990234375,163342.04638671875,0.06443670299210638,2013-02-01
SUNTV.NS,Media Entertainment & Publication,356,479.9500122070313,170862.20434570315,0.06740332546057697,2013-02-01
UNITDSPR.NS,Fast Moving Consumer Goods,463,373.0499877929688,172722.14434814456,0.06813705204336208,2013-02-01
VGUARD.NS,Consumer Durables,4824,34.7928581237793,167840.74758911133,0.06621139285084916,2013-02-01
ZEEL.NS,Media Entertainment & Publication,727,231.3500061035156,168191.45443725583,0.06634974297876223,2013-02-01
AJANTPHARM.NS,Healthcare,1523,109.85778045654295,167313.3996353149,0.0681243329473034,2013-03-01
ARE&M.NS,Automobile and Auto Components,589,277.29998779296875,163329.6928100586,0.06650230284858007,2013-03-01
AUROPHARMA.NS,Healthcare,1978,80.2249984741211,158685.04698181152,0.06461116083894139,2013-03-01
BAJFINANCE.NS,Financial Services,12295,12.822999954223633,157658.78443717957,0.06419330159136026,2013-03-01
BERGEPAINT.NS,Consumer Durables,2760,57.39583206176758,158412.49649047852,0.06450018753700029,2013-03-01
J&KBANK.NS,Financial Services,1253,128.22000122070312,160659.66152954102,0.06541515680809461,2013-03-01
LTF.NS,Financial Services,2175,73.66503143310547,160221.4433670044,0.06523672925792068,2013-03-01
MOTHERSON.NS,Automobile and Auto Components,17414,10.46993637084961,182323.4719619751,0.07423592452916898,2013-03-01
PIDILITIND.NS,Chemicals,1326,124.9499969482422,165683.69595336917,0.06746077296659468,2013-03-01
PRESTIGE.NS,Realty,942,162.9499969482422,153498.89712524414,0.06249953678304698,2013-03-01
PVRINOX.NS,Media Entertainment & Publication,626,276.1207580566406,172851.59454345703,0.07037929778975885,2013-03-01
RAMCOCEM.NS,Construction Materials,654,245.8999938964844,160818.5960083008,0.06547986952908072,2013-03-01
TECHM.NS,Information Technology,607,275.75,167380.25,0.06815155214499696,2013-03-01
UNITDSPR.NS,Fast Moving Consumer Goods,428,375.6400146484375,160773.92626953125,0.0654616815288175,2013-03-01
ZEEL.NS,Media Entertainment & Publication,734,220.8000030517578,162067.20223999023,0.06598825957335147,2013-03-01
AJANTPHARM.NS,Healthcare,1414,116.58666229248048,164853.5404815674,0.0669335708111269,2013-04-01
ARE&M.NS,Automobile and Auto Components,594,282.6000061035156,167864.40362548828,0.0681560366487276,2013-04-01
ASIANPAINT.NS,Consumer Durables,333,495.4950256347656,164999.84353637695,0.06699297254341832,2013-04-01
BERGEPAINT.NS,Consumer Durables,2799,58.080352783203125,162566.90744018555,0.0660051557213005,2013-04-01
GODREJCP.NS,Fast Moving Consumer Goods,637,258.9666748046875,164961.77185058594,0.06697751473845187,2013-04-01
HCLTECH.NS,Information Technology,825,197.125,162628.125,0.06603001117701443,2013-04-01
IPCALAB.NS,Healthcare,618,263.4750061035156,162827.55377197266,0.06611098292800997,2013-04-01
J&KBANK.NS,Financial Services,1367,121.66999816894533,166322.88749694827,0.06753015273598469,2013-04-01
LTF.NS,Financial Services,2388,71.43275451660156,170581.41778564453,0.06925919439197295,2013-04-01
MOTHERSON.NS,Automobile and Auto Components,15833,10.01659870147705,158592.80724048615,0.06439159791508016,2013-04-01
PIDILITIND.NS,Chemicals,1238,131.85000610351562,163230.30755615234,0.06627450837522872,2013-04-01
RAMCOCEM.NS,Construction Materials,639,247.75,158312.25,0.06427768651306964,2013-04-01
SUNPHARMA.NS,Healthcare,402,406.3250122070313,163342.6549072266,0.06632012346700414,2013-04-01
UNITDSPR.NS,Fast Moving Consumer Goods,430,377.8999938964844,162496.99737548828,0.06597677094865834,2013-04-01
ZEEL.NS,Media Entertainment & Publication,767,214.8999938964844,164828.29531860354,0.06692332081044178,2013-04-01
AJANTPHARM.NS,Healthcare,1233,139.99110412597656,172609.0313873291,0.06615751787101225,2013-05-02
AUROPHARMA.NS,Healthcare,1810,99.7249984741211,180502.24723815918,0.06918282636451313,2013-05-02
BERGEPAINT.NS,Consumer Durables,2986,57.26190185546875,170984.0389404297,0.06553469144077309,2013-05-02
GLENMARK.NS,Healthcare,350,493.1499938964844,172602.49786376953,0.0661550137048155,2013-05-02
GODREJCP.NS,Fast Moving Consumer Goods,616,280.6166687011719,172859.86791992188,0.06625365839305986,2013-05-02
IDEA.NS,Telecommunication,2152,81.9434814453125,176342.3720703125,0.06758843113764669,2013-05-02
J&KBANK.NS,Financial Services,1240,137.4499969482422,170437.9962158203,0.06532540441203925,2013-05-02
LTF.NS,Financial Services,2362,73.24647521972656,173008.17446899414,0.0663105012656012,2013-05-02
M&MFIN.NS,Financial Services,1238,141.54124450683594,175228.0606994629,0.06716133833816607,2013-05-02
MOTHERSON.NS,Automobile and Auto Components,16257,10.612953186035156,172534.77994537354,0.06612905880917382,2013-05-02
PIDILITIND.NS,Chemicals,1366,125.0500030517578,170818.30416870114,0.06547116868628944,2013-05-02
RAMCOCEM.NS,Construction Materials,692,247.8999938964844,171546.79577636722,0.06575038464715595,2013-05-02
SUNPHARMA.NS,Healthcare,361,483.5249938964844,174552.52279663086,0.06690241845129832,2013-05-02
UNITDSPR.NS,Fast Moving Consumer Goods,386,458.8299865722656,177108.37481689453,0.06788202435225972,2013-05-02
ZEEL.NS,Media Entertainment & Publication,737,234.25,172642.25,0.0661702498870821,2013-05-02
AJANTPHARM.NS,Healthcare,1076,168.7822265625,181609.67578125,0.06665437543390233,2013-06-03
BERGEPAINT.NS,Consumer Durables,2715,70.56547546386719,191585.2658843994,0.07031561608669078,2013-06-03
EICHERMOT.NS,Automobile and Auto Components,484,369.0350036621094,178612.94177246094,0.065554514246231,2013-06-03
GLENMARK.NS,Healthcare,306,584.4000244140625,178826.40747070312,0.06563286041766536,2013-06-03
IDEA.NS,Telecommunication,2310,78.38597106933594,181071.59317016602,0.0664568883770076,2013-06-03
INDUSINDBK.NS,Financial Services,349,509.8999938964844,177955.09786987305,0.06531307240525326,2013-06-03
IPCALAB.NS,Healthcare,610,303.125,184906.25,0.06786428396260294,2013-06-03
M&MFIN.NS,Financial Services,1191,147.60772705078125,175800.80291748047,0.06452240316401144,2013-06-03
MOTHERSON.NS,Automobile and Auto Components,15738,11.225499153137209,176666.9056720734,0.06484028015994038,2013-06-03
SHREECEM.NS,Construction Materials,36,4877.64990234375,175595.396484375,0.06444701490372269,2013-06-03
SHRIRAMFIN.NS,Financial Services,1144,157.20211791992188,179839.22290039062,0.06600458389332947,2013-06-03
SPARC.NS,Healthcare,1142,157.7764892578125,180180.75073242188,0.06612993142362714,2013-06-03
SUNPHARMA.NS,Healthcare,351,508.8250122070313,178597.579284668,0.06554887590661862,2013-06-03
UNITDSPR.NS,Fast Moving Consumer Goods,372,495.989990234375,184508.2763671875,0.06771821969691794,2013-06-03
ZEEL.NS,Media Entertainment & Publication,803,236.1000061035156,189588.30490112302,0.06958269155206143,2013-06-03
AJANTPHARM.NS,Healthcare,1118,159.52000427246094,178343.36477661133,0.0666006747549376,2013-07-01
APOLLOHOSP.NS,Healthcare,166,1005.75,166954.5,0.06234760887965179,2013-07-01
ARE&M.NS,Automobile and Auto Components,685,257.29998779296875,176250.4916381836,0.0658191107008425,2013-07-01
EICHERMOT.NS,Automobile and Auto Components,523,346.4649963378906,181201.1930847168,0.06766790421924648,2013-07-01
EMAMILTD.NS,Fast Moving Consumer Goods,732,237.1999969482422,173630.39776611328,0.06484066095576936,2013-07-01
HCLTECH.NS,Information Technology,902,189.6000061035156,171019.20550537106,0.06386553543485002,2013-07-01
IDEA.NS,Telecommunication,2077,86.91798400878906,180528.65278625488,0.06741675028518476,2013-07-01
IPCALAB.NS,Healthcare,534,330.04998779296875,176246.6934814453,0.0658176923144511,2013-07-01
JMFINANCIL.NS,Financial Services,6388,28.14999961853028,179822.19756317144,0.06715293113721454,2013-07-01
M&MFIN.NS,Financial Services,1118,159.2224578857422,178010.70791625977,0.0664764471371116,2013-07-01
MOTHERSON.NS,Automobile and Auto Components,16430,10.58596897125244,173927.47019767758,0.06495159989884726,2013-07-01
SPARC.NS,Healthcare,1286,140.29542541503906,180419.91708374023,0.06737614394602266,2013-07-01
SUNPHARMA.NS,Healthcare,348,502.5,174870.0,0.06530357890793424,2013-07-01
UNITDSPR.NS,Fast Moving Consumer Goods,400,491.4500122070313,196580.00488281253,0.07341097878759563,2013-07-01
ZEEL.NS,Media Entertainment & Publication,745,247.6000061035156,184462.0045471191,0.06888562400330828,2013-07-01
AJANTPHARM.NS,Healthcare,1077,161.804443359375,174263.38549804688,0.06524174291174004,2013-08-01
APOLLOHOSP.NS,Healthcare,191,944.5499877929688,180409.04766845703,0.06754259176876398,2013-08-01
BERGEPAINT.NS,Consumer Durables,2942,59.092262268066406,173849.43559265137,0.06508676593118289,2013-08-01
EICHERMOT.NS,Automobile and Auto Components,514,347.19500732421875,178458.23376464844,0.06681223467844821,2013-08-01
HCLTECH.NS,Information Technology,757,232.6750030517578,176134.97731018066,0.06594244037319454,2013-08-01
IDEA.NS,Telecommunication,1716,100.87671661376952,173104.4457092285,0.06480785227237149,2013-08-01
IPCALAB.NS,Healthcare,541,332.7749938964844,180031.27169799805,0.06740115779700637,2013-08-01
LUPIN.NS,Healthcare,204,873.8499755859375,178265.39501953125,0.066740038584034,2013-08-01
M&MFIN.NS,Financial Services,1256,147.63821411132812,185433.59692382812,0.06942371183210609,2013-08-01
MOTHERSON.NS,Automobile and Auto Components,15903,11.060894012451172,175901.397480011,0.06585499139367573,2013-08-01
SPARC.NS,Healthcare,1418,118.64275360107422,168235.42460632324,0.06298495974609757,2013-08-01
SUNPHARMA.NS,Healthcare,314,568.25,178430.5,0.06680185154984093,2013-08-01
TCS.NS,Information Technology,198,907.7000122070312,179724.6024169922,0.06728634516248115,2013-08-01
TECHM.NS,Information Technology,576,312.8999938964844,180230.396484375,0.06747570729622004,2013-08-01
UNITDSPR.NS,Fast Moving Consumer Goods,380,478.30999755859375,181757.79907226562,0.06804754518790959,2013-08-01
AJANTPHARM.NS,Healthcare,1292,149.25332641601562,192835.2977294922,0.07155961988194169,2013-09-02
AUROPHARMA.NS,Healthcare,1941,91.4000015258789,177407.40296173096,0.06583445287072213,2013-09-02
BIOCON.NS,Healthcare,2995,58.10000228881836,174009.506855011,0.06457352109807384,2013-09-02
BRITANNIA.NS,Fast Moving Consumer Goods,499,358.6000061035156,178941.4030456543,0.06640370789922014,2013-09-02
DABUR.NS,Fast Moving Consumer Goods,1062,168.60000610351562,179053.2064819336,0.06644519725047399,2013-09-02
EICHERMOT.NS,Automobile and Auto Components,550,319.9599914550781,175977.99530029297,0.06530401124456131,2013-09-02
HCLTECH.NS,Information Technology,682,259.5874938964844,177038.67083740234,0.06569761936064437,2013-09-02
IDEA.NS,Telecommunication,1837,94.12346649169922,172904.80794525146,0.06416357626433661,2013-09-02
IPCALAB.NS,Healthcare,562,323.1499938964844,181610.29656982422,0.0673941127075913,2013-09-02
LUPIN.NS,Healthcare,219,819.8499755859375,179547.1446533203,0.06662849371230328,2013-09-02
M&MFIN.NS,Financial Services,1129,166.87416076660156,188400.92750549316,0.06991406094443686,2013-09-02
SUNPHARMA.NS,Healthcare,335,528.4500122070312,177030.75408935547,0.0656946815194524,2013-09-02
TCS.NS,Information Technology,174,1028.425048828125,178945.95849609375,0.06640539839004664,2013-09-02
TECHM.NS,Information Technology,509,343.76251220703125,174975.1187133789,0.06493185185158161,2013-09-02
UNITDSPR.NS,Fast Moving Consumer Goods,399,453.6799926757813,181018.31707763675,0.06717443390429324,2013-09-02
AJANTPHARM.NS,Healthcare,992,195.8800048828125,194312.96484375,0.06641927562050425,2013-10-01
AUROPHARMA.NS,Healthcare,1901,104.5,198654.5,0.0679032816948851,2013-10-01
BRITANNIA.NS,Fast Moving Consumer Goods,465,417.0499877929688,193928.2443237305,0.06628777200067844,2013-10-01
DRREDDY.NS,Healthcare,407,481.5299987792969,195982.70950317383,0.0669900210200164,2013-10-01
EICHERMOT.NS,Automobile and Auto Components,544,366.6199951171875,199441.27734375,0.06817221476010038,2013-10-01
ESCORTS.NS,Capital Goods,2284,87.3499984741211,199507.39651489258,0.06819481534908038,2013-10-01
HCLTECH.NS,Information Technology,712,267.7749938964844,190655.79565429688,0.06516919676662834,2013-10-01
IDEA.NS,Telecommunication,1898,104.85631561279295,199017.28703308103,0.06802728809847804,2013-10-01
IPCALAB.NS,Healthcare,538,361.0,194218.0,0.06638681511980446,2013-10-01
LUPIN.NS,Healthcare,224,851.5499877929688,190747.197265625,0.0652004392975621,2013-10-01
M&MFIN.NS,Financial Services,1220,157.7896728515625,192503.40087890625,0.06580073774872335,2013-10-01
MOTHERSON.NS,Automobile and Auto Components,15780,12.364238739013672,195107.68730163574,0.0666909244526579,2013-10-01
SUNPHARMA.NS,Healthcare,325,590.0,191750.0,0.06554321329239568,2013-10-01
TECHM.NS,Information Technology,577,331.42498779296875,191232.21795654297,0.0653662271181413,2013-10-01
UNITDSPR.NS,Fast Moving Consumer Goods,381,502.2000122070313,191338.20465087894,0.0654024550634504,2013-10-01
AJANTPHARM.NS,Healthcare,883,243.2133331298828,214757.37315368652,0.0678357410336534,2013-11-01
BRITANNIA.NS,Fast Moving Consumer Goods,445,469.9750061035156,209138.87771606445,0.06606101825739491,2013-11-01
EICHERMOT.NS,Automobile and Auto Components,530,398.2799987792969,211088.39935302734,0.06667681664867937,2013-11-01
ESCORTS.NS,Capital Goods,2150,103.75,223062.5,0.07045909419599158,2013-11-01
HCLTECH.NS,Information Technology,766,275.7749938964844,211243.64532470703,0.06672585443200077,2013-11-01
IDEA.NS,Telecommunication,2025,101.66057586669922,205862.66613006592,0.06502615627591496,2013-11-01
IPCALAB.NS,Healthcare,619,339.57501220703125,210196.93255615234,0.06639522766346843,2013-11-01
LUPIN.NS,Healthcare,238,882.1500244140625,209951.70581054688,0.06631776751499888,2013-11-01
M&MFIN.NS,Financial Services,1216,172.8796844482422,210221.6962890625,0.06640304982178623,2013-11-01
MOTHERSON.NS,Automobile and Auto Components,14310,14.296319961547852,204580.33864974976,0.0646211055267944,2013-11-01
MRF.NS,Automobile and Auto Components,13,16020.400390625,208265.205078125,0.0657850499404746,2013-11-01
SUNPHARMA.NS,Healthcare,347,604.5999755859375,209796.1915283203,0.06626864498001328,2013-11-01
TCS.NS,Information Technology,199,1048.800048828125,208711.20971679688,0.06592593011014916,2013-11-01
TECHM.NS,Information Technology,541,381.4624938964844,206371.20919799805,0.06518679055521404,2013-11-01
UNITDSPR.NS,Fast Moving Consumer Goods,407,517.5599975585938,210646.91900634766,0.06653736557405956,2013-11-01
AJANTPHARM.NS,Healthcare,839,269.85333251953125,226406.94598388672,0.06783796527629997,2013-12-02
AUROPHARMA.NS,Healthcare,1482,152.10000610351562,225412.20904541016,0.06753991377616522,2013-12-02
BRITANNIA.NS,Fast Moving Consumer Goods,497,450.0249938964844,223662.42196655273,0.0670156277628514,2013-12-02
CEATLTD.NS,Automobile and Auto Components,764,293.29998779296875,224081.19067382812,0.06714110278703626,2013-12-02
EICHERMOT.NS,Automobile and Auto Components,465,499.864990234375,232437.22045898438,0.06964480714977035,2013-12-02
ESCORTS.NS,Capital Goods,1868,115.0,214820.0,0.0643661864583073,2013-12-02
FSL.NS,Services,10205,21.5,219407.5,0.0657407320331024,2013-12-02
HCLTECH.NS,Information Technology,810,283.1875,229381.875,0.06872933868543961,2013-12-02
IDEA.NS,Telecommunication,2045,105.82106018066406,216404.068069458,0.0648408183395166,2013-12-02
MOTHERSON.NS,Automobile and Auto Components,14360,15.33251953125,220174.98046875,0.06597069102646741,2013-12-02
MRF.NS,Automobile and Auto Components,12,17364.5,208374.0,0.062434781384709634,2013-12-02
NATCOPHARM.NS,Healthcare,1409,157.52000427246094,221945.68601989746,0.06650124480948537,2013-12-02
TCS.NS,Information Technology,217,1006.9500122070312,218508.15264892578,0.06547126196844348,2013-12-02
TECHM.NS,Information Technology,519,422.4624938964844,219258.0343322754,0.0656959478647853,2013-12-02
TVSMOTOR.NS,Automobile and Auto Components,4000,54.79999923706055,219199.9969482422,0.065678558212601,2013-12-02
AJANTPHARM.NS,Healthcare,971,252.6666717529297,245339.33827209473,0.06728809493998351,2014-01-01
AUROPHARMA.NS,Healthcare,1233,195.8500061035156,241483.05752563474,0.0662304505083545,2014-01-01
BIOCON.NS,Healthcare,3143,78.19999694824219,245782.5904083252,0.06740966367019648,2014-01-01
BRITANNIA.NS,Fast Moving Consumer Goods,530,459.2250061035156,243389.25323486328,0.06675325406183318,2014-01-01
CEATLTD.NS,Automobile and Auto Components,749,337.25,252600.25,0.06927951189390175,2014-01-01
ECLERX.NS,Services,903,268.68756103515625,242624.8676147461,0.06654360952402913,2014-01-01
EICHERMOT.NS,Automobile and Auto Components,484,500.1950073242188,242094.3835449219,0.066398116091521,2014-01-01
ESCORTS.NS,Capital Goods,1763,137.10000610351562,241707.31076049805,0.0662919554144342,2014-01-01
HCLTECH.NS,Information Technology,765,314.625,240688.125,0.06601242801089235,2014-01-01
NATCOPHARM.NS,Healthcare,1513,162.07000732421875,245211.92108154297,0.06725314881159164,2014-01-01
TATAELXSI.NS,Information Technology,1160,209.1000061035156,242556.0070800781,0.06652472346104799,2014-01-01
TCS.NS,Information Technology,222,1076.6500244140625,239016.30541992188,0.06555390572327592,2014-01-01
TECHM.NS,Information Technology,526,457.0249938964844,240395.14678955078,0.06593207422099914,2014-01-01
TVSMOTOR.NS,Automobile and Auto Components,3176,73.3499984741211,232959.5951538086,0.06389275958062915,2014-01-01
UPL.NS,Chemicals,1839,132.3000030517578,243299.70561218262,0.06672869424611416,2014-01-01
AJANTPHARM.NS,Healthcare,968,247.46665954589844,239547.7264404297,0.06530698422480975,2014-02-03
AUROPHARMA.NS,Healthcare,1032,234.5749969482422,242081.39685058594,0.06599772913800804,2014-02-03
BHARATFORG.NS,Automobile and Auto Components,1408,171.89999389648438,242035.19140625,0.06598513232371477,2014-02-03
BIOCON.NS,Healthcare,3385,73.51666259765625,248853.9028930664,0.06784409166396876,2014-02-03
BRITANNIA.NS,Fast Moving Consumer Goods,550,443.0499877929688,243677.49328613284,0.0664328668297175,2014-02-03
CEATLTD.NS,Automobile and Auto Components,811,308.0,249788.0,0.06809875100026651,2014-02-03
ECLERX.NS,Services,820,309.46258544921875,253759.32006835938,0.06918143686378904,2014-02-03
EICHERMOT.NS,Automobile and Auto Components,529,456.3399963378906,241403.85806274414,0.0658130143190165,2014-02-03
ESCORTS.NS,Capital Goods,1965,125.8499984741211,247295.24700164795,0.06741916124519444,2014-02-03
FSL.NS,Services,9948,25.25,251187.0,0.06848015504149096,2014-02-03
HCLTECH.NS,Information Technology,670,363.2250061035156,243360.75408935547,0.06634651542895618,2014-02-03
MOTHERSON.NS,Automobile and Auto Components,14701,16.000383377075195,235221.63602638245,0.06412757867325868,2014-02-03
TATAELXSI.NS,Information Technology,1173,202.3999938964844,237415.1928405762,0.06472559971227863,2014-02-03
TECHM.NS,Information Technology,542,440.7749938964844,238900.04669189453,0.06513040976197162,2014-02-03
TVSMOTOR.NS,Automobile and Auto Components,3106,79.3499984741211,246461.09526062012,0.06719174963331279,2014-02-03
AUROPHARMA.NS,Healthcare,1019,264.5,269525.5,0.06659548213332078,2014-03-03
BHARATFORG.NS,Automobile and Auto Components,1394,191.1499938964844,266463.0914916993,0.06583880949529777,2014-03-03
CEATLTD.NS,Automobile and Auto Components,961,296.1499938964844,284600.1441345215,0.07032018793713785,2014-03-03
COFORGE.NS,Information Technology,3037,85.86000061035156,260756.8218536377,0.06442888064726877,2014-03-03
EICHERMOT.NS,Automobile and Auto Components,526,518.7050170898438,272838.8389892578,0.06741415571879138,2014-03-03
FSL.NS,Services,9542,27.450000762939453,261927.90727996826,0.06471823730771756,2014-03-03
GRANULES.NS,Healthcare,10005,27.14999961853028,271635.74618339544,0.06711689054181356,2014-03-03
HCLTECH.NS,Information Technology,680,376.1625061035156,255790.50415039062,0.06320178220250201,2014-03-03
IPCALAB.NS,Healthcare,603,447.75,269993.25,0.06671105574979812,2014-03-03
MOTHERSON.NS,Automobile and Auto Components,14131,19.392318725585938,274032.8559112549,0.06770917838861572,2014-03-03
NAUKRI.NS,Consumer Services,2128,123.16000366210938,262084.48779296875,0.064756925872458,2014-03-03
PERSISTENT.NS,Information Technology,942,282.1000061035156,265738.2057495117,0.0656597017096057,2014-03-03
PVRINOX.NS,Media Entertainment & Publication,508,518.7574462890625,263528.78271484375,0.06511378827198967,2014-03-03
TATAELXSI.NS,Information Technology,908,319.2749938964844,289901.6944580078,0.0716301170527378,2014-03-03
TVSMOTOR.NS,Automobile and Auto Components,3099,87.75,271937.25,0.0671913873594869,2014-03-03
ADANIENT.NS,Metals & Mining,4564,54.06011581420898,246730.36857604978,0.05966491241954779,2014-04-01
APLLTD.NS,Healthcare,960,280.5,269280.0,0.06511791681364763,2014-04-01
APOLLOTYRE.NS,Automobile and Auto Components,1719,162.3000030517578,278993.7052459717,0.06746690764163144,2014-04-01
AUROPHARMA.NS,Healthcare,1084,267.1499938964844,289590.59338378906,0.07002947181365282,2014-04-01
BEML.NS,Capital Goods,2226,121.44415283203124,270334.6842041015,0.06537296300448003,2014-04-01
BHARATFORG.NS,Automobile and Auto Components,1288,208.6750030517578,268773.40393066406,0.0649954105721847,2014-04-01
CEATLTD.NS,Automobile and Auto Components,627,439.6000061035156,275629.2038269043,0.06665329607179249,2014-04-01
EICHERMOT.NS,Automobile and Auto Components,462,604.9450073242188,279484.59338378906,0.06758561535450724,2014-04-01
FSL.NS,Services,10867,26.549999237060547,288518.84170913696,0.0697702983273379,2014-04-01
GRANULES.NS,Healthcare,10719,26.3700008392334,282660.0389957428,0.06835350900871649,2014-04-01
PERSISTENT.NS,Information Technology,1056,259.4125061035156,273939.6064453125,0.06624471369752388,2014-04-01
SRF.NS,Chemicals,3840,69.47000122070312,266764.8046875,0.06450968642472364,2014-04-01
TATAELXSI.NS,Information Technology,1010,276.3999938964844,279163.9938354492,0.0675080872249793,2014-04-01
TVSMOTOR.NS,Automobile and Auto Components,2815,96.4499969482422,271506.7414093018,0.06565639260782626,2014-04-01
VOLTAS.NS,Consumer Durables,1711,158.5,271193.5,0.06558064384061925,2014-04-01
ADANIENT.NS,Metals & Mining,4608,64.490478515625,297172.125,0.0656587987668975,2014-05-02
APLLTD.NS,Healthcare,1000,296.25,296250.0,0.06545505953727451,2014-05-02
AUROPHARMA.NS,Healthcare,1035,300.57501220703125,311095.13763427734,0.06873502364762271,2014-05-02
BALKRISIND.NS,Automobile and Auto Components,1141,259.737060546875,296359.9860839844,0.06547936045094697,2014-05-02
BEML.NS,Capital Goods,1818,167.84896850585938,305149.42474365234,0.06742134604003656,2014-05-02
CEATLTD.NS,Automobile and Auto Components,771,380.25,293172.75,0.06477515546314429,2014-05-02
EICHERMOT.NS,Automobile and Auto Components,479,624.8400268554688,299298.37286376953,0.0661285833424723,2014-05-02
FINCABLES.NS,Capital Goods,2156,136.60000610351562,294509.6131591797,0.06507052915994528,2014-05-02
FSL.NS,Services,9206,32.75,301496.5,0.06661424930896163,2014-05-02
GRANULES.NS,Healthcare,8423,35.775001525878906,301332.837852478,0.06657808891871674,2014-05-02
MOTHERSON.NS,Automobile and Auto Components,14454,21.367576599121094,308846.9521636963,0.06823829752499751,2014-05-02
SRF.NS,Chemicals,3833,77.1500015258789,295715.95584869385,0.0653370649660702,2014-05-02
TATAELXSI.NS,Information Technology,1079,274.95001220703125,296671.0631713867,0.0655480914864798,2014-05-02
TVSMOTOR.NS,Automobile and Auto Components,3094,101.3000030517578,313422.2094421386,0.06924917933954194,2014-05-02
UPL.NS,Chemicals,1654,186.6333465576172,308691.5552062988,0.06820396329006632,2014-05-02
ADANIENT.NS,Metals & Mining,4545,73.72530364990234,335081.50508880615,0.06593460800532588,2014-06-02
AIAENG.NS,Capital Goods,436,779.6500244140625,339927.41064453125,0.06688814581148705,2014-06-02
ATUL.NS,Chemicals,402,832.3499755859375,334604.6901855469,0.06584078425420847,2014-06-02
AUROPHARMA.NS,Healthcare,1020,319.2749938964844,325660.49377441406,0.06408081817033169,2014-06-02
BEML.NS,Capital Goods,1216,282.5766296386719,343613.181640625,0.06761340179289502,2014-06-02
CEATLTD.NS,Automobile and Auto Components,792,432.2999877929688,342381.5903320313,0.06737105929137925,2014-06-02
FINCABLES.NS,Capital Goods,2187,158.75,347186.25,0.06831648106785884,2014-06-02
GPPL.NS,Services,2720,119.25,324360.0,0.06382491760307528,2014-06-02
GRANULES.NS,Healthcare,9029,37.19499969482422,335833.6522445679,0.06608260939341898,2014-06-02
NBCC.NS,Construction,24928,13.282221794128418,331099.2248840332,0.06515100735807594,2014-06-02
NCC.NS,Construction,7532,46.240501403808594,348283.4565734863,0.06853238043629613,2014-06-02
SRF.NS,Chemicals,3740,91.75,343145.0,0.06752127682484667,2014-06-02
TATAELXSI.NS,Information Technology,1318,256.75,338396.5,0.06658690569018702,2014-06-02
TVSMOTOR.NS,Automobile and Auto Components,2579,130.89999389648438,337591.0842590332,0.06642842254398088,2014-06-02
VOLTAS.NS,Consumer Durables,1797,193.5500030517578,347809.3554840088,0.06843909068733993,2014-06-02
APOLLOTYRE.NS,Automobile and Auto Components,1983,203.3000030517578,403143.90605163574,0.06739451300933429,2014-07-01
ATUL.NS,Chemicals,445,889.75,395938.75,0.06619001016068139,2014-07-01
AUROPHARMA.NS,Healthcare,1070,366.1000061035156,391727.0065307617,0.06548592311938255,2014-07-01
BEML.NS,Capital Goods,1178,329.2972717285156,387912.1860961914,0.06484819063342258,2014-07-01
CEATLTD.NS,Automobile and Auto Components,576,691.5999755859375,398361.5859375,0.06659504133108538,2014-07-01
FINCABLES.NS,Capital Goods,2189,189.8000030517578,415472.20668029785,0.06945546396165982,2014-07-01
FSL.NS,Services,9581,39.84999847412109,381802.83538055414,0.06382687613479571,2014-07-01
GRANULES.NS,Healthcare,8207,48.89500045776367,401281.26875686646,0.06708313156089954,2014-07-01
KEC.NS,Construction,3110,127.9000015258789,397769.0047454834,0.06649597814234569,2014-07-01
NBCC.NS,Construction,25407,16.486665725708008,418876.71609306335,0.07002460379104777,2014-07-01
NCC.NS,Construction,7942,48.93352890014648,388630.0865249633,0.06496820373311228,2014-07-01
SRF.NS,Chemicals,3304,117.97000122070312,389772.8840332031,0.06515924787486904,2014-07-01
STLTECH.NS,Telecommunication,5972,68.55000305175781,409380.61822509766,0.0684371188218007,2014-07-01
SUZLON.NS,Capital Goods,15558,25.38861656188965,394996.09646987915,0.06603242455751247,2014-07-01
TVSMOTOR.NS,Automobile and Auto Components,2436,163.1999969482422,397555.19256591797,0.06646023465844088,2014-07-01
ATUL.NS,Chemicals,326,1166.5,380279.0,0.06514817695518284,2014-08-01
AUROPHARMA.NS,Healthcare,1094,353.625,386865.75,0.0662765978108166,2014-08-01
BEML.NS,Capital Goods,1491,257.39508056640625,383776.0651245117,0.06574728292094874,2014-08-01
BHARATFORG.NS,Automobile and Auto Components,1076,361.9500122070313,389458.2131347657,0.06672073026896838,2014-08-01
FINCABLES.NS,Capital Goods,1921,204.25,392364.25,0.06721858317153352,2014-08-01
GPPL.NS,Services,2703,145.10000610351562,392205.31649780273,0.06719135519437662,2014-08-01
GRANULES.NS,Healthcare,6164,64.05500030517578,394835.0218811035,0.06764186787493819,2014-08-01
IRB.NS,Construction,30328,12.462499618530272,377962.6884307861,0.06475135389633792,2014-08-01
JKLAKSHMI.NS,Construction Materials,1590,267.45001220703125,425245.5194091797,0.07285169664343252,2014-08-01
KEC.NS,Construction,3260,112.9000015258789,368054.00497436523,0.06305383006985317,2014-08-01
NBCC.NS,Construction,19064,20.273332595825195,386490.8126068115,0.06621236474078497,2014-08-01
NCC.NS,Construction,8711,43.6392822265625,380141.78747558594,0.06512467014617947,2014-08-01
SRF.NS,Chemicals,3332,116.43000030517578,387944.7610168457,0.06646145051281185,2014-08-01
STLTECH.NS,Telecommunication,6964,54.900001525878906,382323.6106262207,0.06549845308108375,2014-08-01
TVSMOTOR.NS,Automobile and Auto Components,2635,152.1999969482422,401046.99195861816,0.06870608263791544,2014-08-01
APARINDS.NS,Capital Goods,1257,331.45001220703125,416632.6653442383,0.06494314887215785,2014-09-01
ATUL.NS,Chemicals,304,1361.699951171875,413956.78515625,0.06452604262997447,2014-09-01
BEML.NS,Capital Goods,1704,251.26812744140625,428160.88916015625,0.06674012548437362,2014-09-01
CEATLTD.NS,Automobile and Auto Components,708,604.9500122070312,428304.6086425781,0.06676252794226789,2014-09-01
CENTURYPLY.NS,Consumer Durables,4645,92.1500015258789,428036.7570877075,0.06672077623902775,2014-09-01
FINCABLES.NS,Capital Goods,1887,225.8999938964844,426273.2884826661,0.06644589331775234,2014-09-01
GRANULES.NS,Healthcare,5698,77.1050033569336,439344.3091278076,0.06848335535632559,2014-09-01
IRB.NS,Construction,33518,12.412500381469728,416042.18778610235,0.06485110742857107,2014-09-01
JKLAKSHMI.NS,Construction Materials,1384,314.70001220703125,435544.81689453125,0.0678911046514021,2014-09-01
KEC.NS,Construction,4127,106.9000015258789,441176.30629730225,0.06876892025511613,2014-09-01
NBCC.NS,Construction,22318,19.34000015258789,431630.12340545654,0.0672808968035854,2014-09-01
NCC.NS,Construction,9779,41.28288269042969,403705.3098297119,0.06292808081932158,2014-09-01
SRF.NS,Chemicals,3070,138.5399932861328,425317.77938842773,0.0662969521172237,2014-09-01
STLTECH.NS,Telecommunication,6593,66.4000015258789,437775.2100601196,0.06823877003495184,2014-09-01
TVSMOTOR.NS,Automobile and Auto Components,2234,193.4499969482422,432167.29318237305,0.06736462882868499,2014-09-01
APARINDS.NS,Capital Goods,1248,396.1000061035156,494332.8076171875,0.06913194632458855,2014-10-01
ATUL.NS,Chemicals,348,1381.6500244140625,480814.20849609375,0.06724138382413883,2014-10-01
AUROPHARMA.NS,Healthcare,994,483.125,480226.25,0.06715915841937767,2014-10-01
BEML.NS,Capital Goods,1839,256.6792297363281,472033.1034851074,0.06601335511365075,2014-10-01
CCL.NS,Fast Moving Consumer Goods,4251,113.3000030517578,481638.3129730224,0.06735663400698529,2014-10-01
CEATLTD.NS,Automobile and Auto Components,602,763.75,459777.5,0.0642994212835417,2014-10-01
CENTURYPLY.NS,Consumer Durables,4138,113.6999969482422,470490.58737182623,0.06579763578548763,2014-10-01
EICHERMOT.NS,Automobile and Auto Components,395,1180.1650390625,466165.1904296875,0.06519273337029524,2014-10-01
FINCABLES.NS,Capital Goods,2271,214.3500061035156,486788.8638610839,0.06807693337220821,2014-10-01
GPPL.NS,Services,2850,163.5,465975.0,0.06516613542985106,2014-10-01
GRANULES.NS,Healthcare,5445,87.13999938964844,474477.29667663574,0.06635517307499171,2014-10-01
JKLAKSHMI.NS,Construction Materials,1345,360.6000061035156,485007.0082092285,0.06782774265011958,2014-10-01
NBCC.NS,Construction,15666,29.67111015319824,464827.6116600036,0.06500567432366545,2014-10-01
SRF.NS,Chemicals,3160,150.5,475580.0,0.06650938502651121,2014-10-01
TVSMOTOR.NS,Automobile and Auto Components,2095,228.8999938964844,479545.4872131348,0.0670639544278235,2014-10-01
ATUL.NS,Chemicals,395,1329.050048828125,524974.7692871094,0.06737248347462875,2014-11-03
AUROPHARMA.NS,Healthcare,1048,501.3999938964844,525467.1936035156,0.0674356786052531,2014-11-03
CCL.NS,Fast Moving Consumer Goods,3861,132.64999389648438,512161.6264343262,0.06572811253413678,2014-11-03
CEATLTD.NS,Automobile and Auto Components,582,870.0,506340.0,0.06498099580836592,2014-11-03
EICHERMOT.NS,Automobile and Auto Components,443,1273.9599609375,564364.2626953125,0.07242752259074066,2014-11-03
FINCABLES.NS,Capital Goods,2274,234.6999969482422,533707.7930603027,0.0684932335263731,2014-11-03
GPPL.NS,Services,3055,166.85000610351562,509726.76864624023,0.06541563577203705,2014-11-03
GRANULES.NS,Healthcare,6273,81.07499694824219,508583.45585632324,0.0652689090595331,2014-11-03
JKCEMENT.NS,Construction Materials,815,663.0999755859375,540426.4801025391,0.0693554742628926,2014-11-03
JKLAKSHMI.NS,Construction Materials,1370,372.2999877929688,510050.98327636725,0.06545724376176983,2014-11-03
NBCC.NS,Construction,13498,38.93333435058594,525522.147064209,0.06744273104155868,2014-11-03
NCC.NS,Construction,8475,57.0,483075.0,0.06199528883778956,2014-11-03
SRF.NS,Chemicals,3034,171.91000366210938,521574.95111083984,0.06693616880333796,2014-11-03
STLTECH.NS,Telecommunication,7230,69.5,502485.0,0.06448626551085584,2014-11-03
TVSMOTOR.NS,Automobile and Auto Components,1946,261.95001220703125,509754.7237548828,0.06541922338272854,2014-11-03
ASHOKLEY.NS,Capital Goods,20248,26.924999237060547,545177.384552002,0.06887275409188405,2014-12-01
AUROPHARMA.NS,Healthcare,972,559.7000122070312,544028.4118652344,0.06872760332892813,2014-12-01
BBTC.NS,Fast Moving Consumer Goods,1181,424.7999877929688,501688.78558349615,0.0633787998901342,2014-12-01
CCL.NS,Fast Moving Consumer Goods,3665,142.8000030517578,523362.0111846924,0.06611679816281701,2014-12-01
CEATLTD.NS,Automobile and Auto Components,586,899.9000244140625,527341.4143066406,0.06661951977309737,2014-12-01
CENTURYPLY.NS,Consumer Durables,3110,164.9499969482422,512994.4905090332,0.06480705986062393,2014-12-01
EICHERMOT.NS,Automobile and Auto Components,366,1452.0849609375,531463.095703125,0.06714021552700952,2014-12-01
GRANULES.NS,Healthcare,6832,77.6500015258789,530504.8104248047,0.06701915447753502,2014-12-01
JKCEMENT.NS,Construction Materials,857,615.3499755859375,527354.9290771484,0.06662122710632902,2014-12-01
JKLAKSHMI.NS,Construction Materials,1352,379.2000122070313,512678.4165039063,0.06476712994451447,2014-12-01
NBCC.NS,Construction,15138,34.28666687011719,519031.563079834,0.06556972872104502,2014-12-01
SRF.NS,Chemicals,3002,174.5800018310547,524089.1654968262,0.06620866022743217,2014-12-01
SUNDRMFAST.NS,Automobile and Auto Components,2790,188.25,525217.5,0.06635120374991219,2014-12-01
TVSMOTOR.NS,Automobile and Auto Components,2291,236.3999938964844,541592.3860168458,0.06841985797123064,2014-12-01
WHIRLPOOL.NS,Consumer Durables,857,626.2999877929688,536739.0895385742,0.06780673661962196,2014-12-01
ATUL.NS,Chemicals,390,1374.550048828125,536074.5190429688,0.06528759722245897,2015-01-01
BBTC.NS,Fast Moving Consumer Goods,1480,385.5499877929688,570613.9819335939,0.06949409923174857,2015-01-01
CCL.NS,Fast Moving Consumer Goods,3261,170.85000610351562,557141.8699035645,0.06785335378926298,2015-01-01
CENTURYPLY.NS,Consumer Durables,3429,160.3000030517578,549668.7104644775,0.06694321050487528,2015-01-01
EICHERMOT.NS,Automobile and Auto Components,359,1526.2349853515625,547918.3597412109,0.06673003828914922,2015-01-01
FINCABLES.NS,Capital Goods,2067,262.6499938964844,542897.5373840332,0.06611856093639958,2015-01-01
GPPL.NS,Services,2650,198.75,526687.5,0.06414436825591342,2015-01-01
GRANULES.NS,Healthcare,6533,83.18499755859375,543447.589050293,0.06618555078643465,2015-01-01
JKLAKSHMI.NS,Construction Materials,1333,402.0,535866.0,0.06526220204546966,2015-01-01
NBCC.NS,Construction,14818,36.524444580078125,541219.2197875977,0.06591416151177655,2015-01-01
NCC.NS,Construction,6684,82.5999984741211,552098.3898010254,0.0672391169885251,2015-01-01
SRF.NS,Chemicals,3079,175.27999877929688,539687.1162414551,0.06572756924583145,2015-01-01
TIMKEN.NS,Capital Goods,1050,529.1500244140625,555607.5256347656,0.0676664886295446,2015-01-01
TVSMOTOR.NS,Automobile and Auto Components,2016,277.54998779296875,559540.775390625,0.0681455123785083,2015-01-01
WHIRLPOOL.NS,Consumer Durables,825,653.5999755859375,539219.9798583984,0.06567067750607966,2015-01-01
ASHOKLEY.NS,Capital Goods,17231,33.025001525878906,569053.8012924194,0.06612567768792987,2015-02-02
AUROPHARMA.NS,Healthcare,912,632.0750122070312,576452.4111328125,0.06698541729169569,2015-02-02
BBTC.NS,Fast Moving Consumer Goods,1325,451.9500122070313,598833.7661743165,0.06958619469856359,2015-02-02
BEL.NS,Capital Goods,16728,34.576263427734375,578391.7346191406,0.06721077222210528,2015-02-02
CANFINHOME.NS,Financial Services,4564,125.13999938964844,571138.9572143555,0.06636797876404933,2015-02-02
CCL.NS,Fast Moving Consumer Goods,2979,188.1000061035156,560349.9181823729,0.06511426160062639,2015-02-02
CENTURYPLY.NS,Consumer Durables,3077,184.0500030517578,566321.8593902588,0.06580821823282364,2015-02-02
CIEINDIA.NS,Automobile and Auto Components,2563,226.6000061035156,580775.8156433104,0.06748780924923367,2015-02-02
EICHERMOT.NS,Automobile and Auto Components,345,1656.175048828125,571380.3918457031,0.06639603415807173,2015-02-02
JKLAKSHMI.NS,Construction Materials,1458,397.9500122070313,580211.1177978517,0.06742218974606004,2015-02-02
NBCC.NS,Construction,14599,39.655555725097656,578931.4580307007,0.06727348962469955,2015-02-02
NCC.NS,Construction,7532,75.05000305175781,565276.6229858398,0.06568675877603884,2015-02-02
SRF.NS,Chemicals,2988,192.97999572753903,576624.2272338866,0.06700538281357679,2015-02-02
TVSMOTOR.NS,Automobile and Auto Components,1837,285.25,524004.25,0.06089079110605884,2015-02-02
WHIRLPOOL.NS,Consumer Durables,837,711.0,595107.0,0.06915313382048592,2015-02-02
ASHOKLEY.NS,Capital Goods,15890,36.47499847412109,579587.7257537841,0.06619024619296003,2015-03-02
BBTC.NS,Fast Moving Consumer Goods,1333,442.3999938964844,589719.1918640137,0.0673472828352726,2015-03-02
BEL.NS,Capital Goods,15003,36.78787612915039,551928.5055656433,0.06303149987655501,2015-03-02
BEML.NS,Capital Goods,1375,411.4742126464844,565777.042388916,0.06461303451059607,2015-03-02
CANFINHOME.NS,Financial Services,4624,124.93000030517578,577676.3214111328,0.06597195943774996,2015-03-02
CCL.NS,Fast Moving Consumer Goods,3351,174.35000610351562,584246.8704528809,0.06672233119231154,2015-03-02
CENTURYPLY.NS,Consumer Durables,2414,248.6999969482422,600361.7926330566,0.06856269222669852,2015-03-02
HBLENGINE.NS,Automobile and Auto Components,10386,54.45000076293945,565517.7079238892,0.06458341792052055,2015-03-02
NBCC.NS,Construction,14704,41.4577751159668,609595.1253051758,0.06961715997263676,2015-03-02
NCC.NS,Construction,7174,92.4499969482422,663236.2781066896,0.07574310252152139,2015-03-02
SAMMAANCAP.NS,Financial Services,1021,559.9239501953125,571682.3531494141,0.0652874345292903,2015-03-02
SRF.NS,Chemicals,3046,190.2700042724609,579562.4330139159,0.06618735770411809,2015-03-02
TITAGARH.NS,Capital Goods,4811,122.38999938964844,588818.2870635986,0.06724439744297354,2015-03-02
TVSMOTOR.NS,Automobile and Auto Components,2031,272.0,552432.0,0.06308900009453067,2015-03-02
WHIRLPOOL.NS,Consumer Durables,831,677.5999755859375,563085.5797119141,0.06430566330638668,2015-03-02
AJANTPHARM.NS,Healthcare,711,815.5333251953125,579844.1942138672,0.06390130083222137,2015-04-01
ASHOKLEY.NS,Capital Goods,16116,37.025001525878906,596694.9245910645,0.06575832311824391,2015-04-01
BBTC.NS,Fast Moving Consumer Goods,1328,449.1499938964844,596471.1918945312,0.06573366682179421,2015-04-01
BEL.NS,Capital Goods,17286,35.29494857788086,610108.4811172485,0.06723655420059833,2015-04-01
BEML.NS,Capital Goods,1264,479.7128601074219,606357.0551757812,0.06682313107758077,2015-04-01
BHARATFORG.NS,Automobile and Auto Components,926,661.2999877929688,612363.7886962891,0.0674850987053387,2015-04-01
CANFINHOME.NS,Financial Services,4793,128.94000244140625,618009.4317016602,0.06810727261977557,2015-04-01
CENTURYPLY.NS,Consumer Durables,2503,243.4499969482422,609355.3423614502,0.06715355510069716,2015-04-01
HBLENGINE.NS,Automobile and Auto Components,11486,52.75,605886.5,0.06677127389224408,2015-04-01
NBCC.NS,Construction,13858,43.40888977050781,601560.3944396973,0.06629451862660647,2015-04-01
NCC.NS,Construction,5335,110.5500030517578,589784.2662811278,0.06499673912720187,2015-04-01
SPARC.NS,Healthcare,1196,499.9980163574219,597997.6275634766,0.0659018865364273,2015-04-01
TIMKEN.NS,Capital Goods,958,639.5999755859375,612736.7766113281,0.06752620356282202,2015-04-01
TITAGARH.NS,Capital Goods,5067,125.8499984741211,637681.9422683716,0.07027526710586819,2015-04-01
WHIRLPOOL.NS,Consumer Durables,804,727.75,585111.0,0.06448172527092916,2015-04-01
AEGISLOG.NS,Oil Gas & Consumable Fuels,7816,69.4000015258789,542430.4119262695,0.06403779643421104,2015-05-04
AJANTPHARM.NS,Healthcare,651,884.4666748046875,575787.8052978516,0.06797587571468403,2015-05-04
ASHOKLEY.NS,Capital Goods,15833,35.650001525878906,564446.4741592407,0.0666369503174737,2015-05-04
BAYERCROP.NS,Chemicals,146,3946.35009765625,576167.1142578125,0.06802065585501095,2015-05-04
BBTC.NS,Fast Moving Consumer Goods,1306,437.1499938964844,570917.8920288086,0.06740094756220863,2015-05-04
BHARATFORG.NS,Automobile and Auto Components,875,633.5999755859375,554399.9786376953,0.06545088954185962,2015-05-04
CENTURYPLY.NS,Consumer Durables,2697,209.75,565695.75,0.06678443628105864,2015-05-04
HBLENGINE.NS,Automobile and Auto Components,10913,54.0,589302.0,0.06957132322330585,2015-05-04
NATCOPHARM.NS,Healthcare,1296,436.9700012207031,566313.1215820312,0.06685732141954855,2015-05-04
NCC.NS,Construction,6042,94.5500030517578,571271.1184387206,0.06744264847063079,2015-05-04
PIIND.NS,Chemicals,846,651.3499755859375,551042.0793457031,0.06505446547237657,2015-05-04
SPARC.NS,Healthcare,1390,402.4616394042969,559421.6787719727,0.06604373722127073,2015-05-04
TIMKEN.NS,Capital Goods,926,620.9000244140625,574953.4226074219,0.06787737086004614,2015-05-04
TITAGARH.NS,Capital Goods,5272,102.25,539062.0,0.06364013127293255,2015-05-04
WHIRLPOOL.NS,Consumer Durables,776,711.3499755859375,552007.5810546875,0.06516844986657243,2015-05-04
AEGISLOG.NS,Oil Gas & Consumable Fuels,8154,68.90499877929688,561851.3600463867,0.06461721414617999,2015-06-01
AJANTPHARM.NS,Healthcare,549,1080.7332763671875,593322.5687255859,0.0682366444355274,2015-06-01
BBTC.NS,Fast Moving Consumer Goods,1060,516.2999877929688,547277.9870605469,0.06294116451807119,2015-06-01
BEL.NS,Capital Goods,15988,36.44797897338867,582730.2878265381,0.06701845092062027,2015-06-01
BRITANNIA.NS,Fast Moving Consumer Goods,452,1283.949951171875,580345.3779296875,0.06674416799726592,2015-06-01
CANFINHOME.NS,Financial Services,4219,136.3300018310547,575176.2777252197,0.06614968184201735,2015-06-01
CENTURYPLY.NS,Consumer Durables,2694,207.5500030517578,559139.7082214355,0.06430535339594833,2015-06-01
EICHERMOT.NS,Automobile and Auto Components,312,1877.7900390625,585870.4921875,0.06737959849822565,2015-06-01
MASTEK.NS,Information Technology,1362,443.2999877929688,603774.5833740236,0.06943870625618642,2015-06-01
NATCOPHARM.NS,Healthcare,1298,444.0400085449219,576363.9310913086,0.06628627108491188,2015-06-01
PAGEIND.NS,Textiles,35,16879.849609375,590794.736328125,0.06794592432880933,2015-06-01
SPARC.NS,Healthcare,1432,398.2403869628906,570280.2341308594,0.06558659929046902,2015-06-01
TATAELXSI.NS,Information Technology,911,632.7249755859375,576412.4527587891,0.06629185144869004,2015-06-01
TIMKEN.NS,Capital Goods,926,636.0999755859375,589028.5773925781,0.06774280250999767,2015-06-01
WELSPUNLIV.NS,Textiles,10180,57.185001373291016,582143.3139801025,0.06695094442792404,2015-06-01
AEGISLOG.NS,Oil Gas & Consumable Fuels,7135,79.94499969482422,570407.5728225708,0.06663615946699965,2015-07-01
AJANTPHARM.NS,Healthcare,539,1056.0,569184.0,0.0664932192298621,2015-07-01
APLLTD.NS,Healthcare,845,662.4500122070312,559770.2603149414,0.0653934872334401,2015-07-01
BAJFINANCE.NS,Financial Services,10356,54.98199844360352,569393.5758819581,0.06651770230574675,2015-07-01
BBTC.NS,Fast Moving Consumer Goods,1102,511.3500061035156,563507.7067260742,0.0658301032373603,2015-07-01
BRITANNIA.NS,Fast Moving Consumer Goods,409,1365.7750244140625,558601.9849853516,0.06525700696060872,2015-07-01
CANFINHOME.NS,Financial Services,3639,154.13999938964844,560915.4577789307,0.06552727150361375,2015-07-01
EICHERMOT.NS,Automobile and Auto Components,285,2035.2349853515625,580041.9708251953,0.06776166921171534,2015-07-01
EMAMILTD.NS,Fast Moving Consumer Goods,966,592.0999755859375,571968.5764160156,0.06681851904519849,2015-07-01
NATCOPHARM.NS,Healthcare,1226,470.6900024414063,577065.9429931642,0.06741400365704511,2015-07-01
RAJESHEXPO.NS,Consumer Durables,1698,354.6499938964844,602195.6896362305,0.07034971118348349,2015-07-01
SPARC.NS,Healthcare,1442,394.1680908203125,568390.3869628906,0.0664005077593004,2015-07-01
SRF.NS,Chemicals,2290,247.3500061035156,566431.5139770507,0.06617166827876174,2015-07-01
TATAELXSI.NS,Information Technology,936,607.7249755859375,568830.5771484375,0.06645193166178255,2015-07-01
WELSPUNLIV.NS,Textiles,8786,63.584999084472656,558657.8019561768,0.06526352761136107,2015-07-01
AJANTPHARM.NS,Healthcare,622,1034.3333740234375,643355.3586425781,0.06532974140303495,2015-08-03
BAJFINANCE.NS,Financial Services,11748,56.82350158691406,667562.4966430664,0.06778786356590337,2015-08-03
BBTC.NS,Fast Moving Consumer Goods,1067,602.7999877929688,643187.5869750977,0.06531270497129622,2015-08-03
BEML.NS,Capital Goods,1011,652.6571044921875,659836.3326416016,0.06700330758222724,2015-08-03
BRITANNIA.NS,Fast Moving Consumer Goods,408,1568.425048828125,639917.419921875,0.06498063473194589,2015-08-03
CCL.NS,Fast Moving Consumer Goods,2649,235.1499938964844,622912.3338317872,0.0632538474100127,2015-08-03
EMAMILTD.NS,Fast Moving Consumer Goods,998,664.7000122070312,663370.6121826172,0.06736219721508543,2015-08-03
HINDPETRO.NS,Oil Gas & Consumable Fuels,4675,134.6888885498047,629670.5539703369,0.0639401132008624,2015-08-03
KEI.NS,Capital Goods,6066,107.0999984741211,649668.5907440186,0.06597082073044533,2015-08-03
RAJESHEXPO.NS,Consumer Durables,1221,568.9000244140625,694626.9298095703,0.07053613075018234,2015-08-03
RKFORGE.NS,Automobile and Auto Components,4433,151.41000366210938,671200.5462341309,0.06815729056422219,2015-08-03
SRF.NS,Chemicals,2369,277.010009765625,656236.7131347656,0.06663778298004303,2015-08-03
TATAELXSI.NS,Information Technology,761,900.7750244140624,685489.7935791014,0.06960829710570894,2015-08-03
TITAGARH.NS,Capital Goods,5557,113.0,627941.0,0.0637644850474526,2015-08-03
WELSPUNLIV.NS,Textiles,7196,94.4000015258789,679302.4109802246,0.06897999720936684,2015-08-03
AJANTPHARM.NS,Healthcare,587,1015.5999755859376,596157.1856689454,0.06895538535445223,2015-09-01
ASHOKLEY.NS,Capital Goods,12962,43.72499847412109,566763.4302215575,0.06555551400741003,2015-09-01
BEML.NS,Capital Goods,1103,519.3590698242188,572853.0540161133,0.06625987917403309,2015-09-01
BRITANNIA.NS,Fast Moving Consumer Goods,403,1460.449951171875,588561.3303222656,0.06807679973120044,2015-09-01
CCL.NS,Fast Moving Consumer Goods,2678,217.5500030517578,582598.9081726074,0.0673871475272867,2015-09-01
CHENNPETRO.NS,Oil Gas & Consumable Fuels,2567,219.8999938964844,564483.2843322755,0.06529177762673824,2015-09-01
JUBLPHARMA.NS,Healthcare,2203,262.84112548828125,579038.9994506836,0.06697538552282224,2015-09-01
KEI.NS,Capital Goods,5684,101.0500030517578,574368.2173461913,0.06643513273771064,2015-09-01
KPRMILL.NS,Textiles,7713,71.37999725341797,550553.9188156128,0.06368061736559551,2015-09-01
RAJESHEXPO.NS,Consumer Durables,1160,480.3999938964844,557263.9929199219,0.06445674781699713,2015-09-01
RKFORGE.NS,Automobile and Auto Components,4576,124.0199966430664,567515.5046386719,0.06564250378543167,2015-09-01
TATAELXSI.NS,Information Technology,648,903.7000122070312,585597.6079101562,0.06773399648077696,2015-09-01
TORNTPHARM.NS,Healthcare,731,817.9000244140625,597884.9178466797,0.06915522600213522,2015-09-01
VTL.NS,Textiles,3233,175.47999572753906,567326.8261871338,0.06562068001873617,2015-09-01
WELSPUNLIV.NS,Textiles,7670,75.80000305175781,581386.0234069824,0.06724685745209391,2015-09-01
ASHOKLEY.NS,Capital Goods,12942,47.125,609891.75,0.06741207642124916,2015-10-01
BRITANNIA.NS,Fast Moving Consumer Goods,388,1561.4000244140625,605823.2094726562,0.06696237569164878,2015-10-01
CAPLIPOINT.NS,Healthcare,2096,288.489990234375,604675.01953125,0.06683546486185614,2015-10-01
CCL.NS,Fast Moving Consumer Goods,2547,240.1999969482422,611789.3922271729,0.06762182512311038,2015-10-01
CHENNPETRO.NS,Oil Gas & Consumable Fuels,2691,220.1000061035156,592289.1164245604,0.06546643593701112,2015-10-01
GRANULES.NS,Healthcare,4258,141.0500030517578,600590.9129943848,0.06638404360230364,2015-10-01
JUBLPHARMA.NS,Healthcare,2104,281.1518249511719,591543.4396972656,0.06538401538200946,2015-10-01
KEI.NS,Capital Goods,6189,97.8499984741211,605593.6405563354,0.06693700116029801,2015-10-01
KPRMILL.NS,Textiles,7365,80.83000183105469,595312.9634857178,0.06580066542801984,2015-10-01
RAJESHEXPO.NS,Consumer Durables,1064,554.5999755859375,590094.3740234375,0.0652238483918124,2015-10-01
RKFORGE.NS,Automobile and Auto Components,4981,121.87000274658205,607034.4836807252,0.06709625930211152,2015-10-01
SAMMAANCAP.NS,Financial Services,848,709.4984741210938,601654.7060546875,0.06650162594224761,2015-10-01
TATAELXSI.NS,Information Technology,638,940.2999877929688,599911.3922119141,0.0663089353442927,2015-10-01
VTL.NS,Textiles,3279,185.08999633789065,606910.0979919435,0.06708251080074572,2015-10-01
WELSPUNLIV.NS,Textiles,7156,84.84500122070312,607150.8287353516,0.06710911906241113,2015-10-01
AARTIIND.NS,Chemicals,4719,124.7410888671875,588653.1983642578,0.06710294286905479,2015-11-02
AJANTPHARM.NS,Healthcare,568,1018.7000122070312,578621.6069335938,0.06595940146211418,2015-11-02
ASHOKLEY.NS,Capital Goods,12491,45.150001525878906,563968.6690597534,0.06428905420885135,2015-11-02
BAJAJFINSV.NS,Financial Services,2980,197.5399932861328,588669.1799926758,0.0671047646790809,2015-11-02
BAJFINANCE.NS,Financial Services,11219,52.23199844360352,585990.790538788,0.06679944430537914,2015-11-02
BRITANNIA.NS,Fast Moving Consumer Goods,364,1593.2750244140625,579952.1088867188,0.0661110707247561,2015-11-02
CHENNPETRO.NS,Oil Gas & Consumable Fuels,2733,208.8999938964844,570923.6833190919,0.06508188422454603,2015-11-02
GRANULES.NS,Healthcare,3824,148.25,566908.0,0.0646241203508594,2015-11-02
JUBLPHARMA.NS,Healthcare,1904,320.8500366210937,610898.4697265624,0.06963877071723314,2015-11-02
KEI.NS,Capital Goods,5862,101.25,593527.5,0.06765858409397063,2015-11-02
KRBL.NS,Fast Moving Consumer Goods,2834,207.6499938964844,588480.0827026368,0.0670832087193317,2015-11-02
RAJESHEXPO.NS,Consumer Durables,910,641.3499755859375,583628.4777832031,0.06653015478428703,2015-11-02
SRF.NS,Chemicals,2203,265.5799865722656,585072.7104187012,0.06669478866430119,2015-11-02
TATAELXSI.NS,Information Technology,641,909.5999755859376,583053.584350586,0.0664646203723924,2015-11-02
WELSPUNLIV.NS,Textiles,8099,73.125,592239.375,0.06751174555045572,2015-11-02
ASHOKLEY.NS,Capital Goods,12644,46.70000076293945,590474.8096466064,0.0647366820261689,2015-12-01
BAJAJFINSV.NS,Financial Services,3118,199.1150054931641,620840.5871276857,0.0680658328199962,2015-12-01
BAJFINANCE.NS,Financial Services,10947,56.03799819946289,613447.9662895203,0.06725534313149152,2015-12-01
CHENNPETRO.NS,Oil Gas & Consumable Fuels,3064,203.5,623524.0,0.06836002868241396,2015-12-01
FDC.NS,Healthcare,2463,243.6000061035156,599986.8150329589,0.06577953035444228,2015-12-01
GODFRYPHLP.NS,Fast Moving Consumer Goods,1277,466.1666564941406,595294.8203430176,0.06526512370516796,2015-12-01
GRANULES.NS,Healthcare,3773,161.89999389648438,610848.6769714355,0.06697037015156106,2015-12-01
HINDPETRO.NS,Oil Gas & Consumable Fuels,4821,125.51851654052734,605124.7682418823,0.06634282964802345,2015-12-01
JUBLPHARMA.NS,Healthcare,1938,336.27154541015625,651694.2550048828,0.07144847345779502,2015-12-01
KRBL.NS,Fast Moving Consumer Goods,2550,238.3500061035156,607792.5155639647,0.06663530801847108,2015-12-01
RAJESHEXPO.NS,Consumer Durables,846,706.2999877929688,597529.7896728516,0.0655101544778275,2015-12-01
TATAELXSI.NS,Information Technology,593,1002.4749755859376,594467.660522461,0.06517443807148235,2015-12-01
TITAGARH.NS,Capital Goods,4135,149.9499969482422,620043.2373809814,0.06797841541255942,2015-12-01
WELSPUNLIV.NS,Textiles,6861,86.58999633789062,594093.9648742676,0.06513346796411039,2015-12-01
ZENSARTECH.NS,Information Technology,2759,210.58999633789065,581017.7998962404,0.06369986314223677,2015-12-01
CHENNPETRO.NS,Oil Gas & Consumable Fuels,3023,202.1000061035156,610948.3184509276,0.06622930996873398,2016-01-01
GODFRYPHLP.NS,Fast Moving Consumer Goods,1325,471.25,624406.25,0.06768820508831047,2016-01-01
GRANULES.NS,Healthcare,4088,150.5,615244.0,0.06669497951270105,2016-01-01
INTELLECT.NS,Information Technology,2317,265.243408203125,614568.9768066406,0.06662180422281329,2016-01-01
JUBLPHARMA.NS,Healthcare,1964,314.4713134765625,617621.6596679688,0.06695272759775893,2016-01-01
KEI.NS,Capital Goods,5034,118.1500015258789,594767.1076812744,0.06447520018339237,2016-01-01
KRBL.NS,Fast Moving Consumer Goods,2668,228.0500030517578,608437.4081420898,0.0659571169662729,2016-01-01
NAVINFLUOR.NS,Chemicals,1622,389.8399963378906,632320.4740600586,0.068546139520088,2016-01-01
RAJESHEXPO.NS,Consumer Durables,892,678.5499877929688,605266.5891113281,0.0656133871447791,2016-01-01
TATAELXSI.NS,Information Technology,539,1125.375,606577.125,0.06575545462409726,2016-01-01
TITAGARH.NS,Capital Goods,3714,164.25,610024.5,0.06612916424986785,2016-01-01
TRIDENT.NS,Textiles,104900,5.789999961853027,607370.9959983826,0.06584151350475739,2016-01-01
TRIVENI.NS,Fast Moving Consumer Goods,14191,46.34999847412109,657752.8283462523,0.07130311130376642,2016-01-01
WELSPUNLIV.NS,Textiles,6644,91.09500122070312,605235.1881103516,0.06560998314715083,2016-01-01
ZENSARTECH.NS,Information Technology,2765,217.32000732421875,600889.8202514648,0.06513892740288742,2016-01-01
BALRAMCHIN.NS,Fast Moving Consumer Goods,6304,92.9000015258789,585641.6096191406,0.0690019497685471,2016-02-01
CHENNPETRO.NS,Oil Gas & Consumable Fuels,2990,184.8000030517578,552552.0091247559,0.0651032395101355,2016-02-01
GODFRYPHLP.NS,Fast Moving Consumer Goods,1347,425.4333190917969,573058.6808166504,0.06751939353123451,2016-02-01
INTELLECT.NS,Information Technology,2552,218.59280395507807,557848.8356933593,0.06572732658799385,2016-02-01
JUBLPHARMA.NS,Healthcare,2144,268.95721435546875,576644.267578125,0.06794185749817658,2016-02-01
KEI.NS,Capital Goods,5100,112.0999984741211,571709.9922180176,0.06736048722845867,2016-02-01
KRBL.NS,Fast Moving Consumer Goods,2305,236.75,545708.75,0.06429694737750058,2016-02-01
NATCOPHARM.NS,Healthcare,1037,523.4500122070312,542817.6626586914,0.06395631129525364,2016-02-01
NAVINFLUOR.NS,Chemicals,1701,308.3099975585937,524435.3058471679,0.06179045005776209,2016-02-01
RAJESHEXPO.NS,Consumer Durables,771,728.9500122070312,562020.4594116211,0.06621883908562526,2016-02-01
TATAELXSI.NS,Information Technology,538,1125.175048828125,605344.1762695312,0.07132336186084333,2016-02-01
TITAGARH.NS,Capital Goods,4025,144.25,580606.25,0.06840866946571399,2016-02-01
TRIDENT.NS,Textiles,105055,5.445000171661377,572024.493033886,0.06739754260352471,2016-02-01
TRIVENI.NS,Fast Moving Consumer Goods,11467,48.29999923706055,553856.0912513733,0.06525689015229774,2016-02-01
WELSPUNLIV.NS,Textiles,6725,84.42500305175781,567758.1455230713,0.06689486948091676,2016-02-01
ASHOKLEY.NS,Capital Goods,10563,45.525001525878906,480880.5911178589,0.06697495178877229,2016-03-01
BAJFINANCE.NS,Financial Services,7816,62.0885009765625,485283.7236328125,0.0675882008850252,2016-03-01
BALRAMCHIN.NS,Fast Moving Consumer Goods,5667,84.75,480278.25,0.06689106034446339,2016-03-01
ECLERX.NS,Services,1064,449.98333740234375,478782.27099609375,0.0666827069122096,2016-03-01
GODFRYPHLP.NS,Fast Moving Consumer Goods,1293,392.8833312988281,507998.14736938477,0.07075176677386727,2016-03-01
IGL.NS,Oil Gas & Consumable Fuels,9125,53.22499847412109,485678.1110763549,0.06764312944838424,2016-03-01
JSWSTEEL.NS,Metals & Mining,4122,114.34500122070312,471330.0950317383,0.065644800340073,2016-03-01
KAJARIACER.NS,Consumer Durables,1070,439.1499938964844,469890.4934692383,0.06544429891201714,2016-03-01
KANSAINER.NS,Consumer Durables,2578,182.8000030517578,471258.40786743164,0.06563481606442954,2016-03-01
MARICO.NS,Fast Moving Consumer Goods,1965,235.75,463248.75,0.06451926584380457,2016-03-01
PETRONET.NS,Oil Gas & Consumable Fuels,3922,123.6999969482422,485151.3880310059,0.06756976975947211,2016-03-01
RAJESHEXPO.NS,Consumer Durables,658,705.2999877929688,464087.39196777344,0.0646360682400691,2016-03-01
TORNTPOWER.NS,Power,2039,224.8500061035156,458469.1624450683,0.06385358573116448,2016-03-01
TRIVENI.NS,Fast Moving Consumer Goods,11646,41.650001525878906,485055.91777038574,0.06755647307788337,2016-03-01
WELSPUNLIV.NS,Textiles,5723,84.98500061035156,486369.158493042,0.06773937551917862,2016-03-01
ASHOKLEY.NS,Capital Goods,9526,55.125,525120.75,0.06741332160911824,2016-04-01
BAJFINANCE.NS,Financial Services,7441,68.7750015258789,511754.78635406494,0.06569744196452373,2016-04-01
BALRAMCHIN.NS,Fast Moving Consumer Goods,4781,109.3499984741211,522802.34270477295,0.0671156918989724,2016-04-01
EIDPARRY.NS,Chemicals,2380,219.1499938964844,521576.98547363287,0.06695838445852388,2016-04-01
GODFRYPHLP.NS,Fast Moving Consumer Goods,1302,396.51666259765625,516264.69470214844,0.06627640956749314,2016-04-01
INTELLECT.NS,Information Technology,2447,222.3866729736328,544180.1887664795,0.06986011137176612,2016-04-01
JSWSTEEL.NS,Metals & Mining,4061,126.26499938964844,512762.1625213623,0.06582676569348965,2016-04-01
JUBLPHARMA.NS,Healthcare,1642,307.8299255371094,505456.7377319336,0.0648889186348446,2016-04-01
PETRONET.NS,Oil Gas & Consumable Fuels,4130,123.4749984741211,509951.7436981201,0.06546597311771056,2016-04-01
PRAJIND.NS,Capital Goods,5737,91.4000015258789,524361.8087539673,0.06731589116040482,2016-04-01
RAJESHEXPO.NS,Consumer Durables,831,621.25,516258.75,0.06627564640565312,2016-04-01
SRF.NS,Chemicals,1993,255.8800048828125,509968.8497314453,0.06546816913553315,2016-04-01
TORNTPOWER.NS,Power,2225,228.8000030517578,509080.00679016113,0.06535406232284142,2016-04-01
TRIVENI.NS,Fast Moving Consumer Goods,10194,52.79999923706055,538243.1922225952,0.06909793875260169,2016-04-01
WELSPUNLIV.NS,Textiles,5179,98.6500015258789,510908.35790252686,0.06558878018830817,2016-04-01
ASHOKLEY.NS,Capital Goods,9663,52.97499847412109,511897.41025543207,0.06568301471836299,2016-05-02
BAJFINANCE.NS,Financial Services,7513,70.5374984741211,529948.2260360718,0.0679991663042962,2016-05-02
BALRAMCHIN.NS,Fast Moving Consumer Goods,4782,108.1500015258789,517173.30729675293,0.0663599800947745,2016-05-02
EIDPARRY.NS,Chemicals,2260,227.3500061035156,513811.01379394525,0.06592855463879853,2016-05-02
INTELLECT.NS,Information Technology,2410,219.62322998046875,529291.9842529297,0.06791496205196482,2016-05-02
JSWSTEEL.NS,Metals & Mining,3770,136.47999572753906,514529.58389282227,0.06602075641484807,2016-05-02
JUBLPHARMA.NS,Healthcare,1755,292.2207946777344,512847.4946594238,0.06580492275431093,2016-05-02
KRBL.NS,Fast Moving Consumer Goods,2304,228.0,525312.0,0.067404278936507,2016-05-02
PETRONET.NS,Oil Gas & Consumable Fuels,3900,133.4499969482422,520454.98809814453,0.06678106190542718,2016-05-02
PRAJIND.NS,Capital Goods,5308,97.0999984741211,515406.79190063477,0.06613331347283252,2016-05-02
RAMCOCEM.NS,Construction Materials,1128,454.5499877929688,512732.3862304688,0.06579015286393487,2016-05-02
TORNTPOWER.NS,Power,2228,233.8000030517578,520906.4067993164,0.06683898472472494,2016-05-02
TRIVENI.NS,Fast Moving Consumer Goods,9894,52.84999847412109,522897.88490295404,0.06709451695241732,2016-05-02
TVSMOTOR.NS,Automobile and Auto Components,1634,318.95001220703125,521164.31994628906,0.06687207829521245,2016-05-02
WELSPUNLIV.NS,Textiles,5139,99.5500030517578,511587.46568298334,0.06564324484747447,2016-05-02
ASHOKLEY.NS,Capital Goods,9382,52.22499847412109,489974.93568420404,0.06372552988724403,2016-06-01
BAJFINANCE.NS,Financial Services,6854,76.42400360107422,523810.1206817627,0.06812609190740425,2016-06-01
BALRAMCHIN.NS,Fast Moving Consumer Goods,4751,110.0,522610.0,0.06797000570624546,2016-06-01
BIOCON.NS,Healthcare,4318,119.09166717529295,514237.818862915,0.06688113025483544,2016-06-01
BSOFT.NS,Information Technology,4590,111.27210998535156,510738.9848327637,0.06642607625855794,2016-06-01
CHOLAFIN.NS,Financial Services,2635,196.19000244140625,516960.65643310547,0.0672352591180088,2016-06-01
EIDPARRY.NS,Chemicals,2167,239.5,518996.5,0.06750003839674217,2016-06-01
JSWSTEEL.NS,Metals & Mining,3696,137.47999572753906,508126.0642089844,0.06608624305653683,2016-06-01
KRBL.NS,Fast Moving Consumer Goods,1820,272.3500061035156,495677.01110839844,0.0644671347151653,2016-06-01
MANAPPURAM.NS,Financial Services,9591,54.20000076293945,519832.2073173523,0.06760872944959073,2016-06-01
RAMCOCEM.NS,Construction Materials,1046,488.6000061035156,511075.60638427734,0.0664698568382966,2016-06-01
SHRIRAMFIN.NS,Financial Services,2122,226.51760864257807,480670.36553955066,0.06251538908276985,2016-06-01
SUPREMEIND.NS,Capital Goods,536,928.5999755859376,497729.58691406256,0.06473409016803358,2016-06-01
TRIVENI.NS,Fast Moving Consumer Goods,10979,47.5,521502.5,0.06782596563560069,2016-06-01
WELSPUNLIV.NS,Textiles,4905,105.8499984741211,519194.24251556396,0.06752575654203455,2016-06-01
AEGISLOG.NS,Oil Gas & Consumable Fuels,4285,126.0,539910.0,0.06505325187341314,2016-07-01
ATUL.NS,Chemicals,267,2026.0,540942.0,0.06517759659000176,2016-07-01
BALRAMCHIN.NS,Fast Moving Consumer Goods,4398,129.89999389648438,571300.1731567383,0.0688354245331441,2016-07-01
BIOCON.NS,Healthcare,4452,123.28333282470705,548857.3977355958,0.06613131547383788,2016-07-01
EIDPARRY.NS,Chemicals,2171,261.45001220703125,567607.9765014648,0.06839055520495668,2016-07-01
ESCORTS.NS,Capital Goods,2491,223.1499938964844,555866.6347961427,0.06697585190387292,2016-07-01
GNFC.NS,Chemicals,3557,160.0500030517578,569297.8608551025,0.06859416779315496,2016-07-01
JSWSTEEL.NS,Metals & Mining,3748,146.3300018310547,548444.846862793,0.06608160760430584,2016-07-01
KRBL.NS,Fast Moving Consumer Goods,1874,285.8500061035156,535682.9114379883,0.06454393391872482,2016-07-01
MANAPPURAM.NS,Financial Services,7932,72.0,571104.0,0.06881178781262384,2016-07-01
MUTHOOTFIN.NS,Financial Services,1868,287.3999938964844,536863.1885986328,0.0646861444119771,2016-07-01
RAMCOCEM.NS,Construction Materials,991,569.3499755859375,564225.8258056641,0.06798304302498637,2016-07-01
TRIVENI.NS,Fast Moving Consumer Goods,8466,65.4000015258789,553676.4129180908,0.06671195411444215,2016-07-01
VGUARD.NS,Consumer Durables,5451,99.68571472167967,543386.8309478759,0.06547217198856835,2016-07-01
WELSPUNLIV.NS,Textiles,5056,107.1999969482422,542003.1845703126,0.06530545772822244,2016-07-01
BAJFINANCE.NS,Financial Services,5519,112.2624969482422,619576.7206573487,0.07084355237952147,2016-08-01
BALRAMCHIN.NS,Fast Moving Consumer Goods,4339,133.5,579256.5,0.06623326350187904,2016-08-01
BIOCON.NS,Healthcare,4157,137.68333435058594,572349.6208953857,0.06544351812360269,2016-08-01
CHOLAFIN.NS,Financial Services,2614,230.42999267578125,602344.0008544922,0.06887313120762846,2016-08-01
EIDPARRY.NS,Chemicals,2213,260.29998779296875,576043.8729858398,0.0658659257653804,2016-08-01
ESCORTS.NS,Capital Goods,2178,258.6000061035156,563230.813293457,0.06440085673487164,2016-08-01
GNFC.NS,Chemicals,3719,149.5500030517578,556176.4613494873,0.06359424903838495,2016-08-01
HSCL.NS,Chemicals,17233,34.5,594538.5,0.06798063575033153,2016-08-01
JMFINANCIL.NS,Financial Services,7990,67.55000305175781,539724.5243835449,0.061713104025456204,2016-08-01
JSWSTEEL.NS,Metals & Mining,3426,168.96499633789062,578874.0774536133,0.0661895365980223,2016-08-01
MANAPPURAM.NS,Financial Services,7031,86.05000305175781,605017.5714569092,0.06917883223334119,2016-08-01
MUTHOOTFIN.NS,Financial Services,1738,355.45001220703125,617772.1212158203,0.07063721112944298,2016-08-01
RENUKA.NS,Fast Moving Consumer Goods,31375,18.0,564750.0,0.06457456336301136,2016-08-01
TRIVENI.NS,Fast Moving Consumer Goods,9281,61.900001525878906,574493.9141616821,0.06568870059618938,2016-08-01
VGUARD.NS,Consumer Durables,4992,118.12857055664062,589697.82421875,0.06742714389560621,2016-08-01
BAJFINANCE.NS,Financial Services,5368,111.6084976196289,599114.415222168,0.06732881828162275,2016-09-01
BIOCON.NS,Healthcare,3883,151.6999969482422,589051.0881500244,0.06619789586925244,2016-09-01
CHOLAFIN.NS,Financial Services,2531,233.22000122070312,590279.8230895996,0.06633598179968737,2016-09-01
ESCORTS.NS,Capital Goods,1814,330.3999938964844,599345.5889282227,0.0673547977140166,2016-09-01
GNFC.NS,Chemicals,3855,150.0,578250.0,0.06498406344789914,2016-09-01
HINDALCO.NS,Metals & Mining,3724,157.5,586530.0,0.06591457455096635,2016-09-01
HSCL.NS,Chemicals,16565,35.599998474121094,589713.9747238159,0.06627239143893687,2016-09-01
INDIACEM.NS,Construction Materials,4063,151.14999389648438,614122.425201416,0.06901542696768961,2016-09-01
MANAPPURAM.NS,Financial Services,6918,83.80000305175781,579728.4211120605,0.06515020925222056,2016-09-01
MUTHOOTFIN.NS,Financial Services,1571,363.3999938964844,570901.390411377,0.06415822252829531,2016-09-01
PCBL.NS,Chemicals,23783,26.45499992370605,629179.263185501,0.0707075229726745,2016-09-01
SUNDRMFAST.NS,Automobile and Auto Components,2033,287.25,583979.25,0.06562791981713197,2016-09-01
VEDL.NS,Metals & Mining,3497,170.1999969482422,595189.3893280029,0.0668877216422089,2016-09-01
VGUARD.NS,Consumer Durables,4363,135.64285278320312,591809.7666931152,0.06650791773086345,2016-09-01
YESBANK.NS,Financial Services,2161,272.9700012207031,589888.1726379395,0.06629196789947106,2016-09-01
BAJFINANCE.NS,Financial Services,5700,108.66999816894533,619418.9895629884,0.06576408833397794,2016-10-03
BIOCON.NS,Healthcare,3848,160.6750030517578,618277.4117431641,0.06564288632718121,2016-10-03
CHOLAFIN.NS,Financial Services,2593,236.2100067138672,612492.5474090576,0.06502870378599586,2016-10-03
ESCORTS.NS,Capital Goods,1589,406.8999938964844,646564.0903015137,0.06864610007866562,2016-10-03
GNFC.NS,Chemicals,3385,182.4499969482422,617593.2396697998,0.0655702473648205,2016-10-03
HINDALCO.NS,Metals & Mining,3944,154.10000610351562,607770.4240722656,0.06452735309853337,2016-10-03
HINDZINC.NS,Metals & Mining,2595,254.4499969482422,660297.7420806885,0.07010421018502667,2016-10-03
HSCL.NS,Chemicals,15310,42.79999923706055,655267.988319397,0.06957019818954506,2016-10-03
INDIACEM.NS,Construction Materials,4191,150.9499969482422,632631.437210083,0.0671668618827589,2016-10-03
MANAPPURAM.NS,Financial Services,6587,94.3499984741211,621483.4399490356,0.06598327227866926,2016-10-03
MUTHOOTFIN.NS,Financial Services,1717,351.1000061035156,602838.7104797363,0.06400375008699864,2016-10-03
PCBL.NS,Chemicals,23943,25.924999237060547,620722.2567329407,0.06590245699675978,2016-10-03
SUNDRMFAST.NS,Automobile and Auto Components,2086,301.70001220703125,629346.2254638672,0.06681806896695504,2016-10-03
UNOMINDA.NS,Automobile and Auto Components,12543,51.714820861816406,648658.9980697632,0.06886851770202569,2016-10-03
VGUARD.NS,Consumer Durables,4611,132.14285278320312,609310.6941833496,0.06469088450675671,2016-10-03
BAJAJFINSV.NS,Financial Services,1981,345.8900146484375,685208.1190185547,0.0675430349860153,2016-11-01
BAJFINANCE.NS,Financial Services,6272,106.08000183105467,665333.7714843749,0.06558396048942577,2016-11-01
BIOCON.NS,Healthcare,4392,154.1750030517578,677136.6134033203,0.06674740228548562,2016-11-01
ESCORTS.NS,Capital Goods,1803,379.4500122070313,684148.3720092775,0.06743857252076246,2016-11-01
GNFC.NS,Chemicals,2409,279.3500061035156,672954.1647033691,0.06633512567779941,2016-11-01
HSCL.NS,Chemicals,14292,46.400001525878906,663148.8218078613,0.0653685833969085,2016-11-01
JMFINANCIL.NS,Financial Services,7660,84.05000305175781,643823.0233764648,0.06346358104309205,2016-11-01
MANAPPURAM.NS,Financial Services,6651,102.6999969482422,683057.6797027589,0.06733105968404407,2016-11-01
MOTILALOFS.NS,Financial Services,1146,579.75,664393.5,0.0654912750877168,2016-11-01
MUTHOOTFIN.NS,Financial Services,1824,361.75,659832.0,0.06504163424789428,2016-11-01
PCBL.NS,Chemicals,24563,26.940000534057617,661727.2331180573,0.065228453103723,2016-11-01
SUNDRMFAST.NS,Automobile and Auto Components,2108,322.1000061035156,678986.8128662109,0.06692978203783316,2016-11-01
UNOMINDA.NS,Automobile and Auto Components,10394,63.92008590698242,664385.3729171753,0.06549047397660278,2016-11-01
VEDL.NS,Metals & Mining,3326,219.8000030517578,731054.8101501465,0.0720622818792505,2016-11-01
VGUARD.NS,Consumer Durables,4528,153.35714721679688,694401.1625976562,0.0684492210729236,2016-11-01
BIOCON.NS,Healthcare,3828,154.2083282470703,590309.4805297852,0.06853400438046736,2016-12-01
ESCORTS.NS,Capital Goods,1806,318.95001220703125,576023.7220458984,0.0668754502375891,2016-12-01
GNFC.NS,Chemicals,2680,212.8500061035156,570438.0163574218,0.06622695857220283,2016-12-01
HINDALCO.NS,Metals & Mining,3319,171.35000610351562,568710.6702575684,0.0660264164005479,2016-12-01
HINDPETRO.NS,Oil Gas & Consumable Fuels,2864,198.6666717529297,568981.3479003906,0.06605784165013431,2016-12-01
HINDZINC.NS,Metals & Mining,2066,275.0,568150.0,0.06596132346344362,2016-12-01
IGL.NS,Oil Gas & Consumable Fuels,7079,83.56500244140625,591556.6522827148,0.06867879906393029,2016-12-01
INDIANB.NS,Financial Services,2288,246.9499969482422,565021.5930175781,0.06559812032185632,2016-12-01
JKPAPER.NS,Forest Materials,6394,87.8499984741211,561712.8902435303,0.06521398512177999,2016-12-01
JUBLPHARMA.NS,Healthcare,1104,532.77392578125,588182.4140625,0.06828705530139169,2016-12-01
MANAPPURAM.NS,Financial Services,7453,74.25,553385.25,0.06424715915717435,2016-12-01
PCBL.NS,Chemicals,25366,22.64999961853028,574539.8903236391,0.06670317970305198,2016-12-01
PETRONET.NS,Oil Gas & Consumable Fuels,2987,190.75,569770.25,0.06614943194595993,2016-12-01
SUNDRMFAST.NS,Automobile and Auto Components,1983,295.79998779296875,586571.375793457,0.06810001628638451,2016-12-01
VEDL.NS,Metals & Mining,2518,226.8999938964844,571334.1846313478,0.06633100230254536,2016-12-01
ADANIENSOL.NS,Power,9732,57.09999847412109,555697.1851501464,0.06597636994192152,2017-01-02
BALKRISIND.NS,Automobile and Auto Components,999,543.7750244140625,543231.2493896484,0.0644963243138613,2017-01-02
BIOCON.NS,Healthcare,3516,158.65834045410156,557842.7250366211,0.06623110388166058,2017-01-02
ESCORTS.NS,Capital Goods,1855,320.75,594991.25,0.07064164417460514,2017-01-02
GNFC.NS,Chemicals,2580,217.8500061035156,562053.0157470702,0.0667309799020881,2017-01-02
HINDALCO.NS,Metals & Mining,3559,158.85000610351562,565347.1717224121,0.06712208581207543,2017-01-02
HINDPETRO.NS,Oil Gas & Consumable Fuels,2811,200.0,562200.0,0.0667484309306448,2017-01-02
HINDZINC.NS,Metals & Mining,2159,259.54998779296875,560368.4236450195,0.06653097300139432,2017-01-02
IGL.NS,Oil Gas & Consumable Fuels,6014,91.93499755859376,552897.0753173829,0.06564392074631421,2017-01-02
INDIANB.NS,Financial Services,2504,222.6000061035156,557390.415283203,0.06617740241183617,2017-01-02
JKPAPER.NS,Forest Materials,6477,86.05000305175781,557345.8697662354,0.0661721136474061,2017-01-02
MOTILALOFS.NS,Financial Services,1056,523.5,552816.0,0.06563429490102336,2017-01-02
NATIONALUM.NS,Metals & Mining,8561,66.8499984741211,572302.8369369507,0.06794791245588425,2017-01-02
SUNDRMFAST.NS,Automobile and Auto Components,1908,287.6499938964844,548836.1883544922,0.06516178301426215,2017-01-02
VEDL.NS,Metals & Mining,2562,220.9499969482422,566073.8921813965,0.06720836729617789,2017-01-02
ADANIENSOL.NS,Power,9857,64.94999694824219,640212.1199188232,0.06646093660527196,2017-02-01
CANFINHOME.NS,Financial Services,1683,380.0400085449219,639607.3343811035,0.06639815333074214,2017-02-01
ESCORTS.NS,Capital Goods,1720,379.7999877929688,653255.9790039064,0.06781503013891473,2017-02-01
GMDCLTD.NS,Metals & Mining,5355,120.6999969482422,646348.483657837,0.06709795747500681,2017-02-01
GNFC.NS,Chemicals,2573,242.8999938964844,624981.6842956544,0.06487985279737646,2017-02-01
HINDALCO.NS,Metals & Mining,3289,198.8500061035156,654017.6700744628,0.06789410190337847,2017-02-01
HINDZINC.NS,Metals & Mining,2079,306.70001220703125,637629.325378418,0.06619281462058338,2017-02-01
INDIANB.NS,Financial Services,2306,273.6499938964844,631036.885925293,0.06550844816306647,2017-02-01
JUBLPHARMA.NS,Healthcare,1246,525.382080078125,654626.0717773438,0.0679572605749307,2017-02-01
NATIONALUM.NS,Metals & Mining,8361,77.1500015258789,645051.1627578735,0.06696328154587866,2017-02-01
NMDC.NS,Metals & Mining,17060,38.21434020996094,651936.6439819336,0.06767806890602278,2017-02-01
SUNDRMFAST.NS,Automobile and Auto Components,1970,324.29998779296875,638870.9759521484,0.06632171136823799,2017-02-01
TATASTEEL.NS,Metals & Mining,14202,45.21688079833984,642170.1410980223,0.06666420036335112,2017-02-01
VEDL.NS,Metals & Mining,2463,260.54998779296875,641734.619934082,0.06661898856000295,2017-02-01
VGUARD.NS,Consumer Durables,4228,146.42857360839844,619100.0092163086,0.06426927136285009,2017-02-01
AEGISLOG.NS,Oil Gas & Consumable Fuels,3255,197.9499969482422,644327.2400665283,0.06512183485272083,2017-03-01
BAJAJFINSV.NS,Financial Services,1659,392.385009765625,650966.7312011719,0.06579288493145367,2017-03-01
BALKRISIND.NS,Automobile and Auto Components,1004,655.1500244140625,657770.6245117188,0.06648055105663445,2017-03-01
BIOCON.NS,Healthcare,3504,185.7083282470703,650721.9821777344,0.06576814826894192,2017-03-01
ESCORTS.NS,Capital Goods,1461,461.7000122070313,674543.7178344728,0.06817579928674324,2017-03-01
GNFC.NS,Chemicals,2433,265.04998779296875,644866.620300293,0.06517634974565384,2017-03-01
HINDPETRO.NS,Oil Gas & Consumable Fuels,2846,230.46665954589844,655908.113067627,0.06629230794796047,2017-03-01
INDIANB.NS,Financial Services,2272,287.70001220703125,653654.427734375,0.06606452908815799,2017-03-01
JINDALSTEL.NS,Metals & Mining,5249,126.25,662686.25,0.06697737088876295,2017-03-01
JUBLPHARMA.NS,Healthcare,1214,536.5635986328125,651388.2087402344,0.06583548345746063,2017-03-01
NATIONALUM.NS,Metals & Mining,9547,71.55000305175781,683087.8791351318,0.06903935343528285,2017-03-01
SUNTV.NS,Media Entertainment & Publication,917,724.0,663908.0,0.06710085255581633,2017-03-01
TATACOMM.NS,Telecommunication,1439,461.421630859375,663985.7268066406,0.06710870836564543,2017-03-01
VEDL.NS,Metals & Mining,2524,265.5,670122.0,0.06772889845642581,2017-03-01
VGUARD.NS,Consumer Durables,3975,164.85714721679688,655307.1601867676,0.06623156993809835,2017-03-01
BALKRISIND.NS,Automobile and Auto Components,998,705.0,703590.0,0.06746042397766207,2017-04-03
BBTC.NS,Fast Moving Consumer Goods,806,850.9000244140625,685825.4196777344,0.06575715059355304,2017-04-03
ESCORTS.NS,Capital Goods,1263,537.5,678862.5,0.0650895437293532,2017-04-03
GNFC.NS,Chemicals,2394,292.95001220703125,701322.3292236328,0.06724299901139552,2017-04-03
INDIANB.NS,Financial Services,2460,280.95001220703125,691137.0300292969,0.06626642941548136,2017-04-03
ITI.NS,Telecommunication,9581,70.6500015258789,676897.6646194458,0.06490115471328063,2017-04-03
JSL.NS,Metals & Mining,9743,77.30000305175781,753133.9297332764,0.07221071108425302,2017-04-03
MOTILALOFS.NS,Financial Services,943,754.0,711022.0,0.06817300640635206,2017-04-03
NATIONALUM.NS,Metals & Mining,9004,74.9000015258789,674399.6137390137,0.06466164083231057,2017-04-03
PCBL.NS,Chemicals,19876,35.13999938964844,698442.6278686523,0.06696689236642327,2017-04-03
RCF.NS,Chemicals,8400,79.94999694824219,671579.9743652344,0.06439129294843039,2017-04-03
RECLTD.NS,Financial Services,5046,134.85000610351562,680453.1307983398,0.06524205389585348,2017-04-03
SUNTV.NS,Media Entertainment & Publication,869,795.25,691072.25,0.06626021828649764,2017-04-03
VEDL.NS,Metals & Mining,2495,272.70001220703125,680386.530456543,0.0652356682347516,2017-04-03
VGUARD.NS,Consumer Durables,3949,174.75,690087.75,0.06616582412596948,2017-04-03
ADANIENSOL.NS,Power,9827,75.1500015258789,738499.064994812,0.0642220754123164,2017-05-02
BAJAJFINSV.NS,Financial Services,1678,456.614990234375,766199.9536132812,0.06663102708493093,2017-05-02
BBTC.NS,Fast Moving Consumer Goods,813,939.1500244140624,763528.9698486327,0.06639875039171733,2017-05-02
ESCORTS.NS,Capital Goods,1385,564.6500244140625,782040.2838134766,0.06800854931737964,2017-05-02
IIFL.NS,Financial Services,2951,256.7101135253906,757551.5450134277,0.06587893574775339,2017-05-02
INDIACEM.NS,Construction Materials,3543,210.5,745801.5,0.06485711688200334,2017-05-02
INDIANB.NS,Financial Services,2390,319.8999938964844,764560.9854125977,0.06648849753496673,2017-05-02
ITI.NS,Telecommunication,6649,111.1500015258789,739036.3601455688,0.06426880019685059,2017-05-02
JMFINANCIL.NS,Financial Services,6595,117.0999984741211,772274.4899368286,0.06715928683278648,2017-05-02
JSL.NS,Metals & Mining,10592,72.05000305175781,763153.6323242188,0.06636610992412492,2017-05-02
KEI.NS,Capital Goods,3521,214.3500061035156,754726.3714904784,0.06563325025450904,2017-05-02
MOTILALOFS.NS,Financial Services,895,846.3499755859375,757483.2281494141,0.06587299471004517,2017-05-02
PCBL.NS,Chemicals,18009,44.80500030517578,806893.2504959106,0.07016983722708103,2017-05-02
RECLTD.NS,Financial Services,5037,159.5625,803716.3125,0.0698935612489184,2017-05-02
SUNTV.NS,Media Entertainment & Publication,832,923.9500122070312,768726.41015625,0.0668507352610403,2017-05-02
ADANIENSOL.NS,Power,6479,127.0500030517578,823156.9697723388,0.06856026240287773,2017-06-01
AVANTIFEED.NS,Fast Moving Consumer Goods,1676,474.5666809082031,795373.7572021484,0.06624621488319991,2017-06-01
BBTC.NS,Fast Moving Consumer Goods,888,895.3499755859375,795070.7783203125,0.0662209799493975,2017-06-01
CANFINHOME.NS,Financial Services,1464,549.0900268554688,803867.7993164062,0.06695367868123552,2017-06-01
ESCORTS.NS,Capital Goods,1132,692.7000122070312,784136.4138183594,0.06531026312746505,2017-06-01
HSCL.NS,Chemicals,13043,60.34999847412109,787145.0300979613,0.06556084901712364,2017-06-01
IIFL.NS,Financial Services,2895,277.5777893066406,803587.7000427246,0.06693034937660995,2017-06-01
INDIACEM.NS,Construction Materials,3849,209.3500061035156,805788.1734924315,0.06711362552279164,2017-06-01
ITI.NS,Telecommunication,10736,78.1500015258789,839018.4163818359,0.0698813530108296,2017-06-01
JMFINANCIL.NS,Financial Services,6455,122.5999984741211,791382.9901504517,0.06591382623036647,2017-06-01
JSL.NS,Metals & Mining,10922,73.0999984741211,798398.1833343506,0.06649811756623163,2017-06-01
MOTILALOFS.NS,Financial Services,755,1070.5,808227.5,0.06731679560041541,2017-06-01
PCBL.NS,Chemicals,17974,43.81499862670898,787530.7853164672,0.06559297834357684,2017-06-01
SUNTECK.NS,Realty,3491,224.9499969482422,785300.4393463135,0.06540721413264483,2017-06-01
UNOMINDA.NS,Automobile and Auto Components,7553,103.7944793701172,783959.7026824952,0.06529554496034838,2017-06-01
ADANIENSOL.NS,Power,6952,126.5,879428.0,0.06663672610327037,2017-07-03
AVANTIFEED.NS,Fast Moving Consumer Goods,1723,497.4500122070313,857106.371032715,0.06494535367065304,2017-07-03
CANFINHOME.NS,Financial Services,1343,643.8099975585938,864636.8267211914,0.06551595741893694,2017-07-03
CAPLIPOINT.NS,Healthcare,1573,571.4500122070312,898890.8692016602,0.06811148229044522,2017-07-03
ESCORTS.NS,Capital Goods,1356,675.9000244140625,916520.4331054688,0.0694473237933064,2017-07-03
GRAPHITE.NS,Capital Goods,5250,184.5,968625.0,0.07339543296526864,2017-07-03
HSCL.NS,Chemicals,11043,76.75,847550.25,0.06422125957782597,2017-07-03
IIFL.NS,Financial Services,2622,326.98980712890625,857367.2742919922,0.06496512304236728,2017-07-03
ITI.NS,Telecommunication,9579,91.1500015258789,873125.864616394,0.0661591956295726,2017-07-03
JMFINANCIL.NS,Financial Services,7378,115.8000030517578,854372.422515869,0.06473819472359028,2017-07-03
KEI.NS,Capital Goods,3731,236.4499969482422,882194.9386138916,0.06684638480251404,2017-07-03
MOTILALOFS.NS,Financial Services,750,1124.800048828125,843600.0366210938,0.06392194083089085,2017-07-03
PCBL.NS,Chemicals,14166,62.619998931884766,887074.9048690796,0.06721615353257514,2017-07-03
SUNTV.NS,Media Entertainment & Publication,1054,826.5,871131.0,0.06600803914256542,2017-07-03
UNOMINDA.NS,Automobile and Auto Components,8090,108.2304916381836,875584.6773529053,0.06634550676688247,2017-07-03
ADANIENSOL.NS,Power,7325,125.8000030517578,921485.0223541259,0.06676885067847584,2017-08-01
AVANTIFEED.NS,Fast Moving Consumer Goods,1674,567.4166870117188,949855.5340576172,0.06882451779584586,2017-08-01
CANFINHOME.NS,Financial Services,1476,617.3699951171875,911238.1127929688,0.06602638134060544,2017-08-01
CAPLIPOINT.NS,Healthcare,1341,681.5,913891.5,0.06621864015102631,2017-08-01
ESCORTS.NS,Capital Goods,1367,701.0499877929688,958335.3333129883,0.06943894606817837,2017-08-01
GRAPHITE.NS,Capital Goods,4432,204.9499969482422,908338.3864746094,0.06581627332054847,2017-08-01
HEG.NS,Capital Goods,9349,98.70999908447266,922839.7814407349,0.06686701364907736,2017-08-01
HSCL.NS,Chemicals,10565,86.8499984741211,917570.2338790894,0.06648519340702093,2017-08-01
IIFL.NS,Financial Services,2841,322.8541259765625,917228.5718994141,0.06646043730447987,2017-08-01
ITI.NS,Telecommunication,9242,97.0999984741211,897398.1858978271,0.0650235695858338,2017-08-01
JINDALSTEL.NS,Metals & Mining,5946,155.0500030517578,921927.318145752,0.06680089849363333,2017-08-01
LTF.NS,Financial Services,5644,161.32827758789062,910536.7987060547,0.06597556560902877,2017-08-01
PCBL.NS,Chemicals,15679,58.68000030517578,920043.7247848511,0.06666441731292821,2017-08-01
STLTECH.NS,Telecommunication,4313,211.5,912199.5,0.06609604141897164,2017-08-01
UNOMINDA.NS,Automobile and Auto Components,6942,129.44044494628906,898575.5688171387,0.06510888025548535,2017-08-01
ADANIENSOL.NS,Power,7822,127.6999969482422,998869.3761291505,0.06630082802197566,2017-09-01
AVANTIFEED.NS,Fast Moving Consumer Goods,1616,619.0999755859375,1000465.560546875,0.06640677615803828,2017-09-01
CAPLIPOINT.NS,Healthcare,1534,651.5,999401.0,0.06633611502113282,2017-09-01
GRAPHITE.NS,Capital Goods,3776,265.0,1000640.0,0.06641835472922915,2017-09-01
HEG.NS,Capital Goods,7188,135.0800018310547,970955.0531616211,0.06444799043314887,2017-09-01
HSCL.NS,Chemicals,9463,111.8499984741211,1058436.535560608,0.07025465030104815,2017-09-01
IIFL.NS,Financial Services,2975,333.044677734375,990807.9162597656,0.0657657415760608,2017-09-01
ITI.NS,Telecommunication,9885,101.9000015258789,1007281.515083313,0.0668591910986957,2017-09-01
KEC.NS,Construction,3173,309.79998779296875,982995.3612670898,0.06524717640892262,2017-09-01
MASTEK.NS,Information Technology,3250,303.3500061035156,985887.5198364258,0.06543914596219985,2017-09-01
MOTILALOFS.NS,Financial Services,811,1224.1500244140625,992785.6697998047,0.06589701669617323,2017-09-01
PCBL.NS,Chemicals,14038,70.56500244140625,990591.5042724609,0.06575137704122264,2017-09-01
STLTECH.NS,Telecommunication,4477,232.0500030517578,1038887.8636627197,0.06895709011496799,2017-09-01
SUNTECK.NS,Realty,3890,254.75,990977.5,0.06577699784506384,2017-09-01
UNOMINDA.NS,Automobile and Auto Components,7109,145.52618408203125,1034545.6426391602,0.0686688713986909,2017-09-01
ADANIENSOL.NS,Power,7438,158.60000610351562,1179666.8453979492,0.06690669032541173,2017-10-03
AVANTIFEED.NS,Fast Moving Consumer Goods,1675,750.6500244140625,1257338.7908935547,0.07131197883930028,2017-10-03
CAPLIPOINT.NS,Healthcare,1587,696.5999755859375,1105504.1612548828,0.06270043517717316,2017-10-03
GRAPHITE.NS,Capital Goods,3042,408.8500061035156,1243721.7185668945,0.07053966482127662,2017-10-03
HEG.NS,Capital Goods,6046,195.97000122070312,1184834.627380371,0.06719978933901544,2017-10-03
HSCL.NS,Chemicals,8069,139.3000030517578,1124011.7246246338,0.0637501212100464,2017-10-03
ITI.NS,Telecommunication,8155,132.5500030517578,1080945.274887085,0.061307538690035794,2017-10-03
JBMA.NS,Automobile and Auto Components,10221,114.11000061035156,1166318.3162384033,0.06614960716226138,2017-10-03
JSL.NS,Metals & Mining,9999,111.75,1117388.25,0.0633744602619428,2017-10-03
KEI.NS,Capital Goods,3495,359.79998779296875,1257500.9573364258,0.07132117636826084,2017-10-03
MOTILALOFS.NS,Financial Services,883,1283.0,1132889.0,0.06425361006945625,2017-10-03
PCBL.NS,Chemicals,14045,89.63999938964844,1258993.7914276123,0.07140584483939393,2017-10-03
STLTECH.NS,Telecommunication,5078,222.75,1131124.5,0.06415353363216403,2017-10-03
SUNTECK.NS,Realty,3650,314.79998779296875,1149019.955444336,0.06516850298585683,2017-10-03
UNOMINDA.NS,Automobile and Auto Components,8348,139.71376037597656,1166330.4716186523,0.06615029657407734,2017-10-03
ADANIENSOL.NS,Power,6790,204.5500030517578,1388894.5207214355,0.06767482550189013,2017-11-01
AVANTIFEED.NS,Fast Moving Consumer Goods,1430,929.2000122070312,1328756.0174560547,0.06474453622958781,2017-11-01
BBTC.NS,Fast Moving Consumer Goods,812,1649.199951171875,1339150.3603515625,0.06525100762188255,2017-11-01
GRAPHITE.NS,Capital Goods,2629,521.7000122070312,1371549.3320922852,0.06682966944701176,2017-11-01
HEG.NS,Capital Goods,3922,343.6199951171875,1347677.6208496094,0.06566650416075198,2017-11-01
HSCL.NS,Chemicals,7806,170.6999969482422,1332484.1761779785,0.06492619328646676,2017-11-01
ITI.NS,Telecommunication,8915,153.5500030517578,1368898.277206421,0.06670049500351002,2017-11-01
JSL.NS,Metals & Mining,11374,119.0,1353506.0,0.06595049587940074,2017-11-01
KEI.NS,Capital Goods,4038,329.5,1330521.0,0.06483053619855114,2017-11-01
KRBL.NS,Fast Moving Consumer Goods,2124,650.0999755859375,1380812.3481445312,0.06728101617320616,2017-11-01
PCBL.NS,Chemicals,14685,92.18000030517578,1353663.3044815063,0.0659581606467231,2017-11-01
SAREGAMA.NS,Media Entertainment & Publication,20656,65.86326599121094,1360471.6223144531,0.06628990054088492,2017-11-01
STLTECH.NS,Telecommunication,4731,293.70001220703125,1389494.7577514648,0.06770407245740834,2017-11-01
SUNTECK.NS,Realty,3844,358.45001220703125,1377881.8469238281,0.06713822551791497,2017-11-01
UNOMINDA.NS,Automobile and Auto Components,9981,147.0186767578125,1467393.4127197266,0.07149973714119637,2017-11-01
ACE.NS,Capital Goods,10376,132.1999969482422,1371707.168334961,0.06471751257594677,2017-12-01
AVANTIFEED.NS,Fast Moving Consumer Goods,1638,874.683349609375,1432731.3266601562,0.06759664875385366,2017-12-01
BBTC.NS,Fast Moving Consumer Goods,935,1516.550048828125,1417974.2956542969,0.06690040806797563,2017-12-01
GRAPHITE.NS,Capital Goods,2390,581.7999877929688,1390501.9708251953,0.06560425640480687,2017-12-01
HEG.NS,Capital Goods,4042,341.1300048828125,1378847.4797363281,0.06505439438540402,2017-12-01
HSCL.NS,Chemicals,8649,161.60000610351562,1397678.4527893066,0.06594284475112804,2017-12-01
ITI.NS,Telecommunication,10068,141.5,1424622.0,0.06721404854425632,2017-12-01
JSL.NS,Metals & Mining,12908,108.8499984741211,1405035.780303955,0.06628996543908987,2017-12-01
KEI.NS,Capital Goods,3607,386.9500122070313,1395728.694030762,0.06585085460928942,2017-12-01
PCBL.NS,Chemicals,15150,93.73999786376952,1420160.9676361082,0.06700357583931134,2017-12-01
SAREGAMA.NS,Media Entertainment & Publication,17058,84.88546752929688,1447976.305114746,0.06831591093140177,2017-12-01
STLTECH.NS,Telecommunication,5173,269.8500061035156,1395934.0815734863,0.06586054484871227,2017-12-01
SUNTECK.NS,Realty,3519,407.8999938964844,1435400.0785217285,0.06772256118337973,2017-12-01
UNOMINDA.NS,Automobile and Auto Components,6796,206.8675842285156,1405872.102416992,0.06632942334097844,2017-12-01
VIPIND.NS,Consumer Durables,3989,361.2000122070313,1440826.848693848,0.06797859765746714,2017-12-01
ACE.NS,Capital Goods,10330,141.60000610351562,1462728.0630493164,0.06584277117466579,2018-01-01
ADANIENSOL.NS,Power,6636,219.6999969482422,1457929.1797485352,0.06562675578325491,2018-01-01
AVANTIFEED.NS,Fast Moving Consumer Goods,1745,861.75,1503753.75,0.06768948826885082,2018-01-01
BBTC.NS,Fast Moving Consumer Goods,868,1659.800048828125,1440706.4423828125,0.06485149701573757,2018-01-01
GPIL.NS,Capital Goods,17053,87.2750015258789,1488300.601020813,0.06699388518454032,2018-01-01
GRAPHITE.NS,Capital Goods,2081,725.0999755859375,1508933.049194336,0.0679226275790975,2018-01-01
HEG.NS,Capital Goods,3074,486.4700012207031,1495408.7837524414,0.06731385063874146,2018-01-01
HSCL.NS,Chemicals,9634,153.5500030517578,1479300.7294006348,0.06658876785435563,2018-01-01
JINDALSTEL.NS,Metals & Mining,7273,206.1999969482422,1499692.5778045654,0.0675066799681695,2018-01-01
PCBL.NS,Chemicals,15179,96.6050033569336,1466367.345954895,0.0660065886863722,2018-01-01
SAREGAMA.NS,Media Entertainment & Publication,18327,79.18463897705078,1451216.8785324097,0.06532461041242814,2018-01-01
STLTECH.NS,Telecommunication,5059,293.8500061035156,1486587.1808776855,0.06691675784059997,2018-01-01
SUNTECK.NS,Realty,3545,418.5499877929688,1483759.7067260745,0.0667894828273766,2018-01-01
UNOMINDA.NS,Automobile and Auto Components,6932,211.8176727294922,1468320.1073608398,0.06609448966103615,2018-01-01
VIPIND.NS,Consumer Durables,4231,351.25,1486138.75,0.06689657231711617,2018-01-01
ACE.NS,Capital Goods,9364,176.39999389648438,1651809.5428466797,0.06882420827207068,2018-02-01
ADANIENSOL.NS,Power,7723,207.3000030517578,1600977.9235687256,0.06670626073559902,2018-02-01
GPIL.NS,Capital Goods,12081,128.3874969482422,1551049.3506317139,0.0646259394797827,2018-02-01
GRAPHITE.NS,Capital Goods,2109,720.7000122070312,1519956.325744629,0.06333041916395411,2018-02-01
HEG.NS,Capital Goods,2899,515.8699951171875,1495507.1158447266,0.062311719688869026,2018-02-01
HSCL.NS,Chemicals,9122,182.5,1664765.0,0.0693640096585207,2018-02-01
JINDALSTEL.NS,Metals & Mining,6086,265.95001220703125,1618571.7742919922,0.0674393251810308,2018-02-01
KEI.NS,Capital Goods,4084,400.8999938964844,1637275.5750732422,0.06821863674635183,2018-02-01
PCBL.NS,Chemicals,13265,115.9749984741211,1538408.3547592163,0.06409924042027987,2018-02-01
RADICO.NS,Fast Moving Consumer Goods,4470,351.6000061035156,1571652.0272827148,0.0654843695057692,2018-02-01
SAREGAMA.NS,Media Entertainment & Publication,23240,66.56311798095703,1546926.8618774414,0.06445417208332224,2018-02-01
STLTECH.NS,Telecommunication,4470,374.7000122070313,1674909.05456543,0.06978667129475946,2018-02-01
SUNTECK.NS,Realty,3816,419.5,1600812.0,0.06669934737303813,2018-02-01
UNOMINDA.NS,Automobile and Auto Components,7919,210.44955444335932,1666550.0216369624,0.06943838427479802,2018-02-01
VIPIND.NS,Consumer Durables,4725,343.3999938964844,1622564.9711608887,0.06760570550869416,2018-02-01
ACE.NS,Capital Goods,8368,186.5,1560632.0,0.0668447949422572,2018-03-01
ADANIENSOL.NS,Power,7672,204.1999969482422,1566622.376586914,0.06710137400418799,2018-03-01
GAEL.NS,Fast Moving Consumer Goods,23047,68.0875015258789,1569212.6476669312,0.06721232017163078,2018-03-01
GPIL.NS,Capital Goods,12189,127.7750015258789,1557449.493598938,0.06670848222549795,2018-03-01
GRAPHITE.NS,Capital Goods,2220,692.4500122070312,1537239.0270996094,0.0658428300481525,2018-03-01
HEG.NS,Capital Goods,2767,554.1099853515625,1533222.3294677734,0.06567078735676522,2018-03-01
HFCL.NS,Telecommunication,52239,29.700000762939453,1551498.339855194,0.06645358315148793,2018-03-01
HSCL.NS,Chemicals,9830,157.5,1548225.0,0.06631337986756401,2018-03-01
JINDALSTEL.NS,Metals & Mining,6227,248.8500061035156,1549588.9880065916,0.06637180203153624,2018-03-01
MASTEK.NS,Information Technology,3025,504.1000061035156,1524902.5184631348,0.06531443425073932,2018-03-01
PCBL.NS,Chemicals,13016,117.54000091552734,1529900.651916504,0.0655285136786791,2018-03-01
RADICO.NS,Fast Moving Consumer Goods,4492,350.45001220703125,1574221.4548339844,0.06742685677474221,2018-03-01
SAREGAMA.NS,Media Entertainment & Publication,22946,68.60919189453125,1574306.517211914,0.06743050015589165,2018-03-01
STLTECH.NS,Telecommunication,4380,357.8500061035156,1567383.0267333984,0.06713395407627708,2018-03-01
SUNTECK.NS,Realty,3923,398.7999877929688,1564492.3521118166,0.06701014106185445,2018-03-01
ACE.NS,Capital Goods,8732,173.10000610351562,1511509.2532958984,0.06603463745278841,2018-04-02
ADANIENSOL.NS,Power,7742,193.6000061035156,1498851.2472534177,0.06548163598219352,2018-04-02
COFORGE.NS,Information Technology,9043,176.27999877929688,1594100.0289611816,0.06964285348991106,2018-04-02
DEEPAKNTR.NS,Chemicals,5976,259.8500061035156,1552863.6364746094,0.06784132285304992,2018-04-02
GPIL.NS,Capital Goods,13638,113.1500015258789,1543139.7208099365,0.06741650557579011,2018-04-02
GRAPHITE.NS,Capital Goods,2018,762.4000244140625,1538523.2492675781,0.06721482171315676,2018-04-02
HEG.NS,Capital Goods,2307,646.97998046875,1492582.8149414062,0.0652077814528756,2018-04-02
JUBLFOOD.NS,Consumer Services,6311,235.6100006103516,1486934.713851929,0.06496102788062517,2018-04-02
MASTEK.NS,Information Technology,2767,539.0,1491413.0,0.06515667471609965,2018-04-02
PCBL.NS,Chemicals,13543,113.98500061035156,1543698.8632659912,0.06744093332526602,2018-04-02
RADICO.NS,Fast Moving Consumer Goods,4430,357.3999938964844,1583281.9729614258,0.06917023553912437,2018-04-02
SAREGAMA.NS,Media Entertainment & Publication,23056,66.87416076660156,1541850.6506347656,0.06736018883046883,2018-04-02
STLTECH.NS,Telecommunication,4697,327.0,1535919.0,0.06710104757922658,2018-04-02
SUNTECK.NS,Realty,3481,418.8500061035156,1458016.871246338,0.06369766859373156,2018-04-02
TITAN.NS,Consumer Durables,1572,944.0999755859376,1484125.161621094,0.0648382844951227,2018-04-02
ACE.NS,Capital Goods,8709,180.8999938964844,1575458.0468444827,0.06564464454630017,2018-05-02
BSOFT.NS,Information Technology,10132,157.36611938476562,1594433.5216064453,0.06643529606402306,2018-05-02
COFORGE.NS,Information Technology,7039,219.759994506836,1546890.6013336186,0.06445432417571807,2018-05-02
GPIL.NS,Capital Goods,11360,134.1125030517578,1523518.0346679688,0.06348045893444787,2018-05-02
GRAPHITE.NS,Capital Goods,2329,711.8499755859375,1657898.5931396484,0.06907969657360634,2018-05-02
HEG.NS,Capital Goods,2905,573.9400024414062,1667295.7070922852,0.06947124632411697,2018-05-02
JINDALSTEL.NS,Metals & Mining,6468,238.4499969482422,1542294.5802612305,0.06426282166619171,2018-05-02
JUBLFOOD.NS,Consumer Services,6391,254.97999572753903,1629577.152694702,0.0678996265014318,2018-05-02
MASTEK.NS,Information Technology,2880,551.2999877929688,1587743.96484375,0.06615656215756392,2018-05-02
PCBL.NS,Chemicals,12518,127.5749969482422,1596983.811798096,0.06654155906065197,2018-05-02
RADICO.NS,Fast Moving Consumer Goods,3888,423.7000122070313,1647345.6474609377,0.06863998675754181,2018-05-02
SONATSOFTW.NS,Information Technology,11994,132.78750610351562,1592653.3482055664,0.06636112154038815,2018-05-02
TITAN.NS,Consumer Durables,1663,964.5,1603963.5,0.0668323818800699,2018-05-02
UNOMINDA.NS,Automobile and Auto Components,8911,177.5567169189453,1582207.9044647217,0.06592589100989607,2018-05-02
VIPIND.NS,Consumer Durables,3934,411.9500122070313,1620611.3480224612,0.06752604812404522,2018-05-02
BIOCON.NS,Healthcare,4903,324.5,1591023.5,0.06567256642327657,2018-06-01
BSOFT.NS,Information Technology,9416,177.63131713867188,1672576.4821777344,0.06903882320017744,2018-06-01
COFORGE.NS,Information Technology,7283,221.44000244140625,1612747.5377807617,0.06656926802079467,2018-06-01
DMART.NS,Consumer Services,1061,1531.0999755859375,1624497.0740966797,0.06705425281463953,2018-06-01
FSL.NS,Services,22471,75.1500015258789,1688695.684288025,0.06970417438529714,2018-06-01
GPIL.NS,Capital Goods,14818,107.6125030517578,1594602.070220947,0.06582027881755327,2018-06-01
GRAPHITE.NS,Capital Goods,1930,844.0499877929688,1629016.4764404297,0.06724079987105537,2018-06-01
HEG.NS,Capital Goods,2416,672.8300170898438,1625557.3212890625,0.06709801656430561,2018-06-01
JUBLFOOD.NS,Consumer Services,6472,250.1100006103516,1618711.9239501955,0.06681545957414772,2018-06-01
KEI.NS,Capital Goods,3368,481.7000122070313,1622365.6411132815,0.06696627380353191,2018-06-01
MPHASIS.NS,Information Technology,1488,1057.6500244140625,1573783.236328125,0.06496094125800024,2018-06-01
PCBL.NS,Chemicals,13909,115.0250015258789,1599882.7462234497,0.0660382489138681,2018-06-01
RADICO.NS,Fast Moving Consumer Goods,3588,437.8500061035156,1571005.821899414,0.06484629811567426,2018-06-01
SONATSOFTW.NS,Information Technology,11545,136.6687469482422,1577840.683517456,0.06512842022361595,2018-06-01
VIPIND.NS,Consumer Durables,3854,412.3999938964844,1589389.5764770508,0.06560512307558784,2018-06-01
ABBOTINDIA.NS,Healthcare,218,7156.64990234375,1560149.6787109375,0.06608435913085488,2018-07-02
BSOFT.NS,Information Technology,9334,169.89199829101562,1585771.9120483398,0.06716965812024574,2018-07-02
COFORGE.NS,Information Technology,7109,220.94000244140625,1570662.477355957,0.06652965714976153,2018-07-02
DMART.NS,Consumer Services,1055,1525.9000244140625,1609824.525756836,0.06818847162515335,2018-07-02
FSL.NS,Services,22355,68.69999694824219,1535788.431777954,0.06505247263101284,2018-07-02
GPIL.NS,Capital Goods,13957,111.2750015258789,1553065.196296692,0.06578427671792507,2018-07-02
GRAPHITE.NS,Capital Goods,1833,882.0999755859375,1616889.2552490234,0.06848771734964679,2018-07-02
HEG.NS,Capital Goods,2338,695.2000122070312,1625377.628540039,0.06884726535754288,2018-07-02
JUBLFOOD.NS,Consumer Services,5652,281.7300109863281,1592338.0220947266,0.06744778346957546,2018-07-02
MASTEK.NS,Information Technology,3091,501.8500061035156,1551218.3688659668,0.06570604934727588,2018-07-02
MPHASIS.NS,Information Technology,1444,1100.1500244140625,1588616.6352539062,0.06729015406528856,2018-07-02
RADICO.NS,Fast Moving Consumer Goods,3813,393.2000122070313,1499271.6465454104,0.06350570543133902,2018-07-02
SONATSOFTW.NS,Information Technology,13446,114.8812484741211,1544693.2669830322,0.06542966100961743,2018-07-02
TECHM.NS,Information Technology,2398,657.2000122070312,1575965.629272461,0.0667542864917778,2018-07-02
VIPIND.NS,Consumer Durables,3687,422.9500122070313,1559416.6950073245,0.06605331162370373,2018-07-02
ABBOTINDIA.NS,Healthcare,223,7666.5498046875,1709640.6064453125,0.06584184836053412,2018-08-01
ASTRAL.NS,Capital Goods,3424,493.6951293945313,1690412.1230468752,0.06510131910347856,2018-08-01
BSOFT.NS,Information Technology,9282,191.4315490722656,1776867.6384887693,0.06843090247684769,2018-08-01
COFORGE.NS,Information Technology,6994,249.77999877929688,1746961.3114624023,0.06727914704844526,2018-08-01
DMART.NS,Consumer Services,1035,1669.699951171875,1728139.4494628906,0.06655427763497747,2018-08-01
FSL.NS,Services,23754,71.9000015258789,1707912.6362457275,0.0657753006010672,2018-08-01
GRAPHITE.NS,Capital Goods,1690,1021.2999877929688,1725996.9793701172,0.06647176661457145,2018-08-01
HEG.NS,Capital Goods,1969,868.72998046875,1710529.3315429688,0.06587607502951559,2018-08-01
JUBLFOOD.NS,Consumer Services,6081,279.1400146484375,1697450.4290771484,0.06537237904239977,2018-08-01
MASTEK.NS,Information Technology,3110,531.6500244140625,1653431.5759277344,0.06367712061022293,2018-08-01
MPHASIS.NS,Information Technology,1472,1204.9000244140625,1773612.8359375,0.06830555319863317,2018-08-01
PAGEIND.NS,Textiles,59,29950.80078125,1767097.24609375,0.06805462415725785,2018-08-01
RADICO.NS,Fast Moving Consumer Goods,3905,447.25,1746511.25,0.06726181423683053,2018-08-01
SONATSOFTW.NS,Information Technology,13251,133.03125,1762797.09375,0.06788901626430247,2018-08-01
VIPIND.NS,Consumer Durables,3533,485.5499877929688,1715448.1068725588,0.06606550739217092,2018-08-01
ABBOTINDIA.NS,Healthcare,219,8387.75,1836917.25,0.06776880172744938,2018-09-03
ADANIENT.NS,Metals & Mining,12719,135.06126403808594,1717844.217300415,0.06337587834230274,2018-09-03
ASTRAZEN.NS,Healthcare,975,1864.5,1817887.5,0.06706674323533553,2018-09-03
BSOFT.NS,Information Technology,9728,186.4895782470703,1814170.6171875,0.06692961746422936,2018-09-03
COFORGE.NS,Information Technology,6517,276.2699890136719,1800451.5184020996,0.06642348313212099,2018-09-03
FSL.NS,Services,24430,75.9000015258789,1854237.0372772217,0.06840777511068243,2018-09-03
GRAPHITE.NS,Capital Goods,1766,1010.2000122070312,1784013.2215576172,0.0658170302940355,2018-09-03
HEG.NS,Capital Goods,2135,852.3699951171875,1819809.9395751953,0.06713766718490616,2018-09-03
INTELLECT.NS,Information Technology,6806,263.8999938964844,1796103.3584594727,0.06626306785536798,2018-09-03
JUBLFOOD.NS,Consumer Services,5924,305.25,1808301.0,0.06671307155101758,2018-09-03
LTTS.NS,Information Technology,1039,1758.1500244140625,1826717.875366211,0.06739251945490758,2018-09-03
MPHASIS.NS,Information Technology,1453,1247.949951171875,1813271.2790527344,0.06689643846950824,2018-09-03
PAGEIND.NS,Textiles,53,34021.69921875,1803150.05859375,0.06652303951398932,2018-09-03
RADICO.NS,Fast Moving Consumer Goods,3741,468.8999938964844,1754154.877166748,0.06471547592574008,2018-09-03
VIPIND.NS,Consumer Durables,2929,617.0999755859375,1807485.828491211,0.06668299768876114,2018-09-03
ABBOTINDIA.NS,Healthcare,192,7640.85009765625,1467043.21875,0.06373489656042865,2018-10-01
ADANIENT.NS,Metals & Mining,11788,137.35000610351562,1619081.8719482422,0.07034013334618155,2018-10-01
ASTRAZEN.NS,Healthcare,956,1578.3499755859375,1508902.5766601562,0.06555345365022111,2018-10-01
BIOCON.NS,Healthcare,4339,339.5,1473090.5,0.06399761741283064,2018-10-01
COFORGE.NS,Information Technology,6949,233.42999267578125,1622105.019104004,0.07047147233387926,2018-10-01
GRAPHITE.NS,Capital Goods,1765,854.3499755859375,1507927.7069091797,0.06551110096289446,2018-10-01
HEG.NS,Capital Goods,2275,669.72998046875,1523635.7055664062,0.06619352644074966,2018-10-01
INFY.NS,Information Technology,2029,746.6500244140625,1514952.8995361328,0.06581630664441314,2018-10-01
LTTS.NS,Information Technology,885,1723.199951171875,1525031.9567871094,0.0662541858173696,2018-10-01
MPHASIS.NS,Information Technology,1276,1159.9000244140625,1480032.4311523438,0.06429920584476602,2018-10-01
PAGEIND.NS,Textiles,45,33332.8515625,1499978.3203125,0.06516574417586679,2018-10-01
SONATSOFTW.NS,Information Technology,11077,134.8125,1493318.0625,0.06487639288933335,2018-10-01
TCS.NS,Information Technology,683,2255.550048828125,1540540.6833496094,0.06692795402720265,2018-10-01
UBL.NS,Fast Moving Consumer Goods,1100,1328.0,1460800.0,0.06346366330966291,2018-10-01
ZENSARTECH.NS,Information Technology,5395,320.95001220703125,1731525.3158569336,0.07522517775034376,2018-10-01
ABBOTINDIA.NS,Healthcare,201,7592.64990234375,1526122.6303710938,0.06651056828822051,2018-11-01
ADANIENT.NS,Metals & Mining,8928,175.0,1562400.0,0.06809158702289039,2018-11-01
ADANIPOWER.NS,Power,166735,10.039999961853027,1674019.3936395645,0.07295611701229815,2018-11-01
ASTRAZEN.NS,Healthcare,891,1698.75,1513586.25,0.06596421521923025,2018-11-01
COFORGE.NS,Information Technology,6208,239.3800048828125,1486071.0703125,0.06476506503224748,2018-11-01
DIVISLAB.NS,Healthcare,1033,1505.550048828125,1555233.2004394531,0.06777924782937235,2018-11-01
GRAPHITE.NS,Capital Goods,1527,994.2999877929688,1518296.0813598633,0.06616947628675666,2018-11-01
HEG.NS,Capital Goods,1716,862.3499755859375,1479792.5581054688,0.0644914386495546,2018-11-01
INFY.NS,Information Technology,2214,666.7000122070312,1476073.8270263672,0.0643293711246651,2018-11-01
INTELLECT.NS,Information Technology,6067,254.0,1541018.0,0.06715972942322102,2018-11-01
JKPAPER.NS,Forest Materials,8984,177.64999389648438,1596007.5451660156,0.06955625105661893,2018-11-01
LTTS.NS,Information Technology,888,1748.550048828125,1552712.443359375,0.06766938969439942,2018-11-01
NAUKRI.NS,Consumer Services,4876,298.25,1454267.0,0.0633789989663452,2018-11-01
PRAJIND.NS,Capital Goods,13778,109.4000015258789,1507313.2210235596,0.06569082780342994,2018-11-01
TECHM.NS,Information Technology,2044,720.7000122070312,1473110.8249511719,0.06420023933149295,2018-11-01
AARTIIND.NS,Chemicals,4215,353.9454040527344,1491879.8780822754,0.06786910185376699,2018-12-03
ADANIENT.NS,Metals & Mining,8851,166.6999969482422,1475461.6729888916,0.06712219933828346,2018-12-03
ADANIPOWER.NS,Power,130420,11.56999969482422,1508959.3601989748,0.06864608740630217,2018-12-03
BAJFINANCE.NS,Financial Services,5768,250.8650054931641,1446989.3516845705,0.06582692690850842,2018-12-03
BATAINDIA.NS,Consumer Durables,1404,1063.800048828125,1493575.2685546875,0.06794622912811696,2018-12-03
DIVISLAB.NS,Healthcare,1031,1456.75,1501909.25,0.06832536141877188,2018-12-03
GRAPHITE.NS,Capital Goods,1570,931.9500122070312,1463161.519165039,0.06656263659804386,2018-12-03
HEG.NS,Capital Goods,1753,826.7100219726562,1449222.6685180664,0.06592852571004135,2018-12-03
IPCALAB.NS,Healthcare,3674,402.25,1477866.5,0.0672316005385781,2018-12-03
JKPAPER.NS,Forest Materials,8712,163.6999969482422,1426154.373413086,0.06487909506011182,2018-12-03
LTTS.NS,Information Technology,939,1550.5999755859375,1456013.3770751953,0.06623745091071867,2018-12-03
SANOFI.NS,Healthcare,236,6249.60009765625,1474905.623046875,0.06709690332705298,2018-12-03
TORNTPHARM.NS,Healthcare,1647,876.5499877929688,1443677.8298950195,0.06567627804399331,2018-12-03
USHAMART.NS,Capital Goods,34913,40.09999847412109,1400011.2467269895,0.0636897831363426,2018-12-03
VIPIND.NS,Consumer Durables,2722,530.1500244140625,1443068.3664550781,0.06564855212792647,2018-12-03
AARTIIND.NS,Chemicals,4055,352.0014343261719,1427365.816192627,0.06665209327472457,2019-01-01
ADANIENT.NS,Metals & Mining,8880,157.25,1396380.0,0.06520518352836861,2019-01-01
ADANIPOWER.NS,Power,140092,10.170000076293944,1424735.6506881712,0.06652927539962751,2019-01-01
BAJFINANCE.NS,Financial Services,5402,265.6849975585937,1435230.3568115232,0.06701933486685668,2019-01-01
BATAINDIA.NS,Consumer Durables,1261,1126.050048828125,1419949.1115722656,0.06630576377562951,2019-01-01
COFORGE.NS,Information Technology,6239,230.3000030517578,1436841.719039917,0.06709457883327921,2019-01-01
DIVISLAB.NS,Healthcare,962,1475.449951171875,1419382.8530273438,0.06627932183837308,2019-01-01
HEG.NS,Capital Goods,1927,737.27001953125,1420719.3276367188,0.06634172968737213,2019-01-01
IPCALAB.NS,Healthcare,3572,408.1749877929688,1458001.0563964846,0.06808263256913454,2019-01-01
LINDEINDIA.NS,Chemicals,2093,682.5499877929688,1428577.1244506836,0.06670865637164375,2019-01-01
LTTS.NS,Information Technology,832,1716.6500244140625,1428252.8203125,0.0666935127067035,2019-01-01
NESTLEIND.NS,Fast Moving Consumer Goods,2553,550.7525024414062,1406071.1387329102,0.06565771971456312,2019-01-01
TORNTPHARM.NS,Healthcare,1602,887.7750244140625,1422215.5891113281,0.06641159892358171,2019-01-01
USHAMART.NS,Capital Goods,39473,36.20000076293945,1428922.630115509,0.06672479006038538,2019-01-01
VIPIND.NS,Consumer Durables,2758,515.6500244140625,1422162.7673339844,0.06640913236456053,2019-01-01
AARTIIND.NS,Chemicals,3426,396.6516418457031,1358928.524963379,0.06673580475760711,2019-02-01
ABFRL.NS,Consumer Services,6532,205.96353149414065,1345353.7877197268,0.06606916115002473,2019-02-01
ASTRAL.NS,Capital Goods,2652,498.1051330566406,1320974.812866211,0.06487193077614713,2019-02-01
BAJFINANCE.NS,Financial Services,5238,262.8399963378906,1376755.900817871,0.0676112917699928,2019-02-01
BATAINDIA.NS,Consumer Durables,1209,1143.949951171875,1383035.4909667969,0.06791967701207004,2019-02-01
COFORGE.NS,Information Technology,5148,263.8900146484375,1358505.7954101562,0.06671504487479436,2019-02-01
DABUR.NS,Fast Moving Consumer Goods,2997,451.8500061035156,1354194.4682922363,0.06650331932815795,2019-02-01
DIVISLAB.NS,Healthcare,892,1532.3499755859375,1366856.1782226562,0.06712512495390764,2019-02-01
INFY.NS,Information Technology,1795,757.0499877929688,1358904.728088379,0.06673463611365368,2019-02-01
LTTS.NS,Information Technology,852,1599.5999755859375,1362859.1791992188,0.06692883578818301,2019-02-01
NAUKRI.NS,Consumer Services,3854,346.07000732421875,1333753.808227539,0.06549949618798874,2019-02-01
NESTLEIND.NS,Fast Moving Consumer Goods,2346,577.8275146484375,1355583.3493652344,0.06657152607664873,2019-02-01
TECHM.NS,Information Technology,1840,746.5999755859375,1373743.955078125,0.06746337771922722,2019-02-01
TORNTPHARM.NS,Healthcare,1471,899.3499755859375,1322943.814086914,0.06496862672344567,2019-02-01
UBL.NS,Fast Moving Consumer Goods,943,1447.1500244140625,1364662.473022461,0.06701739398848404,2019-02-01
ABFRL.NS,Consumer Services,6087,220.2562866210937,1340700.0166625974,0.06575450816493157,2019-03-01
ADANIPOWER.NS,Power,140458,9.68000030517578,1359633.4828643796,0.06668309826151009,2019-03-01
AXISBANK.NS,Financial Services,1903,702.4000244140625,1336667.246459961,0.0655567213237882,2019-03-01
BATAINDIA.NS,Consumer Durables,1052,1280.050048828125,1346612.6513671875,0.06604449278649294,2019-03-01
CGCL.NS,Financial Services,11217,123.15875244140624,1381471.7261352537,0.06775415288045235,2019-03-01
COFORGE.NS,Information Technology,5135,264.67999267578125,1359131.7623901367,0.06665849142731145,2019-03-01
DIVISLAB.NS,Healthcare,823,1669.800048828125,1374245.4401855469,0.06739974035522173,2019-03-01
HAVELLS.NS,Consumer Durables,1893,707.5499877929688,1339392.1268920898,0.06569036283225099,2019-03-01
INFY.NS,Information Technology,1846,741.9000244140625,1369547.4450683594,0.06716932761974576,2019-03-01
MUTHOOTFIN.NS,Financial Services,2570,530.7000122070312,1363899.0313720703,0.06689230169306896,2019-03-01
NAUKRI.NS,Consumer Services,3821,359.2799987792969,1372808.8753356934,0.06732928416519028,2019-03-01
PRAJIND.NS,Capital Goods,9302,146.6999969482422,1364603.3716125488,0.0669268459949395,2019-03-01
TECHM.NS,Information Technology,1634,831.7999877929688,1359161.180053711,0.0666599342138973,2019-03-01
TORNTPHARM.NS,Healthcare,1510,892.9000244140625,1348279.0368652344,0.06612622050893305,2019-03-01
UPL.NS,Chemicals,2325,579.8333129882812,1348112.452697754,0.06611805040386509,2019-03-01
ABFRL.NS,Consumer Services,6630,221.1927032470703,1466507.6225280762,0.06744045592433226,2019-04-01
ADANIPOWER.NS,Power,149931,9.739999771118164,1460327.9056835175,0.06715626856991411,2019-04-01
AXISBANK.NS,Financial Services,1860,765.5999755859375,1424015.9545898438,0.0654863866684223,2019-04-01
BAJFINANCE.NS,Financial Services,4794,300.1449890136719,1438895.077331543,0.06617063460961231,2019-04-01
BALRAMCHIN.NS,Fast Moving Consumer Goods,10489,139.5500030517578,1463739.9820098877,0.06731318011920584,2019-04-01
BATAINDIA.NS,Consumer Durables,1034,1387.3499755859375,1434519.8747558594,0.06596943166192032,2019-04-01
CGCL.NS,Financial Services,8781,163.45494079589844,1435297.8351287842,0.0660052078157126,2019-04-01
DIVISLAB.NS,Healthcare,850,1723.300048828125,1464805.0415039062,0.06736215913353877,2019-04-01
HAVELLS.NS,Consumer Durables,1874,775.6500244140625,1453568.1457519531,0.0668454067068589,2019-04-01
IPCALAB.NS,Healthcare,2942,486.375,1430915.25,0.06580366536569594,2019-04-01
MUTHOOTFIN.NS,Financial Services,2350,614.0999755859375,1443134.9426269531,0.06636561378611826,2019-04-01
NAUKRI.NS,Consumer Services,3941,367.1600036621094,1446977.574432373,0.06654232534010263,2019-04-01
PRAJIND.NS,Capital Goods,9301,154.4499969482422,1436539.4216156006,0.06606230479731304,2019-04-01
RBLBANK.NS,Financial Services,2130,679.7999877929688,1447973.9739990234,0.06658814688240178,2019-04-01
TIINDIA.NS,Automobile and Auto Components,3773,389.0,1467697.0,0.0674951519639167,2019-04-01
ADANIPOWER.NS,Power,160172,8.890000343322754,1423929.1349906921,0.06522095978595185,2019-05-02
AXISBANK.NS,Financial Services,1879,752.3499755859375,1413665.6041259766,0.06475085399392881,2019-05-02
BAJAJFINSV.NS,Financial Services,1912,757.885009765625,1449076.138671875,0.06637278095143305,2019-05-02
BAJFINANCE.NS,Financial Services,4647,313.17498779296875,1455324.1682739258,0.06665896267031435,2019-05-02
BALRAMCHIN.NS,Fast Moving Consumer Goods,9550,154.6999969482422,1477384.970855713,0.06766942497681246,2019-05-02
BATAINDIA.NS,Consumer Durables,989,1466.75,1450615.75,0.06644330056231122,2019-05-02
CGCL.NS,Financial Services,9325,168.4683074951172,1570966.9673919678,0.07195580937811208,2019-05-02
DIVISLAB.NS,Healthcare,825,1714.300048828125,1414297.5402832031,0.06477979889131517,2019-05-02
HAVELLS.NS,Consumer Durables,1846,771.0,1423266.0,0.06519058587232246,2019-05-02
ICICIGI.NS,Financial Services,1315,1104.199951171875,1452022.9357910156,0.06650775461808682,2019-05-02
IPCALAB.NS,Healthcare,3012,486.5,1465338.0,0.06711763136404386,2019-05-02
MUTHOOTFIN.NS,Financial Services,2422,594.9500122070312,1440968.9295654297,0.06600144227585267,2019-05-02
NAUKRI.NS,Consumer Services,3716,390.7300109863281,1451952.7208251953,0.06650453852583223,2019-05-02
PRAJIND.NS,Capital Goods,10537,137.9499969482422,1453579.117843628,0.06657903322639602,2019-05-02
RELIANCE.NS,Oil Gas & Consumable Fuels,2260,642.3416137695312,1451692.0471191406,0.06649259875377331,2019-05-02
AARTIIND.NS,Chemicals,3287,452.9169616699219,1488738.0530090332,0.06503824144082354,2019-06-03
AXISBANK.NS,Financial Services,1845,812.6500244140625,1499339.2950439453,0.06550137606524295,2019-06-03
BAJFINANCE.NS,Financial Services,4339,351.1050109863281,1523444.6426696777,0.06655446221141123,2019-06-03
BALRAMCHIN.NS,Fast Moving Consumer Goods,9718,155.8000030517578,1514064.4296569824,0.06614467047037731,2019-06-03
BATAINDIA.NS,Consumer Durables,1128,1362.800048828125,1537238.455078125,0.06715707010471843,2019-06-03
CGCL.NS,Financial Services,8121,182.2787475585937,1480285.7089233394,0.06466898534887695,2019-06-03
DCMSHRIRAM.NS,Diversified,2695,531.4500122070312,1432257.7828979492,0.0625707976640604,2019-06-03
ICICIGI.NS,Financial Services,1268,1220.5,1547594.0,0.06760947100192052,2019-06-03
INDIGO.NS,Services,885,1691.3499755859375,1496844.7283935547,0.06539239636409915,2019-06-03
JUSTDIAL.NS,Consumer Services,2010,795.0,1597950.0,0.06980936485119411,2019-06-03
MUTHOOTFIN.NS,Financial Services,2310,642.4000244140625,1483944.0563964844,0.06482880694123293,2019-06-03
NAUKRI.NS,Consumer Services,3651,462.1499938964844,1687309.6277160645,0.07371320342824447,2019-06-03
PFC.NS,Financial Services,15136,102.12000274658205,1545688.3615722659,0.06752621970602507,2019-06-03
PRAJIND.NS,Capital Goods,10344,146.6999969482422,1517464.7684326172,0.06629322048145772,2019-06-03
SRF.NS,Chemicals,2638,571.72998046875,1508223.6884765625,0.06588950702216846,2019-06-03
AXISBANK.NS,Financial Services,1859,810.4500122070312,1506626.572692871,0.06733506024920598,2019-07-01
BAJFINANCE.NS,Financial Services,4086,369.8999938964844,1511411.3750610352,0.06754890551224618,2019-07-01
BALRAMCHIN.NS,Fast Moving Consumer Goods,10467,141.0500030517578,1476370.381942749,0.06598283238863561,2019-07-01
BATAINDIA.NS,Consumer Durables,1039,1447.0999755859375,1503536.874633789,0.06719697360668228,2019-07-01
CGCL.NS,Financial Services,9013,166.86024475097656,1503911.3859405518,0.06721371149108041,2019-07-01
DCMSHRIRAM.NS,Diversified,2651,556.4500122070312,1475148.9823608398,0.06592824486447613,2019-07-01
ICICIGI.NS,Financial Services,1349,1103.550048828125,1488689.0158691406,0.06653338417940811,2019-07-01
MUTHOOTFIN.NS,Financial Services,2329,631.2000122070312,1470064.8284301758,0.06570102080149838,2019-07-01
NAUKRI.NS,Consumer Services,3349,448.7999877929688,1503031.1591186526,0.06717437186495154,2019-07-01
PFC.NS,Financial Services,14060,103.36000061035156,1453241.608581543,0.0649491473494932,2019-07-01
PIIND.NS,Chemicals,1262,1194.0999755859375,1506954.1691894531,0.06734970138871234,2019-07-01
PRAJIND.NS,Capital Goods,10588,139.10000610351562,1472790.8646240234,0.06582285444938511,2019-07-01
RECLTD.NS,Financial Services,12180,121.6500015258789,1481697.018585205,0.06622089363469763,2019-07-01
SRF.NS,Chemicals,2455,604.1099853515625,1483090.014038086,0.06628315022464942,2019-07-01
TITAN.NS,Consumer Durables,1133,1323.199951171875,1499185.5446777344,0.06700250135319519,2019-07-01
ADANIGREEN.NS,Power,28679,45.59999847412109,1307762.3562393186,0.06619075667010396,2019-08-01
ADANIPOWER.NS,Power,108134,11.880000114440918,1284631.9323749542,0.06502003918433293,2019-08-01
BALRAMCHIN.NS,Fast Moving Consumer Goods,9326,144.14999389648438,1344342.8430786133,0.06804223227781032,2019-08-01
CGCL.NS,Financial Services,9085,159.19830322265625,1446316.584777832,0.07320350572428184,2019-08-01
GODREJPROP.NS,Realty,1386,941.5999755859376,1305057.5661621096,0.06605385710192929,2019-08-01
ICICIBANK.NS,Financial Services,3116,417.0499877929688,1299527.7619628909,0.0657739729758589,2019-08-01
ICICIGI.NS,Financial Services,1107,1151.449951171875,1274655.0959472656,0.06451507408178817,2019-08-01
INDIGO.NS,Services,850,1551.5999755859375,1318859.9792480469,0.06675244898421799,2019-08-01
KPIL.NS,Construction,2742,472.6499938964844,1296006.2832641602,0.06559573773414654,2019-08-01
NAUKRI.NS,Consumer Services,2939,443.4299926757813,1303240.7484741213,0.06596190114607399,2019-08-01
PIIND.NS,Chemicals,1199,1115.449951171875,1337424.4914550781,0.06769206855984823,2019-08-01
RECLTD.NS,Financial Services,12582,102.2249984741211,1286194.9308013916,0.0650991483955948,2019-08-01
RITES.NS,Construction,10920,120.22000122070312,1312802.4133300781,0.06644585285857144,2019-08-01
SRF.NS,Chemicals,2455,527.739990234375,1295601.6760253906,0.06557525904460437,2019-08-01
UPL.NS,Chemicals,2294,576.7999877929688,1323179.1719970703,0.06697105952526768,2019-08-01
ADANIPOWER.NS,Power,112372,11.479999542236328,1290030.5085601807,0.06668981144046118,2019-09-03
APOLLOHOSP.NS,Healthcare,866,1493.449951171875,1293327.6577148438,0.06686026187086301,2019-09-03
BATAINDIA.NS,Consumer Durables,842,1538.75,1295627.5,0.06697915522053352,2019-09-03
CANFINHOME.NS,Financial Services,3160,404.1000061035156,1276956.0192871094,0.06601390864706552,2019-09-03
CGCL.NS,Financial Services,8970,163.54953002929688,1467039.284362793,0.07584051121325838,2019-09-03
HDFCAMC.NS,Financial Services,1006,1326.1500244140625,1334106.9245605469,0.06896839931301972,2019-09-03
ICICIGI.NS,Financial Services,1036,1189.949951171875,1232788.1494140625,0.06373059294715398,2019-09-03
INDIGO.NS,Services,767,1624.699951171875,1246144.8625488281,0.06442108567155942,2019-09-03
JKCEMENT.NS,Construction Materials,1258,988.8499755859376,1243973.2692871096,0.0643088223226011,2019-09-03
PETRONET.NS,Oil Gas & Consumable Fuels,4859,264.04998779296875,1283018.8906860352,0.06632733669988995,2019-09-03
PIIND.NS,Chemicals,1133,1154.6500244140625,1308218.4776611328,0.06763006224986354,2019-09-03
RECLTD.NS,Financial Services,12093,104.8499984741211,1267951.0315475464,0.06554838404870127,2019-09-03
SBILIFE.NS,Financial Services,1555,811.2000122070312,1261416.0189819336,0.06521054804182404,2019-09-03
SRF.NS,Chemicals,2338,544.75,1273625.5,0.06584173310409791,2019-09-03
TRENT.NS,Consumer Services,2764,450.8999938964844,1246287.5831298828,0.0644284637983371,2019-09-03
ADANIPOWER.NS,Power,105084,12.350000381469728,1297787.440086365,0.06449313521098832,2019-10-01
BAJFINANCE.NS,Financial Services,3337,399.239990234375,1332263.8474121094,0.06620642933802993,2019-10-01
BALRAMCHIN.NS,Fast Moving Consumer Goods,8688,159.64999389648438,1387039.1469726562,0.06892847047640437,2019-10-01
BATAINDIA.NS,Consumer Durables,789,1736.949951171875,1370453.5114746094,0.06810425258085707,2019-10-01
BERGEPAINT.NS,Consumer Durables,3751,361.2083435058594,1354892.4964904785,0.06733095287676609,2019-10-01
CGCL.NS,Financial Services,6640,197.3661651611328,1310511.3366699219,0.06512544521602223,2019-10-01
CREDITACC.NS,Financial Services,2072,670.1500244140625,1388550.8505859375,0.06900359410799368,2019-10-01
GODREJPROP.NS,Realty,1318,983.25,1295923.5,0.06440050729958927,2019-10-01
HDFCAMC.NS,Financial Services,966,1372.324951171875,1325665.9028320312,0.06587854657481775,2019-10-01
HDFCLIFE.NS,Financial Services,2254,598.2000122070312,1348342.8275146484,0.06700546915439526,2019-10-01
INDIGO.NS,Services,725,1869.9000244140625,1355677.5177001953,0.06736996425679485,2019-10-01
LALPATHLAB.NS,Healthcare,1948,667.7999877929688,1300874.3762207031,0.06464653952308916,2019-10-01
NESTLEIND.NS,Fast Moving Consumer Goods,1961,684.0775146484375,1341476.006225586,0.06666422464841074,2019-10-01
PIIND.NS,Chemicals,1041,1258.75,1310358.75,0.06511786246985696,2019-10-01
SIEMENS.NS,Capital Goods,1527,905.886962890625,1383289.3923339844,0.0687421276089593,2019-10-01
ADANIGREEN.NS,Power,15502,89.94999694824219,1394404.8526916504,0.06685029076043016,2019-11-01
ADANIPOWER.NS,Power,105831,13.579999923706056,1437184.9719257357,0.0689012470548263,2019-11-01
BAJFINANCE.NS,Financial Services,3472,406.9849853515625,1413051.869140625,0.06774426245668624,2019-11-01
BATAINDIA.NS,Consumer Durables,776,1741.25,1351210.0,0.06477945139393139,2019-11-01
BERGEPAINT.NS,Consumer Durables,3235,423.75,1370831.25,0.06572012960876342,2019-11-01
BPCL.NS,Oil Gas & Consumable Fuels,5380,259.70001220703125,1397186.0656738281,0.0669836271413,2019-11-01
CREDITACC.NS,Financial Services,2176,638.75,1389920.0,0.06663527881043887,2019-11-01
HDFCAMC.NS,Financial Services,931,1485.050048828125,1382581.5954589844,0.06628346242344224,2019-11-01
HDFCLIFE.NS,Financial Services,2234,612.7000122070312,1368771.8272705078,0.0656213971581416,2019-11-01
KEI.NS,Capital Goods,2348,582.9500122070312,1368766.6286621094,0.06562114792745202,2019-11-01
MANAPPURAM.NS,Financial Services,8229,172.0500030517578,1415799.475112915,0.06787598765671558,2019-11-01
NAM-INDIA.NS,Financial Services,3875,355.8999938964844,1379112.476348877,0.06611714657855287,2019-11-01
PIIND.NS,Chemicals,976,1388.25,1354932.0,0.06495789080607918,2019-11-01
SBILIFE.NS,Financial Services,1052,997.5,1049370.0,0.05030869584242996,2019-11-01
SIEMENS.NS,Capital Goods,1430,981.2576904296876,1403198.4973144534,0.06727187398910546,2019-11-01
AAVAS.NS,Financial Services,814,1751.9000244140625,1426046.6198730469,0.06714717008189053,2019-12-02
ABBOTINDIA.NS,Healthcare,112,12621.25,1413580.0,0.06656016385551886,2019-12-02
ADANIGREEN.NS,Power,10358,131.3000030517578,1360005.4316101074,0.06403753899486722,2019-12-02
ATGL.NS,Oil Gas & Consumable Fuels,8851,164.14999389648438,1452891.5959777832,0.06841119900719277,2019-12-02
BPCL.NS,Oil Gas & Consumable Fuels,5627,250.0249938964844,1406890.6406555178,0.0662451870915174,2019-12-02
CREDITACC.NS,Financial Services,1786,816.3499755859375,1458001.0563964844,0.06865178427486919,2019-12-02
GRSE.NS,Capital Goods,6743,205.6999969482422,1387035.079421997,0.0653102634160647,2019-12-02
GUJGASLTD.NS,Oil Gas & Consumable Fuels,6705,216.6999969482422,1452973.4795379639,0.06841505459596928,2019-12-02
HDFCAMC.NS,Financial Services,808,1701.2750244140625,1374630.2197265625,0.06472616524409505,2019-12-02
LALPATHLAB.NS,Healthcare,1812,796.7999877929688,1443801.5778808594,0.06798318425459236,2019-12-02
MCX.NS,Financial Services,6062,230.57000732421875,1397715.384399414,0.0658131587946947,2019-12-02
NAM-INDIA.NS,Financial Services,3970,352.25,1398432.5,0.0658469250703058,2019-12-02
NAUKRI.NS,Consumer Services,2735,502.8299865722656,1375240.0132751465,0.06475487812805761,2019-12-02
PIIND.NS,Chemicals,964,1506.550048828125,1452314.2470703125,0.06838401381931303,2019-12-02
SBILIFE.NS,Financial Services,1490,943.8499755859376,1406336.463623047,0.06621909298005133,2019-12-02
AAVAS.NS,Financial Services,730,1969.199951171875,1437515.9643554688,0.0658533285620035,2020-01-01
ABBOTINDIA.NS,Healthcare,109,13140.0,1432260.0,0.06561255019418478,2020-01-01
ADANIGREEN.NS,Power,8541,174.75,1492539.75,0.06837399582735747,2020-01-01
ASTRAZEN.NS,Healthcare,548,2618.800048828125,1435102.4267578125,0.06574276319204848,2020-01-01
BALRAMCHIN.NS,Fast Moving Consumer Goods,7852,187.1999969482422,1469894.3760375977,0.06733659986868082,2020-01-01
CREDITACC.NS,Financial Services,1864,764.4000244140625,1424841.6455078125,0.06527271164777777,2020-01-01
DIXON.NS,Consumer Durables,1918,757.3099975585938,1452520.5753173828,0.06654069732876568,2020-01-01
GRSE.NS,Capital Goods,7259,198.6000061035156,1441637.4443054197,0.06604213562921929,2020-01-01
GUJGASLTD.NS,Oil Gas & Consumable Fuels,6052,254.6999969482422,1541444.3815307617,0.0706143415683823,2020-01-01
HDFCAMC.NS,Financial Services,904,1588.699951171875,1436184.755859375,0.06579234523197343,2020-01-01
MANAPPURAM.NS,Financial Services,8126,177.25,1440333.5,0.06598240128546203,2020-01-01
MCX.NS,Financial Services,6184,236.3300018310547,1461464.7313232422,0.0669504336091052,2020-01-01
NAM-INDIA.NS,Financial Services,4066,354.75,1442413.5,0.06607768713049289,2020-01-01
SBILIFE.NS,Financial Services,1498,976.4000244140624,1462647.2365722654,0.06700460476867567,2020-01-01
WHIRLPOOL.NS,Consumer Durables,606,2333.25,1413949.5,0.06477373698964746,2020-01-01
AAVAS.NS,Financial Services,736,1988.800048828125,1463756.8359375,0.06569537799401913,2020-02-03
ADANIGREEN.NS,Power,7715,196.1499938964844,1513297.2029113772,0.06791881637832346,2020-02-03
AVANTIFEED.NS,Fast Moving Consumer Goods,2178,670.0499877929688,1459368.873413086,0.06549844032678676,2020-02-03
BERGEPAINT.NS,Consumer Durables,3154,475.25,1498938.5,0.06727437845522909,2020-02-03
CREDITACC.NS,Financial Services,1926,760.5499877929688,1464819.2764892578,0.06574306175673865,2020-02-03
DIXON.NS,Consumer Durables,1651,949.3099975585938,1567310.8059692383,0.07034301962204897,2020-02-03
GMMPFAUDLR.NS,Capital Goods,1744,930.4500122070312,1622704.8212890625,0.07282917762705093,2020-02-03
GRSE.NS,Capital Goods,7996,175.5500030517578,1403697.8244018555,0.06299984867664159,2020-02-03
GUJGASLTD.NS,Oil Gas & Consumable Fuels,5138,282.8999938964844,1453540.1686401367,0.06523684020723604,2020-02-03
HDFCAMC.NS,Financial Services,961,1537.5999755859375,1477633.576538086,0.0663181847995611,2020-02-03
IGL.NS,Oil Gas & Consumable Fuels,5710,254.8249969482422,1455050.732574463,0.06530463635083944,2020-02-03
MANAPPURAM.NS,Financial Services,7780,184.1000061035156,1432298.0474853513,0.06428346520368595,2020-02-03
NAM-INDIA.NS,Financial Services,4304,343.8500061035156,1479930.4262695312,0.06642127050860656,2020-02-03
NAVINFLUOR.NS,Chemicals,1275,1169.8499755859375,1491558.7188720703,0.06694316394007914,2020-02-03
NH.NS,Healthcare,4072,360.75,1468974.0,0.0659295313429415,2020-02-03
ABBOTINDIA.NS,Healthcare,90,15393.599609375,1385423.96484375,0.06549911666756056,2020-03-02
ADANIGREEN.NS,Power,9196,156.0500030517578,1435035.8280639648,0.06784463204741209,2020-03-02
AMBER.NS,Consumer Durables,1042,1375.199951171875,1432958.3491210938,0.06774641443381042,2020-03-02
AUBANK.NS,Financial Services,2473,577.875,1429084.875,0.0675632870014833,2020-03-02
BERGEPAINT.NS,Consumer Durables,3005,464.125,1394695.625,0.065937455808276,2020-03-02
CREDITACC.NS,Financial Services,1647,859.75,1416008.25,0.06694505936270448,2020-03-02
DEEPAKNTR.NS,Chemicals,2981,505.1000061035156,1505703.11819458,0.0711855913481757,2020-03-02
GMMPFAUDLR.NS,Capital Goods,1489,953.2666625976562,1419414.0606079102,0.06710607692268315,2020-03-02
GRANULES.NS,Healthcare,8729,161.64999389648438,1411042.796722412,0.06671030609454319,2020-03-02
GUJGASLTD.NS,Oil Gas & Consumable Fuels,5215,278.79998779296875,1453941.936340332,0.06873846196745607,2020-03-02
HDFCAMC.NS,Financial Services,897,1525.6500244140625,1368508.071899414,0.06469937877243762,2020-03-02
NAM-INDIA.NS,Financial Services,3529,393.6000061035156,1389014.4215393066,0.06566886379765197,2020-03-02
NAVINFLUOR.NS,Chemicals,982,1378.4000244140625,1353588.8239746094,0.06399403688055742,2020-03-02
TRENT.NS,Consumer Services,1918,731.7999877929688,1403592.376586914,0.0663580702807702,2020-03-02
WELCORP.NS,Capital Goods,7571,169.39999389648438,1282527.3537902832,0.06063444180765388,2020-03-02
ABBOTINDIA.NS,Healthcare,68,15613.599609375,1061724.7734375,0.06829118785873882,2020-04-01
ADANIGREEN.NS,Power,6821,152.89999389648438,1042930.8583679199,0.06708234464745867,2020-04-01
ALKYLAMINE.NS,Chemicals,2130,454.1400146484375,967318.2312011719,0.06221886565975552,2020-04-01
AMBER.NS,Consumer Durables,863,1267.9000244140625,1094197.721069336,0.07037987997795236,2020-04-01
BERGEPAINT.NS,Consumer Durables,2543,402.875,1024511.125,0.06589756917343084,2020-04-01
BHARTIARTL.NS,Telecommunication,2456,413.5849304199219,1015764.5891113281,0.06533498333157221,2020-04-01
DEEPAKNTR.NS,Chemicals,2766,380.4500122070313,1052324.7337646487,0.06768656800692928,2020-04-01
DIXON.NS,Consumer Durables,1472,714.5900268554688,1051876.51953125,0.06765773842399049,2020-04-01
DMART.NS,Consumer Services,478,2082.699951171875,995530.5766601562,0.06403351163192898,2020-04-01
GMMPFAUDLR.NS,Capital Goods,1259,832.566650390625,1048201.4128417969,0.06742135192571018,2020-04-01
GUJGASLTD.NS,Oil Gas & Consumable Fuels,4533,226.6999969482422,1027631.0861663818,0.06609824816242675,2020-04-01
IPCALAB.NS,Healthcare,1537,698.875,1074170.875,0.06909173342495156,2020-04-01
JBCHEPHARM.NS,Healthcare,4048,252.8000030517578,1023334.4123535156,0.06582188185181298,2020-04-01
NAVINFLUOR.NS,Chemicals,852,1204.4000244140625,1026148.8208007812,0.06600290738761277,2020-04-01
NESTLEIND.NS,Fast Moving Consumer Goods,1301,782.7274780273438,1018328.4489135742,0.0654998933306408,2020-04-01
ABBOTINDIA.NS,Healthcare,69,18195.349609375,1255479.123046875,0.0673855154562695,2020-05-04
ADANIGREEN.NS,Power,6124,209.5500030517578,1283284.2186889648,0.06887790244045605,2020-05-04
ALKEM.NS,Healthcare,471,2663.550048828125,1254532.0729980469,0.06733468429983554,2020-05-04
ALKYLAMINE.NS,Chemicals,1729,710.260009765625,1228039.5568847656,0.06591274758957426,2020-05-04
BHARTIARTL.NS,Telecommunication,2483,522.6865844726562,1297830.7892456055,0.06965866265947215,2020-05-04
DEEPAKNTR.NS,Chemicals,2540,485.0499877929688,1232026.9689941409,0.06612676454564657,2020-05-04
DIXON.NS,Consumer Durables,1360,917.3499755859376,1247595.9667968752,0.06696240165248168,2020-05-04
DMART.NS,Consumer Services,530,2281.300048828125,1209089.0258789062,0.0648956129542322,2020-05-04
GMMPFAUDLR.NS,Capital Goods,1082,1171.63330078125,1267707.2314453125,0.06804183651518454,2020-05-04
GUJGASLTD.NS,Oil Gas & Consumable Fuels,4818,251.1000061035156,1209799.829406738,0.06493376401642975,2020-05-04
IPCALAB.NS,Healthcare,1550,807.2750244140625,1251276.2878417969,0.06715993606472642,2020-05-04
JBCHEPHARM.NS,Healthcare,4421,275.1499938964844,1216438.1230163574,0.06529006212479548,2020-05-04
NAVINFLUOR.NS,Chemicals,787,1517.949951171875,1194626.6115722656,0.0641193696659886,2020-05-04
NESTLEIND.NS,Fast Moving Consumer Goods,1405,872.822509765625,1226315.6262207031,0.06582021880572098,2020-05-04
TATACONSUM.NS,Fast Moving Consumer Goods,3601,334.95001220703125,1206154.9939575195,0.06473813422777758,2020-05-04
ABBOTINDIA.NS,Healthcare,76,16825.599609375,1278745.5703125,0.06503825462782369,2020-06-01
ADANIGREEN.NS,Power,5130,260.75,1337647.5,0.06803406457627935,2020-06-01
ALKYLAMINE.NS,Chemicals,1610,806.2000122070312,1297982.0196533203,0.0660166393193599,2020-06-01
AMBER.NS,Consumer Durables,1009,1338.550048828125,1350596.9992675781,0.06869268881727025,2020-06-01
APLLTD.NS,Healthcare,1488,851.5999755859375,1267180.763671875,0.06445005721273454,2020-06-01
BHARTIARTL.NS,Telecommunication,2374,548.7472534179688,1302725.9796142578,0.06625792177855017,2020-06-01
DEEPAKNTR.NS,Chemicals,2579,504.3999938964844,1300847.5842590332,0.06616238474738378,2020-06-01
DIXON.NS,Consumer Durables,1307,1010.2999877929688,1320462.0840454102,0.06715999745558815,2020-06-01
DMART.NS,Consumer Services,561,2305.5,1293385.5,0.06578285581890846,2020-06-01
ESCORTS.NS,Capital Goods,1428,972.4000244140624,1388587.234863281,0.07062490948212113,2020-06-01
GMMPFAUDLR.NS,Capital Goods,1002,1282.4000244140625,1284964.8244628906,0.06535457199729806,2020-06-01
IPCALAB.NS,Healthcare,1741,763.4749755859375,1329209.9324951172,0.06760492161261074,2020-06-01
JBCHEPHARM.NS,Healthcare,3765,343.7749938964844,1294312.8520202637,0.06583002185273393,2020-06-01
NAVINFLUOR.NS,Chemicals,819,1573.0999755859375,1288368.8800048828,0.06552770560279961,2020-06-01
NESTLEIND.NS,Fast Moving Consumer Goods,1485,859.1724853515625,1275871.1407470703,0.06489205831924881,2020-06-01
ADANIGREEN.NS,Power,4073,340.95001220703125,1388689.3997192383,0.06634044017374247,2020-07-01
ALKYLAMINE.NS,Chemicals,1636,866.5,1417594.0,0.06772127011747178,2020-07-01
APLLTD.NS,Healthcare,1514,906.2000122070312,1371986.8184814453,0.06554252482162924,2020-07-01
ASTRAZEN.NS,Healthcare,390,3552.39990234375,1385435.9619140625,0.06618501701279884,2020-07-01
BAYERCROP.NS,Chemicals,233,5980.25,1393398.25,0.06656539126820689,2020-07-01
COROMANDEL.NS,Chemicals,1837,752.2000122070312,1381791.4224243164,0.06601091015058097,2020-07-01
DIXON.NS,Consumer Durables,1202,1174.7900390625,1412097.626953125,0.06745869750234092,2020-07-01
ESCORTS.NS,Capital Goods,1318,1033.8499755859375,1362614.2678222656,0.06509477953286533,2020-07-01
GMMPFAUDLR.NS,Capital Goods,1006,1393.2833251953125,1401643.0251464844,0.06695926048940343,2020-07-01
GRANULES.NS,Healthcare,6751,212.0,1431212.0,0.06837182892095128,2020-07-01
IPCALAB.NS,Healthcare,1659,824.5250244140625,1367887.0155029297,0.06534666912180512,2020-07-01
JBCHEPHARM.NS,Healthcare,3912,353.04998779296875,1381131.5522460938,0.0659793868466012,2020-07-01
MUTHOOTFIN.NS,Financial Services,1262,1096.949951171875,1384350.8383789062,0.06613317851458628,2020-07-01
NAVINFLUOR.NS,Chemicals,854,1691.300048828125,1444370.2416992188,0.06900042416076167,2020-07-01
TATACOMM.NS,Telecommunication,2260,606.0999755859375,1369785.9448242188,0.06543738473255192,2020-07-01
ADANIGREEN.NS,Power,4465,339.79998779296875,1517206.9454956055,0.06511274082118426,2020-08-03
ALKYLAMINE.NS,Chemicals,1690,920.0800170898438,1554935.228881836,0.0667318949814319,2020-08-03
ALOKINDS.NS,Textiles,41955,36.5,1531357.5,0.06572002870017542,2020-08-03
APLLTD.NS,Healthcare,1550,985.0499877929688,1526827.4810791016,0.06552561754961536,2020-08-03
DEEPAKNTR.NS,Chemicals,2358,646.8499755859375,1525272.2424316406,0.06545887263306469,2020-08-03
DIXON.NS,Consumer Durables,979,1593.6800537109375,1560212.7725830078,0.06695838704713664,2020-08-03
ESCORTS.NS,Capital Goods,1361,1102.0999755859375,1499958.066772461,0.06437248467281205,2020-08-03
GMMPFAUDLR.NS,Capital Goods,1124,1365.7667236328125,1535121.7973632812,0.06588157799924559,2020-08-03
GRANULES.NS,Healthcare,5554,299.20001220703125,1661756.8677978516,0.07131627268249799,2020-08-03
IPCALAB.NS,Healthcare,1608,944.1749877929688,1518233.3803710938,0.06515679149483555,2020-08-03
LAURUSLABS.NS,Healthcare,7993,201.3300018310547,1609230.7046356201,0.06906204990921877,2020-08-03
MUTHOOTFIN.NS,Financial Services,1194,1282.4000244140625,1531185.6291503906,0.06571265265821981,2020-08-03
NAVINFLUOR.NS,Chemicals,855,1761.949951171875,1506467.2082519531,0.06465183222218947,2020-08-03
POLYMED.NS,Healthcare,3961,412.5499877929688,1634110.5016479495,0.07012979599313765,2020-08-03
TATACOMM.NS,Telecommunication,1947,797.7000122070312,1553121.9237670898,0.06665407483546122,2020-08-03
ADANIGREEN.NS,Power,3675,494.6499938964844,1817838.72756958,0.07116356277019593,2020-09-01
ALKYLAMINE.NS,Chemicals,1343,1266.300048828125,1700640.9655761719,0.06657558135817315,2020-09-01
ALOKINDS.NS,Textiles,54359,30.14999961853028,1638923.8292636876,0.0641595192304605,2020-09-01
BALAMINES.NS,Chemicals,2107,838.75,1767246.25,0.06918300151433793,2020-09-01
BSOFT.NS,Information Technology,10443,168.4499969482422,1759123.3181304932,0.06886501028485932,2020-09-01
DIXON.NS,Consumer Durables,1045,1659.0400390625,1733696.8408203125,0.06786963116423336,2020-09-01
EPL.NS,Capital Goods,6079,284.79998779296875,1731299.125793457,0.06777576698297742,2020-09-01
GMMPFAUDLR.NS,Capital Goods,903,1801.4832763671875,1626739.3985595703,0.06368253109830048,2020-09-01
GRANULES.NS,Healthcare,5267,324.04998779296875,1706771.2857055664,0.06681556712517946,2020-09-01
INDIAMART.NS,Consumer Services,886,1914.074951171875,1695870.4067382812,0.06638882663776786,2020-09-01
ITI.NS,Telecommunication,12500,132.0,1650000.0,0.0645931219255141,2020-09-01
LAURUSLABS.NS,Healthcare,7417,224.5800018310547,1665709.8735809326,0.06520812179196718,2020-09-01
MASTEK.NS,Information Technology,2454,692.7000122070312,1699885.8299560547,0.06654601980230616,2020-09-01
TANLA.NS,Information Technology,7582,217.5500030517578,1649464.1231384277,0.06457214376826767,2020-09-01
TATACOMM.NS,Telecommunication,1924,869.9000244140625,1673687.6469726562,0.06552043045220096,2020-09-01
ADANIGREEN.NS,Power,2478,747.0999755859375,1851313.7395019531,0.06694448274530689,2020-10-01
AFFLE.NS,Information Technology,3211,572.02001953125,1836756.2827148438,0.06641807741815668,2020-10-01
ALKYLAMINE.NS,Chemicals,1442,1300.0400390625,1874657.736328125,0.06778861400160954,2020-10-01
ALOKINDS.NS,Textiles,95599,20.5,1959779.5,0.0708666619401048,2020-10-01
BALAMINES.NS,Chemicals,2289,806.25,1845506.25,0.06673448085720896,2020-10-01
BSOFT.NS,Information Technology,9406,194.5500030517578,1829937.328704834,0.06617150043915854,2020-10-01
DEEPAKNTR.NS,Chemicals,2254,819.4000244140625,1846927.6550292969,0.0667858796139013,2020-10-01
DIXON.NS,Consumer Durables,1035,1770.0400390625,1831991.4404296875,0.06624577820417873,2020-10-01
GRANULES.NS,Healthcare,4802,386.3500061035156,1855252.729309082,0.06708691869743687,2020-10-01
INDIAMART.NS,Consumer Services,727,2497.050048828125,1815355.3854980469,0.06564420967013825,2020-10-01
LAURUSLABS.NS,Healthcare,6400,280.3500061035156,1794240.0390625,0.06488066758920716,2020-10-01
MASTEK.NS,Information Technology,2138,856.7999877929688,1831838.3739013672,0.06624024323765988,2020-10-01
PERSISTENT.NS,Information Technology,2785,651.875,1815471.875,0.06564842199206247,2020-10-01
TANLA.NS,Information Technology,6336,276.6499938964844,1752854.361328125,0.06338413962105356,2020-10-01
TATACOMM.NS,Telecommunication,2232,838.3499755859375,1871197.1455078125,0.06766347720954895,2020-10-01
ADANIGREEN.NS,Power,2183,859.2000122070312,1875633.6266479492,0.06733730681556827,2020-11-02
ALOKINDS.NS,Textiles,85958,21.5,1848097.0,0.06634871168114827,2020-11-02
BALAMINES.NS,Chemicals,2252,822.8499755859375,1853058.1450195312,0.06652682223514475,2020-11-02
BSOFT.NS,Information Technology,10411,174.5,1816719.5,0.06522222497575605,2020-11-02
CDSL.NS,Financial Services,7729,233.375,1803755.375,0.06475679865244977,2020-11-02
CGPOWER.NS,Capital Goods,57879,30.350000381469727,1756627.6720790863,0.06306486236701966,2020-11-02
DIXON.NS,Consumer Durables,999,1901.56005859375,1899658.4985351562,0.06819982609784664,2020-11-02
GRANULES.NS,Healthcare,5019,369.7000122070313,1855524.36126709,0.06661536210656527,2020-11-02
INDIAMART.NS,Consumer Services,775,2362.050048828125,1830588.7878417969,0.06572014763903522,2020-11-02
JBCHEPHARM.NS,Healthcare,4025,497.5,2002437.5,0.07188970511126815,2020-11-02
LAURUSLABS.NS,Healthcare,5878,300.8500061035156,1768396.3358764648,0.06348737032042506,2020-11-02
MASTEK.NS,Information Technology,2206,876.25,1933007.5,0.0693970918707174,2020-11-02
POLYMED.NS,Healthcare,3895,474.6000061035156,1848567.0237731934,0.0663655860507354,2020-11-02
TANLA.NS,Information Technology,5503,341.29998779296875,1878173.832824707,0.0674285030066948,2020-11-02
TATACOMM.NS,Telecommunication,1926,957.2999877929688,1843759.7764892578,0.06619300059444073,2020-11-02
ADANIGREEN.NS,Power,1947,1134.699951171875,2209260.8049316406,0.06699246663753006,2020-12-01
AFFLE.NS,Information Technology,3093,717.8800048828125,2220402.855102539,0.06733033232666978,2020-12-01
ALKYLAMINE.NS,Chemicals,1374,1586.8399658203125,2180318.1130371094,0.06611482361918815,2020-12-01
ATGL.NS,Oil Gas & Consumable Fuels,6153,360.9500122070313,2220925.4251098637,0.0673461784656604,2020-12-01
BALAMINES.NS,Chemicals,2187,1005.8499755859376,2199793.896606446,0.06670539707167326,2020-12-01
BSOFT.NS,Information Technology,11125,193.25,2149906.25,0.06519263022520282,2020-12-01
CGPOWER.NS,Capital Goods,51062,43.25,2208431.5,0.06696731922947337,2020-12-01
DIXON.NS,Consumer Durables,920,2306.889892578125,2122338.701171875,0.06435668632440845,2020-12-01
GRANULES.NS,Healthcare,5184,428.0,2218752.0,0.06728027266185639,2020-12-01
INDIAMART.NS,Consumer Services,860,2572.625,2212457.5,0.06708940154319597,2020-12-01
LAURUSLABS.NS,Healthcare,6900,322.8999938964844,2228009.957885742,0.06756100612411117,2020-12-01
MASTEK.NS,Information Technology,2290,950.5,2176645.0,0.06600344206475821,2020-12-01
NAVINFLUOR.NS,Chemicals,817,2682.550048828125,2191643.389892578,0.06645824537827026,2020-12-01
TANLA.NS,Information Technology,3461,643.25,2226288.25,0.06750879795663828,2020-12-01
TATACOMM.NS,Telecommunication,2079,1038.949951171875,2159976.948486328,0.06549800880742178,2020-12-01
ADANIENT.NS,Metals & Mining,4848,494.5,2397336.0,0.0658992851665661,2021-01-04
ADANIGREEN.NS,Power,2191,1082.25,2371209.75,0.06518111249528305,2021-01-04
AFFLE.NS,Information Technology,3069,791.7100219726562,2429758.057434082,0.06679052044127742,2021-01-04
ALKYLAMINE.NS,Chemicals,1513,1778.9200439453125,2691506.026489258,0.07398559199342386,2021-01-04
ATGL.NS,Oil Gas & Consumable Fuels,6276,375.6000061035156,2357265.638305664,0.06479780911480594,2021-01-04
BORORENEW.NS,Capital Goods,8518,299.70001220703125,2552844.703979492,0.0701739936051945,2021-01-04
BSOFT.NS,Information Technology,9503,253.8000030517578,2411861.4290008545,0.06629856811559535,2021-01-04
CGPOWER.NS,Capital Goods,53302,44.0,2345288.0,0.06446856123201981,2021-01-04
DEEPAKNTR.NS,Chemicals,2375,1034.050048828125,2455868.865966797,0.0675082686490493,2021-01-04
DIXON.NS,Consumer Durables,869,2754.60009765625,2393747.4848632812,0.06580064209679233,2021-01-04
FSL.NS,Services,23523,101.4499969482422,2386408.2782135014,0.06559889796417587,2021-01-04
INDIAMART.NS,Consumer Services,664,3643.85009765625,2419516.46484375,0.06650899393407522,2021-01-04
LAURUSLABS.NS,Healthcare,6705,359.29998779296875,2409106.4181518555,0.06622283686825449,2021-01-04
MASTEK.NS,Information Technology,1950,1235.25,2408737.5,0.06621269584401247,2021-01-04
TANLA.NS,Information Technology,3404,673.7999877929688,2293615.1584472656,0.06304814985837406,2021-01-04
ADANIENT.NS,Metals & Mining,4625,537.2000122070312,2484550.0564575195,0.06833748533896698,2021-02-01
ADANIGREEN.NS,Power,2319,1024.25,2375235.75,0.0653307981541126,2021-02-01
AFFLE.NS,Information Technology,3221,763.030029296875,2457719.7243652344,0.06759951774550647,2021-02-01
ALKYLAMINE.NS,Chemicals,1217,1984.8800048828125,2415598.965942383,0.06644098736947056,2021-02-01
APLAPOLLO.NS,Capital Goods,5189,465.9750061035156,2417944.3066711426,0.06650549590583509,2021-02-01
ATGL.NS,Oil Gas & Consumable Fuels,6129,389.1000061035156,2384793.9374084473,0.06559369585270965,2021-02-01
BORORENEW.NS,Capital Goods,8583,271.54998779296875,2330713.545227051,0.06410621605804166,2021-02-01
BSOFT.NS,Information Technology,9543,249.8500061035156,2384318.608245849,0.06558062193632958,2021-02-01
CGPOWER.NS,Capital Goods,59258,40.45000076293945,2396986.145210266,0.06592904221441442,2021-02-01
DIXON.NS,Consumer Durables,825,3036.0400390625,2504733.0322265625,0.06889261756789067,2021-02-01
INDIAMART.NS,Consumer Services,601,3890.925048828125,2338445.954345703,0.06431889577178194,2021-02-01
LAURUSLABS.NS,Healthcare,6839,350.1000061035156,2394333.9417419434,0.06585609342629829,2021-02-01
TANLA.NS,Information Technology,3481,672.6500244140625,2341494.7349853516,0.06440275240478566,2021-02-01
TATAELXSI.NS,Information Technology,870,2949.800048828125,2566326.0424804688,0.07058673172923323,2021-02-01
VAIBHAVGBL.NS,Consumer Durables,4455,561.6099853515625,2501972.484741211,0.06881668878037542,2021-02-01
ADANIENSOL.NS,Power,3855,758.0499877929688,2922282.7029418945,0.06718427195192549,2021-03-01
ADANIENT.NS,Metals & Mining,3474,851.5,2958111.0,0.06800797667108317,2021-03-01
ADANIGREEN.NS,Power,2496,1141.0,2847936.0,0.06547501599795881,2021-03-01
ATGL.NS,Oil Gas & Consumable Fuels,5581,525.4500122070312,2932536.5181274414,0.06742001064595295,2021-03-01
BALAMINES.NS,Chemicals,1771,1685.300048828125,2984666.3864746094,0.06861849402619825,2021-03-01
BORORENEW.NS,Capital Goods,9996,284.70001220703125,2845861.3220214844,0.0654273184465272,2021-03-01
CGPOWER.NS,Capital Goods,50362,56.84999847412109,2863079.623153686,0.06582317303809407,2021-03-01
DIXON.NS,Consumer Durables,726,3896.699951171875,2829004.1645507812,0.0650397666704078,2021-03-01
HINDCOPPER.NS,Metals & Mining,18605,157.3000030517578,2926566.556777954,0.06728275920671244,2021-03-01
INDIAMART.NS,Consumer Services,671,4290.4248046875,2878875.0439453125,0.06618631512732158,2021-03-01
INTELLECT.NS,Information Technology,6699,426.7999877929688,2859133.118225098,0.06573244154927715,2021-03-01
TANLA.NS,Information Technology,3127,941.4000244140624,2943757.876342773,0.06767799348288034,2021-03-01
TATAELXSI.NS,Information Technology,1089,2622.14990234375,2855521.2436523438,0.06564940332600468,2021-03-01
TEJASNET.NS,Telecommunication,15056,189.5500030517578,2853864.8459472656,0.06561132218013659,2021-03-01
VAIBHAVGBL.NS,Consumer Durables,4125,711.5700073242188,2935226.2802124023,0.06748184918991725,2021-03-01
ADANIENSOL.NS,Power,3491,999.2000122070312,3488207.242614746,0.0704610984736046,2021-04-01
ADANIENT.NS,Metals & Mining,3088,1107.199951171875,3419033.44921875,0.06906380148714043,2021-04-01
APLAPOLLO.NS,Capital Goods,4066,663.375,2697282.75,0.05448457968238196,2021-04-01
ATGL.NS,Oil Gas & Consumable Fuels,3271,1060.6500244140625,3469386.2298583984,0.07008091772717512,2021-04-01
BALAMINES.NS,Chemicals,1811,1787.1500244140625,3236528.694213867,0.06537724142350708,2021-04-01
BORORENEW.NS,Capital Goods,12778,249.5,3188111.0,0.06439921354770034,2021-04-01
CGPOWER.NS,Capital Goods,47289,68.75,3251118.75,0.06567195767342561,2021-04-01
GPIL.NS,Capital Goods,17779,189.8249969482422,3374898.620742798,0.06817228665471647,2021-04-01
HINDCOPPER.NS,Metals & Mining,26745,125.5500030517578,3357834.831619262,0.06782760147916911,2021-04-01
INTELLECT.NS,Information Technology,4274,730.75,3123225.5,0.06308853924224193,2021-04-01
OLECTRA.NS,Automobile and Auto Components,14579,219.4499969482422,3199361.505508423,0.06462647154052321,2021-04-01
POONAWALLA.NS,Financial Services,28981,115.5999984741211,3350203.5557785034,0.06767345121196999,2021-04-01
SAREGAMA.NS,Media Entertainment & Publication,20479,166.43695068359375,3408462.3130493164,0.06885026662100271,2021-04-01
TANLA.NS,Information Technology,3864,854.25,3300822.0,0.06667595352261806,2021-04-01
VAIBHAVGBL.NS,Consumer Durables,4064,801.3900146484375,3256849.01953125,0.06578770798802534,2021-04-01
ADANIENSOL.NS,Power,3423,1066.0,3648918.0,0.06772303408207703,2021-05-03
ADANIENT.NS,Metals & Mining,3049,1255.550048828125,3828172.098876953,0.07104994673059252,2021-05-03
ATGL.NS,Oil Gas & Consumable Fuels,3076,1237.199951171875,3805627.0498046875,0.07063151608164313,2021-05-03
BALAMINES.NS,Chemicals,1345,2600.800048828125,3498076.065673828,0.064923444324407,2021-05-03
BORORENEW.NS,Capital Goods,15176,230.8000030517578,3502620.8463134766,0.06500779435204657,2021-05-03
CGPOWER.NS,Capital Goods,51356,73.05000305175781,3751555.956726074,0.06962796969353079,2021-05-03
GPIL.NS,Capital Goods,14657,246.0500030517578,3606354.8947296143,0.06693307315972542,2021-05-03
HINDCOPPER.NS,Metals & Mining,22530,154.8000030517578,3487644.0687561035,0.0647298289889012,2021-05-03
INTELLECT.NS,Information Technology,5143,702.8499755859375,3614757.4244384766,0.06708902207549962,2021-05-03
JINDALSTEL.NS,Metals & Mining,7973,445.2999877929688,3550376.8026733403,0.06589413333258305,2021-05-03
MASTEK.NS,Information Technology,2117,1620.800048828125,3431233.7033691406,0.06368286627346509,2021-05-03
POONAWALLA.NS,Financial Services,29847,116.8000030517578,3486129.691085815,0.06470172250621836,2021-05-03
PRINCEPIPE.NS,Capital Goods,6534,541.5,3538161.0,0.0656674109944032,2021-05-03
SAREGAMA.NS,Media Entertainment & Publication,19632,182.3876037597656,3580633.4370117183,0.06645568913583949,2021-05-03
TANLA.NS,Information Technology,3951,877.8499755859375,3468385.253540039,0.06437239004418993,2021-05-03
ADANIENSOL.NS,Power,2786,1499.449951171875,4177467.5639648438,0.0680723399625001,2021-06-01
ADANIENT.NS,Metals & Mining,3145,1416.25,4454106.25,0.07258020086009413,2021-06-01
ATGL.NS,Oil Gas & Consumable Fuels,3052,1440.5999755859375,4396711.125488281,0.07164494035402724,2021-06-01
BALAMINES.NS,Chemicals,1475,2736.800048828125,4036780.0720214844,0.06577982024010869,2021-06-01
BORORENEW.NS,Capital Goods,15233,264.29998779296875,4026081.714050293,0.06560548920109895,2021-06-01
CGPOWER.NS,Capital Goods,47994,83.94999694824219,4029096.1535339355,0.0656546098576175,2021-06-01
ELECON.NS,Capital Goods,69949,56.79999923706055,3973103.146633148,0.06474219702785625,2021-06-01
GPIL.NS,Capital Goods,16944,231.1000061035156,3915758.5034179683,0.06380775912063115,2021-06-01
HINDCOPPER.NS,Metals & Mining,24206,162.60000610351562,3935895.747741699,0.0641358979560676,2021-06-01
INTELLECT.NS,Information Technology,5356,746.1500244140625,3996379.5307617188,0.06512148852664983,2021-06-01
MASTEK.NS,Information Technology,2047,1937.199951171875,3965448.300048828,0.06461746037554959,2021-06-01
POONAWALLA.NS,Financial Services,29041,142.9499969482422,4151410.8613739014,0.06764774283758816,2021-06-01
PRAJIND.NS,Capital Goods,12239,326.79998779296875,3999705.0505981445,0.06517567827519748,2021-06-01
PRINCEPIPE.NS,Capital Goods,5711,711.2999877929688,4062234.2302856445,0.0661945988322308,2021-06-01
SAREGAMA.NS,Media Entertainment & Publication,16123,254.66612243652344,4105981.8920440674,0.06690747227964482,2021-06-01
ADANIENT.NS,Metals & Mining,2780,1490.25,4142895.0,0.06605832075057554,2021-07-01
APLAPOLLO.NS,Capital Goods,5149,821.2999877929688,4228873.637145996,0.06742924721390313,2021-07-01
ATGL.NS,Oil Gas & Consumable Fuels,4331,968.9000244140624,4196306.005737304,0.06690995743183481,2021-07-01
BALAMINES.NS,Chemicals,1557,2804.39990234375,4366450.647949219,0.06962290800123774,2021-07-01
CGPOWER.NS,Capital Goods,52592,79.3499984741211,4173175.1197509766,0.06654113623657647,2021-07-01
ELECON.NS,Capital Goods,60648,68.9749984741211,4183195.707458496,0.06670091416889012,2021-07-01
GPIL.NS,Capital Goods,12717,329.45001220703125,4189615.8052368164,0.06680328241097455,2021-07-01
INTELLECT.NS,Information Technology,5758,730.7000122070312,4207370.670288086,0.06708638313412586,2021-07-01
LAURUSLABS.NS,Healthcare,6073,666.5,4047654.5,0.06453971419707968,2021-07-01
MASTEK.NS,Information Technology,1844,2229.949951171875,4112027.7099609375,0.06556614285417665,2021-07-01
POONAWALLA.NS,Financial Services,28166,149.10000610351562,4199550.771911621,0.06696169511881545,2021-07-01
PRAJIND.NS,Capital Goods,11224,367.25,4122014.0,0.06572537391132598,2021-07-01
PRINCEPIPE.NS,Capital Goods,5806,734.75,4265958.5,0.06802056409869042,2021-07-01
SAREGAMA.NS,Media Entertainment & Publication,13492,305.1036376953125,4116458.2797851562,0.06563678814027636,2021-07-01
TATAELXSI.NS,Information Technology,959,4243.75,4069756.25,0.06489212585381948,2021-07-01
ADANIENT.NS,Metals & Mining,3068,1438.199951171875,4412397.4501953125,0.06688048243313739,2021-08-02
ATGL.NS,Oil Gas & Consumable Fuels,4932,888.3499755859375,4381342.079589844,0.06640976369311508,2021-08-02
BALAMINES.NS,Chemicals,1337,3318.25,4436500.25,0.06724581826181608,2021-08-02
CGPOWER.NS,Capital Goods,52598,79.0999984741211,4160501.7197418213,0.06306239755621151,2021-08-02
ELECON.NS,Capital Goods,63462,72.75,4616860.5,0.06997961109619172,2021-08-02
GPIL.NS,Capital Goods,10513,412.7625122070313,4339372.29083252,0.06577361072834025,2021-08-02
HFCL.NS,Telecommunication,57702,74.19999694824219,4281488.223907471,0.06489623865004572,2021-08-02
JSWENERGY.NS,Power,17471,243.5,4254188.5,0.06448244575721775,2021-08-02
MASTEK.NS,Information Technology,1686,2644.199951171875,4458121.117675781,0.06757353444720081,2021-08-02
POONAWALLA.NS,Financial Services,25144,172.64999389648438,4341111.446533203,0.06579997181063188,2021-08-02
PRAJIND.NS,Capital Goods,11991,375.3999938964844,4501421.326812744,0.06822985312864861,2021-08-02
PRINCEPIPE.NS,Capital Goods,6247,689.7000122070312,4308555.976257324,0.0653065154566962,2021-08-02
RTNINDIA.NS,Consumer Services,64745,66.0999984741211,4279644.40120697,0.06486829108794993,2021-08-02
SAREGAMA.NS,Media Entertainment & Publication,13015,337.1944580078125,4388585.87097168,0.06651956075190922,2021-08-02
TTML.NS,Telecommunication,110621,39.79999923706055,4402715.715602875,0.06673373248877254,2021-08-02
ADANIENSOL.NS,Power,2717,1659.5999755859375,4509133.133666992,0.06677495415474366,2021-09-01
ADANIENT.NS,Metals & Mining,2828,1565.199951171875,4426385.4619140625,0.06554955853569257,2021-09-01
ATGL.NS,Oil Gas & Consumable Fuels,2957,1510.8499755859375,4467583.377807617,0.06615965117734093,2021-09-01
BALAMINES.NS,Chemicals,1109,4169.35009765625,4623809.258300781,0.06847317257901041,2021-09-01
ELECON.NS,Capital Goods,54407,85.375,4644997.625,0.06878694734968425,2021-09-01
FLUOROCHEM.NS,Chemicals,2581,1699.0999755859375,4385377.036987305,0.06494227203221876,2021-09-01
HFCL.NS,Telecommunication,64991,68.19999694824219,4432386.001663208,0.06563841946633603,2021-09-01
JSWENERGY.NS,Power,16810,255.3000030517578,4291593.051300049,0.0635534415942887,2021-09-01
KPITTECH.NS,Information Technology,13324,329.95001220703125,4396253.962646484,0.06510334649835359,2021-09-01
PRAJIND.NS,Capital Goods,13544,339.3999938964844,4596833.517333984,0.0680736936075649,2021-09-01
RTNINDIA.NS,Consumer Services,100230,45.95000076293945,4605568.576469421,0.06820304955160496,2021-09-01
SAREGAMA.NS,Media Entertainment & Publication,14206,318.7603454589844,4528309.467590332,0.06705893308830549,2021-09-01
TATAELXSI.NS,Information Technology,939,4848.5,4552741.5,0.06742074273013703,2021-09-01
TEJASNET.NS,Telecommunication,12092,370.5,4480086.0,0.06634480029557767,2021-09-01
TTML.NS,Telecommunication,122731,36.70000076293945,4504227.793636322,0.06670231184280663,2021-09-01
ADANIENSOL.NS,Power,3115,1577.8499755859375,4915002.673950195,0.06635950563719809,2021-10-01
BALAMINES.NS,Chemicals,1078,4549.85009765625,4904738.4052734375,0.06622092345519297,2021-10-01
ELECON.NS,Capital Goods,58182,84.17500305175781,4897470.027557373,0.06612279004937026,2021-10-01
FLUOROCHEM.NS,Chemicals,2540,1952.0999755859373,4958333.93798828,0.06694453914601838,2021-10-01
HAPPSTMNDS.NS,Information Technology,3518,1375.75,4839888.5,0.0653453577759772,2021-10-01
HFCL.NS,Telecommunication,68384,72.25,4940744.0,0.06670705004041162,2021-10-01
JSL.NS,Metals & Mining,30345,168.35000610351562,5108580.935211182,0.068973086660759,2021-10-01
JSWENERGY.NS,Power,12385,385.2000122070313,4770702.151184083,0.06441124395980363,2021-10-01
OLECTRA.NS,Automobile and Auto Components,11842,433.2999877929688,5131138.455444337,0.06927764517076898,2021-10-01
PRAJIND.NS,Capital Goods,13912,349.45001220703125,4861548.569824219,0.06563779943286997,2021-10-01
RTNINDIA.NS,Consumer Services,106242,43.79999923706055,4653399.518943787,0.06282749208787393,2021-10-01
SAREGAMA.NS,Media Entertainment & Publication,13689,362.1896667480469,4958014.348114014,0.06694022422953311,2021-10-01
TATAELXSI.NS,Information Technology,867,5782.7998046875,5013687.4306640625,0.06769188978912698,2021-10-01
TEJASNET.NS,Telecommunication,9606,517.5,4971105.0,0.06711696659271163,2021-10-01
TTML.NS,Telecommunication,135433,37.09999847412109,5024564.093345641,0.06783874015857999,2021-10-01
ADANIENSOL.NS,Power,2855,1760.550048828125,5026370.389404297,0.06537806805637734,2021-11-01
ANGELONE.NS,Financial Services,40959,122.99500274658205,5037752.317497254,0.06552611294997349,2021-11-01
BORORENEW.NS,Capital Goods,11072,472.0,5225984.0,0.06797444500583882,2021-11-01
CGPOWER.NS,Capital Goods,34414,148.9499969482422,5125965.194976807,0.06667349904779556,2021-11-01
ELECON.NS,Capital Goods,58242,82.17500305175781,4786036.5277404785,0.06225204224713106,2021-11-01
FLUOROCHEM.NS,Chemicals,2786,1896.300048828125,5283091.936035156,0.06871724870700184,2021-11-01
HFCL.NS,Telecommunication,69771,73.55000305175781,5131657.262924194,0.06674753585304778,2021-11-01
JSWENERGY.NS,Power,15197,342.25,5201173.25,0.06765173124295157,2021-11-01
OLECTRA.NS,Automobile and Auto Components,8781,575.3499755859375,5052148.135620117,0.06571335955220314,2021-11-01
RTNINDIA.NS,Consumer Services,124227,41.09999847412109,5105729.51044464,0.06641029322370823,2021-11-01
TATAPOWER.NS,Power,23156,222.9499969482422,5162630.129333496,0.06715040034792803,2021-11-01
TEJASNET.NS,Telecommunication,11575,433.6000061035156,5018920.070648193,0.06528116165892899,2021-11-01
TRIDENT.NS,Textiles,130598,39.79999923706055,5197800.300361633,0.06760785924110452,2021-11-01
TTML.NS,Telecommunication,92354,55.20000076293945,5097940.87046051,0.06630898627744289,2021-11-01
USHAMART.NS,Capital Goods,58984,90.6999969482422,5349848.619995118,0.06958555380372786,2021-11-01
BORORENEW.NS,Capital Goods,9585,593.75,5691093.75,0.06523971418846805,2021-12-01
CGPOWER.NS,Capital Goods,39633,150.8000030517578,5976656.520950317,0.06851325603790001,2021-12-01
ELECON.NS,Capital Goods,55505,103.0999984741211,5722565.415306091,0.06560048885495541,2021-12-01
FLUOROCHEM.NS,Chemicals,2928,2059.89990234375,6031386.9140625,0.06914065656245846,2021-12-01
IEX.NS,Financial Services,23096,243.3166656494141,5619641.709838868,0.06442062547141869,2021-12-01
JBMA.NS,Automobile and Auto Components,30742,189.32000732421875,5820075.665161133,0.06671829522231476,2021-12-01
JSWENERGY.NS,Power,19560,301.6499938964844,5900273.880615234,0.06763764550619486,2021-12-01
KPITTECH.NS,Information Technology,11564,506.6000061035156,5858322.470581055,0.06715673654200267,2021-12-01
OLECTRA.NS,Automobile and Auto Components,7151,785.6500244140625,5618183.324584961,0.06440390730768407,2021-12-01
RTNINDIA.NS,Consumer Services,133061,43.79999923706055,5828071.698482513,0.06680995755497768,2021-12-01
SAREGAMA.NS,Media Entertainment & Publication,13866,417.66217041015625,5791303.654907227,0.06638846798557446,2021-12-01
TATAPOWER.NS,Power,26491,225.1999969482422,5965773.119155884,0.06838849442727515,2021-12-01
TEJASNET.NS,Telecommunication,12951,446.25,5779383.75,0.06625182444683445,2021-12-01
TRIDENT.NS,Textiles,115293,49.400001525878906,5695474.375923157,0.06528993138673392,2021-12-01
TTML.NS,Telecommunication,49328,118.1500015258789,5828103.275268555,0.06681031953469314,2021-12-01
ADANIENSOL.NS,Power,3835,1731.0999755859375,6638768.40637207,0.06559039282779078,2022-01-03
ATGL.NS,Oil Gas & Consumable Fuels,3949,1743.800048828125,6886266.392822266,0.06803564911053356,2022-01-03
CGPOWER.NS,Capital Goods,33950,196.1000061035156,6657595.207214355,0.06577639980790335,2022-01-03
FLUOROCHEM.NS,Chemicals,2716,2478.050048828125,6730383.9326171875,0.06649554540846739,2022-01-03
IEX.NS,Financial Services,26249,258.20001220703125,6777492.120422363,0.06696096976949513,2022-01-03
JBMA.NS,Automobile and Auto Components,29342,247.25,7254809.5,0.07167681953463818,2022-01-03
JSWENERGY.NS,Power,21817,299.0,6523283.0,0.06444940812910017,2022-01-03
KPITTECH.NS,Information Technology,10802,608.1500244140625,6569236.563720703,0.06490342491531384,2022-01-03
KPRMILL.NS,Textiles,9843,704.75,6936854.25,0.06853545227002003,2022-01-03
OLECTRA.NS,Automobile and Auto Components,8046,837.9000244140625,6741743.596435547,0.06660777779354693,2022-01-03
POONAWALLA.NS,Financial Services,30150,220.75,6655612.5,0.06575681085147475,2022-01-03
SAREGAMA.NS,Media Entertainment & Publication,12916,523.805419921875,6765470.8037109375,0.06684220031752074,2022-01-03
TEJASNET.NS,Telecommunication,15657,426.9500122070313,6684756.341125489,0.06604474919649923,2022-01-03
TRIDENT.NS,Textiles,122772,53.84999847412109,6611272.012664794,0.06531873110468009,2022-01-03
TTML.NS,Telecommunication,30714,216.6499938964844,6654187.912536622,0.06574273606446293,2022-01-03
ADANIENSOL.NS,Power,3587,1986.9000244140625,7127010.387573242,0.0686588953053324,2022-02-01
ATGL.NS,Oil Gas & Consumable Fuels,3786,1864.6500244140625,7059564.992431641,0.06800915213505047,2022-02-01
BSE.NS,Financial Services,31692,221.3277740478516,7014319.815124513,0.06757327738212213,2022-02-01
CGPOWER.NS,Capital Goods,39376,173.9499969482422,6849455.079833984,0.06598503350645857,2022-02-01
FLUOROCHEM.NS,Chemicals,2449,2966.14990234375,7264101.110839844,0.06997957495980654,2022-02-01
IRCTC.NS,Consumer Services,7746,856.9000244140625,6637547.589111328,0.06394359769694846,2022-02-01
JBMA.NS,Automobile and Auto Components,22721,305.6199951171875,6943991.909057617,0.06689576520280645,2022-02-01
KPITTECH.NS,Information Technology,10580,622.9000244140625,6590282.258300781,0.06348826155693783,2022-02-01
KPRMILL.NS,Textiles,10102,687.7999877929688,6948155.47668457,0.06693587542269529,2022-02-01
OLECTRA.NS,Automobile and Auto Components,8067,847.6500244140625,6837992.746948242,0.06587460977045151,2022-02-01
POONAWALLA.NS,Financial Services,24210,281.8999938964844,6824798.852233887,0.06574750482930507,2022-02-01
SAREGAMA.NS,Media Entertainment & Publication,14981,465.7085266113281,6976779.437164307,0.06721162772259777,2022-02-01
TATAPOWER.NS,Power,27776,249.8500061035156,6939833.769531249,0.06685570727516492,2022-02-01
TRIDENT.NS,Textiles,111239,60.29999923706055,6707711.615131378,0.06461953111850077,2022-02-01
TTML.NS,Telecommunication,48890,141.75,6930157.5,0.06676248979117604,2022-02-01
ADANIENSOL.NS,Power,2847,2241.050048828125,6380269.489013672,0.06925698180519498,2022-03-02
BSE.NS,Financial Services,28106,223.25,6274664.5,0.06811065361086845,2022-03-02
CGPOWER.NS,Capital Goods,36041,169.6999969482422,6116157.590011597,0.06639008205821423,2022-03-02
DEEPAKFERT.NS,Chemicals,10621,594.2999877929688,6312060.170349121,0.06851657866864566,2022-03-02
FLUOROCHEM.NS,Chemicals,2330,2681.0,6246730.0,0.06780742830642503,2022-03-02
JBMA.NS,Automobile and Auto Components,28620,212.25,6074595.0,0.06593892563838487,2022-03-02
JSWENERGY.NS,Power,17655,339.1499938964844,5987693.142242432,0.06499561746121194,2022-03-02
KPITTECH.NS,Information Technology,10649,564.0499877929688,6006568.320007324,0.06520050502047318,2022-03-02
KPRMILL.NS,Textiles,9512,614.9500122070312,5849404.516113281,0.06349451270690906,2022-03-02
NATIONALUM.NS,Metals & Mining,49276,125.9499969482422,6206312.049621583,0.06736869679848773,2022-03-02
OLECTRA.NS,Automobile and Auto Components,9618,638.1500244140625,6137726.934814453,0.06662421444449253,2022-03-02
TATAPOWER.NS,Power,27326,225.3999938964844,6159280.233215333,0.06685817264919879,2022-03-02
TRIDENT.NS,Textiles,120717,50.25,6066029.25,0.0658459455545625,2022-03-02
TRIVENI.NS,Fast Moving Consumer Goods,24046,256.79998779296875,6175012.506469727,0.06702894439550354,2022-03-02
TTML.NS,Telecommunication,52827,113.75,6009071.25,0.06522767399464596,2022-03-02
BSE.NS,Financial Services,21490,311.75,6699507.5,0.06585278767541503,2022-04-01
CGPOWER.NS,Capital Goods,35627,188.3500061035156,6710345.66744995,0.06595932140791284,2022-04-01
FLUOROCHEM.NS,Chemicals,2406,2794.85009765625,6724409.3349609375,0.06609756018300769,2022-04-01
GMDCLTD.NS,Metals & Mining,35282,192.25,6782964.5,0.06667312799162889,2022-04-01
GNFC.NS,Chemicals,8048,862.75,6943412.0,0.06825024618286177,2022-04-01
JBMA.NS,Automobile and Auto Components,30195,228.2749938964844,6892763.440704347,0.06775239633026256,2022-04-01
KPITTECH.NS,Information Technology,11152,608.25,6783204.0,0.06667548215611759,2022-04-01
OLECTRA.NS,Automobile and Auto Components,10095,687.75,6942836.25,0.06824458685006692,2022-04-01
RENUKA.NS,Fast Moving Consumer Goods,188618,36.34999847412109,6856264.0121917715,0.06739362531371954,2022-04-01
RHIM.NS,Capital Goods,10855,608.5499877929688,6605810.117492676,0.0649317895518967,2022-04-01
TATAELXSI.NS,Information Technology,757,8912.7998046875,6746989.4521484375,0.06631951137312643,2022-04-01
TRIDENT.NS,Textiles,125161,53.70000076293945,6721145.795490265,0.06606548123215458,2022-04-01
TRIVENI.NS,Fast Moving Consumer Goods,21582,318.8500061035156,6881420.831726074,0.06764090419136556,2022-04-01
TTML.NS,Telecommunication,38478,175.0,6733650.0,0.0661883912706357,2022-04-01
USHAMART.NS,Capital Goods,50270,131.10000610351562,6590397.3068237305,0.06478028937841926,2022-04-01
ADANIGREEN.NS,Power,2360,2830.35009765625,6679626.23046875,0.0664139436910153,2022-05-02
ADANIPOWER.NS,Power,120566,56.06999969482422,6760135.583206177,0.06721442914256853,2022-05-02
ANGELONE.NS,Financial Services,34892,181.2700042724609,6324872.989074706,0.06288671612090382,2022-05-02
BLS.NS,Consumer Services,75144,91.4875030517578,6874736.929321288,0.06835388322056557,2022-05-02
BSE.NS,Financial Services,22755,296.8500061035156,6754821.888885498,0.06716159633677543,2022-05-02
DEEPAKFERT.NS,Chemicals,10339,651.75,6738443.25,0.06699874740434339,2022-05-02
EASEMYTRIP.NS,Consumer Services,266733,25.840625762939453,6892547.631626129,0.06853097082085306,2022-05-02
FLUOROCHEM.NS,Chemicals,2421,2729.14990234375,6607271.913574219,0.06569454183195379,2022-05-02
GMDCLTD.NS,Metals & Mining,37613,172.25,6478839.25,0.0644175662359545,2022-05-02
JBMA.NS,Automobile and Auto Components,26477,250.7749938964844,6639769.513397218,0.06601765778040206,2022-05-02
KPITTECH.NS,Information Technology,12497,537.4500122070312,6716512.8025512695,0.06678069815252521,2022-05-02
RENUKA.NS,Fast Moving Consumer Goods,127994,55.84999847412109,7148464.704696654,0.07107549374684358,2022-05-02
TRIDENT.NS,Textiles,131998,51.75,6830896.5,0.06791798820131242,2022-05-02
TTML.NS,Telecommunication,50292,132.75,6676263.0,0.06638050388596266,2022-05-02
USHAMART.NS,Capital Goods,44713,141.85000610351562,6342539.322906494,0.06306236829961094,2022-05-02
ADANIPOWER.NS,Power,99179,61.41999816894531,6091573.998397827,0.06517712452647144,2022-06-01
BDL.NS,Capital Goods,15245,406.6499938964844,6199379.156951904,0.06633059163456585,2022-06-01
BLS.NS,Consumer Services,65556,92.1750030517578,6042624.500061034,0.06465338672907382,2022-06-01
BSE.NS,Financial Services,23418,248.88333129882807,5828349.852355956,0.062360743579698494,2022-06-01
CHENNPETRO.NS,Oil Gas & Consumable Fuels,21326,294.8999938964844,6289037.269836426,0.06728989344881285,2022-06-01
DEEPAKFERT.NS,Chemicals,9563,678.1500244140625,6485148.68347168,0.06938819809567902,2022-06-01
EASEMYTRIP.NS,Consumer Services,254968,23.71875,6047522.25,0.06470579046869111,2022-06-01
FLUOROCHEM.NS,Chemicals,2109,2912.0,6141408.0,0.06571032611425999,2022-06-01
GMDCLTD.NS,Metals & Mining,39735,153.0,6079455.0,0.06504745664951238,2022-06-01
JKPAPER.NS,Forest Materials,18443,335.20001220703125,6182093.825134277,0.06614564629455108,2022-06-01
RAYMOND.NS,Textiles,6240,1065.6500244140625,6649656.15234375,0.07114835463108836,2022-06-01
RENUKA.NS,Fast Moving Consumer Goods,129938,52.29999923706055,6795757.300865173,0.07271157174921676,2022-06-01
SCHAEFFLER.NS,Automobile and Auto Components,2667,2401.050048828125,6403600.480224609,0.06851566869698138,2022-06-01
TATAELXSI.NS,Information Technology,715,8606.0,6153290.0,0.06583745821407971,2022-06-01
TTML.NS,Telecommunication,48959,121.8499984741211,5965654.075294495,0.06382983751811724,2022-06-01
ADANIENSOL.NS,Power,2290,2400.64990234375,5497488.2763671875,0.06450070296979178,2022-07-01
ADANIPOWER.NS,Power,108940,52.650001525878906,5735691.166229248,0.06729547997942857,2022-07-01
BDL.NS,Capital Goods,16918,333.6000061035156,5643844.903259277,0.06621786994573765,2022-07-01
BLS.NS,Consumer Services,59439,97.625,5802732.375,0.06808205829961293,2022-07-01
CHENNPETRO.NS,Oil Gas & Consumable Fuels,18761,297.3500061035156,5578583.464508057,0.06545217323759381,2022-07-01
EASEMYTRIP.NS,Consumer Services,233635,25.015625,5844525.546875,0.06857240749723889,2022-07-01
FLUOROCHEM.NS,Chemicals,2045,2762.14990234375,5648596.550292969,0.06627361987343736,2022-07-01
GMDCLTD.NS,Metals & Mining,42187,131.8000030517578,5560246.728744507,0.06523703274297836,2022-07-01
HBLENGINE.NS,Automobile and Auto Components,60284,95.25,5742051.0,0.06737009837393211,2022-07-01
MAHLIFE.NS,Realty,14186,414.5499877929688,5880806.126831056,0.06899807878450241,2022-07-01
MRPL.NS,Oil Gas & Consumable Fuels,62100,81.55000305175781,5064255.18951416,0.0594176837350043,2022-07-01
RAYMOND.NS,Textiles,6523,879.9000244140625,5739587.85925293,0.06734119893809656,2022-07-01
SCHAEFFLER.NS,Automobile and Auto Components,2501,2259.050048828125,5649884.172119141,0.06628872722951928,2022-07-01
TATAELXSI.NS,Information Technology,700,8152.0498046875,5706434.86328125,0.06695222283878942,2022-07-01
USHAMART.NS,Capital Goods,47019,122.4499969482422,5757476.4065094,0.06755108094514163,2022-07-01
ADANIENSOL.NS,Power,2030,3261.75,6621352.5,0.06885906475658872,2022-08-01
ADANIPOWER.NS,Power,100976,64.37000274658203,6499825.397338867,0.06759523797319007,2022-08-01
ATGL.NS,Oil Gas & Consumable Fuels,2021,3217.64990234375,6502870.452636719,0.06762690516806336,2022-08-01
BDL.NS,Capital Goods,15632,410.6000061035156,6418499.295410156,0.06674948337560445,2022-08-01
BLS.NS,Consumer Services,52299,120.0,6275880.0,0.06526630734801991,2022-08-01
CGPOWER.NS,Capital Goods,28116,224.75,6319071.0,0.06571547417094646,2022-08-01
CHENNPETRO.NS,Oil Gas & Consumable Fuels,23023,281.25,6475218.75,0.06733933999425758,2022-08-01
EASEMYTRIP.NS,Consumer Services,231887,25.57187461853028,5929785.289667131,0.061667079234016944,2022-08-01
ELECON.NS,Capital Goods,35058,176.8249969482422,6199130.743011475,0.0644681498632775,2022-08-01
GMDCLTD.NS,Metals & Mining,39444,170.35000610351562,6719285.64074707,0.06987752503045552,2022-08-01
GNFC.NS,Chemicals,8759,752.5999755859375,6592023.186157227,0.0685540531866465,2022-08-01
LINDEINDIA.NS,Chemicals,1733,3678.199951171875,6374320.515380859,0.06629004408810173,2022-08-01
MAHSEAMLES.NS,Capital Goods,17219,370.75,6383944.25,0.06639012656601535,2022-08-01
SCHAEFFLER.NS,Automobile and Auto Components,2278,2833.10009765625,6453802.0224609375,0.06711661573535632,2022-08-01
USHAMART.NS,Capital Goods,43080,145.89999389648438,6285371.737060547,0.06536501711115436,2022-08-01
ADANIENSOL.NS,Power,1699,3880.449951171875,6592884.467041016,0.06557861189482543,2022-09-01
ADANIENT.NS,Metals & Mining,2114,3233.25,6835090.5,0.06798780555101751,2022-09-01
ADANIPOWER.NS,Power,81135,81.69999694824219,6628729.25239563,0.0659351555714172,2022-09-01
APARINDS.NS,Capital Goods,5087,1306.449951171875,6645910.901611328,0.06610605932549664,2022-09-01
ATGL.NS,Oil Gas & Consumable Fuels,1836,3639.25,6681663.0,0.06646168105622424,2022-09-01
BDL.NS,Capital Goods,16526,415.4500122070313,6865726.901733399,0.06829254207554973,2022-09-01
BLS.NS,Consumer Services,51753,125.9499969482422,6518290.192062379,0.06483663180510069,2022-09-01
CHENNPETRO.NS,Oil Gas & Consumable Fuels,23524,280.25,6592601.0,0.06557579228299078,2022-09-01
DEEPAKFERT.NS,Chemicals,7371,870.7999877929688,6418666.710021973,0.06384568926743006,2022-09-01
ELECON.NS,Capital Goods,36098,185.9750061035156,6713325.770324706,0.06677662674305058,2022-09-01
ELGIEQUIP.NS,Capital Goods,13479,492.3500061035156,6636385.732269287,0.06601131363616491,2022-09-01
HSCL.NS,Chemicals,68628,99.6999969482422,6842211.390563966,0.06805863617469586,2022-09-01
MAHSEAMLES.NS,Capital Goods,16216,412.125,6683019.0,0.06647516902164727,2022-09-01
SCHAEFFLER.NS,Automobile and Auto Components,2220,3186.949951171875,7075028.8916015625,0.07037444325719432,2022-09-01
USHAMART.NS,Capital Goods,47259,140.25,6628074.75,0.06592864531648981,2022-09-01
ADANIENT.NS,Metals & Mining,1855,3157.300048828125,5856791.590576172,0.062355266270212886,2022-10-03
ADANIPOWER.NS,Power,85107,70.97000122070312,6040043.893890381,0.06430629116004735,2022-10-03
APARINDS.NS,Capital Goods,4986,1284.050048828125,6402273.543457031,0.06816282692717926,2022-10-03
ATGL.NS,Oil Gas & Consumable Fuels,1916,3100.800048828125,5941132.8935546875,0.06325321941118929,2022-10-03
BDL.NS,Capital Goods,14707,437.9500122070313,6440930.8295288095,0.0685743978921028,2022-10-03
BLS.NS,Consumer Services,44825,140.125,6281103.125,0.06687276673123195,2022-10-03
DEEPAKFERT.NS,Chemicals,7326,877.0,6424902.0,0.06840374440071394,2022-10-03
ELECON.NS,Capital Goods,37547,166.52499389648438,6252513.945831299,0.0665683874730764,2022-10-03
FINEORG.NS,Chemicals,914,6632.14990234375,6061785.0107421875,0.0645377614299623,2022-10-03
FLUOROCHEM.NS,Chemicals,1612,3979.199951171875,6414470.3212890625,0.06829268186867636,2022-10-03
MAHSEAMLES.NS,Capital Goods,16663,373.2250061035156,6219048.276702881,0.06621208988639583,2022-10-03
MAZDOCK.NS,Capital Goods,26251,256.6499938964844,6737318.989776611,0.07172994173650518,2022-10-03
RENUKA.NS,Fast Moving Consumer Goods,108096,56.95000076293945,6156067.282470703,0.06554155268107181,2022-10-03
SCHAEFFLER.NS,Automobile and Auto Components,2008,3186.0,6397488.0,0.06811187687510792,2022-10-03
WELCORP.NS,Capital Goods,24137,255.3000030517578,6162176.173660278,0.06560659196595171,2022-10-03
ADANIENT.NS,Metals & Mining,1940,3575.699951171875,6936857.9052734375,0.07109112920181947,2022-11-01
APARINDS.NS,Capital Goods,4319,1421.25,6138378.75,0.06290806050304293,2022-11-01
ATGL.NS,Oil Gas & Consumable Fuels,1801,3681.199951171875,6629841.112060547,0.06794472332015458,2022-11-01
BLS.NS,Consumer Services,39860,166.3249969482422,6629714.378356934,0.06794342451279528,2022-11-01
DEEPAKFERT.NS,Chemicals,6744,923.0499877929688,6225049.117675781,0.06379628603548813,2022-11-01
ELECON.NS,Capital Goods,34432,184.0749969482422,6338070.294921875,0.0649545630571402,2022-11-01
ELGIEQUIP.NS,Capital Goods,13358,490.0499877929688,6546087.7369384775,0.06708639205646168,2022-11-01
GRSE.NS,Capital Goods,14528,455.6499938964844,6619683.111328125,0.06784062089332646,2022-11-01
HAL.NS,Capital Goods,5140,1265.675048828125,6505569.7509765625,0.06667115083134932,2022-11-01
HSCL.NS,Chemicals,62542,103.0999984741211,6448080.104568481,0.06608197862451244,2022-11-01
KARURVYSYA.NS,Financial Services,74943,83.125,6229636.875,0.06384330283374699,2022-11-01
MAZDOCK.NS,Capital Goods,20468,319.04998779296875,6530315.150146484,0.06692474956344995,2022-11-01
RAYMOND.NS,Textiles,5451,1205.3499755859375,6570362.716918945,0.0673351697828803,2022-11-01
SAFARI.NS,Consumer Durables,7023,921.0750122070312,6468709.8107299805,0.06629339842381492,2022-11-01
TIINDIA.NS,Automobile and Auto Components,2385,2797.800048828125,6672753.116455078,0.06838449920865902,2022-11-01
ADANIENT.NS,Metals & Mining,1768,3915.10009765625,6921896.97265625,0.0663735984535337,2022-12-01
APARINDS.NS,Capital Goods,4677,1558.75,7290273.75,0.06990593827246025,2022-12-01
BLS.NS,Consumer Services,37063,187.7749938964844,6959504.598785401,0.06673421541812412,2022-12-01
COCHINSHIP.NS,Capital Goods,20807,335.0,6970345.0,0.06683816328676985,2022-12-01
ELECON.NS,Capital Goods,30018,232.5749969482422,6981436.258392334,0.06694451660780096,2022-12-01
GESHIP.NS,Services,10410,679.0999755859375,7069430.745849609,0.06778828975260298,2022-12-01
GRSE.NS,Capital Goods,13550,502.0,6802100.0,0.06522487344499264,2022-12-01
HSCL.NS,Chemicals,67613,100.6999969482422,6808628.8936615,0.06528747856147242,2022-12-01
KARURVYSYA.NS,Financial Services,82538,83.29166412353516,6874727.373428345,0.06592129238039582,2022-12-01
LEMONTREE.NS,Consumer Services,64179,98.0,6289542.0,0.06030998970567412,2022-12-01
MAZDOCK.NS,Capital Goods,15212,455.9500122070313,6935911.58569336,0.0665079836230734,2022-12-01
RAYMOND.NS,Textiles,5101,1369.6500244140625,6986584.774536133,0.0669938853783143,2022-12-01
RVNL.NS,Construction,94622,75.05000305175781,7101381.388763428,0.06809466229057506,2022-12-01
UNIONBANK.NS,Financial Services,84825,81.5,6913237.5,0.06629056336023835,2022-12-01
VBL.NS,Fast Moving Consumer Goods,27310,252.83999633789065,6905060.299987794,0.06621215274646752,2022-12-01
APARINDS.NS,Capital Goods,3728,1824.199951171875,6800617.41796875,0.06750054595568937,2023-01-02
BANKBARODA.NS,Financial Services,35970,186.25,6699412.5,0.06649602139616315,2023-01-02
BLS.NS,Consumer Services,40482,172.35000610351562,6977072.9470825195,0.06925198171806712,2023-01-02
FACT.NS,Chemicals,17506,354.70001220703125,6209378.413696289,0.06163211473454158,2023-01-02
GESHIP.NS,Services,10004,676.3499755859375,6766205.155761719,0.06715898189704854,2023-01-02
GRSE.NS,Capital Goods,13782,480.3500061035156,6620183.784118652,0.065709624919392,2023-01-02
HSCL.NS,Chemicals,66455,100.25,6662113.75,0.06612580707094431,2023-01-02
INDIANB.NS,Financial Services,23386,295.75,6916409.5,0.0686498575952184,2023-01-02
KARURVYSYA.NS,Financial Services,70777,92.16666412353516,6523279.986671448,0.0647477917753038,2023-01-02
MAZDOCK.NS,Capital Goods,16822,394.0750122070313,6629129.855346681,0.06579842048822591,2023-01-02
RAYMOND.NS,Textiles,4550,1499.449951171875,6822497.277832031,0.06771771777928044,2023-01-02
RHIM.NS,Capital Goods,7981,870.3499755859375,6946263.155151367,0.06894617451729164,2023-01-02
RVNL.NS,Construction,98344,68.55000305175781,6741481.50012207,0.06691358355287949,2023-01-02
TITAGARH.NS,Capital Goods,29542,226.9499969482422,6704556.809844971,0.0665470820134217,2023-01-02
UCOBANK.NS,Financial Services,211070,31.350000381469727,6617044.580516815,0.06567846628423188,2023-01-02
APARINDS.NS,Capital Goods,3750,1946.1500244140625,7298062.591552734,0.0766052348997999,2023-02-01
BLS.NS,Consumer Services,35892,181.0500030517578,6498246.709533691,0.06820984465067027,2023-02-01
DATAPATTNS.NS,Capital Goods,4695,1361.699951171875,6393181.270751953,0.06710700913552389,2023-02-01
FACT.NS,Chemicals,21490,286.45001220703125,6155810.762329102,0.06461541313618777,2023-02-01
GESHIP.NS,Services,10058,629.7000122070312,6333522.72277832,0.06648079402377753,2023-02-01
GODFRYPHLP.NS,Fast Moving Consumer Goods,10339,606.683349609375,6272499.151611328,0.06584025073642852,2023-02-01
GRSE.NS,Capital Goods,13088,478.9500122070313,6268497.759765626,0.06579824951234735,2023-02-01
INDIANB.NS,Financial Services,21694,292.75,6350918.5,0.06666339147119787,2023-02-01
KARURVYSYA.NS,Financial Services,73759,87.08333587646484,6423179.77091217,0.06742189299991759,2023-02-01
MAZDOCK.NS,Capital Goods,16637,372.4249877929688,6196034.521911622,0.06503762800660264,2023-02-01
RAYMOND.NS,Textiles,4310,1379.800048828125,5946938.210449219,0.06242295031469876,2023-02-01
RVNL.NS,Construction,85216,72.6500015258789,6190942.530029297,0.06498417913173209,2023-02-01
TITAGARH.NS,Capital Goods,28988,217.0500030517578,6291845.4884643555,0.06604332253260525,2023-02-01
UCOBANK.NS,Financial Services,219813,28.64999961853028,6297642.366147997,0.06610417034955254,2023-02-01
UNIONBANK.NS,Financial Services,83817,73.94999694824219,6198266.894210815,0.06506106044531061,2023-02-01
APARINDS.NS,Capital Goods,2530,2368.5,5992305.0,0.0664864245932716,2023-03-01
BLS.NS,Consumer Services,37779,162.4499969482422,6137198.434707642,0.06809406079015239,2023-03-01
CIEINDIA.NS,Automobile and Auto Components,13759,426.0499877929688,5862021.782043458,0.06504089314144523,2023-03-01
DATAPATTNS.NS,Capital Goods,4481,1336.949951171875,5990872.731201172,0.0664705331405684,2023-03-01
FACT.NS,Chemicals,24982,232.75,5814560.5,0.06451429595560733,2023-03-01
GODFRYPHLP.NS,Fast Moving Consumer Goods,9919,602.4833374023438,5976032.223693848,0.06630587325037396,2023-03-01
GRSE.NS,Capital Goods,14187,436.7000122070313,6195463.073181153,0.06874052446186525,2023-03-01
KALYANKJIL.NS,Consumer Durables,51364,115.4000015258789,5927405.678375244,0.06576634711835021,2023-03-01
KARURVYSYA.NS,Financial Services,70031,84.29166412353516,5903029.5302352905,0.06549588642998715,2023-03-01
MAZDOCK.NS,Capital Goods,16254,369.7250061035156,6009510.249206543,0.06667732200319637,2023-03-01
RVNL.NS,Construction,102103,58.5,5973025.5,0.06627251274750506,2023-03-01
TITAGARH.NS,Capital Goods,28050,213.4499969482422,5987272.414398193,0.06643058654378585,2023-03-01
TRITURBINE.NS,Capital Goods,17831,344.8999938964844,6149911.791168213,0.06823511930029884,2023-03-01
UCOBANK.NS,Financial Services,225806,26.200000762939453,5916117.372276306,0.06564109997017721,2023-03-01
VBL.NS,Fast Moving Consumer Goods,22374,268.7799987792969,6013683.692687988,0.06672362761269444,2023-03-01
ACE.NS,Capital Goods,14620,412.3999938964844,6029287.910766602,0.06558694582346718,2023-04-03
AEGISLOG.NS,Oil Gas & Consumable Fuels,15882,375.9500122070313,5970838.093872071,0.06495112530356673,2023-04-03
APARINDS.NS,Capital Goods,2377,2599.5,6179011.5,0.0672156477665292,2023-04-03
BLS.NS,Consumer Services,36093,165.64999389648438,5978805.229705811,0.06503779227220867,2023-04-03
FINCABLES.NS,Capital Goods,7360,816.7000122070312,6010912.08984375,0.06538705257086987,2023-04-03
GRSE.NS,Capital Goods,13307,447.4500122070313,5954217.312438966,0.0647703234729807,2023-04-03
INDIANB.NS,Financial Services,20969,290.1499938964844,6084155.222015381,0.06618379563784194,2023-04-03
KARURVYSYA.NS,Financial Services,69655,83.20833587646484,5795876.635475159,0.063047884346607,2023-04-03
MAZDOCK.NS,Capital Goods,18225,328.54998779296875,5987823.5275268555,0.06513589384230496,2023-04-03
RVNL.NS,Construction,86572,75.3499984741211,6523200.067901611,0.07095975109848462,2023-04-03
SAFARI.NS,Consumer Durables,5841,1068.6500244140625,6241984.792602539,0.06790067491921711,2023-04-03
TITAGARH.NS,Capital Goods,22885,277.04998779296875,6340288.97064209,0.06897003350595621,2023-04-03
UCOBANK.NS,Financial Services,248363,26.0,6457438.0,0.07024438748531231,2023-04-03
UNIONBANK.NS,Financial Services,90448,67.75,6127852.0,0.066659131739344,2023-04-03
VBL.NS,Fast Moving Consumer Goods,21720,282.8900146484375,6144371.1181640625,0.06683882767095527,2023-04-03
APARINDS.NS,Capital Goods,2425,2842.449951171875,6892941.131591797,0.06598402218236901,2023-05-02
BANKINDIA.NS,Financial Services,81230,84.69999694824219,6880180.752105713,0.06586187096317374,2023-05-02
CIEINDIA.NS,Automobile and Auto Components,17075,396.8500061035156,6776213.854217529,0.06486662757352045,2023-05-02
FACT.NS,Chemicals,19969,350.45001220703125,6998136.293762207,0.06699102337121092,2023-05-02
FINCABLES.NS,Capital Goods,7615,908.6500244140624,6919369.935913085,0.06623701706181123,2023-05-02
INDIANB.NS,Financial Services,21020,329.1499938964844,6918732.871704102,0.06623091864052855,2023-05-02
IRCON.NS,Construction,91844,86.30000305175781,7926137.4802856445,0.07587449556513151,2023-05-02
J&KBANK.NS,Financial Services,116751,57.79999923706055,6748207.710926056,0.06459853330941631,2023-05-02
NCC.NS,Construction,56975,122.5999984741211,6985134.913063049,0.06686656512094054,2023-05-02
RVNL.NS,Construction,61229,118.3000030517578,7243390.886856078,0.06933877075539564,2023-05-02
SAFARI.NS,Consumer Durables,5597,1209.25,6768172.25,0.0647896477501125,2023-05-02
TITAGARH.NS,Capital Goods,20657,332.20001220703125,6862255.6521606445,0.06569027945095615,2023-05-02
UCOBANK.NS,Financial Services,224374,30.75,6899500.5,0.06604681301465475,2023-05-02
UNIONBANK.NS,Financial Services,89574,76.5,6852411.0,0.06559603959975992,2023-05-02
VBL.NS,Fast Moving Consumer Goods,23590,283.0199890136719,6676441.5408325195,0.06391153766140589,2023-05-02
ACE.NS,Capital Goods,14357,474.7999877929688,6816703.424743653,0.06707696841601282,2023-06-01
APARINDS.NS,Capital Goods,2429,2719.0,6604451.0,0.06498838566513752,2023-06-01
CGPOWER.NS,Capital Goods,17254,388.5499877929688,6704041.489379884,0.0659683649446264,2023-06-01
CIEINDIA.NS,Automobile and Auto Components,14996,461.4500122070313,6919904.383056642,0.06809247503115104,2023-06-01
FACT.NS,Chemicals,22585,302.04998779296875,6821798.974304199,0.06712710907721488,2023-06-01
JINDALSAW.NS,Capital Goods,55776,123.1750030517578,6870208.970214843,0.0676034677456778,2023-06-01
JSL.NS,Metals & Mining,22898,292.5,6697665.0,0.0659056197215928,2023-06-01
JWL.NS,Capital Goods,51613,127.4499969482422,6578076.692489625,0.06472886013180626,2023-06-01
KPITTECH.NS,Information Technology,6393,1100.300048828125,7034218.212158203,0.06921733328394312,2023-06-01
RKFORGE.NS,Automobile and Auto Components,17385,379.0499877929688,6589784.037780763,0.06484406145147618,2023-06-01
RVNL.NS,Construction,55118,118.4499969482422,6528726.931793214,0.06424325409420818,2023-06-01
SAFARI.NS,Consumer Durables,5044,1374.4000244140625,6932473.723144531,0.06821615845634234,2023-06-01
SCHNEIDER.NS,Capital Goods,27331,251.25,6866913.75,0.06757104248547467,2023-06-01
TITAGARH.NS,Capital Goods,19138,355.3500061035156,6800688.416809082,0.06691937931253061,2023-06-01
VBL.NS,Fast Moving Consumer Goods,20040,337.79998779296875,6769511.755371094,0.06661259818912105,2023-06-01
APARINDS.NS,Capital Goods,2198,3544.949951171875,7791799.992675781,0.06613444015751377,2023-07-03
CIEINDIA.NS,Automobile and Auto Components,14982,516.2000122070312,7733708.582885742,0.06564137785252183,2023-07-03
DATAPATTNS.NS,Capital Goods,4103,1890.5999755859373,7757131.699829101,0.06584018618015461,2023-07-03
FACT.NS,Chemicals,17689,470.0,8313830.0,0.07056527286783262,2023-07-03
JBMA.NS,Automobile and Auto Components,11484,696.1500244140625,7994586.880371094,0.06785563388702692,2023-07-03
JINDALSAW.NS,Capital Goods,60080,134.89999389648438,8104791.633300781,0.06879101847653807,2023-07-03
JSL.NS,Metals & Mining,23137,340.1000061035156,7868893.841217041,0.06678878941155739,2023-07-03
JWL.NS,Capital Goods,43957,181.3500061035156,7971602.218292235,0.0676605470315861,2023-07-03
MAZDOCK.NS,Capital Goods,12067,644.5499877929688,7777784.702697754,0.06601548261789349,2023-07-03
RKFORGE.NS,Automobile and Auto Components,17278,438.8500061035156,7582450.405456543,0.06435754422063586,2023-07-03
RVNL.NS,Construction,62842,121.8499984741211,7657297.604110718,0.06499282459038419,2023-07-03
SAFARI.NS,Consumer Durables,5159,1508.1500244140625,7780545.975952148,0.06603891946958027,2023-07-03
SCHNEIDER.NS,Capital Goods,29478,261.54998779296875,7709970.540161133,0.06543989653016975,2023-07-03
TITAGARH.NS,Capital Goods,15251,514.25,7842826.75,0.0665675398304857,2023-07-03
USHAMART.NS,Capital Goods,28520,272.5,7771700.0,0.06596383750292402,2023-07-03
ACE.NS,Capital Goods,12191,724.6500244140625,8834208.447631836,0.06673431679473252,2023-08-01
APARINDS.NS,Capital Goods,2339,3711.949951171875,8682250.935791016,0.06558641760323868,2023-08-01
FINCABLES.NS,Capital Goods,8401,1007.7000122070312,8465687.80255127,0.06395048238330901,2023-08-01
INOXWIND.NS,Capital Goods,167726,52.16249847412109,8749007.219070433,0.06609069990343748,2023-08-01
JAIBALAJI.NS,Metals & Mining,272813,32.95000076293945,8989188.558139801,0.06790504893817584,2023-08-01
JBMA.NS,Automobile and Auto Components,12614,700.5250244140625,8836422.657958984,0.06675104311654143,2023-08-01
JINDALSAW.NS,Capital Goods,53673,165.5,8882881.5,0.06710199692310603,2023-08-01
JWL.NS,Capital Goods,44883,204.0,9156132.0,0.0691661530429684,2023-08-01
MAZDOCK.NS,Capital Goods,9312,929.875,8658996.0,0.06541074795934038,2023-08-01
NCC.NS,Construction,55585,155.0500030517578,8618454.419631958,0.06510449362046238,2023-08-01
RKFORGE.NS,Automobile and Auto Components,15657,560.8499755859375,8781228.067749023,0.06633409876999792,2023-08-01
RVNL.NS,Construction,70641,125.0999984741211,8837188.992210388,0.06675683206673509,2023-08-01
SUZLON.NS,Capital Goods,454921,19.299999237060547,8779974.952922821,0.06632463264043037,2023-08-01
TITAGARH.NS,Capital Goods,13598,661.9500122070312,9001196.265991211,0.06799575612314716,2023-08-01
UJJIVANSFB.NS,Financial Services,180766,49.650001525878906,8975032.175827026,0.06779811049456448,2023-08-01
ACE.NS,Capital Goods,13917,760.6500244140625,10585966.389770508,0.06591553344161588,2023-09-01
APARINDS.NS,Capital Goods,2124,4957.39990234375,10529517.392578125,0.06556404302258567,2023-09-01
FACT.NS,Chemicals,22869,467.2000122070313,10684397.0791626,0.06652843085309598,2023-09-01
HBLENGINE.NS,Automobile and Auto Components,39569,274.29998779296875,10853776.21697998,0.06758310227486646,2023-09-01
IRCON.NS,Construction,92916,118.6999969482422,11029128.916442873,0.06867496921454361,2023-09-01
JAIBALAJI.NS,Metals & Mining,187568,56.77000045776367,10648235.445861816,0.0663032635645011,2023-09-01
JBMA.NS,Automobile and Auto Components,14104,750.7000122070312,10587872.972167969,0.06592740513959336,2023-09-01
JINDALSAW.NS,Capital Goods,59990,180.3500061035156,10819196.8661499,0.06736778736906512,2023-09-01
JWL.NS,Capital Goods,29537,360.5,10648088.5,0.06630234857813971,2023-09-01
KALYANKJIL.NS,Consumer Durables,41602,245.5,10213291.0,0.06359499923502487,2023-09-01
MAZDOCK.NS,Capital Goods,11388,943.5250244140624,10744862.978027342,0.06690493327450436,2023-09-01
RKFORGE.NS,Automobile and Auto Components,14632,713.0999755859375,10434078.842773438,0.06496977673742636,2023-09-01
RVNL.NS,Construction,80791,138.3000030517578,11173395.546554565,0.06957327283005722,2023-09-01
SUZLON.NS,Capital Goods,433737,25.0,10843425.0,0.06751864845328011,2023-09-01
TITAGARH.NS,Capital Goods,13011,814.7999877929688,10601362.641174316,0.06601140112973398,2023-09-01
APARINDS.NS,Capital Goods,2068,5496.10009765625,11365935.001953125,0.06622775411275403,2023-10-03
FACT.NS,Chemicals,21040,532.2000122070312,11197488.256835938,0.06524623788775381,2023-10-03
HBLENGINE.NS,Automobile and Auto Components,42088,281.1499938964844,11833040.943115234,0.06894951676673496,2023-10-03
IRCON.NS,Construction,78356,146.1999969482422,11455646.960876465,0.06675049346992327,2023-10-03
IRFC.NS,Financial Services,147842,76.5999984741211,11324696.97441101,0.06598746574688841,2023-10-03
JAIBALAJI.NS,Metals & Mining,129996,91.06999969482422,11838735.68032837,0.0689826992242999,2023-10-03
JBMA.NS,Automobile and Auto Components,16564,660.9749755859375,10948389.495605469,0.06379477335749491,2023-10-03
JINDALSAW.NS,Capital Goods,65325,182.5,11921812.5,0.06946677652939948,2023-10-03
JWL.NS,Capital Goods,34750,313.8999938964844,10908024.787902832,0.06355957370730299,2023-10-03
MAZDOCK.NS,Capital Goods,10353,1094.0250244140625,11326441.077758789,0.06599762839937974,2023-10-03
RECLTD.NS,Financial Services,39457,291.79998779296875,11513552.118347168,0.06708789893020183,2023-10-03
RKFORGE.NS,Automobile and Auto Components,17560,641.0,11255960.0,0.0655869447656436,2023-10-03
RVNL.NS,Construction,66501,172.5,11471422.5,0.06684241538623636,2023-10-03
SUZLON.NS,Capital Goods,437831,26.950000762939453,11799545.784038544,0.0687543450400871,2023-10-03
TITAGARH.NS,Capital Goods,14547,769.9500122070312,11200462.827575684,0.06526357030602904,2023-10-03
ACE.NS,Capital Goods,14144,843.4000244140625,11929049.9453125,0.06721936944457639,2023-11-01
ANANDRATHI.NS,Financial Services,24952,506.0874938964844,12627895.147705078,0.07115731371168507,2023-11-01
APARINDS.NS,Capital Goods,2295,5054.10009765625,11599159.724121094,0.06536046091824134,2023-11-01
BSE.NS,Financial Services,19024,598.2000122070312,11380157.032226562,0.06412639593206866,2023-11-01
FACT.NS,Chemicals,15366,744.6500244140625,11442292.275146484,0.06447652371831403,2023-11-01
IRCON.NS,Construction,85279,137.75,11747182.25,0.0661945575897104,2023-11-01
IRFC.NS,Financial Services,163252,72.94999694824219,11909232.901794434,0.067107701778195,2023-11-01
JAIBALAJI.NS,Metals & Mining,107097,111.4800033569336,11939173.919517517,0.06727641733736368,2023-11-01
JINDALSAW.NS,Capital Goods,53309,217.4250030517578,11590709.487686157,0.06531284442175435,2023-11-01
JWL.NS,Capital Goods,37819,306.0,11572614.0,0.06521087760313661,2023-11-01
KALYANKJIL.NS,Consumer Durables,41208,297.3500061035156,12253199.051513672,0.06904592718595191,2023-11-01
MAZDOCK.NS,Capital Goods,12072,960.2999877929688,11592741.452636719,0.0653242944033821,2023-11-01
RECLTD.NS,Financial Services,41215,282.8500061035156,11657663.001556396,0.06569012283077172,2023-11-01
SUZLON.NS,Capital Goods,387924,31.299999237060547,12142020.904037476,0.06841944603249654,2023-11-01
TITAGARH.NS,Capital Goods,15557,761.7000122070312,11849767.089904785,0.06677261605074336,2023-11-01
ANANDRATHI.NS,Financial Services,20187,649.25,13106409.75,0.06349961902542,2023-12-01
APARINDS.NS,Capital Goods,2416,5531.0,13362896.0,0.06474227658541722,2023-12-01
BSE.NS,Financial Services,16352,832.8833618164062,13619308.732421875,0.06598457795799989,2023-12-01
FACT.NS,Chemicals,19122,730.25,13963840.5,0.06765380976142078,2023-12-01
GMDCLTD.NS,Metals & Mining,32994,417.1499938964844,13763446.898620605,0.0666829170771963,2023-12-01
HBLENGINE.NS,Automobile and Auto Components,37436,383.7999877929688,14367936.34301758,0.06961162525558173,2023-12-01
JAIBALAJI.NS,Metals & Mining,113746,118.66000366210938,13497100.776550293,0.06539248914132599,2023-12-01
JINDALSAW.NS,Capital Goods,58875,235.3500061035156,13856231.60934448,0.06713245237288243,2023-12-01
JWL.NS,Capital Goods,38277,341.8500061035156,13084992.683624268,0.06339585486868737,2023-12-01
KALYANKJIL.NS,Consumer Durables,41941,334.8500061035156,14043944.105987549,0.06804190601049247,2023-12-01
PFC.NS,Financial Services,40078,365.1499938964844,14634481.4553833,0.07090301728521907,2023-12-01
RECLTD.NS,Financial Services,38396,374.0,14360104.0,0.06957367811313926,2023-12-01
RKFORGE.NS,Automobile and Auto Components,16854,795.5999755859375,13409041.98852539,0.06496585060353562,2023-12-01
SUZLON.NS,Capital Goods,340670,39.400001525878906,13422398.519821167,0.06503056204358372,2023-12-01
TITAGARH.NS,Capital Goods,13919,979.75,13637140.25,0.06607097038693002,2023-12-01
ANANDRATHI.NS,Financial Services,22324,644.6500244140625,14391167.145019531,0.06693270146360895,2024-01-02
BSE.NS,Financial Services,19471,745.316650390625,14512060.49975586,0.06749497127396976,2024-01-02
CHENNPETRO.NS,Oil Gas & Consumable Fuels,19614,708.2000122070312,13890635.039428711,0.06460474809757108,2024-01-02
GMDCLTD.NS,Metals & Mining,33000,433.6000061035156,14308800.201416016,0.06654961633985707,2024-01-02
HBLENGINE.NS,Automobile and Auto Components,32770,452.4500122070313,14826786.900024416,0.06895875026976733,2024-01-02
HSCL.NS,Chemicals,43203,334.79998779296875,14464363.872619629,0.06727313630584245,2024-01-02
INOXWIND.NS,Capital Goods,109706,131.91250610351562,14471593.394592285,0.06730676050261844,2024-01-02
IRFC.NS,Financial Services,142292,100.0,14229200.0,0.06617939921541312,2024-01-02
JAIBALAJI.NS,Metals & Mining,92719,154.0,14278726.0,0.06640974251830735,2024-01-02
KALYANKJIL.NS,Consumer Durables,39672,362.7000122070313,14389034.884277346,0.06692278441030389,2024-01-02
NLCINDIA.NS,Power,57245,239.8500061035156,13730213.59939575,0.0638586348570057,2024-01-02
PFC.NS,Financial Services,36383,389.6499938964844,14176635.727935791,0.06593492503939444,2024-01-02
RECLTD.NS,Financial Services,33735,419.7000122070313,14158579.911804201,0.06585094821259234,2024-01-02
SUZLON.NS,Capital Goods,371357,38.25,14204405.25,0.06606407989607707,2024-01-02
TITAGARH.NS,Capital Goods,13752,1029.4000244140625,14156309.135742188,0.06584038693047269,2024-01-02
BSE.NS,Financial Services,21597,831.1500244140625,17950347.077270508,0.07173720629452947,2024-02-01
CHENNPETRO.NS,Oil Gas & Consumable Fuels,19702,885.6500244140625,17449076.78100586,0.06973391741673442,2024-02-01
COCHINSHIP.NS,Capital Goods,18282,911.5499877929688,16664956.876831055,0.06660024144471595,2024-02-01
HBLENGINE.NS,Automobile and Auto Components,31116,530.0499877929688,16493035.420166016,0.06591317032847815,2024-02-01
HSCL.NS,Chemicals,44741,370.6000061035156,16581014.873077393,0.06626477356690105,2024-02-01
IFCI.NS,Financial Services,268556,62.09999847412109,16677327.190216063,0.06664967846782242,2024-02-01
INOXWIND.NS,Capital Goods,140941,119.5749969482422,16853019.644882206,0.06735182009274603,2024-02-01
IRCON.NS,Construction,70345,228.6000061035156,16080867.429351805,0.06426597208446867,2024-02-01
IRFC.NS,Financial Services,93696,169.89999389648438,15918949.828125,0.06361888062089298,2024-02-01
JAIBALAJI.NS,Metals & Mining,75714,216.0500030517578,16358009.931060791,0.06537355115982005,2024-02-01
PFC.NS,Financial Services,37730,445.75,16818147.5,0.06721245619963695,2024-02-01
RECLTD.NS,Financial Services,33499,494.25,16556880.75,0.0661683233668861,2024-02-01
RVNL.NS,Construction,54055,297.54998779296875,16084064.590148926,0.06427874929611102,2024-02-01
SJVN.NS,Power,127429,127.5500030517578,16253569.338882444,0.06495616222163579,2024-02-01
SUZLON.NS,Capital Goods,356561,48.20000076293945,17186240.472034454,0.06868351196010403,2024-02-01
ANANDRATHI.NS,Financial Services,17472,927.4749755859376,16204842.773437502,0.06781184056237231,2024-03-01
BSE.NS,Financial Services,20452,778.816650390625,15928358.133789062,0.06665484493063945,2024-03-01
CHENNPETRO.NS,Oil Gas & Consumable Fuels,18053,894.7000122070312,16152019.320373535,0.06759079210005713,2024-03-01
HBLENGINE.NS,Automobile and Auto Components,30715,525.7999877929688,16149946.625061035,0.06758211856424869,2024-03-01
HUDCO.NS,Financial Services,83761,194.3999938964844,16283137.88876343,0.06813947940167023,2024-03-01
IFCI.NS,Financial Services,343780,45.5,15641990.0,0.06545649018557033,2024-03-01
INOXWIND.NS,Capital Goods,105943,146.25,15494163.75,0.06483788683124682,2024-03-01
IRCON.NS,Construction,70189,227.5,15967997.5,0.06682072240437191,2024-03-01
IRFC.NS,Financial Services,109173,147.39999389648438,16092099.533660889,0.06734004785774027,2024-03-01
JAIBALAJI.NS,Metals & Mining,62384,249.9499969482422,15592880.60961914,0.0652509838318721,2024-03-01
MRPL.NS,Oil Gas & Consumable Fuels,70128,229.1499938964844,16069830.771972658,0.06724686054711736,2024-03-01
NBCC.NS,Construction,175881,88.63333129882812,15588918.94216919,0.06523440558022021,2024-03-01
RAILTEL.NS,Telecommunication,33546,446.5499877929688,14979965.890502932,0.0626861409764284,2024-03-01
SJVN.NS,Power,129139,121.1999969482422,15651646.40589905,0.06549689901065965,2024-03-01
SUZLON.NS,Capital Goods,354335,44.29999923706055,15697040.229663849,0.06568685696228511,2024-03-01
ACE.NS,Capital Goods,10347,1606.4000244140625,16621421.052612305,0.07253302856812191,2024-04-01
ANANDRATHI.NS,Financial Services,15899,905.125,14390582.375,0.06279803148081248,2024-04-01
BSE.NS,Financial Services,17480,903.2999877929688,15789683.786621094,0.06890346989895924,2024-04-01
HBLENGINE.NS,Automobile and Auto Components,32822,458.6499938964844,15053810.09967041,0.0656922434346772,2024-04-01
HUDCO.NS,Financial Services,79242,200.8999938964844,15919717.316345217,0.06947091390368296,2024-04-01
IFCI.NS,Financial Services,370683,41.59999847412109,15420412.234382628,0.06729203222686574,2024-04-01
INOXWIND.NS,Capital Goods,113534,131.1750030517578,14892822.796478271,0.06498972247545362,2024-04-01
IRFC.NS,Financial Services,102627,144.8000030517578,14860389.913192749,0.064848190939585,2024-04-01
JAIBALAJI.NS,Metals & Mining,79857,189.42999267578125,15127310.925109863,0.0660129884211922,2024-04-01
KALYANKJIL.NS,Consumer Durables,34025,425.8999938964844,14491247.29232788,0.06323731590187605,2024-04-01
MRPL.NS,Oil Gas & Consumable Fuels,68043,228.75,15564836.25,0.06792227384204047,2024-04-01
NBCC.NS,Construction,176961,83.19999694824219,14723154.659957886,0.06424931984956628,2024-04-01
RECLTD.NS,Financial Services,32895,460.5499877929688,15149791.848449709,0.06611109131201516,2024-04-01
SCHNEIDER.NS,Capital Goods,19252,778.0999755859375,14979980.729980469,0.06537006473744449,2024-04-01
SJVN.NS,Power,121446,125.4000015258789,15229328.58531189,0.06645817597997339,2024-04-01
ANANDRATHI.NS,Financial Services,16484,998.6875,16462364.75,0.06507151975628843,2024-05-02
BHEL.NS,Capital Goods,58649,292.70001220703125,17166563.015930176,0.06785503549474389,2024-05-02
BSE.NS,Financial Services,17343,952.9166870117188,16526434.102844238,0.06532476953070959,2024-05-02
COCHINSHIP.NS,Capital Goods,12647,1325.6500244140625,16765495.858764648,0.06626971954303076,2024-05-02
HBLENGINE.NS,Automobile and Auto Components,32286,540.7000122070312,17457040.59411621,0.06900321910959736,2024-05-02
HINDCOPPER.NS,Metals & Mining,43014,391.4500122070313,16837830.825073246,0.06655564117462505,2024-05-02
HUDCO.NS,Financial Services,73548,222.0,16327656.0,0.06453905050171369,2024-05-02
IFCI.NS,Financial Services,337813,50.04999923706055,16907540.392269135,0.06683118527462985,2024-05-02
INOXWIND.NS,Capital Goods,105135,156.8874969482422,16494366.991653442,0.06519801643714938,2024-05-02
IRFC.NS,Financial Services,104820,158.89999389648438,16655897.360229492,0.06583650469382812,2024-05-02
JAIBALAJI.NS,Metals & Mining,80823,201.009994506836,16246230.786026005,0.06421719744474211,2024-05-02
MRPL.NS,Oil Gas & Consumable Fuels,66044,254.0500030517578,16778478.401550293,0.06632103621607209,2024-05-02
RECLTD.NS,Financial Services,32365,553.9000244140625,17926974.290161133,0.07086074688587464,2024-05-02
SCHNEIDER.NS,Capital Goods,20496,828.75,16986060.0,0.0671415532128518,2024-05-02
SOBHA.NS,Realty,9275,1843.0999755859373,17094752.273559567,0.06757118598637464,2024-05-02
ANANDRATHI.NS,Financial Services,16961,1023.2125244140624,17354707.62658691,0.06571394992085189,2024-06-03
BHEL.NS,Capital Goods,56848,311.45001220703125,17705310.293945312,0.0670415139813153,2024-06-03
COCHINSHIP.NS,Capital Goods,8662,2013.0,17436606.0,0.06602405976106736,2024-06-03
HAL.NS,Capital Goods,3341,5273.64990234375,17619264.32373047,0.06671569918228482,2024-06-03
HINDCOPPER.NS,Metals & Mining,48640,370.5,18021120.0,0.06823733379313418,2024-06-03
HUDCO.NS,Financial Services,60739,287.1000061035156,17438167.270721436,0.06602997154409528,2024-06-03
IFCI.NS,Financial Services,288752,60.900001525878906,17584997.240600586,0.06658594618193572,2024-06-03
INOXWIND.NS,Capital Goods,115868,153.35000610351562,17768358.50720215,0.06728024731049059,2024-06-03
IRFC.NS,Financial Services,90957,188.9499969482422,17186324.872421265,0.06507636523127608,2024-06-03
JWL.NS,Capital Goods,27353,647.2000122070312,17702861.933898926,0.06703224321669407,2024-06-03
NBCC.NS,Construction,176045,100.43333435058594,17680786.3457489,0.06694865355760113,2024-06-03
RVNL.NS,Construction,42803,404.5499877929688,17315953.127502445,0.06556720522962224,2024-06-03
SCHNEIDER.NS,Capital Goods,25276,719.7000122070312,18191137.508544922,0.06888110851308814,2024-06-03
SJVN.NS,Power,118898,143.14999389648438,17020247.9743042,0.06444751171206403,2024-06-03
SOBHA.NS,Realty,9164,1937.0,17750668.0,0.06721326184871447,2024-06-03
ANANDRATHI.NS,Financial Services,18029,980.1749877929688,17671574.854919434,0.06635049789256443,2024-07-01
BHEL.NS,Capital Goods,58479,302.3999938964844,17684049.24307251,0.066397334797122,2024-07-01
COCHINSHIP.NS,Capital Goods,7765,2266.050048828125,17595878.62915039,0.06606628540388712,2024-07-01
GRSE.NS,Capital Goods,8299,2306.5,19141643.5,0.07187008442280454,2024-07-01
HUDCO.NS,Financial Services,62761,281.25,17651531.25,0.06627524126281385,2024-07-01
IFCI.NS,Financial Services,285726,60.93000030517578,17409285.267196655,0.06536569348886426,2024-07-01
IRFC.NS,Financial Services,101604,171.75999450683594,17451502.48187256,0.06552420416130746,2024-07-01
JWL.NS,Capital Goods,25491,691.9500122070312,17638497.761169434,0.06622630513344877,2024-07-01
MAZDOCK.NS,Capital Goods,8247,2196.949951171875,18118246.247314453,0.06802759059783196,2024-07-01
NBCC.NS,Construction,168727,104.4000015258789,17615099.05745697,0.06613845129732446,2024-07-01
POWERINDIA.NS,Capital Goods,1355,13012.150390625,17631463.779296875,0.06619989502550744,2024-07-01
RVNL.NS,Construction,42345,415.0,17573175.0,0.06598104132629563,2024-07-01
SCHNEIDER.NS,Capital Goods,20113,904.6500244140624,18195225.941040035,0.06831662205361574,2024-07-01
SOBHA.NS,Realty,9009,1908.699951171875,17195477.860107422,0.06456292248345273,2024-07-01
TITAGARH.NS,Capital Goods,9529,1825.550048828125,17395666.415283203,0.06531455952867106,2024-07-01
COCHINSHIP.NS,Capital Goods,7237,2580.300048828125,18673631.45336914,0.06660843985372628,2024-08-01
DIXON.NS,Consumer Durables,1571,11670.5498046875,18334433.743164062,0.0653985289515466,2024-08-01
GRSE.NS,Capital Goods,7831,2350.300048828125,18405199.682373047,0.06565094952744073,2024-08-01
HUDCO.NS,Financial Services,60859,306.04998779296875,18625896.207092285,0.06643816926182376,2024-08-01
IFCI.NS,Financial Services,216864,83.77999877929688,18168865.655273438,0.06480795115999607,2024-08-01
INOXWIND.NS,Capital Goods,103968,178.02000427246094,18508383.80419922,0.06601900506016777,2024-08-01
KALYANKJIL.NS,Consumer Durables,32787,564.7000122070312,18514819.300231934,0.06604196033544427,2024-08-01
MAZDOCK.NS,Capital Goods,7277,2553.824951171875,18584184.169677734,0.06628938332577047,2024-08-01
NBCC.NS,Construction,157395,119.66000366210938,18833886.276397705,0.06718006534433442,2024-08-01
OIL.NS,Oil Gas & Consumable Fuels,32860,599.0499877929688,19684782.598876953,0.07021519413859956,2024-08-01
RECLTD.NS,Financial Services,29954,625.2000122070312,18727241.165649414,0.06679966453891475,2024-08-01
RVNL.NS,Construction,31674,595.5,18861867.0,0.06727987198075547,2024-08-01
SUZLON.NS,Capital Goods,274143,67.9800033569336,18636242.060279846,0.06647507269656809,2024-08-01
TORNTPOWER.NS,Power,10279,1827.300048828125,18782817.201904297,0.06699790305922806,2024-08-01
TRENT.NS,Consumer Services,3252,5770.7998046875,18766640.96484375,0.06694020277120441,2024-08-01
COCHINSHIP.NS,Capital Goods,10059,1851.3499755859373,18622729.40441894,0.06630812299169622,2024-09-02
DIXON.NS,Consumer Durables,1437,12614.4501953125,18126964.930664062,0.06454290313660604,2024-09-02
GODFRYPHLP.NS,Fast Moving Consumer Goods,8666,2225.566650390625,19286760.592285156,0.0686724736042819,2024-09-02
HUDCO.NS,Financial Services,67587,274.5,18552631.5,0.06605853227023258,2024-09-02
IFCI.NS,Financial Services,252315,73.0,18418995.0,0.06558270591386199,2024-09-02
INDUSTOWER.NS,Telecommunication,41132,438.9500122070313,18054891.902099613,0.06428627978464446,2024-09-02
INOXWIND.NS,Capital Goods,85230,220.6300048828125,18804295.31616211,0.06695460689561358,2024-09-02
KALYANKJIL.NS,Consumer Durables,30644,639.8499755859375,19607562.65185547,0.06981472198044797,2024-09-02
OIL.NS,Oil Gas & Consumable Fuels,26085,726.25,18944231.25,0.06745286302715997,2024-09-02
PCBL.NS,Chemicals,38508,487.8999938964844,18788052.96496582,0.06689677435144623,2024-09-02
POWERINDIA.NS,Capital Goods,1561,11879.7001953125,18544212.004882812,0.06602855380114597,2024-09-02
PRESTIGE.NS,Realty,10572,1785.5999755859375,18877362.94189453,0.06721477161199652,2024-09-02
RVNL.NS,Construction,30992,601.2000122070312,18632390.778320312,0.06634252329656071,2024-09-02
SUZLON.NS,Capital Goods,249488,73.80999755859375,18414708.670898438,0.06556744400294244,2024-09-02
TRENT.NS,Consumer Services,2635,7148.2001953125,18835507.514648438,0.06706574110430706,2024-09-02
ABREL.NS,Forest Materials,6652,2890.800048828125,19229601.924804688,0.06739975116616234,2024-10-01
COCHINSHIP.NS,Capital Goods,10925,1705.5,18632587.5,0.0653072157183775,2024-10-01
DIXON.NS,Consumer Durables,1368,14195.7998046875,19419854.1328125,0.06806658511980747,2024-10-01
GODFRYPHLP.NS,Fast Moving Consumer Goods,8238,2273.10009765625,18725798.604492188,0.06563392062226803,2024-10-01
HSCL.NS,Chemicals,28556,667.5999755859375,19063984.90283203,0.06681926353498371,2024-10-01
IFCI.NS,Financial Services,287291,65.0999984741211,18702643.661628723,0.06555276255184271,2024-10-01
INOXWIND.NS,Capital Goods,79518,239.2700042724609,19026272.199737545,0.0666870805176591,2024-10-01
JUBLPHARMA.NS,Healthcare,16549,1170.300048828125,19367295.50805664,0.06788236714982385,2024-10-01
KALYANKJIL.NS,Consumer Durables,25935,750.1500244140625,19455140.88317871,0.06819026517327115,2024-10-01
MCX.NS,Financial Services,16632,1165.719970703125,19388254.552734375,0.06795582859751703,2024-10-01
PCBL.NS,Chemicals,32893,571.2000122070312,18788482.00152588,0.06585362591720036,2024-10-01
POWERINDIA.NS,Capital Goods,1298,14278.900390625,18534012.70703125,0.06496171108737525,2024-10-01
RVNL.NS,Construction,35742,524.7000122070312,18753827.83630371,0.06573216307454878,2024-10-01
SUZLON.NS,Capital Goods,236130,79.73999786376953,18829005.6955719,0.06599566145728673,2024-10-01
TRENT.NS,Consumer Services,2494,7612.7001953125,18986074.287109375,0.06654618684138165,2024-10-01
ABREL.NS,Forest Materials,6405,2768.050048828125,17729360.56274414,0.06656862616356284,2024-11-01
BSE.NS,Financial Services,11827,1487.88330078125,17597195.798339844,0.06607238566112121,2024-11-01
CDSL.NS,Financial Services,11335,1558.0,17659930.0,0.06630793446183543,2024-11-01
DIXON.NS,Consumer Durables,1249,14129.75,17648057.75,0.06626335759347217,2024-11-01
GODFRYPHLP.NS,Fast Moving Consumer Goods,7914,2233.35009765625,17674732.672851562,0.0663635142212853,2024-11-01
INOXWIND.NS,Capital Goods,78798,222.9600067138672,17568802.609039307,0.06596577743927082,2024-11-01
JUBLPHARMA.NS,Healthcare,14308,1262.5999755859375,18065280.450683594,0.06782990828155064,2024-11-01
KAYNES.NS,Capital Goods,3224,5512.35009765625,17771816.71484375,0.06672803674734899,2024-11-01
MCX.NS,Financial Services,13510,1297.8699951171875,17534223.634033203,0.06583594337942673,2024-11-01
NUVAMA.NS,Financial Services,12532,1418.68994140625,17779022.345703125,0.06675509180921954,2024-11-01
OFSS.NS,Information Technology,1623,10822.349609375,17564673.416015625,0.06595027351256247,2024-11-01
POWERINDIA.NS,Capital Goods,1280,13923.75,17822400.0,0.06691796236749613,2024-11-01
PPLPHARMA.NS,Healthcare,64766,281.95001220703125,18260774.490600586,0.0685639319150812,2024-11-01
RVNL.NS,Construction,37519,470.9500122070313,17669573.50799561,0.06634414304794846,2024-11-01
TRENT.NS,Consumer Services,2470,7149.0,17658030.0,0.06630080051082445,2024-11-01
DEEPAKFERT.NS,Chemicals,12606,1368.25,17248159.5,0.06525190898157573,2024-12-02
DIXON.NS,Consumer Durables,1079,16763.900390625,18088248.521484375,0.06843006908418375,2024-12-02
ETERNAL.NS,Consumer Services,61356,282.5,17333070.0,0.06557313584740916,2024-12-02
FSL.NS,Services,47257,365.8999938964844,17291336.011566162,0.06541525103571531,2024-12-02
GODFRYPHLP.NS,Fast Moving Consumer Goods,9146,1919.050048828125,17551631.74658203,0.06639998181870395,2024-12-02
INOXWIND.NS,Capital Goods,91548,200.9499969482422,18396570.320617676,0.06959648837512791,2024-12-02
JUBLPHARMA.NS,Healthcare,14119,1202.25,16974567.75,0.06421687773843875,2024-12-02
KALYANKJIL.NS,Consumer Durables,23939,722.0999755859375,17286351.315551758,0.06539639331755515,2024-12-02
KAYNES.NS,Capital Goods,2875,6319.0498046875,18167268.188476562,0.06872901020415245,2024-12-02
KFINTECH.NS,Financial Services,14785,1174.949951171875,17371635.028076172,0.06571903209227507,2024-12-02
MCX.NS,Financial Services,13892,1264.5999755859375,17567822.860839844,0.06646123479551351,2024-12-02
OFSS.NS,Information Technology,1478,12266.5,18129887.0,0.0685875925701089,2024-12-02
POLICYBZR.NS,Financial Services,9159,1945.0999755859373,17815170.676391598,0.06739698200652317,2024-12-02
PPLPHARMA.NS,Healthcare,63753,273.45001220703125,17433258.628234863,0.06595216175162638,2024-12-02
TRENT.NS,Consumer Services,2552,6805.2998046875,17367125.1015625,0.06570197048553474,2024-12-02
AMBER.NS,Consumer Durables,2371,7544.39990234375,17887772.16845703,0.06511469327500038,2025-01-02
BLUESTARCO.NS,Consumer Durables,8015,2292.699951171875,18375990.108642578,0.06689189398658998,2025-01-02
BSE.NS,Financial Services,9977,1822.066650390625,18178758.970947266,0.06617393733361136,2025-01-02
DIXON.NS,Consumer Durables,1002,18341.900390625,18378584.19140625,0.06690133691228782,2025-01-02
ETERNAL.NS,Consumer Services,65184,284.6000061035156,18551366.797851562,0.06753029653431279,2025-01-02
FSL.NS,Services,47174,394.5,18610143.0,0.06774425243327677,2025-01-02
HSCL.NS,Chemicals,31125,587.5,18285937.5,0.06656408636833805,2025-01-02
JUBLPHARMA.NS,Healthcare,16681,1084.9000244140625,18097217.307250977,0.06587711107874213,2025-01-02
KALYANKJIL.NS,Consumer Durables,23280,787.9000244140625,18342312.568359375,0.06676930171041687,2025-01-02
KAYNES.NS,Capital Goods,2365,7483.60009765625,17698714.23095703,0.06442648853404194,2025-01-02
KFINTECH.NS,Financial Services,11649,1492.550048828125,17386715.518798828,0.06329075736232002,2025-01-02
LLOYDSME.NS,Metals & Mining,14251,1340.75,19107028.25,0.06955300370436436,2025-01-02
OFSS.NS,Information Technology,1427,12648.349609375,18049194.892578125,0.0657023008915204,2025-01-02
POLICYBZR.NS,Financial Services,8500,2203.25,18727625.0,0.06817190794695907,2025-01-02
TRENT.NS,Consumer Services,2551,7321.0,18675871.0,0.06798351412105286,2025-01-02
AMBER.NS,Consumer Durables,2265,6528.39990234375,14786825.778808594,0.06747312542960203,2025-02-03
BLUESTARCO.NS,Consumer Durables,7361,2048.35009765625,15077905.068847656,0.0688013367536924,2025-02-03
BSE.NS,Financial Services,8285,1805.13330078125,14955529.396972656,0.06824292961605052,2025-02-03
DEEPAKFERT.NS,Chemicals,13064,1135.449951171875,14833518.162109375,0.06768618542518104,2025-02-03
DIXON.NS,Consumer Durables,1009,14486.150390625,14616525.744140625,0.06669603670402273,2025-02-03
FSL.NS,Services,44209,331.3999938964844,14650862.330169678,0.06685271649525168,2025-02-03
INDHOTEL.NS,Consumer Services,17312,816.2000122070312,14130054.611328125,0.06447624130958594,2025-02-03
KFINTECH.NS,Financial Services,13538,1060.199951171875,14352986.938964844,0.06549349417574891,2025-02-03
LLOYDSME.NS,Metals & Mining,12249,1157.5999755859375,14179442.100952148,0.06470159922831051,2025-02-03
MCX.NS,Financial Services,12915,1136.22998046875,14674410.197753906,0.0669601667517758,2025-02-03
POLICYBZR.NS,Financial Services,8855,1672.1500244140625,14806888.466186523,0.06756467261100224,2025-02-03
POLYMED.NS,Healthcare,6107,2283.050048828125,13942586.64819336,0.06362081435184416,2025-02-03
TRENT.NS,Consumer Services,2371,6135.10009765625,14546322.331542969,0.06637569454711599,2025-02-03
VIJAYA.NS,Healthcare,13681,1068.6500244140625,14620200.984008789,0.06671280703217279,2025-02-03
ZENSARTECH.NS,Information Technology,15547,891.5999755859375,13861704.82043457,0.06325174598037762,2025-02-03
AMBER.NS,Consumer Durables,2284,5657.0,12920588.0,0.0667448070189539,2025-03-03
BAJAJHLDNG.NS,Financial Services,1109,11346.75,12583545.75,0.06500372372355867,2025-03-03
BLUESTARCO.NS,Consumer Durables,6637,2032.5,13489702.5,0.06968472256104753,2025-03-03
BSE.NS,Financial Services,8359,1453.1500244140625,12146881.054077148,0.06274801362264369,2025-03-03
CHAMBLFERT.NS,Chemicals,23924,545.3499755859375,13046952.815917969,0.06739757880089065,2025-03-03
CHOLAHLDNG.NS,Financial Services,7715,1580.3499755859375,12192400.061645508,0.06298315442086777,2025-03-03
DIVISLAB.NS,Healthcare,2346,5540.25,12997426.5,0.06714173716285493,2025-03-03
DIXON.NS,Consumer Durables,922,14051.75,12955713.5,0.06692625733057626,2025-03-03
FORTIS.NS,Healthcare,21361,629.0999755859375,13438204.578491211,0.06941869605877214,2025-03-03
FSL.NS,Services,37545,352.1000061035156,13219594.729156494,0.06828940749959138,2025-03-03
GODREJIND.NS,Diversified,11772,1103.449951171875,12989812.825195312,0.06710240665749836,2025-03-03
LAURUSLABS.NS,Healthcare,24357,528.7999877929688,12879981.30267334,0.0665350420936467,2025-03-03
LLOYDSME.NS,Metals & Mining,12480,983.0999755859376,12269087.695312502,0.06337930522374484,2025-03-03
MUTHOOTFIN.NS,Financial Services,6030,2146.300048828125,12942189.294433594,0.06685639437305341,2025-03-03
PAYTM.NS,Financial Services,18370,726.4500122070312,13344886.724243164,0.06893663733410661,2025-03-03
AEGISLOG.NS,Oil Gas & Consumable Fuels,17681,781.7999877929688,13823005.58416748,0.06553522391256185,2025-04-01
AMBER.NS,Consumer Durables,1982,6879.5498046875,13635267.712890625,0.06464515385101977,2025-04-01
ASTRAZEN.NS,Healthcare,1654,8492.650390625,14046843.74609375,0.06659644637772645,2025-04-01
AVANTIFEED.NS,Fast Moving Consumer Goods,15641,873.7999877929688,13667105.609069824,0.06479609813316622,2025-04-01
BSE.NS,Financial Services,7702,1822.0,14033044.0,0.06653102142765437,2025-04-01
CHAMBLFERT.NS,Chemicals,22826,621.4000244140625,14184076.95727539,0.06724707255075858,2025-04-01
COROMANDEL.NS,Chemicals,7160,2049.050048828125,14671198.349609375,0.06955652756217601,2025-04-01
DEEPAKFERT.NS,Chemicals,12779,1101.949951171875,14081818.42602539,0.06676226223207404,2025-04-01
DOMS.NS,Fast Moving Consumer Goods,4946,2742.14990234375,13562673.416992188,0.06430098243276265,2025-04-01
FORTIS.NS,Healthcare,20339,688.6500244140625,14006452.846557617,0.06640495208735576,2025-04-01
LLOYDSME.NS,Metals & Mining,11332,1276.8499755859375,14469263.923339844,0.06859915126939738,2025-04-01
MAZDOCK.NS,Capital Goods,5403,2578.550048828125,13931905.91381836,0.06605152316776843,2025-04-01
MUTHOOTFIN.NS,Financial Services,5973,2338.800048828125,13969652.69165039,0.0662304816093416,2025-04-01
PAYTM.NS,Financial Services,18248,801.0999755859375,14618472.354492188,0.06930655226736926,2025-04-01
WELCORP.NS,Capital Goods,16531,848.2000122070312,14021594.401794434,0.06647673858898069,2025-04-01
ASTRAZEN.NS,Healthcare,1684,8390.0,14128760.0,0.06556169104270983,2025-05-02
AVANTIFEED.NS,Fast Moving Consumer Goods,16597,882.75,14651001.75,0.06798504965755671,2025-05-02
BDL.NS,Capital Goods,9551,1484.0,14173684.0,0.06577015189903428,2025-05-02
BSE.NS,Financial Services,6842,2105.666748046875,14406971.890136719,0.06685267779494795,2025-05-02
CHAMBLFERT.NS,Chemicals,20934,693.4000244140625,14515636.111083984,0.06735691242566864,2025-05-02
COROMANDEL.NS,Chemicals,6464,2248.5,14534304.0,0.06744353703855269,2025-05-02
DEEPAKFERT.NS,Chemicals,11334,1268.199951171875,14373778.246582031,0.06669864931663037,2025-05-02
DIXON.NS,Consumer Durables,881,16409.0,14456329.0,0.06708170961285818,2025-05-02
GODFRYPHLP.NS,Fast Moving Consumer Goods,5307,2798.333251953125,14850754.568115234,0.06891196274449297,2025-05-02
GRSE.NS,Capital Goods,7567,1881.0,14233527.0,0.06604784139740985,2025-05-02
KFINTECH.NS,Financial Services,12190,1133.300048828125,13814927.595214844,0.06410541440118467,2025-05-02
KIMS.NS,Healthcare,22082,662.4500122070312,14628221.169555664,0.06787934092042301,2025-05-02
LLOYDSME.NS,Metals & Mining,11990,1197.199951171875,14354427.414550781,0.06660885564251798,2025-05-02
MAZDOCK.NS,Capital Goods,4717,3006.800048828125,14183075.830322266,0.06581373281327686,2025-05-02
PAYTM.NS,Financial Services,16752,831.3499755859375,13926774.791015625,0.06462441899147314,2025-05-02
AVANTIFEED.NS,Fast Moving Consumer Goods,18537,824.5499877929688,15284683.123718262,0.06544091528680933,2025-06-02
BAJAJHLDNG.NS,Financial Services,1167,13418.0,15658806.0,0.06704271123216451,2025-06-02
BSE.NS,Financial Services,5850,2693.300048828125,15755805.285644531,0.06745801078292162,2025-06-02
CEATLTD.NS,Automobile and Auto Components,4141,3740.60009765625,15489825.004394531,0.06631922413537686,2025-06-02
CHOLAHLDNG.NS,Financial Services,8366,1880.800048828125,15734773.208496094,0.06736796257139928,2025-06-02
COROMANDEL.NS,Chemicals,6830,2283.39990234375,15595621.333007812,0.06677218796343906,2025-06-02
DEEPAKFERT.NS,Chemicals,10534,1480.199951171875,15592426.285644531,0.06675850846337057,2025-06-02
GODFRYPHLP.NS,Fast Moving Consumer Goods,5403,2792.333251953125,15086976.560302734,0.06459444052750962,2025-06-02
GRSE.NS,Capital Goods,5246,2966.0,15559636.0,0.06661811783258516,2025-06-02
KIMS.NS,Healthcare,22941,664.0999755859375,15235117.539916992,0.06522870171689589,2025-06-02
LLOYDSME.NS,Metals & Mining,11404,1353.5,15435314.0,0.0660858368945746,2025-06-02
MAZDOCK.NS,Capital Goods,4535,3384.5,15348707.5,0.06571503374583335,2025-06-02
MFSL.NS,Financial Services,10473,1522.300048828125,15943048.411376953,0.06825968664560786,2025-06-02
POWERINDIA.NS,Capital Goods,816,19221.0,15684336.0,0.06715201716633071,2025-06-02
SOLARINDS.NS,Chemicals,974,16294.0,15870356.0,0.06794845625264465,2025-06-02
BAJAJHLDNG.NS,Financial Services,1136,14341.0,16291376.0,0.0665498093969484,2025-07-01
BSE.NS,Financial Services,5918,2775.10009765625,16423042.377929688,0.0670876628204534,2025-07-01
CHOLAHLDNG.NS,Financial Services,7522,2112.0,15886464.0,0.06489575534881047,2025-07-01
DEEPAKFERT.NS,Chemicals,9559,1743.5,16666116.5,0.06808061372239747,2025-07-01
GODFRYPHLP.NS,Fast Moving Consumer Goods,5462,2954.666748046875,16138389.777832031,0.06592486501375834,2025-07-01
GRSE.NS,Capital Goods,5427,2983.199951171875,16189826.135009766,0.06613498107554781,2025-07-01
JMFINANCIL.NS,Financial Services,103193,158.7100067138672,16377761.722824097,0.06690269262722688,2025-07-01
LAURUSLABS.NS,Healthcare,22524,746.0499877929688,16804029.925048828,0.06864398615639444,2025-07-01
LLOYDSME.NS,Metals & Mining,10289,1580.4000244140625,16260735.851196289,0.06642464525717402,2025-07-01
MCX.NS,Financial Services,9158,1812.0999755859373,16595211.576416014,0.06779096911841685,2025-07-01
MFSL.NS,Financial Services,10039,1653.9000244140625,16603502.345092773,0.06782483667356949,2025-07-01
NH.NS,Healthcare,7542,2094.0,15792948.0,0.0645137451382816,2025-07-01
POWERINDIA.NS,Capital Goods,820,19290.0,15817800.0,0.06461526485418116,2025-07-01
REDINGTON.NS,Services,50345,329.70001220703125,16598747.114562988,0.06780541169157929,2025-07-01
SOLARINDS.NS,Chemicals,931,17196.0,16009476.0,0.0653982558836663,2025-07-01
ANURAS.NS,Chemicals,13291,1136.5999755859375,15106550.275512695,0.0672369830988271,2025-08-01
BSE.NS,Financial Services,6248,2411.300048828125,15065802.705078125,0.06705562179166827,2025-08-01
COROMANDEL.NS,Chemicals,5678,2590.39990234375,14708290.645507812,0.06546438938793935,2025-08-01
DEEPAKFERT.NS,Chemicals,9486,1558.5,14783931.0,0.06580105322871208,2025-08-01
ERIS.NS,Healthcare,8393,1808.4000244140625,15177901.404907227,0.06755455624383286,2025-08-01
FORTIS.NS,Healthcare,17653,859.25,15168340.25,0.0675120009814349,2025-08-01
GLENMARK.NS,Healthcare,7116,2067.800048828125,14714465.147460938,0.06549187116742534,2025-08-01
GODFRYPHLP.NS,Fast Moving Consumer Goods,4987,2925.666748046875,14590300.072509766,0.06493923109449691,2025-08-01
JMFINANCIL.NS,Financial Services,96188,151.9199981689453,14612880.783874512,0.06503973444441473,2025-08-01
LAURUSLABS.NS,Healthcare,17360,849.3499755859375,14744715.576171875,0.06562651127564824,2025-08-01
MCX.NS,Financial Services,9863,1519.0999755859375,14982883.059204102,0.0666865589198338,2025-08-01
NH.NS,Healthcare,7925,1945.5,15418087.5,0.06862358842668032,2025-08-01
PAYTM.NS,Financial Services,13887,1076.4000244140625,14947967.139038086,0.06653115341088132,2025-08-01
POWERINDIA.NS,Capital Goods,751,20550.0,15433050.0,0.06869018426366945,2025-08-01
SYRMA.NS,Capital Goods,20016,748.2000122070312,14975971.444335938,0.06665579636163217,2025-08-01
ANANDRATHI.NS,Financial Services,10661,1460.1500244140625,15566659.41027832,0.06872645759218994,2025-09-01
ANURAS.NS,Chemicals,13358,1104.0999755859375,14748567.473876953,0.06511459975604576,2025-09-01
ASTERDM.NS,Healthcare,25005,605.2000122070312,15133026.305236816,0.06681197700783753,2025-09-01
EIDPARRY.NS,Chemicals,13541,1129.9000244140625,15299976.23059082,0.06754905724210315,2025-09-01
FORTIS.NS,Healthcare,16285,924.6500244140624,15057925.647583006,0.06648040926248157,2025-09-01
GODFRYPHLP.NS,Fast Moving Consumer Goods,4048,3523.666748046875,14263802.99609375,0.06297437528999433,2025-09-01
JKCEMENT.NS,Construction Materials,2141,7067.5,15131517.5,0.06680531566603067,2025-09-01
JMFINANCIL.NS,Financial Services,83827,185.07000732421875,15513863.503967285,0.06849336483153438,2025-09-01
KRBL.NS,Fast Moving Consumer Goods,34601,447.25,15475297.25,0.06832309567179275,2025-09-01
LAURUSLABS.NS,Healthcare,17465,860.0,15019900.0,0.0663125268679902,2025-09-01
MFSL.NS,Financial Services,9246,1629.199951171875,15063582.748535156,0.0665053852382793,2025-09-01
PAYTM.NS,Financial Services,12397,1235.800048828125,15320213.205322266,0.06763840303872004,2025-09-01
POWERINDIA.NS,Capital Goods,779,18942.0,14755818.0,0.06514661066879097,2025-09-01
RADICO.NS,Fast Moving Consumer Goods,5245,2856.699951171875,14983391.243896484,0.06615134151588857,2025-09-01
SYRMA.NS,Capital Goods,19740,756.2999877929688,14929361.759033203,0.06591280253316166,2025-09-01
ANANDRATHI.NS,Financial Services,10116,1443.550048828125,14602952.293945312,0.06706495052625765,2025-10-01
ANURAS.NS,Chemicals,13255,1065.300048828125,14120552.147216797,0.0648494983818566,2025-10-01
ASTERDM.NS,Healthcare,22858,630.8499755859375,14419968.74194336,0.06622458738494832,2025-10-01
ECLERX.NS,Services,7119,1986.75,14143673.25,0.06495568345889138,2025-10-01
FORTIS.NS,Healthcare,14736,989.6500244140624,14583482.759765623,0.06697553550111429,2025-10-01
GMDCLTD.NS,Metals & Mining,23652,620.5999755859375,14678430.622558594,0.06741158936149873,2025-10-01
GODFRYPHLP.NS,Fast Moving Consumer Goods,4222,3376.5,14255583.0,0.06546963582250129,2025-10-01
GRSE.NS,Capital Goods,5655,2644.199951171875,14952950.723876953,0.06867233969764908,2025-10-01
HBLENGINE.NS,Automobile and Auto Components,17544,834.2999877929688,14636958.985839844,0.06722112833630321,2025-10-01
INDIANB.NS,Financial Services,19092,737.0499877929688,14071758.36694336,0.06462540996506543,2025-10-01
LAURUSLABS.NS,Healthcare,16934,872.0,14766448.0,0.06781581454451233,2025-10-01
MUTHOOTFIN.NS,Financial Services,4615,3144.5,14511867.5,0.06664663804555677,2025-10-01
PAYTM.NS,Financial Services,12734,1148.5999755859375,14626272.089111328,0.06717204811019892,2025-10-01
SYRMA.NS,Capital Goods,18582,804.0999755859375,14941785.74633789,0.06862106385621566,2025-10-01
TATAINVEST.NS,Financial Services,13423,1058.0,14201534.0,0.06522141248806661,2025-10-01
ABCAPITAL.NS,Financial Services,46285,334.25,15470761.25,0.06825892202303249,2025-11-03
ANANDRATHI.NS,Financial Services,9689,1549.550048828125,15013590.423095703,0.06624182749739202,2025-11-03
ECLERX.NS,Services,6359,2366.5,15048573.5,0.06639617718193234,2025-11-03
FORTIS.NS,Healthcare,14719,1030.699951171875,15170872.581298828,0.06693577593334253,2025-11-03
GMDCLTD.NS,Metals & Mining,25309,600.4500122070312,15196789.358947754,0.06705012397840893,2025-11-03
GPIL.NS,Capital Goods,53242,281.8500061035156,15006258.024963379,0.06620947604523861,2025-11-03
HBLENGINE.NS,Automobile and Auto Components,15009,988.4000244140624,14834895.966430662,0.06545340533856339,2025-11-03
INDIANB.NS,Financial Services,17414,880.3499755859375,15330414.474853516,0.06763969460260365,2025-11-03
LAURUSLABS.NS,Healthcare,15734,975.4000244140624,15346943.984130858,0.06771262485255118,2025-11-03
LTF.NS,Financial Services,55722,279.70001220703125,15585444.080200195,0.06876491692771217,2025-11-03
MTARTECH.NS,Capital Goods,5960,2464.10009765625,14686036.58203125,0.0647966192277884,2025-11-03
MUTHOOTFIN.NS,Financial Services,4739,3190.60009765625,15120253.862792969,0.0667124398541695,2025-11-03
PAYTM.NS,Financial Services,11593,1274.800048828125,14778756.966064453,0.06520571308951857,2025-11-03
RBLBANK.NS,Financial Services,46024,328.75,15130390.0,0.06675716175169276,2025-11-03
SYRMA.NS,Capital Goods,18521,790.5499877929688,14641776.323913574,0.0646013374663577,2025-11-03
ABCAPITAL.NS,Financial Services,41931,356.1000061035156,14931629.355926514,0.06628403156726573,2025-12-01
ADANIPOWER.NS,Power,101284,147.33999633789062,14923184.189086914,0.06624654204137118,2025-12-01
ANURAS.NS,Chemicals,12247,1231.4000244140625,15080956.098999023,0.06694691827009742,2025-12-01
AUBANK.NS,Financial Services,15712,950.5,14934256.0,0.06629569168516262,2025-12-01
CUB.NS,Financial Services,73477,212.2124938964844,15592737.414031984,0.06921880220403108,2025-12-01
GMDCLTD.NS,Metals & Mining,27696,551.8499755859375,15284036.923828125,0.06784842844576594,2025-12-01
HBLENGINE.NS,Automobile and Auto Components,16942,870.3499755859375,14745469.286376953,0.0654576354900225,2025-12-01
INDIANB.NS,Financial Services,17155,887.3499755859375,15222488.831176758,0.06757520603855498,2025-12-01
LAURUSLABS.NS,Healthcare,14503,1029.4000244140625,14929388.554077148,0.06627408426834885,2025-12-01
LTF.NS,Financial Services,47845,309.1499938964844,14791281.457977295,0.0656610034786149,2025-12-01
MANAPPURAM.NS,Financial Services,52478,282.3999938964844,14819786.879699707,0.0657875438733868,2025-12-01
MCX.NS,Financial Services,7358,2042.0,15025036.0,0.06669867947987962,2025-12-01
MUTHOOTFIN.NS,Financial Services,3972,3811.10009765625,15137689.587890625,0.06719876783580604,2025-12-01
NAVINFLUOR.NS,Chemicals,2593,5750.0,14909750.0,0.0661869054007681,2025-12-01
RBLBANK.NS,Financial Services,47921,307.04998779296875,14714142.465026855,0.06531857042446435,2025-12-01
