date,symbol,side,shares,price,gross_value,transaction_cost,net_cash_flow,reason,pnl
2007-09-17,ABB.NS,BUY,30,1089.430419921875,32682.91259765625,65.3658251953125,-32748.278422851563,target_rebalance,0.0
2007-09-17,IFCI.NS,BUY,457,72.6500015258789,33201.05069732666,66.40210139465333,-33267.452798721315,target_rebalance,0.0
2007-09-17,IIFL.NS,BUY,364,91.36360931396484,33256.3537902832,66.51270758056641,-33322.86649786377,target_rebalance,0.0
2007-09-17,VOLTAS.NS,BUY,217,152.6999969482422,33135.899337768555,66.27179867553711,-33202.17113644409,target_rebalance,0.0
2007-09-17,WELCORP.NS,BUY,128,258.54998779296875,33094.3984375,66.18879687500001,-33160.587234375,target_rebalance,0.0
2007-09-17,RAJESHEXPO.NS,BUY,271,122.5,33197.5,66.395,-33263.895,target_rebalance,0.0
2007-09-17,ADANIENT.NS,BUY,1090,30.50173568725586,33246.89189910889,66.49378379821778,-33313.3856829071,target_rebalance,0.0
2007-09-17,JINDALSTEL.NS,BUY,216,153.6666717529297,33192.00109863281,66.38400219726563,-33258.38510083008,target_rebalance,0.0
2007-09-17,DIVISLAB.NS,BUY,116,286.0,33176.0,66.352,-33242.352,target_rebalance,0.0
2007-09-17,UNITDSPR.NS,BUY,97,342.0,33174.0,66.348,-33240.348,target_rebalance,0.0
2007-09-17,CGPOWER.NS,BUY,548,60.61913299560547,33219.2848815918,66.4385697631836,-33285.72345135498,target_rebalance,0.0
2007-09-17,KOTAKBANK.NS,BUY,875,38.0,33250.0,66.5,-33316.5,target_rebalance,0.0
2007-09-17,UCOBANK.NS,BUY,887,37.5,33262.5,66.525,-33329.025,target_rebalance,0.0
2007-09-17,SAIL.NS,BUY,193,172.0,33196.0,66.392,-33262.392,target_rebalance,0.0
2007-09-17,JSWSTEEL.NS,BUY,481,69.0999984741211,33237.099266052246,66.4741985321045,-33303.57346458435,target_rebalance,0.0
2007-10-01,VOLTAS.NS,SELL,217,164.6999969482422,35739.899337768555,71.47979867553711,35668.41953909302,rank_or_trend_exit,0.0
2007-10-01,ABB.NS,BUY,4,1173.861328125,4695.4453125,9.390890625,-4704.836203125,target_rebalance,0.0
2007-10-01,IFCI.NS,SELL,58,101.0,5858.0,11.716000000000001,5846.284,target_rebalance,0.0
2007-10-01,GLENMARK.NS,BUY,97,416.0,40352.0,80.70400000000001,-40432.704,target_rebalance,0.0
2007-10-01,RAJESHEXPO.NS,SELL,12,155.81666564941406,1869.7999877929688,3.7395999755859375,1866.060387817383,target_rebalance,0.0
2007-10-01,IIFL.NS,BUY,73,92.22858428955078,6732.686653137207,13.465373306274415,-6746.152026443481,target_rebalance,0.0
2007-10-01,ADANIENT.NS,SELL,162,43.484134674072266,7044.429817199707,14.088859634399414,7030.340957565308,target_rebalance,0.0
2007-10-01,WELCORP.NS,BUY,7,297.0,2079.0,4.158,-2083.158,target_rebalance,0.0
2007-10-01,JINDALSTEL.NS,BUY,14,175.3333282470703,2454.6665954589844,4.909333190917969,-2459.5759286499024,target_rebalance,0.0
2007-10-01,JSWSTEEL.NS,SELL,13,86.1500015258789,1119.9500198364258,2.2399000396728517,1117.710119796753,target_rebalance,0.0
2007-10-01,DIVISLAB.NS,BUY,25,286.1000061035156,7152.500152587891,14.305000305175781,-7166.805152893066,target_rebalance,0.0
2007-10-01,KOTAKBANK.NS,SELL,2,46.25,92.5,0.185,92.315,target_rebalance,0.0
2007-10-01,SAIL.NS,BUY,1,207.1499938964844,207.1499938964844,0.41429998779296884,-207.56429388427736,target_rebalance,0.0
2007-10-01,UNITDSPR.NS,BUY,16,355.510009765625,5688.16015625,11.3763203125,-5699.5364765625,target_rebalance,0.0
2007-10-01,UCOBANK.NS,SELL,62,48.900001525878906,3031.800094604492,6.063600189208985,3025.7364944152832,target_rebalance,0.0
2007-10-01,CGPOWER.NS,BUY,60,66.33063507080078,3979.838104248047,7.959676208496094,-3987.797780456543,target_rebalance,0.0
2007-11-01,UCOBANK.NS,SELL,825,43.0,35475.0,70.95,35404.05,rank_or_trend_exit,0.0
2007-11-01,JSWSTEEL.NS,SELL,468,96.5,45162.0,90.324,45071.676,rank_or_trend_exit,0.0
2007-11-01,ABB.NS,BUY,1,1456.205322265625,1456.205322265625,2.91241064453125,-1459.1177329101563,target_rebalance,0.0
2007-11-01,JINDALSTEL.NS,SELL,101,396.73333740234375,40070.06707763672,80.14013415527344,39989.92694348145,target_rebalance,0.0
2007-11-01,ADANIENT.NS,SELL,98,62.07639694213867,6083.48690032959,12.16697380065918,6071.31992652893,target_rebalance,0.0
2007-11-01,IIFL.NS,SELL,15,121.96231079101562,1829.4346618652344,3.658869323730469,1825.775792541504,target_rebalance,0.0
2007-11-01,GLENMARK.NS,BUY,8,490.0,3920.0,7.84,-3927.84,target_rebalance,0.0
2007-11-01,WELCORP.NS,BUY,19,332.6499938964844,6320.349884033203,12.640699768066407,-6332.990583801269,target_rebalance,0.0
2007-11-01,LT.NS,BUY,54,950.0,51300.0,102.60000000000001,-51402.6,target_rebalance,0.0
2007-11-01,IFCI.NS,BUY,179,89.0,15931.0,31.862000000000002,-15962.862,target_rebalance,0.0
2007-11-01,RAJESHEXPO.NS,BUY,84,150.0,12600.0,25.2,-12625.2,target_rebalance,0.0
2007-11-01,DIVISLAB.NS,SELL,24,439.75,10554.0,21.108,10532.892,target_rebalance,0.0
2007-11-01,VEDL.NS,BUY,267,192.4499969482422,51384.149185180664,102.76829837036134,-51486.91748355103,target_rebalance,0.0
2007-11-01,UNITDSPR.NS,BUY,13,407.9800109863281,5303.740142822266,10.607480285644531,-5314.34762310791,target_rebalance,0.0
2007-11-01,CGPOWER.NS,BUY,29,80.82221221923828,2343.84415435791,4.6876883087158205,-2348.531842666626,target_rebalance,0.0
2007-11-01,KOTAKBANK.NS,BUY,141,50.79999923706055,7162.799892425537,14.325599784851075,-7177.125492210388,target_rebalance,0.0
2007-12-03,DIVISLAB.NS,SELL,117,409.75,47940.75,95.8815,47844.8685,rank_or_trend_exit,0.0
2007-12-03,UNITDSPR.NS,SELL,126,420.0,52920.0,105.84,52814.16,rank_or_trend_exit,0.0
2007-12-03,CGPOWER.NS,SELL,637,84.13824462890625,53596.06182861328,107.19212365722656,53488.86970495606,rank_or_trend_exit,0.0
2007-12-03,ABB.NS,BUY,3,1425.338134765625,4276.014404296875,8.55202880859375,-4284.566433105469,target_rebalance,0.0
2007-12-03,JINDALSTEL.NS,SELL,12,466.6666564941406,5599.9998779296875,11.199999755859375,5588.799878173828,target_rebalance,0.0
2007-12-03,IFCI.NS,SELL,22,98.9000015258789,2175.800033569336,4.351600067138672,2171.448433502197,target_rebalance,0.0
2007-12-03,WELCORP.NS,SELL,24,422.75,10146.0,20.292,10125.708,target_rebalance,0.0
2007-12-03,ADANIENT.NS,BUY,56,62.05340576171875,3474.99072265625,6.9499814453125,-3481.9407041015625,target_rebalance,0.0
2007-12-03,NLCINDIA.NS,BUY,228,241.0,54948.0,109.896,-55057.896,target_rebalance,0.0
2007-12-03,IIFL.NS,SELL,16,135.26138305664062,2164.18212890625,4.3283642578125,2159.8537646484374,target_rebalance,0.0
2007-12-03,GLENMARK.NS,BUY,17,448.0,7616.0,15.232000000000001,-7631.232,target_rebalance,0.0
2007-12-03,KOTAKBANK.NS,SELL,133,62.400001525878906,8299.200202941895,16.59840040588379,8282.60180253601,target_rebalance,0.0
2007-12-03,MRPL.NS,BUY,447,123.0,54981.0,109.962,-55090.962,target_rebalance,0.0
2007-12-03,LT.NS,BUY,5,920.888916015625,4604.444580078125,9.20888916015625,-4613.653469238281,target_rebalance,0.0
2007-12-03,RAJESHEXPO.NS,BUY,32,146.61666870117188,4691.7333984375,9.383466796875,-4701.116865234375,target_rebalance,0.0
2007-12-03,VEDL.NS,BUY,48,174.5,8376.0,16.752,-8392.752,target_rebalance,0.0
2007-12-03,SAIL.NS,BUY,14,264.0,3696.0,7.392,-3703.392,target_rebalance,0.0
2007-12-03,INDUSINDBK.NS,BUY,454,121.0,54934.0,109.86800000000001,-55043.868,target_rebalance,0.0
2008-01-01,ABB.NS,SELL,38,1384.166748046875,52598.33642578125,105.1966728515625,52493.13975292969,rank_or_trend_exit,0.0
2008-01-01,RAJESHEXPO.NS,SELL,375,153.1666717529297,57437.50190734863,114.87500381469727,57322.626903533936,rank_or_trend_exit,0.0
2008-01-01,KOTAKBANK.NS,SELL,881,67.5,59467.5,118.935,59348.565,rank_or_trend_exit,0.0
2008-01-01,LT.NS,SELL,59,929.5555419921876,54843.77697753907,109.68755395507814,54734.089423583995,rank_or_trend_exit,0.0
2008-01-01,VEDL.NS,SELL,315,191.0,60165.0,120.33,60044.67,rank_or_trend_exit,0.0
2008-01-01,GMDCLTD.NS,BUY,242,262.9750061035156,63639.95147705078,127.27990295410156,-63767.23138000488,target_rebalance,0.0
2008-01-01,JINDALSTEL.NS,BUY,7,513.0,3591.0,7.182,-3598.182,target_rebalance,0.0
2008-01-01,IIFL.NS,SELL,104,210.0822296142578,21848.551879882812,43.697103759765625,21804.854776123047,target_rebalance,0.0
2008-01-01,ADANIENT.NS,SELL,194,91.88072967529295,17824.861557006832,35.64972311401367,17789.21183389282,target_rebalance,0.0
2008-01-01,NLCINDIA.NS,BUY,18,258.3999938964844,4651.199890136719,9.302399780273438,-4660.502289916993,target_rebalance,0.0
2008-01-01,GLENMARK.NS,SELL,15,590.0,8850.0,17.7,8832.3,target_rebalance,0.0
2008-01-01,WELCORP.NS,BUY,8,458.7000122070313,3669.6000976562505,7.339200195312501,-3676.939297851563,target_rebalance,0.0
2008-01-01,MRPL.NS,BUY,19,136.35000610351562,2590.650115966797,5.1813002319335935,-2595.8314161987305,target_rebalance,0.0
2008-01-01,TRIVENI.NS,BUY,665,95.66258239746094,63615.61729431152,127.23123458862305,-63742.84852890015,target_rebalance,0.0
2008-01-01,JSWSTEEL.NS,BUY,478,133.0,63574.0,127.148,-63701.148,target_rebalance,0.0
2008-01-01,SAIL.NS,BUY,15,284.70001220703125,4270.500183105469,8.541000366210938,-4279.04118347168,target_rebalance,0.0
2008-01-01,IFCI.NS,BUY,118,94.3499984741211,11133.299819946289,22.26659963989258,-11155.566419586181,target_rebalance,0.0
2008-01-01,RCF.NS,BUY,514,123.6999969482422,63581.79843139649,127.16359686279299,-63708.96202825929,target_rebalance,0.0
2008-01-01,TTML.NS,BUY,1215,52.34562301635742,63599.93196487427,127.19986392974853,-63727.13182880401,target_rebalance,0.0
2008-01-01,INDUSINDBK.NS,BUY,36,129.64999389648438,4667.3997802734375,9.334799560546875,-4676.734579833985,target_rebalance,0.0
2008-02-01,IFCI.NS,SELL,674,58.5,39429.0,78.858,39350.142,rank_or_trend_exit,0.0
2008-02-01,SAIL.NS,SELL,223,223.8500061035156,49918.55136108398,99.83710272216796,49818.71425836181,rank_or_trend_exit,0.0
2008-02-01,MRPL.NS,SELL,466,80.19999694824219,37373.19857788086,74.74639715576173,37298.4521807251,rank_or_trend_exit,0.0
2008-02-01,INDUSINDBK.NS,SELL,490,96.0,47040.0,94.08,46945.92,rank_or_trend_exit,0.0
2008-02-01,JSWSTEEL.NS,SELL,478,99.0,47322.0,94.644,47227.356,rank_or_trend_exit,0.0
2008-02-01,TTML.NS,SELL,1215,29.97208976745605,36416.0890674591,72.8321781349182,36343.256889324184,rank_or_trend_exit,0.0
2008-02-01,GMDCLTD.NS,SELL,10,202.3249969482422,2023.2499694824219,4.0464999389648435,2019.203469543457,target_rebalance,0.0
2008-02-01,JINDALSTEL.NS,SELL,2,383.5,767.0,1.534,765.466,target_rebalance,0.0
2008-02-01,ADANIENT.NS,SELL,10,68.96611022949219,689.6611022949219,1.3793222045898437,688.2817800903321,target_rebalance,0.0
2008-02-01,WELCORP.NS,SELL,41,481.0,19721.0,39.442,19681.558,target_rebalance,0.0
2008-02-01,GLENMARK.NS,SELL,12,491.0,5892.0,11.784,5880.216,target_rebalance,0.0
2008-02-01,UCOBANK.NS,BUY,786,59.79999923706055,47002.79940032959,94.00559880065919,-47096.80499913025,target_rebalance,0.0
2008-02-01,IIFL.NS,BUY,82,122.32992553710938,10031.053894042969,20.06210778808594,-10051.116001831055,target_rebalance,0.0
2008-02-01,TRIVENI.NS,BUY,67,64.21488189697266,4302.397087097168,8.604794174194335,-4311.001881271362,target_rebalance,0.0
2008-02-01,NLCINDIA.NS,BUY,70,148.89999389648438,10422.999572753906,20.845999145507815,-10443.845571899414,target_rebalance,0.0
2008-02-01,TORNTPOWER.NS,BUY,285,165.0,47025.0,94.05,-47119.05,target_rebalance,0.0
2008-02-01,AXISBANK.NS,BUY,206,228.0,46968.0,93.936,-47061.936,target_rebalance,0.0
2008-02-01,RAJESHEXPO.NS,BUY,317,148.39999389648438,47042.79806518555,94.0855961303711,-47136.883661315915,target_rebalance,0.0
2008-02-01,LT.NS,BUY,57,815.5555419921875,46486.66589355469,92.97333178710937,-46579.639225341794,target_rebalance,0.0
2008-02-01,RCF.NS,SELL,9,93.0,837.0,1.674,835.326,target_rebalance,0.0
2008-02-01,RENUKA.NS,BUY,1082,43.48749923706055,47053.47417449951,94.10694834899903,-47147.58112284851,target_rebalance,0.0
2008-03-03,GMDCLTD.NS,SELL,232,202.5,46980.0,93.96000000000001,46886.04,rank_or_trend_exit,0.0
2008-03-03,RCF.NS,SELL,505,80.3499984741211,40576.74922943115,81.1534984588623,40495.59573097229,rank_or_trend_exit,0.0
2008-03-03,TORNTPOWER.NS,SELL,285,144.1999969482422,41096.99913024902,82.19399826049805,41014.80513198853,rank_or_trend_exit,0.0
2008-03-03,AXISBANK.NS,SELL,206,193.0,39758.0,79.516,39678.484,rank_or_trend_exit,0.0
2008-03-03,RAJESHEXPO.NS,SELL,317,116.0,36772.0,73.544,36698.456,rank_or_trend_exit,0.0
2008-03-03,LT.NS,SELL,57,766.2222290039062,43674.667053222656,87.34933410644531,43587.31771911621,rank_or_trend_exit,0.0
2008-03-03,JINDALSTEL.NS,SELL,1,376.6666564941406,376.6666564941406,0.7533333129882812,375.91332318115235,target_rebalance,0.0
2008-03-03,RENUKA.NS,SELL,301,58.75,17683.75,35.3675,17648.3825,target_rebalance,0.0
2008-03-03,WELCORP.NS,BUY,9,431.25,3881.25,7.7625,-3889.0125,target_rebalance,0.0
2008-03-03,ADANIENT.NS,BUY,198,52.11351776123047,10318.476516723633,20.636953033447266,-10339.11346975708,target_rebalance,0.0
2008-03-03,IIFL.NS,BUY,5,117.85364532470705,589.2682266235353,1.1785364532470706,-590.4467630767823,target_rebalance,0.0
2008-03-03,NLCINDIA.NS,SELL,12,151.0,1812.0,3.624,1808.376,target_rebalance,0.0
2008-03-03,TATAPOWER.NS,BUY,352,130.27731323242188,45857.6142578125,91.715228515625,-45949.329486328126,target_rebalance,0.0
2008-03-03,TRIVENI.NS,SELL,114,74.2209701538086,8461.19059753418,16.92238119506836,8444.268216339111,target_rebalance,0.0
2008-03-03,MRPL.NS,BUY,609,75.30000305175781,45857.70185852051,91.71540371704101,-45949.41726223755,target_rebalance,0.0
2008-03-03,UCOBANK.NS,BUY,141,49.5,6979.5,13.959,-6993.459,target_rebalance,0.0
2008-03-03,SAIL.NS,BUY,187,244.8000030517578,45777.60057067871,91.55520114135743,-45869.15577182007,target_rebalance,0.0
2008-03-03,JSWSTEEL.NS,BUY,454,101.0250015258789,45865.35069274902,91.73070138549805,-45957.08139413452,target_rebalance,0.0
2008-03-03,TATASTEEL.NS,BUY,613,74.79935455322266,45852.00434112549,91.70400868225097,-45943.70834980774,target_rebalance,0.0
2008-03-03,INDUSINDBK.NS,BUY,460,99.6999969482422,45861.99859619141,91.72399719238283,-45953.7225933838,target_rebalance,0.0
2008-04-01,IIFL.NS,SELL,389,84.33563995361328,32806.56394195557,65.61312788391113,32740.950814071657,rank_or_trend_exit,0.0
2008-04-01,ADANIENT.NS,SELL,880,48.28164291381836,42487.845764160156,84.97569152832031,42402.870072631835,rank_or_trend_exit,0.0
2008-04-01,NLCINDIA.NS,SELL,304,120.8499984741211,36738.39953613281,73.47679907226562,36664.922737060544,rank_or_trend_exit,0.0
2008-04-01,TRIVENI.NS,SELL,618,59.70664596557617,36898.707206726074,73.79741441345215,36824.909792312625,rank_or_trend_exit,0.0
2008-04-01,UCOBANK.NS,SELL,927,37.09999847412109,34391.69858551025,68.7833971710205,34322.915188339226,rank_or_trend_exit,0.0
2008-04-01,SAIL.NS,SELL,187,187.0,34969.0,69.938,34899.062,rank_or_trend_exit,0.0
2008-04-01,JSWSTEEL.NS,SELL,454,83.5,37909.0,75.818,37833.182,rank_or_trend_exit,0.0
2008-04-01,INDUSINDBK.NS,SELL,460,80.0,36800.0,73.60000000000001,36726.4,rank_or_trend_exit,0.0
2008-04-01,JINDALSTEL.NS,SELL,5,349.8333435058594,1749.1667175292969,3.4983334350585937,1745.6683840942383,target_rebalance,0.0
2008-04-01,TATAPOWER.NS,BUY,2,114.83704376220705,229.6740875244141,0.4593481750488282,-230.13343569946292,target_rebalance,0.0
2008-04-01,GLENMARK.NS,SELL,13,495.0,6435.0,12.870000000000001,6422.13,target_rebalance,0.0
2008-04-01,RENUKA.NS,BUY,51,48.95000076293945,2496.450038909912,4.992900077819824,-2501.442938987732,target_rebalance,0.0
2008-04-01,NATIONALUM.NS,BUY,358,113.7624969482422,40726.97390747071,81.45394781494143,-40808.42785528565,target_rebalance,0.0
2008-04-01,TATASTEEL.NS,SELL,2,66.5962905883789,133.1925811767578,0.2663851623535156,132.9261960144043,target_rebalance,0.0
2008-04-01,MRPL.NS,SELL,97,79.55000305175781,7716.350296020508,15.432700592041016,7700.9175954284665,target_rebalance,0.0
2008-04-01,LICHSGFIN.NS,BUY,719,56.59999847412109,40695.39890289306,81.39079780578612,-40776.78970069884,target_rebalance,0.0
2008-04-01,VEDL.NS,BUY,258,157.5500030517578,40647.900787353516,81.29580157470703,-40729.19658892822,target_rebalance,0.0
2008-04-01,VOLTAS.NS,BUY,223,182.0500030517578,40597.15068054199,81.19430136108399,-40678.34498190308,target_rebalance,0.0
2008-04-01,GODREJIND.NS,BUY,157,258.79296875,40630.49609375,81.26099218750001,-40711.7570859375,target_rebalance,0.0
2008-04-01,ASIANPAINT.NS,BUY,339,120.0,40680.0,81.36,-40761.36,target_rebalance,0.0
2008-04-01,EXIDEIND.NS,BUY,599,68.0,40732.0,81.464,-40813.464,target_rebalance,0.0
2008-04-01,GAIL.NS,BUY,763,53.37502670288086,40725.145374298096,81.45029074859619,-40806.59566504669,target_rebalance,0.0
2008-05-02,TATASTEEL.NS,SELL,611,78.21968078613281,47792.22496032715,95.5844499206543,47696.64051040649,rank_or_trend_exit,0.0
2008-05-02,VOLTAS.NS,SELL,223,193.3000030517578,43105.90068054199,86.21180136108399,43019.68887918091,rank_or_trend_exit,0.0
2008-05-02,GODREJIND.NS,SELL,157,287.769775390625,45179.854736328125,90.35970947265625,45089.49502685547,rank_or_trend_exit,0.0
2008-05-02,ASIANPAINT.NS,SELL,339,128.0,43392.0,86.784,43305.216,rank_or_trend_exit,0.0
2008-05-02,EXIDEIND.NS,SELL,599,76.0,45524.0,91.048,45432.952,rank_or_trend_exit,0.0
2008-05-02,GAIL.NS,SELL,763,55.550025939941406,42384.66979217529,84.76933958435059,42299.90045259094,rank_or_trend_exit,0.0
2008-05-02,JINDALSTEL.NS,BUY,4,407.3500061035156,1629.4000244140625,3.258800048828125,-1632.6588244628906,target_rebalance,0.0
2008-05-02,GLENMARK.NS,SELL,8,661.6500244140625,5293.2001953125,10.586400390625,5282.613794921875,target_rebalance,0.0
2008-05-02,RENUKA.NS,SELL,78,64.94999694824219,5066.099761962891,10.132199523925781,5055.967562438965,target_rebalance,0.0
2008-05-02,MRPL.NS,SELL,37,103.0500030517578,3812.8501129150386,7.6257002258300774,3805.2244126892087,target_rebalance,0.0
2008-05-02,WELCORP.NS,BUY,13,408.75,5313.75,10.6275,-5324.3775,target_rebalance,0.0
2008-05-02,ADANIENT.NS,BUY,739,66.24931335449219,48958.24256896973,97.91648513793946,-49056.159054107666,target_rebalance,0.0
2008-05-02,LICHSGFIN.NS,SELL,46,72.80000305175781,3348.8001403808594,6.697600280761719,3342.1025401000975,target_rebalance,0.0
2008-05-02,NLCINDIA.NS,BUY,308,159.10000610351562,49002.80187988281,98.00560375976562,-49100.80748364258,target_rebalance,0.0
2008-05-02,VEDL.NS,SELL,29,214.0,6206.0,12.412,6193.588,target_rebalance,0.0
2008-05-02,CHAMBLFERT.NS,BUY,709,69.0999984741211,48991.898918151855,97.98379783630371,-49089.88271598816,target_rebalance,0.0
2008-05-02,TATAPOWER.NS,BUY,6,135.87442016601562,815.2465209960938,1.6304930419921875,-816.8770140380859,target_rebalance,0.0
2008-05-02,TRIVENI.NS,BUY,680,72.0218276977539,48974.842834472656,97.94968566894532,-49072.7925201416,target_rebalance,0.0
2008-05-02,NATIONALUM.NS,BUY,72,113.75,8190.0,16.38,-8206.38,target_rebalance,0.0
2008-05-02,DIVISLAB.NS,BUY,128,382.0,48896.0,97.792,-48993.792,target_rebalance,0.0
2008-05-02,INDUSINDBK.NS,BUY,538,91.0,48958.0,97.916,-49055.916,target_rebalance,0.0
2008-06-02,MRPL.NS,SELL,475,84.75,40256.25,80.5125,40175.7375,rank_or_trend_exit,0.0
2008-06-02,NLCINDIA.NS,SELL,308,144.0,44352.0,88.70400000000001,44263.296,rank_or_trend_exit,0.0
2008-06-02,TRIVENI.NS,SELL,680,60.80621337890625,41348.22509765625,82.69645019531251,41265.52864746094,rank_or_trend_exit,0.0
2008-06-02,DIVISLAB.NS,SELL,128,371.5,47552.0,95.104,47456.896,rank_or_trend_exit,0.0
2008-06-02,INDUSINDBK.NS,SELL,538,80.25,43174.5,86.349,43088.151,rank_or_trend_exit,0.0
2008-06-02,GLENMARK.NS,SELL,1,660.0999755859375,660.0999755859375,1.320199951171875,658.7797756347657,target_rebalance,0.0
2008-06-02,VEDL.NS,SELL,4,215.0,860.0,1.72,858.28,target_rebalance,0.0
2008-06-02,CHAMBLFERT.NS,SELL,138,84.94999694824219,11723.099578857422,23.446199157714844,11699.653379699706,target_rebalance,0.0
2008-06-02,NATIONALUM.NS,SELL,68,134.0,9112.0,18.224,9093.776,target_rebalance,0.0
2008-06-02,TATAPOWER.NS,BUY,9,131.43533325195312,1182.9179992675781,2.3658359985351565,-1185.2838352661133,target_rebalance,0.0
2008-06-02,JINDALSTEL.NS,BUY,3,391.6666564941406,1174.9999694824219,2.3499999389648436,-1177.3499694213867,target_rebalance,0.0
2008-06-02,ADANIENT.NS,BUY,38,62.45958709716797,2373.464309692383,4.746928619384765,-2378.2112383117674,target_rebalance,0.0
2008-06-02,RENUKA.NS,BUY,104,56.54999923706055,5881.199920654297,11.762399841308595,-5892.962320495605,target_rebalance,0.0
2008-06-02,JSWSTEEL.NS,BUY,417,116.4000015258789,48538.800636291504,97.07760127258301,-48635.87823756409,target_rebalance,0.0
2008-06-02,WELCORP.NS,BUY,6,387.0,2322.0,4.644,-2326.644,target_rebalance,0.0
2008-06-02,GESHIP.NS,BUY,95,507.5,48212.5,96.425,-48308.925,target_rebalance,0.0
2008-06-02,TATACHEM.NS,BUY,269,180.3269805908203,48507.957778930664,97.01591555786133,-48604.97369448852,target_rebalance,0.0
2008-06-02,TATASTEEL.NS,BUY,562,86.31793975830078,48510.68214416504,97.02136428833008,-48607.70350845337,target_rebalance,0.0
2008-06-02,LICHSGFIN.NS,BUY,33,68.7300033569336,2268.0901107788086,4.5361802215576175,-2272.626291000366,target_rebalance,0.0
2008-06-02,ITC.NS,BUY,689,70.35700988769531,48475.97981262207,96.95195962524414,-48572.93177224731,target_rebalance,0.0
2008-07-01,WELCORP.NS,SELL,125,314.8999938964844,39362.49923706055,78.7249984741211,39283.774238586426,rank_or_trend_exit,0.0
2008-07-01,JINDALSTEL.NS,SELL,123,290.8333435058594,35772.5012512207,71.5450025024414,35700.95624871826,rank_or_trend_exit,0.0
2008-07-01,TATAPOWER.NS,SELL,369,101.90581512451172,37603.245780944824,75.20649156188965,37528.039289382934,rank_or_trend_exit,0.0
2008-07-01,NATIONALUM.NS,SELL,362,88.75,32127.5,64.255,32063.245,rank_or_trend_exit,0.0
2008-07-01,LICHSGFIN.NS,SELL,706,53.59999847412109,37841.598922729485,75.68319784545898,37765.91572488403,rank_or_trend_exit,0.0
2008-07-01,ADANIENT.NS,SELL,777,46.74889373779297,36323.89043426514,72.64778086853028,36251.242653396606,rank_or_trend_exit,0.0
2008-07-01,JSWSTEEL.NS,SELL,417,90.0,37530.0,75.06,37454.94,rank_or_trend_exit,0.0
2008-07-01,GESHIP.NS,SELL,95,370.1000061035156,35159.500579833984,70.31900115966798,35089.18157867432,rank_or_trend_exit,0.0
2008-07-01,TATACHEM.NS,SELL,269,127.4193115234375,34275.79479980469,68.55158959960937,34207.24321020508,rank_or_trend_exit,0.0
2008-07-01,TATASTEEL.NS,SELL,562,68.83522033691406,38685.3938293457,77.37078765869141,38608.02304168701,rank_or_trend_exit,0.0
2008-07-01,ITC.NS,SELL,689,59.89332962036133,41266.504108428955,82.53300821685791,41183.9711002121,rank_or_trend_exit,0.0
2008-07-01,GLENMARK.NS,BUY,20,635.0,12700.0,25.400000000000002,-12725.4,target_rebalance,0.0
2008-07-01,CHAMBLFERT.NS,BUY,325,66.0,21450.0,42.9,-21492.9,target_rebalance,0.0
2008-07-01,SUNPHARMA.NS,BUY,419,140.9949951171875,59076.90295410156,118.15380590820313,-59195.056760009764,target_rebalance,0.0
2008-07-01,VEDL.NS,BUY,118,172.33999633789062,20336.119567871094,40.67223913574219,-20376.791807006837,target_rebalance,0.0
2008-07-01,RENUKA.NS,BUY,344,49.20000076293945,16924.800262451172,33.84960052490234,-16958.649862976075,target_rebalance,0.0
2008-07-01,CIPLA.NS,BUY,281,210.0,59010.0,118.02,-59128.02,target_rebalance,0.0
2008-07-01,DRREDDY.NS,BUY,443,133.39999389648438,59096.19729614258,118.19239459228515,-59214.38969073486,target_rebalance,0.0
2008-07-01,LUPIN.NS,BUY,433,136.60000610351562,59147.802642822266,118.29560528564453,-59266.09824810791,target_rebalance,0.0
2008-07-01,INFY.NS,BUY,271,218.0,59078.0,118.156,-59196.156,target_rebalance,0.0
2008-07-01,OFSS.NS,BUY,41,1420.0,58220.0,116.44,-58336.44,target_rebalance,0.0
2008-08-01,VEDL.NS,SELL,343,164.25,56337.75,112.6755,56225.0745,rank_or_trend_exit,0.0
2008-08-01,DRREDDY.NS,SELL,443,110.11000061035156,48778.73027038574,97.55746054077149,48681.17280984497,rank_or_trend_exit,0.0
2008-08-01,INFY.NS,SELL,271,195.0,52845.0,105.69,52739.31,rank_or_trend_exit,0.0
2008-08-01,CHAMBLFERT.NS,SELL,251,74.0,18574.0,37.148,18536.852,target_rebalance,0.0
2008-08-01,GLENMARK.NS,SELL,20,650.0,13000.0,26.0,12974.0,target_rebalance,0.0
2008-08-01,RENUKA.NS,SELL,433,62.04999923706055,26867.649669647217,53.735299339294436,26813.91437030792,target_rebalance,0.0
2008-08-01,SUNPHARMA.NS,SELL,83,141.97999572753906,11784.339645385742,23.568679290771485,11760.770966094971,target_rebalance,0.0
2008-08-01,LICHSGFIN.NS,BUY,733,65.13999938964844,47747.619552612305,95.49523910522461,-47843.114791717526,target_rebalance,0.0
2008-08-01,NATIONALUM.NS,BUY,454,104.9625015258789,47652.97569274902,95.30595138549805,-47748.28164413452,target_rebalance,0.0
2008-08-01,LUPIN.NS,SELL,110,147.39999389648438,16213.999328613281,32.42799865722656,16181.571329956054,target_rebalance,0.0
2008-08-01,HINDUNILVR.NS,BUY,200,238.0,47600.0,95.2,-47695.2,target_rebalance,0.0
2008-08-01,TATACHEM.NS,BUY,342,139.5439910888672,47724.04495239258,95.44808990478516,-47819.49304229736,target_rebalance,0.0
2008-08-01,HEROMOTOCO.NS,BUY,60,785.0,47100.0,94.2,-47194.2,target_rebalance,0.0
2008-08-01,CIPLA.NS,SELL,64,219.8999938964844,14073.599609375002,28.147199218750004,14045.452410156251,target_rebalance,0.0
2008-08-01,OFSS.NS,SELL,7,1370.1500244140625,9591.050170898438,19.182100341796875,9571.86807055664,target_rebalance,0.0
2008-08-01,UPL.NS,BUY,422,113.0,47686.0,95.372,-47781.372,target_rebalance,0.0
2008-09-01,OFSS.NS,SELL,34,1200.0,40800.0,81.60000000000001,40718.4,rank_or_trend_exit,0.0
2008-09-01,NATIONALUM.NS,SELL,454,96.25,43697.5,87.395,43610.105,rank_or_trend_exit,0.0
2008-09-01,GLENMARK.NS,SELL,6,630.0,3780.0,7.5600000000000005,3772.44,target_rebalance,0.0
2008-09-01,RENUKA.NS,SELL,46,58.650001525878906,2697.9000701904297,5.395800140380859,2692.504270050049,target_rebalance,0.0
2008-09-01,SUNPHARMA.NS,SELL,47,146.60499572753906,6890.434799194336,13.780869598388673,6876.653929595947,target_rebalance,0.0
2008-09-01,LICHSGFIN.NS,SELL,85,65.4000015258789,5559.000129699707,11.118000259399414,5547.882129440308,target_rebalance,0.0
2008-09-01,CHAMBLFERT.NS,SELL,56,72.0,4032.0,8.064,4023.936,target_rebalance,0.0
2008-09-01,BALRAMCHIN.NS,BUY,465,91.0999984741211,42361.49929046631,84.72299858093263,-42446.22228904724,target_rebalance,0.0
2008-09-01,TATACHEM.NS,SELL,50,145.05520629882812,7252.760314941406,14.505520629882813,7238.254794311523,target_rebalance,0.0
2008-09-01,CIPLA.NS,SELL,41,240.1999969482422,9848.19987487793,19.69639974975586,9828.503475128175,target_rebalance,0.0
2008-09-01,LUPIN.NS,SELL,34,146.60000610351562,4984.400207519531,9.968800415039063,4974.431407104492,target_rebalance,0.0
2008-09-01,HEROMOTOCO.NS,SELL,9,824.0,7416.0,14.832,7401.168,target_rebalance,0.0
2008-09-01,HINDUNILVR.NS,SELL,28,245.3999938964844,6871.199829101563,13.742399658203126,6857.4574294433605,target_rebalance,0.0
2008-09-01,DIVISLAB.NS,BUY,111,381.2374877929688,42317.36114501954,84.63472229003908,-42401.995867309575,target_rebalance,0.0
2008-09-01,UPL.NS,SELL,47,113.0,5311.0,10.622,5300.378,target_rebalance,0.0
2008-09-01,TITAN.NS,BUY,669,63.400001525878906,42414.60102081299,84.82920204162598,-42499.430222854615,target_rebalance,0.0
2008-09-01,INFY.NS,BUY,193,218.75,42218.75,84.4375,-42303.1875,target_rebalance,0.0
2008-10-01,GLENMARK.NS,SELL,67,499.8999938964844,33493.29959106445,66.98659918212891,33426.312991882325,rank_or_trend_exit,0.0
2008-10-01,RENUKA.NS,SELL,723,51.92499923706055,37541.774448394775,75.08354889678955,37466.69089949799,rank_or_trend_exit,0.0
2008-10-01,CHAMBLFERT.NS,SELL,589,55.70000076293945,32807.30044937134,65.61460089874268,32741.685848472596,rank_or_trend_exit,0.0
2008-10-01,LICHSGFIN.NS,SELL,648,57.0,36936.0,73.872,36862.128,rank_or_trend_exit,0.0
2008-10-01,TATACHEM.NS,SELL,292,101.4063720703125,29610.66064453125,59.2213212890625,29551.439323242186,rank_or_trend_exit,0.0
2008-10-01,UPL.NS,SELL,375,103.41666412353516,38781.24904632568,77.56249809265137,38703.68654823303,rank_or_trend_exit,0.0
2008-10-01,BALRAMCHIN.NS,SELL,465,81.25,37781.25,75.5625,37705.6875,rank_or_trend_exit,0.0
2008-10-01,DIVISLAB.NS,SELL,111,335.0,37185.0,74.37,37110.63,rank_or_trend_exit,0.0
2008-10-01,TITAN.NS,SELL,669,56.0,37464.0,74.928,37389.072,rank_or_trend_exit,0.0
2008-10-01,INFY.NS,SELL,193,178.125,34378.125,68.75625000000001,34309.36875,rank_or_trend_exit,0.0
2008-10-01,SUNPHARMA.NS,BUY,375,148.0500030517578,55518.75114440918,111.03750228881836,-55629.788646698,target_rebalance,0.0
2008-10-01,CIPLA.NS,BUY,251,230.0500030517578,57742.55076599121,115.48510153198242,-57858.03586752319,target_rebalance,0.0
2008-10-01,LUPIN.NS,BUY,388,145.1999969482422,56337.59881591797,112.67519763183594,-56450.2740135498,target_rebalance,0.0
2008-10-01,HEROMOTOCO.NS,BUY,60,880.0,52800.0,105.60000000000001,-52905.6,target_rebalance,0.0
2008-10-01,HINDUNILVR.NS,BUY,213,255.0,54315.0,108.63,-54423.63,target_rebalance,0.0
2008-10-01,ONGC.NS,BUY,554,177.39999389648438,98279.59661865234,196.5591932373047,-98476.15581188965,target_rebalance,0.0
2008-11-03,SUNPHARMA.NS,SELL,664,112.4000015258789,74633.6010131836,149.2672020263672,74484.33381115722,rank_or_trend_exit,0.0
2008-11-03,CIPLA.NS,SELL,427,180.0,76860.0,153.72,76706.28,rank_or_trend_exit,0.0
2008-11-03,HINDUNILVR.NS,SELL,385,225.3999938964844,86778.9976501465,173.55799530029302,86605.43965484621,rank_or_trend_exit,0.0
2008-11-03,HEROMOTOCO.NS,SELL,111,765.0,84915.0,169.83,84745.17,rank_or_trend_exit,0.0
2008-11-03,ONGC.NS,SELL,554,116.66666412353516,64633.33192443848,129.26666384887696,64504.0652605896,rank_or_trend_exit,0.0
2008-11-03,LUPIN.NS,BUY,1206,132.0,159192.0,318.384,-159510.384,target_rebalance,0.0
2008-11-03,TATACOMM.NS,BUY,843,294.9894714355469,248676.12442016602,497.35224884033204,-249173.47666900634,target_rebalance,0.0
2008-12-01,LUPIN.NS,SELL,1883,118.5999984741211,223323.79712677002,446.64759425354003,222877.1495325165,rank_or_trend_exit,0.0
2008-12-01,TATACOMM.NS,SELL,843,247.05599975585932,208268.2077941894,416.5364155883788,207851.67137860102,rank_or_trend_exit,0.0
2008-12-01,HINDUNILVR.NS,BUY,380,236.5,89870.0,179.74,-90049.74,target_rebalance,0.0
2008-12-01,HEROMOTOCO.NS,BUY,112,798.0,89376.0,178.752,-89554.752,target_rebalance,0.0
2008-12-01,BPCL.NS,BUY,3000,30.0,90000.0,180.0,-90180.0,target_rebalance,0.0
2008-12-01,UNIONBANK.NS,BUY,616,146.0,89936.0,179.872,-90115.872,target_rebalance,0.0
2008-12-01,HINDPETRO.NS,BUY,2542,35.407405853271484,90005.62567901611,180.01125135803224,-90185.63693037415,target_rebalance,0.0
2009-01-02,BPCL.NS,SELL,1497,30.41666603088379,45533.74904823303,91.06749809646607,45442.68155013656,target_rebalance,0.0
2009-01-02,HINDUNILVR.NS,SELL,198,251.0,49698.0,99.396,49598.604,target_rebalance,0.0
2009-01-02,HEROMOTOCO.NS,SELL,57,818.7999877929688,46671.59930419922,93.34319860839844,46578.25610559082,target_rebalance,0.0
2009-01-02,HINDPETRO.NS,SELL,1433,41.21481323242188,59060.827362060554,118.12165472412111,58942.705707336434,target_rebalance,0.0
2009-01-02,UNIONBANK.NS,SELL,335,162.5500030517578,54454.25102233887,108.90850204467773,54345.34252029419,target_rebalance,0.0
2009-01-02,PNB.NS,BUY,438,104.2300033569336,45652.741470336914,91.30548294067383,-45744.04695327759,target_rebalance,0.0
2009-01-02,BANKINDIA.NS,BUY,154,296.0,45584.0,91.168,-45675.168,target_rebalance,0.0
2009-01-02,TATACOMM.NS,BUY,144,315.94482421875,45496.0546875,90.992109375,-45587.046796875,target_rebalance,0.0
2009-01-02,BANKBARODA.NS,BUY,777,58.86000061035156,45734.220474243164,91.46844094848633,-45825.68891519165,target_rebalance,0.0
2009-01-02,NTPC.NS,BUY,299,152.5,45597.5,91.19500000000001,-45688.695,target_rebalance,0.0
2009-01-02,IOC.NS,BUY,1279,35.75,45724.25,91.4485,-45815.6985,target_rebalance,0.0
2009-02-02,PNB.NS,SELL,438,81.0,35478.0,70.956,35407.044,rank_or_trend_exit,0.0
2009-02-02,BANKINDIA.NS,SELL,154,248.0,38192.0,76.384,38115.616,rank_or_trend_exit,0.0
2009-02-02,BANKBARODA.NS,SELL,777,48.36000061035156,37575.720474243164,75.15144094848633,37500.569033294676,rank_or_trend_exit,0.0
2009-02-02,HEROMOTOCO.NS,BUY,7,878.0,6146.0,12.292,-6158.292,target_rebalance,0.0
2009-02-02,BPCL.NS,BUY,220,32.03333282470703,7047.333221435547,14.094666442871095,-7061.427887878418,target_rebalance,0.0
2009-02-02,HINDUNILVR.NS,BUY,31,259.0,8029.0,16.058,-8045.058,target_rebalance,0.0
2009-02-02,HINDPETRO.NS,BUY,198,42.22222137451172,8359.99983215332,16.71999966430664,-8376.719831817627,target_rebalance,0.0
2009-02-02,NTPC.NS,BUY,52,157.0833282470703,8168.333068847656,16.336666137695314,-8184.669734985351,target_rebalance,0.0
2009-02-02,UNIONBANK.NS,BUY,107,142.0500030517578,15199.350326538086,30.398700653076173,-15229.749027191163,target_rebalance,0.0
2009-02-02,IOC.NS,BUY,199,37.33333206176758,7429.333080291748,14.858666160583496,-7444.191746452331,target_rebalance,0.0
2009-02-02,TATACOMM.NS,BUY,53,279.3117370605469,14803.522064208984,29.607044128417968,-14833.129108337402,target_rebalance,0.0
2009-02-02,POWERGRID.NS,BUY,1115,49.5000114440918,55192.51276016235,110.3850255203247,-55302.897785682675,target_rebalance,0.0
2009-03-02,UNIONBANK.NS,SELL,388,121.3499984741211,47083.799407958984,94.16759881591797,46989.631809143066,rank_or_trend_exit,0.0
2009-03-02,TATACOMM.NS,SELL,197,251.0608062744141,49458.97883605958,98.91795767211916,49360.060878387456,rank_or_trend_exit,0.0
2009-03-02,HINDUNILVR.NS,BUY,10,248.1000061035156,2481.000061035156,4.962000122070312,-2485.962061157226,target_rebalance,0.0
2009-03-02,HEROMOTOCO.NS,SELL,3,932.0,2796.0,5.5920000000000005,2790.408,target_rebalance,0.0
2009-03-02,HINDPETRO.NS,BUY,15,42.0,630.0,1.26,-631.26,target_rebalance,0.0
2009-03-02,POWERGRID.NS,SELL,42,51.7500114440918,2173.5004806518555,4.347000961303711,2169.1534796905516,target_rebalance,0.0
2009-03-02,NTPC.NS,BUY,15,151.6666717529297,2275.0000762939453,4.550000152587891,-2279.5500764465332,target_rebalance,0.0
2009-03-02,BPCL.NS,BUY,76,30.875,2346.5,4.6930000000000005,-2351.193,target_rebalance,0.0
2009-03-02,ITC.NS,BUY,955,58.12798309326172,55512.22385406494,111.02444770812988,-55623.24830177307,target_rebalance,0.0
2009-03-02,IOC.NS,BUY,68,35.92499923706055,2442.899948120117,4.8857998962402345,-2447.7857480163575,target_rebalance,0.0
2009-03-02,MARUTI.NS,BUY,79,698.7000122070312,55197.30096435547,110.39460192871094,-55307.69556628418,target_rebalance,0.0
2009-04-01,HINDUNILVR.NS,SELL,223,235.0,52405.0,104.81,52300.19,rank_or_trend_exit,0.0
2009-04-01,IOC.NS,SELL,1546,33.24583435058594,51398.05990600586,102.79611981201172,51295.26378619385,rank_or_trend_exit,0.0
2009-04-01,HEROMOTOCO.NS,SELL,27,1075.0,29025.0,58.050000000000004,28966.95,target_rebalance,0.0
2009-04-01,CIPLA.NS,BUY,162,218.5,35397.0,70.794,-35467.794,target_rebalance,0.0
2009-04-01,TATACOMM.NS,BUY,108,325.1962280273437,35121.19262695312,70.24238525390624,-35191.435012207025,target_rebalance,0.0
2009-04-01,POWERGRID.NS,SELL,443,56.19376373291016,24893.837333679203,49.78767466735841,24844.049659011846,target_rebalance,0.0
2009-04-01,LUPIN.NS,BUY,258,136.97999572753906,35340.83889770508,70.68167779541015,-35411.520575500486,target_rebalance,0.0
2009-04-01,HINDPETRO.NS,SELL,432,39.77037048339844,17180.800048828125,34.36160009765625,17146.43844873047,target_rebalance,0.0
2009-04-01,UNIONBANK.NS,BUY,251,140.89999389648438,35365.89846801758,70.73179693603515,-35436.630264953616,target_rebalance,0.0
2009-04-01,ITC.NS,SELL,359,59.411869049072266,21328.860988616943,42.65772197723389,21286.20326663971,target_rebalance,0.0
2009-04-01,NTPC.NS,SELL,131,150.4166717529297,19704.58399963379,39.40916799926758,19665.174831634522,target_rebalance,0.0
2009-04-01,MARUTI.NS,SELL,34,780.0,26520.0,53.04,26466.96,target_rebalance,0.0
2009-04-01,BPCL.NS,SELL,681,31.66666603088379,21564.99956703186,43.12999913406372,21521.869567897797,target_rebalance,0.0
2009-04-01,GAIL.NS,BUY,759,46.63127136230469,35393.13496398926,70.78626992797852,-35463.92123391724,target_rebalance,0.0
2009-04-01,ACC.NS,BUY,61,576.7999877929688,35184.799255371094,70.3695985107422,-35255.168853881834,target_rebalance,0.0
2009-04-01,BHEL.NS,BUY,174,202.6666717529297,35264.000885009766,70.52800177001953,-35334.528886779786,target_rebalance,0.0
2009-04-01,RENUKA.NS,BUY,787,45.0,35415.0,70.83,-35485.83,target_rebalance,0.0
2009-05-04,POWERGRID.NS,SELL,630,53.3531379699707,33612.47692108154,67.22495384216309,33545.25196723938,rank_or_trend_exit,0.0
2009-05-04,ITC.NS,SELL,596,61.016727447509766,36365.96955871582,72.73193911743164,36293.23761959839,rank_or_trend_exit,0.0
2009-05-04,GAIL.NS,SELL,759,48.7500228881836,37001.267372131355,74.00253474426272,36927.26483738709,rank_or_trend_exit,0.0
2009-05-04,ACC.NS,SELL,61,660.0,40260.0,80.52,40179.48,rank_or_trend_exit,0.0
2009-05-04,BHEL.NS,SELL,174,227.15333557128903,39524.68038940429,79.04936077880858,39445.63102862548,rank_or_trend_exit,0.0
2009-05-04,LICHSGFIN.NS,BUY,529,74.30999755859375,39309.988708496094,78.61997741699219,-39388.60868591309,target_rebalance,0.0
2009-05-04,HINDPETRO.NS,BUY,75,40.74074172973633,3055.5556297302246,6.11111125946045,-3061.666740989685,target_rebalance,0.0
2009-05-04,CIPLA.NS,SELL,1,243.0500030517578,243.0500030517578,0.4861000061035156,242.56390304565429,target_rebalance,0.0
2009-05-04,LUPIN.NS,BUY,11,146.0,1606.0,3.212,-1609.212,target_rebalance,0.0
2009-05-04,TATACOMM.NS,BUY,2,356.95526123046875,713.9105224609375,1.4278210449218751,-715.3383435058594,target_rebalance,0.0
2009-05-04,MARUTI.NS,BUY,2,821.3499755859375,1642.699951171875,3.28539990234375,-1645.9853510742187,target_rebalance,0.0
2009-05-04,PFC.NS,BUY,618,63.59999847412109,39304.79905700683,78.60959811401366,-39383.408655120846,target_rebalance,0.0
2009-05-04,UNIONBANK.NS,SELL,10,162.9499969482422,1629.4999694824219,3.258999938964844,1626.2409695434571,target_rebalance,0.0
2009-05-04,INFY.NS,BUY,207,190.0124969482422,39332.58686828613,78.66517373657227,-39411.25204202271,target_rebalance,0.0
2009-05-04,BANKBARODA.NS,BUY,596,65.9800033569336,39324.08200073242,78.64816400146485,-39402.73016473389,target_rebalance,0.0
2009-05-04,NTPC.NS,BUY,10,160.0,1600.0,3.2,-1603.2,target_rebalance,0.0
2009-05-04,RENUKA.NS,SELL,31,52.0,1612.0,3.224,1608.776,target_rebalance,0.0
2009-05-04,IOC.NS,BUY,1060,37.08333206176758,39308.33198547363,78.61666397094727,-39386.94864944458,target_rebalance,0.0
2009-05-04,BPCL.NS,BUY,110,32.02083206176758,3522.2915267944336,7.044583053588867,-3529.3361098480223,target_rebalance,0.0
2009-06-01,BPCL.NS,SELL,1228,39.58333206176758,48608.331771850586,97.21666354370117,48511.11510830688,rank_or_trend_exit,0.0
2009-06-01,NTPC.NS,SELL,245,182.3333282470703,44671.66542053223,89.34333084106446,44582.32208969116,rank_or_trend_exit,0.0
2009-06-01,CIPLA.NS,SELL,161,225.0,36225.0,72.45,36152.55,rank_or_trend_exit,0.0
2009-06-01,TATACOMM.NS,SELL,110,327.8350524902344,36061.85577392578,72.12371154785157,35989.73206237793,rank_or_trend_exit,0.0
2009-06-01,UNIONBANK.NS,SELL,241,196.0,47236.0,94.47200000000001,47141.528,rank_or_trend_exit,0.0
2009-06-01,RENUKA.NS,SELL,756,64.8499984741211,49026.59884643555,98.0531976928711,48928.54564874268,rank_or_trend_exit,0.0
2009-06-01,INFY.NS,SELL,207,201.9187469482422,41797.18061828613,83.59436123657227,41713.58625704956,rank_or_trend_exit,0.0
2009-06-01,LICHSGFIN.NS,SELL,73,106.0,7738.0,15.476,7722.524,target_rebalance,0.0
2009-06-01,HEROMOTOCO.NS,BUY,3,1350.5,4051.5,8.103,-4059.603,target_rebalance,0.0
2009-06-01,MPHASIS.NS,BUY,143,338.0,48334.0,96.668,-48430.668,target_rebalance,0.0
2009-06-01,PFC.NS,SELL,9,79.4000015258789,714.6000137329102,1.4292000274658203,713.1708137054443,target_rebalance,0.0
2009-06-01,CGPOWER.NS,BUY,932,51.86875534057617,48341.67997741699,96.68335995483399,-48438.363337371826,target_rebalance,0.0
2009-06-01,HINDPETRO.NS,SELL,71,54.07407379150391,3839.259239196778,7.678518478393555,3831.5807207183843,target_rebalance,0.0
2009-06-01,BANKBARODA.NS,SELL,55,89.4000015258789,4917.00008392334,9.83400016784668,4907.166083755493,target_rebalance,0.0
2009-06-01,IOC.NS,SELL,118,51.33333206176758,6057.333183288574,12.114666366577149,6045.218516921997,target_rebalance,0.0
2009-06-01,ACC.NS,BUY,61,790.0,48190.0,96.38,-48286.38,target_rebalance,0.0
2009-06-01,SAIL.NS,BUY,278,173.5,48233.0,96.46600000000001,-48329.466,target_rebalance,0.0
2009-06-01,IIFL.NS,BUY,570,84.87625122070312,48379.46319580078,96.75892639160156,-48476.22212219238,target_rebalance,0.0
2009-06-01,LUPIN.NS,BUY,22,166.0,3652.0,7.304,-3659.304,target_rebalance,0.0
2009-06-01,NLCINDIA.NS,BUY,336,143.89999389648438,48350.39794921875,96.7007958984375,-48447.09874511719,target_rebalance,0.0
2009-06-01,BHEL.NS,BUY,170,284.61334228515625,48384.26818847656,96.76853637695312,-48481.03672485352,target_rebalance,0.0
2009-07-01,HINDPETRO.NS,SELL,894,44.518516540527344,39799.553787231445,79.59910757446289,39719.954679656985,rank_or_trend_exit,0.0
2009-07-01,LUPIN.NS,SELL,291,164.1999969482422,47782.19911193848,95.56439822387695,47686.6347137146,rank_or_trend_exit,0.0
2009-07-01,IOC.NS,SELL,942,44.58333206176758,41997.49880218506,83.99499760437011,41913.50380458069,rank_or_trend_exit,0.0
2009-07-01,CGPOWER.NS,SELL,932,58.005897521972656,54061.496490478516,108.12299298095704,53953.37349749756,rank_or_trend_exit,0.0
2009-07-01,ACC.NS,SELL,61,765.0,46665.0,93.33,46571.67,rank_or_trend_exit,0.0
2009-07-01,SAIL.NS,SELL,278,152.39999389648438,42367.198303222656,84.73439660644532,42282.46390661621,rank_or_trend_exit,0.0
2009-07-01,IIFL.NS,SELL,570,66.49540710449219,37902.38204956055,75.8047640991211,37826.577285461426,rank_or_trend_exit,0.0
2009-07-01,NLCINDIA.NS,SELL,336,122.1999969482422,41059.19897460938,82.11839794921876,40977.08057666016,rank_or_trend_exit,0.0
2009-07-01,BHEL.NS,SELL,170,297.20001220703125,50524.00207519531,101.04800415039062,50422.95407104492,rank_or_trend_exit,0.0
2009-07-01,LICHSGFIN.NS,SELL,63,124.0,7812.0,15.624,7796.376,target_rebalance,0.0
2009-07-01,BAJAJ-AUTO.NS,BUY,98,495.2999877929688,48539.398803710945,97.07879760742189,-48636.477601318365,target_rebalance,0.0
2009-07-01,RECLTD.NS,BUY,800,60.900001525878906,48720.001220703125,97.44000244140625,-48817.44122314453,target_rebalance,0.0
2009-07-01,MPHASIS.NS,SELL,19,393.0,7467.0,14.934000000000001,7452.066,target_rebalance,0.0
2009-07-01,TORNTPOWER.NS,BUY,289,168.5,48696.5,97.393,-48793.893,target_rebalance,0.0
2009-07-01,AUROPHARMA.NS,BUY,1031,47.29999923706055,48766.299213409424,97.53259842681885,-48863.831811836244,target_rebalance,0.0
2009-07-01,RENUKA.NS,BUY,684,71.25,48735.0,97.47,-48832.47,target_rebalance,0.0
2009-07-01,BANKBARODA.NS,SELL,2,90.4000015258789,180.8000030517578,0.3616000061035156,180.4384030456543,target_rebalance,0.0
2009-07-01,HEROMOTOCO.NS,SELL,1,1402.0,1402.0,2.8040000000000003,1399.196,target_rebalance,0.0
2009-07-01,MARUTI.NS,SELL,2,1078.0,2156.0,4.312,2151.688,target_rebalance,0.0
2009-07-01,PFC.NS,BUY,16,78.04000091552734,1248.6400146484375,2.497280029296875,-1251.1372946777344,target_rebalance,0.0
2009-07-01,UNIONBANK.NS,BUY,200,243.0,48600.0,97.2,-48697.2,target_rebalance,0.0
2009-07-01,COLPAL.NS,BUY,159,305.5,48574.5,97.149,-48671.649,target_rebalance,0.0
2009-07-01,CENTRALBK.NS,BUY,610,79.95780944824219,48774.263763427734,97.54852752685547,-48871.81229095459,target_rebalance,0.0
2009-07-01,BALRAMCHIN.NS,BUY,455,107.0,48685.0,97.37,-48782.37,target_rebalance,0.0
2009-08-03,PFC.NS,SELL,625,94.0,58750.0,117.5,58632.5,rank_or_trend_exit,0.0
2009-08-03,BANKBARODA.NS,SELL,539,88.55999755859375,47733.83868408203,95.46767736816406,47638.37100671387,rank_or_trend_exit,0.0
2009-08-03,RENUKA.NS,SELL,684,84.25,57627.0,115.254,57511.746,rank_or_trend_exit,0.0
2009-08-03,UNIONBANK.NS,SELL,200,234.0,46800.0,93.60000000000001,46706.4,rank_or_trend_exit,0.0
2009-08-03,COLPAL.NS,SELL,159,335.0,53265.0,106.53,53158.47,rank_or_trend_exit,0.0
2009-08-03,BALRAMCHIN.NS,SELL,455,119.75,54486.25,108.9725,54377.2775,rank_or_trend_exit,0.0
2009-08-03,LICHSGFIN.NS,BUY,75,123.4000015258789,9255.000114440918,18.510000228881836,-9273.5101146698,target_rebalance,0.0
2009-08-03,TVSMOTOR.NS,BUY,1940,29.799999237060547,57811.99851989746,115.62399703979493,-57927.622516937256,target_rebalance,0.0
2009-08-03,RECLTD.NS,SELL,44,76.42500305175781,3362.7001342773438,6.725400268554687,3355.9747340087893,target_rebalance,0.0
2009-08-03,MPHASIS.NS,SELL,4,480.0,1920.0,3.84,1916.16,target_rebalance,0.0
2009-08-03,AUROPHARMA.NS,SELL,83,61.0,5063.0,10.126,5052.874,target_rebalance,0.0
2009-08-03,TORNTPOWER.NS,SELL,30,222.5,6675.0,13.35,6661.65,target_rebalance,0.0
2009-08-03,BAJAJ-AUTO.NS,SELL,4,612.8250122070312,2451.300048828125,4.90260009765625,2446.3974487304686,target_rebalance,0.0
2009-08-03,MARUTI.NS,SELL,5,1411.0,7055.0,14.11,7040.89,target_rebalance,0.0
2009-08-03,CENTRALBK.NS,BUY,50,87.61334228515625,4380.6671142578125,8.761334228515626,-4389.428448486328,target_rebalance,0.0
2009-08-03,VEDL.NS,BUY,238,242.0500030517578,57607.90072631836,115.21580145263673,-57723.116527770995,target_rebalance,0.0
2009-08-03,BEML.NS,BUY,128,448.4674987792969,57403.83984375,114.8076796875,-57518.6475234375,target_rebalance,0.0
2009-08-03,M&M.NS,BUY,263,219.1625061035156,57639.7391052246,115.27947821044921,-57755.01858343505,target_rebalance,0.0
2009-08-03,HEROMOTOCO.NS,BUY,1,1615.0,1615.0,3.23,-1618.23,target_rebalance,0.0
2009-08-03,INDUSINDBK.NS,BUY,662,87.25,57759.5,115.519,-57875.019,target_rebalance,0.0
2009-08-03,JINDALSTEL.NS,BUY,117,492.1666564941406,57583.49880981445,115.16699761962892,-57698.66580743408,target_rebalance,0.0
2009-09-01,HEROMOTOCO.NS,SELL,35,1519.8499755859375,53194.74914550781,106.38949829101563,53088.3596472168,rank_or_trend_exit,0.0
2009-09-01,CENTRALBK.NS,SELL,660,86.76272583007812,57263.39904785156,114.52679809570313,57148.87224975586,rank_or_trend_exit,0.0
2009-09-01,VEDL.NS,SELL,238,215.1000061035156,51193.80145263671,102.38760290527343,51091.41384973144,rank_or_trend_exit,0.0
2009-09-01,AUROPHARMA.NS,SELL,91,71.0,6461.0,12.922,6448.078,target_rebalance,0.0
2009-09-01,MPHASIS.NS,SELL,18,596.0999755859375,10729.799560546875,21.45959912109375,10708.339961425781,target_rebalance,0.0
2009-09-01,RECLTD.NS,SELL,31,83.9625015258789,2602.837547302246,5.2056750946044925,2597.6318722076417,target_rebalance,0.0
2009-09-01,LICHSGFIN.NS,BUY,2,129.4199981689453,258.8399963378906,0.5176799926757812,-259.3576763305664,target_rebalance,0.0
2009-09-01,TORNTPOWER.NS,BUY,5,229.8500061035156,1149.250030517578,2.298500061035156,-1151.548530578613,target_rebalance,0.0
2009-09-01,INDUSINDBK.NS,SELL,76,103.8000030517578,7888.800231933593,15.777600463867186,7873.022631469726,target_rebalance,0.0
2009-09-01,BAJAJ-AUTO.NS,BUY,5,610.5,3052.5,6.105,-3058.605,target_rebalance,0.0
2009-09-01,JINDALSTEL.NS,SELL,3,531.5833129882812,1594.7499389648438,3.1894998779296877,1591.5604390869141,target_rebalance,0.0
2009-09-01,MARUTI.NS,BUY,2,1447.0,2894.0,5.788,-2899.788,target_rebalance,0.0
2009-09-01,PRSMJOHNSN.NS,BUY,1068,57.0,60876.0,121.75200000000001,-60997.752,target_rebalance,0.0
2009-09-01,BEML.NS,BUY,12,432.8869323730469,5194.6431884765625,10.389286376953125,-5205.032474853516,target_rebalance,0.0
2009-09-01,BANKBARODA.NS,BUY,701,86.80000305175781,60846.80213928223,121.69360427856445,-60968.495743560794,target_rebalance,0.0
2009-09-01,RENUKA.NS,BUY,610,99.8000030517578,60878.00186157226,121.75600372314452,-60999.7578652954,target_rebalance,0.0
2009-09-01,TVSMOTOR.NS,BUY,550,24.450000762939453,13447.5004196167,26.8950008392334,-13474.395420455932,target_rebalance,0.0
2009-09-01,M&M.NS,BUY,18,216.2624969482422,3892.7249450683594,7.785449890136719,-3900.510394958496,target_rebalance,0.0
2009-10-01,RECLTD.NS,SELL,725,76.01249694824219,55109.060287475586,110.21812057495117,54998.842166900635,rank_or_trend_exit,0.0
2009-10-01,BEML.NS,SELL,140,448.5096130371094,62791.34582519531,125.58269165039063,62665.76313354492,rank_or_trend_exit,0.0
2009-10-01,M&M.NS,SELL,281,223.0,62663.0,125.32600000000001,62537.674,rank_or_trend_exit,0.0
2009-10-01,BANKBARODA.NS,SELL,701,95.22000122070312,66749.22085571289,133.49844171142578,66615.72241400146,rank_or_trend_exit,0.0
2009-10-01,RENUKA.NS,SELL,610,97.6999969482422,59596.99813842774,119.19399627685549,59477.80414215089,rank_or_trend_exit,0.0
2009-10-01,TORNTPOWER.NS,SELL,48,318.54998779296875,15290.3994140625,30.580798828125,15259.818615234375,target_rebalance,0.0
2009-10-01,CENTRALBK.NS,BUY,507,136.09840393066406,69001.89079284668,138.00378158569336,-69139.89457443237,target_rebalance,0.0
2009-10-01,AUROPHARMA.NS,BUY,28,78.08000183105469,2186.2400512695312,4.372480102539063,-2190.6125313720704,target_rebalance,0.0
2009-10-01,MPHASIS.NS,BUY,2,660.0,1320.0,2.64,-1322.64,target_rebalance,0.0
2009-10-01,LICHSGFIN.NS,SELL,24,154.9499969482422,3718.7999267578125,7.437599853515625,3711.362326904297,target_rebalance,0.0
2009-10-01,INDUSINDBK.NS,BUY,9,116.0,1044.0,2.088,-1046.088,target_rebalance,0.0
2009-10-01,TVSMOTOR.NS,SELL,312,31.725000381469727,9898.200119018555,19.79640023803711,9878.403718780517,target_rebalance,0.0
2009-10-01,JINDALSTEL.NS,BUY,3,590.0,1770.0,3.54,-1773.54,target_rebalance,0.0
2009-10-01,NATCOPHARM.NS,BUY,2514,27.479999542236328,69084.71884918213,138.16943769836425,-69222.8882868805,target_rebalance,0.0
2009-10-01,BAJAJ-AUTO.NS,SELL,8,752.5,6020.0,12.040000000000001,6007.96,target_rebalance,0.0
2009-10-01,MRF.NS,BUY,12,5700.0,68400.0,136.8,-68536.8,target_rebalance,0.0
2009-10-01,VEDL.NS,BUY,259,266.0,68894.0,137.788,-69031.788,target_rebalance,0.0
2009-10-01,RAJESHEXPO.NS,BUY,940,73.5,69090.0,138.18,-69228.18,target_rebalance,0.0
2009-10-01,PRSMJOHNSN.NS,BUY,223,53.5,11930.5,23.861,-11954.361,target_rebalance,0.0
2009-10-01,MARUTI.NS,SELL,2,1715.0,3430.0,6.86,3423.14,target_rebalance,0.0
2009-11-03,MARUTI.NS,SELL,40,1403.0,56120.0,112.24000000000001,56007.76,rank_or_trend_exit,0.0
2009-11-03,BAJAJ-AUTO.NS,SELL,91,739.0,67249.0,134.498,67114.502,rank_or_trend_exit,0.0
2009-11-03,TVSMOTOR.NS,SELL,2178,27.5,59895.0,119.79,59775.21,rank_or_trend_exit,0.0
2009-11-03,PRSMJOHNSN.NS,SELL,1291,39.75,51317.25,102.6345,51214.6155,rank_or_trend_exit,0.0
2009-11-03,NATCOPHARM.NS,SELL,2514,22.13999938964844,55659.95846557618,111.31991693115236,55548.63854864502,rank_or_trend_exit,0.0
2009-11-03,MRF.NS,SELL,12,5250.0,63000.0,126.0,62874.0,rank_or_trend_exit,0.0
2009-11-03,AUROPHARMA.NS,SELL,16,75.9000015258789,1214.4000244140625,2.428800048828125,1211.9712243652343,target_rebalance,0.0
2009-11-03,MPHASIS.NS,SELL,7,677.75,4744.25,9.4885,4734.7615,target_rebalance,0.0
2009-11-03,OFSS.NS,BUY,31,2124.0,65844.0,131.68800000000002,-65975.688,target_rebalance,0.0
2009-11-03,TORNTPOWER.NS,BUY,16,284.0,4544.0,9.088000000000001,-4553.088,target_rebalance,0.0
2009-11-03,CENTRALBK.NS,BUY,70,114.3226547241211,8002.585830688477,16.005171661376952,-8018.591002349854,target_rebalance,0.0
2009-11-03,JINDALSTEL.NS,SELL,13,632.2000122070312,8218.600158691406,16.437200317382814,8202.162958374023,target_rebalance,0.0
2009-11-03,VEDL.NS,SELL,43,304.45001220703125,13091.350524902344,26.182701049804688,13065.167823852538,target_rebalance,0.0
2009-11-03,RAJESHEXPO.NS,SELL,60,75.0,4500.0,9.0,4491.0,target_rebalance,0.0
2009-11-03,YESBANK.NS,BUY,1389,47.52999877929688,66019.16830444337,132.03833660888674,-66151.20664105227,target_rebalance,0.0
2009-11-03,INDUSINDBK.NS,SELL,35,117.6999969482422,4119.4998931884775,8.238999786376954,4111.260893402101,target_rebalance,0.0
2009-11-03,LICHSGFIN.NS,BUY,7,145.74000549316406,1020.1800384521484,2.040360076904297,-1022.2203985290528,target_rebalance,0.0
2009-11-03,NCC.NS,BUY,738,89.39014434814453,65969.92652893066,131.93985305786134,-66101.86638198853,target_rebalance,0.0
2009-11-03,TECHM.NS,BUY,284,232.25,65959.0,131.918,-66090.918,target_rebalance,0.0
2009-11-03,JSWSTEEL.NS,BUY,877,75.19999694824219,65950.3973236084,131.9007946472168,-66082.29811825561,target_rebalance,0.0
2009-11-03,RECLTD.NS,BUY,875,75.44999694824219,66018.74732971191,132.03749465942383,-66150.78482437134,target_rebalance,0.0
2009-12-01,INDUSINDBK.NS,SELL,560,123.1999969482422,68991.99829101564,137.9839965820313,68854.01429443361,rank_or_trend_exit,0.0
2009-12-01,RAJESHEXPO.NS,SELL,880,77.0999984741211,67847.99865722656,135.69599731445314,67712.30265991211,rank_or_trend_exit,0.0
2009-12-01,NCC.NS,SELL,738,96.52054595947266,71232.16291809082,142.46432583618164,71089.69859225464,rank_or_trend_exit,0.0
2009-12-01,TECHM.NS,SELL,284,233.75,66385.0,132.77,66252.23,rank_or_trend_exit,0.0
2009-12-01,AUROPHARMA.NS,BUY,2,86.29000091552734,172.5800018310547,0.34516000366210936,-172.9251618347168,target_rebalance,0.0
2009-12-01,VEDL.NS,SELL,16,376.0,6016.0,12.032,6003.968,target_rebalance,0.0
2009-12-01,JINDALSTEL.NS,BUY,3,699.9500122070312,2099.8500366210938,4.199700073242187,-2104.049736694336,target_rebalance,0.0
2009-12-01,OFSS.NS,BUY,3,2160.0,6480.0,12.96,-6492.96,target_rebalance,0.0
2009-12-01,CENTRALBK.NS,BUY,9,128.35780334472656,1155.220230102539,2.3104404602050783,-1157.530670562744,target_rebalance,0.0
2009-12-01,MPHASIS.NS,BUY,12,687.0,8244.0,16.488,-8260.488,target_rebalance,0.0
2009-12-01,RENUKA.NS,BUY,667,112.75,75204.25,150.4085,-75354.6585,target_rebalance,0.0
2009-12-01,LICHSGFIN.NS,SELL,18,172.60000610351562,3106.8001098632812,6.213600219726563,3100.5865096435546,target_rebalance,0.0
2009-12-01,BAJAJ-AUTO.NS,BUY,94,796.0,74824.0,149.648,-74973.648,target_rebalance,0.0
2009-12-01,JSWSTEEL.NS,SELL,156,104.26000213623048,16264.560333251955,32.529120666503914,16232.03121258545,target_rebalance,0.0
2009-12-01,YESBANK.NS,BUY,88,50.93999862670898,4482.71987915039,8.96543975830078,-4491.6853189086905,target_rebalance,0.0
2009-12-01,RECLTD.NS,SELL,73,93.75,6843.75,13.6875,6830.0625,target_rebalance,0.0
2009-12-01,HINDZINC.NS,BUY,619,121.5,75208.5,150.417,-75358.917,target_rebalance,0.0
2009-12-01,ASHOKLEY.NS,BUY,5765,13.050000190734863,75233.25109958649,150.46650219917296,-75383.71760178565,target_rebalance,0.0
2010-01-04,LICHSGFIN.NS,SELL,435,163.39999389648438,71078.9973449707,142.1579946899414,70936.83935028076,rank_or_trend_exit,0.0
2010-01-04,YESBANK.NS,SELL,1477,53.7599983215332,79403.51752090454,158.8070350418091,79244.71048586273,rank_or_trend_exit,0.0
2010-01-04,RECLTD.NS,SELL,802,91.8375015258789,73653.67622375488,147.30735244750977,73506.36887130738,rank_or_trend_exit,0.0
2010-01-04,RENUKA.NS,SELL,667,111.5,74370.5,148.741,74221.759,rank_or_trend_exit,0.0
2010-01-04,ASHOKLEY.NS,SELL,5765,12.462499618530272,71846.31030082701,143.69262060165403,71702.61768022536,rank_or_trend_exit,0.0
2010-01-04,VEDL.NS,SELL,10,411.1000061035156,4111.000061035156,8.222000122070312,4102.778060913086,target_rebalance,0.0
2010-01-04,AUROPHARMA.NS,SELL,14,91.5,1281.0,2.562,1278.438,target_rebalance,0.0
2010-01-04,MPHASIS.NS,SELL,2,728.0,1456.0,2.912,1453.088,target_rebalance,0.0
2010-01-04,BSOFT.NS,BUY,2011,39.00740432739258,78443.89010238647,156.88778020477295,-78600.77788259125,target_rebalance,0.0
2010-01-04,TORNTPOWER.NS,BUY,12,321.0,3852.0,7.704,-3859.704,target_rebalance,0.0
2010-01-04,OFSS.NS,SELL,1,2325.0,2325.0,4.65,2320.35,target_rebalance,0.0
2010-01-04,BAJAJ-AUTO.NS,SELL,6,882.5,5295.0,10.59,5284.41,target_rebalance,0.0
2010-01-04,JINDALSAW.NS,BUY,833,94.1999969482422,78468.59745788576,156.93719491577153,-78625.53465280152,target_rebalance,0.0
2010-01-04,HAVELLS.NS,BUY,1509,52.0,78468.0,156.936,-78624.936,target_rebalance,0.0
2010-01-04,JINDALSTEL.NS,BUY,3,710.5499877929688,2131.6499633789062,4.263299926757813,-2135.9132633056643,target_rebalance,0.0
2010-01-04,CENTRALBK.NS,SELL,27,140.35147094726562,3789.489715576172,7.5789794311523435,3781.9107361450197,target_rebalance,0.0
2010-01-04,JSWSTEEL.NS,BUY,48,102.0,4896.0,9.792,-4905.792,target_rebalance,0.0
2010-01-04,HINDZINC.NS,BUY,26,121.66000366210938,3163.1600952148438,6.326320190429688,-3169.4864154052734,target_rebalance,0.0
2010-01-04,PATANJALI.NS,BUY,25,3123.333251953125,78083.33129882812,156.16666259765626,-78239.49796142578,target_rebalance,0.0
2010-01-04,RAJESHEXPO.NS,BUY,867,90.5,78463.5,156.927,-78620.427,target_rebalance,0.0
2010-02-01,JINDALSTEL.NS,SELL,110,623.2999877929688,68562.99865722656,137.12599731445312,68425.87265991211,rank_or_trend_exit,0.0
2010-02-01,CENTRALBK.NS,SELL,559,127.80490112304688,71442.9397277832,142.8858794555664,71300.05384832763,rank_or_trend_exit,0.0
2010-02-01,BAJAJ-AUTO.NS,SELL,88,873.8499755859375,76898.7978515625,153.797595703125,76745.00025585937,rank_or_trend_exit,0.0
2010-02-01,HINDZINC.NS,SELL,645,110.50499725341795,71275.72322845458,142.55144645690916,71133.17178199766,rank_or_trend_exit,0.0
2010-02-01,PATANJALI.NS,SELL,25,2886.666748046875,72166.66870117188,144.33333740234374,72022.33536376953,rank_or_trend_exit,0.0
2010-02-01,BSOFT.NS,BUY,142,34.59381484985352,4912.3217086792,9.8246434173584,-4922.146352096558,target_rebalance,0.0
2010-02-01,STLTECH.NS,BUY,929,80.19999694824219,74505.79716491699,149.011594329834,-74654.80875924682,target_rebalance,0.0
2010-02-01,ENGINERSIN.NS,BUY,420,177.0833282470703,74374.99786376953,148.74999572753907,-74523.74785949707,target_rebalance,0.0
2010-02-01,AUROPHARMA.NS,BUY,14,85.5,1197.0,2.394,-1199.394,target_rebalance,0.0
2010-02-01,OFSS.NS,BUY,1,2160.0,2160.0,4.32,-2164.32,target_rebalance,0.0
2010-02-01,HAVELLS.NS,SELL,166,55.470001220703125,9208.020202636719,18.41604040527344,9189.604162231446,target_rebalance,0.0
2010-02-01,RAJESHEXPO.NS,SELL,85,95.1999969482422,8091.999740600587,16.183999481201173,8075.815741119386,target_rebalance,0.0
2010-02-01,MPHASIS.NS,BUY,6,657.25,3943.5,7.8870000000000005,-3951.387,target_rebalance,0.0
2010-02-01,JSWSTEEL.NS,BUY,2,96.5500030517578,193.1000061035156,0.3862000122070312,-193.48620611572264,target_rebalance,0.0
2010-02-01,JINDALSAW.NS,BUY,13,88.0,1144.0,2.2880000000000003,-1146.288,target_rebalance,0.0
2010-02-01,VEDL.NS,BUY,26,343.70001220703125,8936.200317382812,17.872400634765626,-8954.072718017578,target_rebalance,0.0
2010-02-01,INDUSINDBK.NS,BUY,504,147.6999969482422,74440.79846191406,148.88159692382814,-74589.6800588379,target_rebalance,0.0
2010-02-01,TVSMOTOR.NS,BUY,2041,36.5,74496.5,148.993,-74645.493,target_rebalance,0.0
2010-02-01,TORNTPOWER.NS,BUY,13,289.70001220703125,3766.1001586914062,7.532200317382813,-3773.632359008789,target_rebalance,0.0
2010-02-01,THERMAX.NS,BUY,117,635.0,74295.0,148.59,-74443.59,target_rebalance,0.0
2010-03-02,MPHASIS.NS,SELL,113,670.0,75710.0,151.42000000000002,75558.58,rank_or_trend_exit,0.0
2010-03-02,TORNTPOWER.NS,SELL,257,298.75,76778.75,153.5575,76625.1925,rank_or_trend_exit,0.0
2010-03-02,OFSS.NS,SELL,34,2216.0,75344.0,150.68800000000002,75193.312,rank_or_trend_exit,0.0
2010-03-02,BSOFT.NS,SELL,2153,33.35055160522461,71803.73760604858,143.60747521209717,71660.1301308365,rank_or_trend_exit,0.0
2010-03-02,ENGINERSIN.NS,SELL,420,161.8333282470703,67969.99786376953,135.93999572753907,67834.05786804199,rank_or_trend_exit,0.0
2010-03-02,THERMAX.NS,SELL,117,597.0,69849.0,139.698,69709.302,rank_or_trend_exit,0.0
2010-03-02,VIPIND.NS,BUY,1852,42.220001220703125,78191.44226074219,156.38288452148439,-78347.82514526368,target_rebalance,0.0
2010-03-02,STLTECH.NS,BUY,21,82.27999877929688,1727.8799743652344,3.455759948730469,-1731.3357343139648,target_rebalance,0.0
2010-03-02,JINDALSAW.NS,SELL,56,98.9499969482422,5541.199829101563,11.082399658203126,5530.11742944336,target_rebalance,0.0
2010-03-02,HAVELLS.NS,BUY,137,52.84999847412109,7240.449790954589,14.480899581909178,-7254.930690536498,target_rebalance,0.0
2010-03-02,JSWSTEEL.NS,SELL,57,109.5,6241.5,12.483,6229.017,target_rebalance,0.0
2010-03-02,KRBL.NS,BUY,3044,25.700000762939453,78230.8023223877,156.4616046447754,-78387.26392703247,target_rebalance,0.0
2010-03-02,VEDL.NS,SELL,23,405.0,9315.0,18.63,9296.37,target_rebalance,0.0
2010-03-02,INDUSINDBK.NS,BUY,15,150.60000610351562,2259.0000915527344,4.518000183105469,-2263.51809173584,target_rebalance,0.0
2010-03-02,RAJESHEXPO.NS,SELL,19,102.5,1947.5,3.895,1943.605,target_rebalance,0.0
2010-03-02,BAJAJ-AUTO.NS,BUY,85,913.9000244140624,77681.5020751953,155.3630041503906,-77836.86507934569,target_rebalance,0.0
2010-03-02,PATANJALI.NS,BUY,22,3483.333251953125,76633.33154296875,153.2666630859375,-76786.59820605468,target_rebalance,0.0
2010-03-02,AUROPHARMA.NS,SELL,39,93.97000122070312,3664.830047607422,7.329660095214844,3657.500387512207,target_rebalance,0.0
2010-03-02,HINDALCO.NS,BUY,477,164.0,78228.0,156.45600000000002,-78384.456,target_rebalance,0.0
2010-03-02,TVSMOTOR.NS,BUY,102,36.5,3723.0,7.446,-3730.446,target_rebalance,0.0
2010-03-02,USHAMART.NS,BUY,889,87.94999694824219,78187.5472869873,156.37509457397462,-78343.92238156128,target_rebalance,0.0
2010-04-01,KRBL.NS,SELL,3044,24.200000762939453,73664.8023223877,147.3296046447754,73517.47271774292,rank_or_trend_exit,0.0
2010-04-01,BAJAJ-AUTO.NS,SELL,85,1002.5,85212.5,170.425,85042.075,rank_or_trend_exit,0.0
2010-04-01,PATANJALI.NS,SELL,22,3265.0,71830.0,143.66,71686.34,rank_or_trend_exit,0.0
2010-04-01,HINDALCO.NS,SELL,477,182.0,86814.0,173.62800000000001,86640.372,rank_or_trend_exit,0.0
2010-04-01,VIPIND.NS,SELL,125,50.52000045776367,6315.000057220459,12.630000114440918,6302.370057106018,target_rebalance,0.0
2010-04-01,STLTECH.NS,BUY,33,88.69999694824219,2927.099899291992,5.854199798583984,-2932.954099090576,target_rebalance,0.0
2010-04-01,JSWSTEEL.NS,SELL,14,124.5,1743.0,3.486,1739.514,target_rebalance,0.0
2010-04-01,INDUSINDBK.NS,SELL,9,171.0,1539.0,3.078,1535.922,target_rebalance,0.0
2010-04-01,ENGINERSIN.NS,BUY,472,184.5375061035156,87101.70288085936,174.20340576171873,-87275.90628662107,target_rebalance,0.0
2010-04-01,VEDL.NS,SELL,8,471.0,3768.0,7.5360000000000005,3760.464,target_rebalance,0.0
2010-04-01,JINDALSAW.NS,BUY,27,106.75,2882.25,5.7645,-2888.0145,target_rebalance,0.0
2010-04-01,HAVELLS.NS,SELL,26,60.01499938964844,1560.3899841308594,3.120779968261719,1557.2692041625976,target_rebalance,0.0
2010-04-01,RAJESHEXPO.NS,SELL,36,119.9000015258789,4316.400054931641,8.63280010986328,4307.767254821777,target_rebalance,0.0
2010-04-01,TATAELXSI.NS,BUY,540,161.5,87210.0,174.42000000000002,-87384.42,target_rebalance,0.0
2010-04-01,AUROPHARMA.NS,BUY,76,96.0,7296.0,14.592,-7310.592,target_rebalance,0.0
2010-04-01,YESBANK.NS,BUY,1692,51.560001373291016,87239.5223236084,174.4790446472168,-87414.00136825562,target_rebalance,0.0
2010-04-01,USHAMART.NS,SELL,37,102.4000015258789,3788.8000564575195,7.577600112915039,3781.2224563446043,target_rebalance,0.0
2010-04-01,TVSMOTOR.NS,SELL,37,41.42499923706055,1532.7249717712402,3.0654499435424807,1529.6595218276977,target_rebalance,0.0
2010-04-01,APOLLOTYRE.NS,BUY,1222,71.4000015258789,87250.80186462402,174.50160372924805,-87425.30346835328,target_rebalance,0.0
2010-05-03,AUROPHARMA.NS,SELL,908,95.2249984741211,86464.29861450195,172.9285972290039,86291.37001727294,rank_or_trend_exit,0.0
2010-05-03,USHAMART.NS,SELL,852,95.0500030517578,80982.60260009764,161.9652052001953,80820.63739489745,rank_or_trend_exit,0.0
2010-05-03,YESBANK.NS,SELL,1692,56.95000076293945,96359.40129089355,192.71880258178712,96166.68248831177,rank_or_trend_exit,0.0
2010-05-03,VIPIND.NS,SELL,27,54.0,1458.0,2.916,1455.084,target_rebalance,0.0
2010-05-03,STLTECH.NS,SELL,93,103.0999984741211,9588.299858093262,19.176599716186523,9569.123258377074,target_rebalance,0.0
2010-05-03,ENGINERSIN.NS,SELL,23,204.1666717529297,4695.833450317383,9.391666900634766,4686.441783416748,target_rebalance,0.0
2010-05-03,RAJESHEXPO.NS,BUY,7,125.0,875.0,1.75,-876.75,target_rebalance,0.0
2010-05-03,HAVELLS.NS,BUY,51,61.0,3111.0,6.222,-3117.222,target_rebalance,0.0
2010-05-03,INDUSINDBK.NS,SELL,31,191.5500030517578,5938.050094604492,11.876100189208985,5926.173994415283,target_rebalance,0.0
2010-05-03,ESCORTS.NS,BUY,510,180.0,91800.0,183.6,-91983.6,target_rebalance,0.0
2010-05-03,JINDALSAW.NS,BUY,25,109.0,2725.0,5.45,-2730.45,target_rebalance,0.0
2010-05-03,JSWSTEEL.NS,BUY,50,122.4000015258789,6120.000076293945,12.240000152587891,-6132.240076446533,target_rebalance,0.0
2010-05-03,PATANJALI.NS,BUY,22,4033.333251953125,88733.33154296875,177.4666630859375,-88910.7982060547,target_rebalance,0.0
2010-05-03,BAJAJ-AUTO.NS,BUY,87,1047.5,91132.5,182.26500000000001,-91314.765,target_rebalance,0.0
2010-05-03,TATAELXSI.NS,BUY,42,157.5,6615.0,13.23,-6628.23,target_rebalance,0.0
2010-05-03,VEDL.NS,BUY,30,426.8999938964844,12806.999816894531,25.613999633789064,-12832.613816528321,target_rebalance,0.0
2010-05-03,APOLLOTYRE.NS,BUY,44,69.5,3058.0,6.1160000000000005,-3064.116,target_rebalance,0.0
2010-05-03,TVSMOTOR.NS,SELL,213,48.5,10330.5,20.661,10309.839,target_rebalance,0.0
2010-06-01,VEDL.NS,SELL,215,382.0,82130.0,164.26,81965.74,rank_or_trend_exit,0.0
2010-06-01,JSWSTEEL.NS,SELL,750,109.0,81750.0,163.5,81586.5,rank_or_trend_exit,0.0
2010-06-01,JINDALSAW.NS,SELL,842,94.0,79148.0,158.296,78989.704,rank_or_trend_exit,0.0
2010-06-01,RAJESHEXPO.NS,SELL,734,86.0,63124.0,126.248,62997.752,rank_or_trend_exit,0.0
2010-06-01,TATAELXSI.NS,SELL,582,134.97500610351562,78555.4535522461,157.11090710449218,78398.3426451416,rank_or_trend_exit,0.0
2010-06-01,PATANJALI.NS,SELL,22,3283.333251953125,72233.33154296875,144.4666630859375,72088.8648798828,rank_or_trend_exit,0.0
2010-06-01,WHIRLPOOL.NS,BUY,342,251.0,85842.0,171.684,-86013.684,target_rebalance,0.0
2010-06-01,VIPIND.NS,SELL,11,50.95000076293945,560.450008392334,1.1209000167846679,559.3291083755494,target_rebalance,0.0
2010-06-01,STLTECH.NS,SELL,38,101.0,3838.0,7.676,3830.324,target_rebalance,0.0
2010-06-01,INDUSINDBK.NS,SELL,41,196.1999969482422,8044.19987487793,16.088399749755858,8028.111475128174,target_rebalance,0.0
2010-06-01,ESCORTS.NS,SELL,19,175.0,3325.0,6.65,3318.35,target_rebalance,0.0
2010-06-01,TVSMOTOR.NS,SELL,253,52.47499847412109,13276.174613952635,26.55234922790527,13249.62226472473,target_rebalance,0.0
2010-06-01,ENGINERSIN.NS,BUY,54,171.0,9234.0,18.468,-9252.468,target_rebalance,0.0
2010-06-01,BAJAJ-AUTO.NS,SELL,9,1103.25,9929.25,19.8585,9909.3915,target_rebalance,0.0
2010-06-01,APOLLOTYRE.NS,SELL,62,71.5,4433.0,8.866,4424.134,target_rebalance,0.0
2010-06-01,CUMMINSIND.NS,BUY,214,402.1428527832031,86058.57049560547,172.11714099121093,-86230.68763659667,target_rebalance,0.0
2010-06-01,CHOLAFIN.NS,BUY,3314,25.96999931335449,86064.57772445677,172.12915544891354,-86236.70687990569,target_rebalance,0.0
2010-06-01,TITAN.NS,BUY,776,110.8000030517578,85980.80236816405,171.9616047363281,-86152.76397290037,target_rebalance,0.0
2010-06-01,LUPIN.NS,BUY,231,371.6000061035156,85839.60140991211,171.6792028198242,-86011.28061273193,target_rebalance,0.0
2010-06-01,HAVELLS.NS,BUY,16,56.59000015258789,905.4400024414062,1.8108800048828126,-907.2508824462891,target_rebalance,0.0
2010-06-01,HCLTECH.NS,BUY,899,95.75,86079.25,172.1585,-86251.4085,target_rebalance,0.0
2010-07-01,HAVELLS.NS,SELL,1521,62.09999847412109,94454.09767913817,188.90819535827634,94265.18948377989,rank_or_trend_exit,0.0
2010-07-01,ENGINERSIN.NS,SELL,503,156.0,78468.0,156.936,78311.064,rank_or_trend_exit,0.0
2010-07-01,CHOLAFIN.NS,SELL,3314,27.020000457763672,89544.28151702881,179.08856303405761,89365.19295399475,rank_or_trend_exit,0.0
2010-07-01,HCLTECH.NS,SELL,899,91.0,81809.0,163.618,81645.382,rank_or_trend_exit,0.0
2010-07-01,WHIRLPOOL.NS,BUY,14,260.1000061035156,3641.4000854492188,7.282800170898438,-3648.6828856201173,target_rebalance,0.0
2010-07-01,VIPIND.NS,SELL,299,66.72000122070312,19949.280364990234,39.89856072998047,19909.381804260254,target_rebalance,0.0
2010-07-01,AEGISLOG.NS,BUY,4120,22.517953872680664,92773.96995544434,185.5479399108887,-92959.51789535522,target_rebalance,0.0
2010-07-01,STLTECH.NS,SELL,53,116.0,6148.0,12.296,6135.704,target_rebalance,0.0
2010-07-01,ESCORTS.NS,SELL,7,191.3500061035156,1339.4500427246091,2.6789000854492184,1336.77114263916,target_rebalance,0.0
2010-07-01,EICHERMOT.NS,BUY,1003,92.5,92777.5,185.555,-92963.055,target_rebalance,0.0
2010-07-01,ZYDUSLIFE.NS,BUY,698,132.8000030517578,92694.40213012695,185.38880426025392,-92879.7909343872,target_rebalance,0.0
2010-07-01,TVSMOTOR.NS,SELL,107,60.5,6473.5,12.947000000000001,6460.553,target_rebalance,0.0
2010-07-01,BAJAJ-AUTO.NS,SELL,3,1225.0,3675.0,7.3500000000000005,3667.65,target_rebalance,0.0
2010-07-01,INDUSINDBK.NS,BUY,16,204.0,3264.0,6.5280000000000005,-3270.528,target_rebalance,0.0
2010-07-01,CUMMINSIND.NS,BUY,6,421.4285583496094,2528.5713500976562,5.057142700195312,-2533.628492797852,target_rebalance,0.0
2010-07-01,LUPIN.NS,BUY,5,392.7999877929688,1963.999938964844,3.927999877929688,-1967.9279388427738,target_rebalance,0.0
2010-07-01,TITAN.NS,BUY,10,118.0,1180.0,2.36,-1182.36,target_rebalance,0.0
2010-07-01,PATANJALI.NS,BUY,25,3570.0,89250.0,178.5,-89428.5,target_rebalance,0.0
2010-07-01,APOLLOTYRE.NS,BUY,239,64.30000305175781,15367.700729370117,30.735401458740235,-15398.436130828857,target_rebalance,0.0
2010-08-02,STLTECH.NS,SELL,799,103.0500030517578,82336.95243835448,164.67390487670895,82172.27853347777,rank_or_trend_exit,0.0
2010-08-02,APOLLOTYRE.NS,SELL,1443,64.80000305175781,93506.40440368652,187.01280880737306,93319.39159487915,rank_or_trend_exit,0.0
2010-08-02,LUPIN.NS,SELL,236,379.0199890136719,89448.71740722656,178.89743481445313,89269.81997241211,rank_or_trend_exit,0.0
2010-08-02,ZYDUSLIFE.NS,SELL,698,127.5999984741211,89064.79893493652,178.12959786987304,88886.66933706665,rank_or_trend_exit,0.0
2010-08-02,PATANJALI.NS,SELL,25,3426.666748046875,85666.66870117188,171.33333740234374,85495.33536376953,rank_or_trend_exit,0.0
2010-08-02,WHIRLPOOL.NS,SELL,4,284.79998779296875,1139.199951171875,2.2783999023437502,1136.9215512695312,target_rebalance,0.0
2010-08-02,VIPIND.NS,SELL,199,84.20999908447266,16757.78981781006,33.51557963562012,16724.27423817444,target_rebalance,0.0
2010-08-02,AEGISLOG.NS,SELL,492,27.65994453430176,13608.692710876467,27.217385421752933,13581.475325454714,target_rebalance,0.0
2010-08-02,ESCORTS.NS,BUY,25,196.8000030517578,4920.000076293945,9.84000015258789,-4929.840076446533,target_rebalance,0.0
2010-08-02,EICHERMOT.NS,BUY,14,98.5999984741211,1380.3999786376953,2.7607999572753905,-1383.1607785949707,target_rebalance,0.0
2010-08-02,TVSMOTOR.NS,SELL,115,70.75,8136.25,16.2725,8119.9775,target_rebalance,0.0
2010-08-02,BAJAJ-AUTO.NS,SELL,1,1350.0,1350.0,2.7,1347.3,target_rebalance,0.0
2010-08-02,CUMMINSIND.NS,SELL,4,464.0714416503906,1856.2857666015625,3.7125715332031253,1852.5731950683594,target_rebalance,0.0
2010-08-02,INDUSINDBK.NS,BUY,34,205.6000061035156,6990.40020751953,13.980800415039061,-7004.381007934569,target_rebalance,0.0
2010-08-02,BSOFT.NS,BUY,2240,44.78857803344727,100326.41479492189,200.65282958984378,-100527.06762451174,target_rebalance,0.0
2010-08-02,UBL.NS,BUY,312,320.6499938964844,100042.79809570312,200.08559619140627,-100242.88369189453,target_rebalance,0.0
2010-08-02,UCOBANK.NS,BUY,1061,94.5500030517578,100317.55323791502,200.63510647583004,-100518.18834439086,target_rebalance,0.0
2010-08-02,SHRIRAMFIN.NS,BUY,777,129.0043487548828,100236.37898254395,200.4727579650879,-100436.85174050904,target_rebalance,0.0
2010-08-02,TITAN.NS,SELL,70,140.0574951171875,9804.024658203125,19.60804931640625,9784.416608886719,target_rebalance,0.0
2010-08-02,IGL.NS,BUY,3326,30.174999237060547,100362.04746246338,200.72409492492676,-100562.7715573883,target_rebalance,0.0
2010-09-01,INDUSINDBK.NS,SELL,488,223.9499969482422,109287.59851074219,218.57519702148437,109069.0233137207,rank_or_trend_exit,0.0
2010-09-01,WHIRLPOOL.NS,SELL,352,283.5,99792.0,199.584,99592.416,rank_or_trend_exit,0.0
2010-09-01,CUMMINSIND.NS,SELL,216,532.1428833007812,114942.86279296875,229.8857255859375,114712.97706738282,rank_or_trend_exit,0.0
2010-09-01,BSOFT.NS,SELL,2240,51.39341735839844,115121.2548828125,230.24250976562502,114891.01237304688,rank_or_trend_exit,0.0
2010-09-01,SHRIRAMFIN.NS,SELL,777,140.501708984375,109169.82788085938,218.33965576171875,108951.48822509765,rank_or_trend_exit,0.0
2010-09-01,IGL.NS,SELL,3326,33.79999923706055,112418.79746246338,224.83759492492678,112193.95986753845,rank_or_trend_exit,0.0
2010-09-01,AEGISLOG.NS,BUY,58,30.100000381469727,1745.8000221252441,3.491600044250488,-1749.2916221694945,target_rebalance,0.0
2010-09-01,VIPIND.NS,BUY,20,91.62999725341795,1832.5999450683591,3.6651998901367184,-1836.265144958496,target_rebalance,0.0
2010-09-01,EICHERMOT.NS,SELL,142,126.7249984741211,17994.949783325195,35.989899566650394,17958.959883758544,target_rebalance,0.0
2010-09-01,TVSMOTOR.NS,BUY,96,73.25,7032.0,14.064,-7046.064,target_rebalance,0.0
2010-09-01,UCOBANK.NS,SELL,69,111.8000030517578,7714.200210571288,15.428400421142577,7698.771810150146,target_rebalance,0.0
2010-09-01,POONAWALLA.NS,BUY,1402,79.0999984741211,110898.19786071777,221.79639572143554,-111119.99425643921,target_rebalance,0.0
2010-09-01,NATCOPHARM.NS,BUY,2054,54.0,110916.0,221.832,-111137.832,target_rebalance,0.0
2010-09-01,M&MFIN.NS,BUY,1529,72.55398559570312,110935.04397583008,221.87008795166017,-111156.91406378173,target_rebalance,0.0
2010-09-01,HAVELLS.NS,BUY,1390,79.78500366210938,110901.15509033203,221.80231018066408,-111122.95740051269,target_rebalance,0.0
2010-09-01,KARURVYSYA.NS,BUY,1814,61.14176559448242,110911.16278839111,221.82232557678222,-111132.9851139679,target_rebalance,0.0
2010-09-01,ESCORTS.NS,BUY,60,195.0,11700.0,23.400000000000002,-11723.4,target_rebalance,0.0
2010-09-01,UBL.NS,BUY,13,341.0,4433.0,8.866,-4441.866,target_rebalance,0.0
2010-09-01,TITAN.NS,BUY,34,147.8000030517578,5025.200103759766,10.050400207519532,-5035.250503967285,target_rebalance,0.0
2010-09-01,BAJAJ-AUTO.NS,BUY,5,1400.0250244140625,7000.1251220703125,14.000250244140625,-7014.125372314453,target_rebalance,0.0
2010-09-01,TRENT.NS,BUY,1077,103.0,110931.0,221.862,-111152.862,target_rebalance,0.0
2010-10-01,ESCORTS.NS,SELL,569,218.0,124042.0,248.084,123793.916,rank_or_trend_exit,0.0
2010-10-01,BAJAJ-AUTO.NS,SELL,79,1483.9000244140625,117228.10192871094,234.45620385742188,116993.64572485352,rank_or_trend_exit,0.0
2010-10-01,POONAWALLA.NS,SELL,1402,78.4000015258789,109916.80213928223,219.83360427856445,109696.96853500366,rank_or_trend_exit,0.0
2010-10-01,HAVELLS.NS,SELL,1390,80.5999984741211,112033.99787902832,224.06799575805664,111809.92988327026,rank_or_trend_exit,0.0
2010-10-01,TRENT.NS,SELL,1077,106.8000030517578,115023.60328674315,230.0472065734863,114793.55608016967,rank_or_trend_exit,0.0
2010-10-01,AEGISLOG.NS,SELL,335,35.9900016784668,12056.650562286377,24.113301124572754,12032.537261161804,target_rebalance,0.0
2010-10-01,VIPIND.NS,SELL,177,116.58000183105467,20634.660324096676,41.26932064819335,20593.391003448483,target_rebalance,0.0
2010-10-01,BAJFINANCE.NS,BUY,16269,7.413164138793945,120604.7673740387,241.2095347480774,-120845.97690878678,target_rebalance,0.0
2010-10-01,UBL.NS,SELL,34,414.0,14076.0,28.152,14047.848,target_rebalance,0.0
2010-10-01,M&MFIN.NS,BUY,14,78.16320037841797,1094.2848052978516,2.188569610595703,-1096.4733749084473,target_rebalance,0.0
2010-10-01,VGUARD.NS,BUY,8612,14.003570556640623,120598.74963378905,241.1974992675781,-120839.94713305663,target_rebalance,0.0
2010-10-01,TITAN.NS,SELL,18,164.5500030517578,2961.9000549316406,5.923800109863281,2955.9762548217773,target_rebalance,0.0
2010-10-01,TVSMOTOR.NS,BUY,138,73.0,10074.0,20.148,-10094.148,target_rebalance,0.0
2010-10-01,NATCOPHARM.NS,SELL,3,58.79999923706055,176.39999771118164,0.3527999954223633,176.04719771575927,target_rebalance,0.0
2010-10-01,KARURVYSYA.NS,BUY,194,60.04350662231445,11648.440284729004,23.296880569458008,-11671.737165298462,target_rebalance,0.0
2010-10-01,EICHERMOT.NS,BUY,99,123.8000030517578,12256.200302124022,24.512400604248043,-12280.71270272827,target_rebalance,0.0
2010-10-01,INDUSINDBK.NS,BUY,453,265.8999938964844,120452.69723510742,240.90539447021484,-120693.60262957764,target_rebalance,0.0
2010-10-01,UCOBANK.NS,BUY,68,113.6999969482422,7731.59979248047,15.46319958496094,-7747.062992065431,target_rebalance,0.0
2010-10-01,CUMMINSIND.NS,BUY,229,526.4285888671875,120552.14685058594,241.10429370117188,-120793.2511442871,target_rebalance,0.0
2010-10-01,AJANTPHARM.NS,BUY,5560,21.688888549804688,120590.22033691406,241.18044067382812,-120831.40077758789,target_rebalance,0.0
2010-11-01,KARURVYSYA.NS,SELL,2008,60.04350662231445,120567.36129760742,241.13472259521484,120326.2265750122,rank_or_trend_exit,0.0
2010-11-01,INDUSINDBK.NS,SELL,453,268.3999938964844,121585.19723510742,243.17039447021486,121342.0268406372,rank_or_trend_exit,0.0
2010-11-01,CUMMINSIND.NS,SELL,229,578.4642944335938,132468.32342529297,264.93664685058593,132203.3867784424,rank_or_trend_exit,0.0
2010-11-01,AJANTPHARM.NS,SELL,5560,21.35555458068848,118736.88346862794,237.4737669372559,118499.40970169069,rank_or_trend_exit,0.0
2010-11-01,VIPIND.NS,BUY,20,119.0,2380.0,4.76,-2384.76,target_rebalance,0.0
2010-11-01,AEGISLOG.NS,BUY,422,33.27000045776367,14039.94019317627,28.07988038635254,-14068.020073562622,target_rebalance,0.0
2010-11-01,KRBL.NS,BUY,2485,50.5,125492.5,250.985,-125743.485,target_rebalance,0.0
2010-11-01,UBL.NS,SELL,13,450.0,5850.0,11.700000000000001,5838.3,target_rebalance,0.0
2010-11-01,BAJFINANCE.NS,BUY,85,7.675490856170654,652.4167227745056,1.3048334455490112,-653.7215562200546,target_rebalance,0.0
2010-11-01,M&MFIN.NS,SELL,156,90.47908782958984,14114.737701416016,28.229475402832033,14086.508226013184,target_rebalance,0.0
2010-11-01,TITAN.NS,SELL,31,178.85000610351562,5544.350189208984,11.088700378417968,5533.261488830566,target_rebalance,0.0
2010-11-01,VGUARD.NS,BUY,691,13.492856979370115,9323.56417274475,18.6471283454895,-9342.21130109024,target_rebalance,0.0
2010-11-01,TVSMOTOR.NS,BUY,44,74.0,3256.0,6.5120000000000005,-3262.512,target_rebalance,0.0
2010-11-01,EICHERMOT.NS,SELL,9,129.97999572753906,1169.8199615478516,2.339639923095703,1167.4803216247558,target_rebalance,0.0
2010-11-01,UCOBANK.NS,SELL,60,125.5,7530.0,15.06,7514.94,target_rebalance,0.0
2010-11-01,RAYMOND.NS,BUY,289,433.0,125137.0,250.274,-125387.274,target_rebalance,0.0
2010-11-01,NATCOPHARM.NS,BUY,240,54.77999877929688,13147.199707031252,26.294399414062504,-13173.494106445314,target_rebalance,0.0
2010-11-01,CANBK.NS,BUY,888,141.22947692871094,125411.77551269531,250.82355102539063,-125662.5990637207,target_rebalance,0.0
2010-11-01,SRF.NS,BUY,1534,81.80000305175781,125481.20468139648,250.96240936279298,-125732.16709075928,target_rebalance,0.0
2010-12-01,EICHERMOT.NS,SELL,965,118.4000015258789,114256.00147247314,228.5120029449463,114027.4894695282,rank_or_trend_exit,0.0
2010-12-01,RAYMOND.NS,SELL,289,344.0,99416.0,198.832,99217.168,rank_or_trend_exit,0.0
2010-12-01,SRF.NS,SELL,1534,65.58000183105469,100599.72280883789,201.1994456176758,100398.52336322021,rank_or_trend_exit,0.0
2010-12-01,VIPIND.NS,SELL,71,124.1999969482422,8818.199783325197,17.636399566650393,8800.563383758546,target_rebalance,0.0
2010-12-01,AEGISLOG.NS,SELL,30,32.63999938964844,979.1999816894531,1.9583999633789062,977.2415817260742,target_rebalance,0.0
2010-12-01,NATCOPHARM.NS,SELL,378,63.84999847412109,24135.29942321777,48.27059884643554,24087.028824371333,target_rebalance,0.0
2010-12-01,M&MFIN.NS,SELL,119,96.33218383789062,11463.529876708984,22.927059753417968,11440.602816955567,target_rebalance,0.0
2010-12-01,TVSMOTOR.NS,SELL,230,83.30000305175781,19159.000701904297,38.318001403808594,19120.68270050049,target_rebalance,0.0
2010-12-01,TITAN.NS,SELL,41,185.0,7585.0,15.17,7569.83,target_rebalance,0.0
2010-12-01,UBL.NS,BUY,39,384.6000061035156,14999.40023803711,29.99880047607422,-15029.399038513184,target_rebalance,0.0
2010-12-01,KRBL.NS,BUY,795,37.25,29613.75,59.2275,-29672.9775,target_rebalance,0.0
2010-12-01,UCOBANK.NS,SELL,116,138.14999389648438,16025.399291992188,32.050798583984374,15993.348493408203,target_rebalance,0.0
2010-12-01,VGUARD.NS,BUY,585,12.357142448425291,7228.9283323287955,14.45785666465759,-7243.386188993453,target_rebalance,0.0
2010-12-01,BAJFINANCE.NS,BUY,1359,6.898225784301758,9374.688840866089,18.749377681732177,-9393.43821854782,target_rebalance,0.0
2010-12-01,INDUSINDBK.NS,BUY,415,293.8500061035156,121947.75253295898,243.89550506591797,-122191.6480380249,target_rebalance,0.0
2010-12-01,CANBK.NS,SELL,44,144.67266845703125,6365.597412109375,12.73119482421875,6352.866217285156,target_rebalance,0.0
2010-12-01,CUMMINSIND.NS,BUY,212,573.75,121635.0,243.27,-121878.27,target_rebalance,0.0
2010-12-01,BAJAJ-AUTO.NS,BUY,77,1576.0999755859375,121359.69812011719,242.71939624023437,-121602.41751635743,target_rebalance,0.0
2011-01-03,TVSMOTOR.NS,SELL,1466,72.5999984741211,106431.59776306152,212.86319552612306,106218.7345675354,rank_or_trend_exit,0.0
2011-01-03,BAJFINANCE.NS,SELL,17713,6.983240127563477,123694.13237953186,247.38826475906373,123446.7441147728,rank_or_trend_exit,0.0
2011-01-03,VGUARD.NS,SELL,9888,12.574999809265137,124341.59811401367,248.68319622802736,124092.91491778565,rank_or_trend_exit,0.0
2011-01-03,CANBK.NS,SELL,844,129.01292419433594,108886.90802001953,217.77381604003907,108669.1342039795,rank_or_trend_exit,0.0
2011-01-03,INDUSINDBK.NS,SELL,415,265.8999938964844,110348.49746704102,220.69699493408203,110127.80047210693,rank_or_trend_exit,0.0
2011-01-03,BAJAJ-AUTO.NS,SELL,77,1557.0,119889.0,239.778,119649.222,rank_or_trend_exit,0.0
2011-01-03,VIPIND.NS,SELL,71,134.3800048828125,9540.980346679688,19.081960693359374,9521.898385986327,target_rebalance,0.0
2011-01-03,UBL.NS,SELL,75,506.0,37950.0,75.9,37874.1,target_rebalance,0.0
2011-01-03,AEGISLOG.NS,SELL,134,33.970001220703125,4551.980163574219,9.103960327148437,4542.87620324707,target_rebalance,0.0
2011-01-03,M&MFIN.NS,BUY,85,90.6010284423828,7701.087417602538,15.402174835205077,-7716.489592437743,target_rebalance,0.0
2011-01-03,NATCOPHARM.NS,BUY,58,62.20000076293945,3607.6000442504883,7.215200088500977,-3614.815244338989,target_rebalance,0.0
2011-01-03,TITAN.NS,BUY,18,180.8500061035156,3255.300109863281,6.5106002197265616,-3261.8107100830075,target_rebalance,0.0
2011-01-03,UCOBANK.NS,BUY,162,117.1500015258789,18978.300247192383,37.956600494384766,-19016.256847686767,target_rebalance,0.0
2011-01-03,COROMANDEL.NS,BUY,385,318.0,122430.0,244.86,-122674.86,target_rebalance,0.0
2011-01-03,RAYMOND.NS,BUY,322,380.0,122360.0,244.72,-122604.72,target_rebalance,0.0
2011-01-03,GSFC.NS,BUY,1626,75.4000015258789,122600.4024810791,245.2008049621582,-122845.60328604127,target_rebalance,0.0
2011-01-03,KRBL.NS,SELL,124,38.84999847412109,4817.399810791015,9.63479962158203,4807.765011169433,target_rebalance,0.0
2011-01-03,CUB.NS,BUY,4544,26.98151969909668,122604.02551269531,245.20805102539063,-122849.2335637207,target_rebalance,0.0
2011-01-03,SRF.NS,BUY,1718,71.36000061035156,122596.48104858398,245.19296209716796,-122841.67401068115,target_rebalance,0.0
2011-01-03,PETRONET.NS,BUY,1944,63.04999923706055,122569.1985168457,245.1383970336914,-122814.3369138794,target_rebalance,0.0
2011-01-03,CUMMINSIND.NS,BUY,1,575.2142944335938,575.2142944335938,1.1504285888671875,-576.3647230224609,target_rebalance,0.0
2011-02-01,AEGISLOG.NS,SELL,3609,27.690000534057617,99933.21192741394,199.86642385482787,99733.34550355912,rank_or_trend_exit,0.0
2011-02-01,KRBL.NS,SELL,3156,33.0,104148.0,208.296,103939.704,rank_or_trend_exit,0.0
2011-02-01,COROMANDEL.NS,SELL,385,233.0,89705.0,179.41,89525.59,rank_or_trend_exit,0.0
2011-02-01,RAYMOND.NS,SELL,322,318.1499938964844,102444.29803466797,204.88859606933593,102239.40943859864,rank_or_trend_exit,0.0
2011-02-01,GSFC.NS,SELL,1626,67.06999969482422,109055.81950378418,218.11163900756836,108837.70786477662,rank_or_trend_exit,0.0
2011-02-01,CUB.NS,SELL,4544,22.85114860534668,103835.61926269531,207.67123852539063,103627.94802416992,rank_or_trend_exit,0.0
2011-02-01,UBL.NS,SELL,15,487.9500122070313,7319.25018310547,14.63850036621094,7304.611682739259,target_rebalance,0.0
2011-02-01,NATCOPHARM.NS,BUY,14,55.91999816894531,782.8799743652344,1.5657599487304688,-784.4457343139649,target_rebalance,0.0
2011-02-01,VIPIND.NS,BUY,34,117.33999633789062,3989.5598754882812,7.979119750976563,-3997.538995239258,target_rebalance,0.0
2011-02-01,TITAN.NS,SELL,63,180.5500030517578,11374.650192260742,22.749300384521487,11351.900891876221,target_rebalance,0.0
2011-02-01,SRF.NS,SELL,36,66.0,2376.0,4.752,2371.248,target_rebalance,0.0
2011-02-01,M&MFIN.NS,SELL,52,85.33324432373047,4437.328704833984,8.87465740966797,4428.454047424317,target_rebalance,0.0
2011-02-01,PETRONET.NS,SELL,237,65.05000305175781,15416.850723266602,30.833701446533205,15386.01702182007,target_rebalance,0.0
2011-02-01,ZYDUSLIFE.NS,BUY,671,165.39999389648438,110983.39590454102,221.96679180908203,-111205.3626963501,target_rebalance,0.0
2011-02-01,TCS.NS,BUY,190,582.5,110675.0,221.35,-110896.35,target_rebalance,0.0
2011-02-01,UCOBANK.NS,SELL,18,108.0,1944.0,3.888,1940.112,target_rebalance,0.0
2011-02-01,HINDALCO.NS,BUY,481,230.5,110870.5,221.741,-111092.241,target_rebalance,0.0
2011-02-01,CANBK.NS,BUY,943,117.69123077392578,110982.83061981201,221.96566123962404,-111204.79628105163,target_rebalance,0.0
2011-02-01,CUMMINSIND.NS,SELL,2,525.7142944335938,1051.4285888671875,2.102857177734375,1049.325731689453,target_rebalance,0.0
2011-02-01,BATAINDIA.NS,BUY,700,158.5500030517578,110985.00213623047,221.97000427246095,-111206.97214050293,target_rebalance,0.0
2011-02-01,SUNPHARMA.NS,BUY,498,222.8500061035156,110979.30303955077,221.95860607910154,-111201.26164562987,target_rebalance,0.0
2011-03-01,UCOBANK.NS,SELL,1028,98.0999984741211,100846.79843139648,201.693596862793,100645.10483453369,rank_or_trend_exit,0.0
2011-03-01,NATCOPHARM.NS,SELL,1985,47.25,93791.25,187.5825,93603.6675,rank_or_trend_exit,0.0
2011-03-01,CUMMINSIND.NS,SELL,211,472.8571472167969,99772.85806274414,199.5457161254883,99573.31234661865,rank_or_trend_exit,0.0
2011-03-01,PETRONET.NS,SELL,1707,55.72499847412109,95122.57239532469,190.2451447906494,94932.32725053404,rank_or_trend_exit,0.0
2011-03-01,HINDALCO.NS,SELL,481,203.1499938964844,97715.147064209,195.430294128418,97519.71677008059,rank_or_trend_exit,0.0
2011-03-01,M&MFIN.NS,SELL,87,85.72344970703125,7457.940124511719,14.915880249023438,7443.024244262695,target_rebalance,0.0
2011-03-01,JUBLFOOD.NS,BUY,1909,54.54999923706055,104135.94854354858,208.27189708709716,-104344.22044063568,target_rebalance,0.0
2011-03-01,UBL.NS,BUY,28,407.3999938964844,11407.199829101562,22.814399658203126,-11430.014228759766,target_rebalance,0.0
2011-03-01,CANBK.NS,SELL,80,120.55083465576172,9644.066772460938,19.288133544921877,9624.778638916016,target_rebalance,0.0
2011-03-01,VIPIND.NS,BUY,52,104.33999633789062,5425.6798095703125,10.851359619140625,-5436.531169189453,target_rebalance,0.0
2011-03-01,SRF.NS,BUY,10,61.540000915527344,615.4000091552734,1.230800018310547,-616.630809173584,target_rebalance,0.0
2011-03-01,TITAN.NS,BUY,6,167.5,1005.0,2.0100000000000002,-1007.01,target_rebalance,0.0
2011-03-01,TCS.NS,SELL,3,556.5,1669.5,3.339,1666.161,target_rebalance,0.0
2011-03-01,SHRIRAMFIN.NS,BUY,708,147.00064086914062,104076.45373535156,208.15290747070313,-104284.60664282227,target_rebalance,0.0
2011-03-01,IOB.NS,BUY,771,134.89999389648438,104007.89529418945,208.0157905883789,-104215.91108477784,target_rebalance,0.0
2011-03-01,ZYDUSLIFE.NS,BUY,25,149.5699920654297,3739.249801635742,7.4784996032714846,-3746.7283012390135,target_rebalance,0.0
2011-03-01,SUNPHARMA.NS,SELL,10,213.1499938964844,2131.499938964844,4.262999877929689,2127.2369390869144,target_rebalance,0.0
2011-03-01,BANKBARODA.NS,BUY,591,175.97999572753906,104004.17747497559,208.00835494995118,-104212.18582992554,target_rebalance,0.0
2011-03-01,BATAINDIA.NS,SELL,95,172.0,16340.0,32.68,16307.32,target_rebalance,0.0
2011-03-01,NESTLEIND.NS,BUY,584,178.14999389648438,104039.59643554688,208.07919287109377,-104247.67562841797,target_rebalance,0.0
2011-04-01,UBL.NS,SELL,255,479.9500122070313,122387.25311279298,244.77450622558598,122142.4786065674,rank_or_trend_exit,0.0
2011-04-01,SRF.NS,SELL,1692,63.810001373291016,107966.5223236084,215.9330446472168,107750.58927896118,rank_or_trend_exit,0.0
2011-04-01,SUNPHARMA.NS,SELL,488,221.1499938964844,107921.19702148439,215.84239404296878,107705.35462744143,rank_or_trend_exit,0.0
2011-04-01,NESTLEIND.NS,SELL,584,187.3999938964844,109441.59643554689,218.8831928710938,109222.71324267579,rank_or_trend_exit,0.0
2011-04-01,VIPIND.NS,SELL,138,133.1999969482422,18381.599578857422,36.763199157714844,18344.836379699707,target_rebalance,0.0
2011-04-01,M&MFIN.NS,SELL,6,94.86891174316406,569.2134704589844,1.1384269409179688,568.0750435180664,target_rebalance,0.0
2011-04-01,TITAN.NS,SELL,18,190.0500030517578,3420.9000549316406,6.841800109863281,3414.058254821777,target_rebalance,0.0
2011-04-01,BATAINDIA.NS,SELL,22,196.3500061035156,4319.700134277343,8.639400268554686,4311.060734008788,target_rebalance,0.0
2011-04-01,JUBLFOOD.NS,BUY,195,54.45000076293945,10617.750148773193,21.235500297546388,-10638.985649070739,target_rebalance,0.0
2011-04-01,PETRONET.NS,BUY,1893,60.525001525878906,114573.82788848877,229.14765577697753,-114802.97554426575,target_rebalance,0.0
2011-04-01,IOB.NS,BUY,30,143.0,4290.0,8.58,-4298.58,target_rebalance,0.0
2011-04-01,TCS.NS,BUY,6,592.5,3555.0,7.11,-3562.11,target_rebalance,0.0
2011-04-01,CANBK.NS,BUY,74,122.18489074707033,9041.681915283205,18.08336383056641,-9059.765279113772,target_rebalance,0.0
2011-04-01,FEDERALBNK.NS,BUY,2742,41.78499984741211,114574.469581604,229.148939163208,-114803.61852076721,target_rebalance,0.0
2011-04-01,ZYDUSLIFE.NS,BUY,14,161.41000366210938,2259.7400512695312,4.519480102539062,-2264.2595313720703,target_rebalance,0.0
2011-04-01,BANKBARODA.NS,BUY,8,191.07000732421875,1528.56005859375,3.0571201171875,-1531.6171787109374,target_rebalance,0.0
2011-04-01,SHRIRAMFIN.NS,BUY,18,157.84519958496094,2841.213592529297,5.682427185058594,-2846.8960197143556,target_rebalance,0.0
2011-04-01,BAJAJFINSV.NS,BUY,2212,51.80036163330078,114582.39993286133,229.16479986572267,-114811.56473272706,target_rebalance,0.0
2011-04-01,HCLTECH.NS,BUY,962,119.1125030517578,114586.227935791,229.172455871582,-114815.40039166258,target_rebalance,0.0
2011-05-02,CANBK.NS,SELL,937,124.26637268066406,116437.59120178223,232.87518240356445,116204.71601937865,rank_or_trend_exit,0.0
2011-05-02,SHRIRAMFIN.NS,SELL,726,153.26573181152344,111270.92129516602,222.54184259033204,111048.37945257568,rank_or_trend_exit,0.0
2011-05-02,IOB.NS,SELL,801,152.5500030517578,122192.55244445801,244.38510488891603,121948.16733956909,rank_or_trend_exit,0.0
2011-05-02,BANKBARODA.NS,SELL,599,181.0200042724609,108430.98255920409,216.86196511840816,108214.12059408567,rank_or_trend_exit,0.0
2011-05-02,FEDERALBNK.NS,SELL,2742,42.0,115164.0,230.328,114933.672,rank_or_trend_exit,0.0
2011-05-02,HCLTECH.NS,SELL,962,130.75,125781.5,251.56300000000002,125529.937,rank_or_trend_exit,0.0
2011-05-02,JUBLFOOD.NS,SELL,452,74.08000183105469,33484.16082763672,66.96832165527344,33417.192505981446,target_rebalance,0.0
2011-05-02,TITAN.NS,SELL,53,222.4499969482422,11789.849838256836,23.579699676513673,11766.270138580323,target_rebalance,0.0
2011-05-02,VIPIND.NS,BUY,33,137.0,4521.0,9.042,-4530.042,target_rebalance,0.0
2011-05-02,TIMKEN.NS,BUY,552,221.3999938964844,122212.79663085939,244.42559326171877,-122457.22222412111,target_rebalance,0.0
2011-05-02,HFCL.NS,BUY,6089,20.100000381469727,122388.90232276917,244.77780464553834,-122633.6801274147,target_rebalance,0.0
2011-05-02,BLUEDART.NS,BUY,83,1465.8499755859375,121665.54797363281,243.33109594726562,-121908.87906958009,target_rebalance,0.0
2011-05-02,PETRONET.NS,SELL,45,66.2249984741211,2980.124931335449,5.960249862670898,2974.1646814727783,target_rebalance,0.0
2011-05-02,BATAINDIA.NS,SELL,16,215.5749969482422,3449.199951171875,6.89839990234375,3442.301551269531,target_rebalance,0.0
2011-05-02,ZYDUSLIFE.NS,SELL,5,173.61000061035156,868.0500030517578,1.7361000061035157,866.3139030456543,target_rebalance,0.0
2011-05-02,TCS.NS,BUY,16,585.0,9360.0,18.72,-9378.72,target_rebalance,0.0
2011-05-02,M&MFIN.NS,BUY,165,89.14385223388672,14708.735618591309,29.417471237182617,-14738.153089828491,target_rebalance,0.0
2011-05-02,BAJAJFINSV.NS,BUY,125,52.36528015136719,6545.660018920898,13.091320037841797,-6558.75133895874,target_rebalance,0.0
2011-05-02,ITC.NS,BUY,987,123.89509582519533,122284.45957946779,244.56891915893559,-122529.02849862672,target_rebalance,0.0
2011-05-02,SUNPHARMA.NS,BUY,523,233.6999969482422,122225.09840393066,244.45019680786135,-122469.54860073852,target_rebalance,0.0
2011-05-02,NESTLEIND.NS,BUY,610,200.6000061035156,122366.00372314452,244.73200744628903,-122610.73573059081,target_rebalance,0.0
2011-06-01,M&MFIN.NS,SELL,1373,78.28514099121094,107485.49858093262,214.97099716186523,107270.52758377074,rank_or_trend_exit,0.0
2011-06-01,BAJAJFINSV.NS,SELL,2337,51.26491928100586,119806.1163597107,239.6122327194214,119566.50412699128,rank_or_trend_exit,0.0
2011-06-01,ITC.NS,SELL,987,125.1789779663086,123551.65125274658,247.10330250549316,123304.54795024109,rank_or_trend_exit,0.0
2011-06-01,SUNPHARMA.NS,SELL,523,236.8500061035156,123872.55319213866,247.7451063842773,123624.80808575438,rank_or_trend_exit,0.0
2011-06-01,NESTLEIND.NS,SELL,610,203.2550048828125,123985.55297851562,247.97110595703126,123737.5818725586,rank_or_trend_exit,0.0
2011-06-01,JUBLFOOD.NS,SELL,182,84.5,15379.0,30.758,15348.242,target_rebalance,0.0
2011-06-01,VIPIND.NS,SELL,84,153.52000427246094,12895.680358886719,25.791360717773436,12869.888998168944,target_rebalance,0.0
2011-06-01,UBL.NS,BUY,218,568.2999877929688,123889.39733886719,247.77879467773437,-124137.17613354493,target_rebalance,0.0
2011-06-01,BATAINDIA.NS,SELL,58,243.6000061035156,14128.800354003904,28.25760070800781,14100.542753295897,target_rebalance,0.0
2011-06-01,HFCL.NS,BUY,661,18.39999961853028,12162.399747848516,24.324799495697032,-12186.724547344213,target_rebalance,0.0
2011-06-01,TITAN.NS,BUY,17,219.0,3723.0,7.446,-3730.446,target_rebalance,0.0
2011-06-01,TIMKEN.NS,BUY,82,195.8500061035156,16059.70050048828,32.11940100097656,-16091.819901489256,target_rebalance,0.0
2011-06-01,BLUEDART.NS,BUY,9,1336.050048828125,12024.450439453125,24.04890087890625,-12048.499340332031,target_rebalance,0.0
2011-06-01,ZYDUSLIFE.NS,SELL,33,184.8000030517578,6098.400100708008,12.196800201416016,6086.203300506591,target_rebalance,0.0
2011-06-01,PETRONET.NS,SELL,57,69.3499984741211,3952.9499130249023,7.905899826049805,3945.0440131988526,target_rebalance,0.0
2011-06-01,ASIANPAINT.NS,BUY,394,314.510009765625,123916.94384765625,247.8338876953125,-124164.77773535156,target_rebalance,0.0
2011-06-01,TCS.NS,BUY,5,578.5,2892.5,5.785,-2898.285,target_rebalance,0.0
2011-06-01,HINDZINC.NS,BUY,890,139.5,124155.0,248.31,-124403.31,target_rebalance,0.0
2011-06-01,RAYMOND.NS,BUY,341,363.9500122070313,124106.95416259767,248.21390832519535,-124355.16807092287,target_rebalance,0.0
2011-06-01,IGL.NS,BUY,3610,34.400001525878906,124184.00550842285,248.3680110168457,-124432.3735194397,target_rebalance,0.0
2011-07-01,ZYDUSLIFE.NS,SELL,672,184.009994506836,123654.7163085938,247.30943261718758,123407.40687597661,rank_or_trend_exit,0.0
2011-07-01,ASIANPAINT.NS,SELL,394,318.5,125489.0,250.978,125238.022,rank_or_trend_exit,0.0
2011-07-01,HINDZINC.NS,SELL,890,135.0,120150.0,240.3,119909.7,rank_or_trend_exit,0.0
2011-07-01,RAYMOND.NS,SELL,341,367.8500061035156,125436.85208129883,250.87370416259765,125185.97837713623,rank_or_trend_exit,0.0
2011-07-01,JUBLFOOD.NS,SELL,111,95.5999984741211,10611.599830627441,21.223199661254885,10590.376630966186,target_rebalance,0.0
2011-07-01,BATAINDIA.NS,SELL,87,307.5,26752.5,53.505,26698.995,target_rebalance,0.0
2011-07-01,VGUARD.NS,BUY,8084,16.078571319580078,129979.17054748535,259.9583410949707,-130239.12888858032,target_rebalance,0.0
2011-07-01,VIPIND.NS,BUY,36,153.6699981689453,5532.119934082031,11.064239868164062,-5543.184173950195,target_rebalance,0.0
2011-07-01,TITAN.NS,BUY,36,215.3000030517578,7750.800109863281,15.501600219726562,-7766.3017100830075,target_rebalance,0.0
2011-07-01,BLUEDART.NS,SELL,2,1438.0,2876.0,5.752,2870.248,target_rebalance,0.0
2011-07-01,TIMKEN.NS,SELL,59,225.8000030517578,13322.200180053711,26.644400360107422,13295.555779693603,target_rebalance,0.0
2011-07-01,UBL.NS,BUY,25,534.5,13362.5,26.725,-13389.225,target_rebalance,0.0
2011-07-01,HFCL.NS,BUY,1128,16.5,18612.0,37.224000000000004,-18649.224,target_rebalance,0.0
2011-07-01,COROMANDEL.NS,BUY,366,354.79998779296875,129856.79553222656,259.7135910644531,-130116.50912329102,target_rebalance,0.0
2011-07-01,PETRONET.NS,BUY,119,68.05000305175781,8097.95036315918,16.19590072631836,-8114.146263885498,target_rebalance,0.0
2011-07-01,IGL.NS,SELL,208,38.20000076293945,7945.600158691406,15.891200317382813,7929.7089583740235,target_rebalance,0.0
2011-07-01,BHARTIARTL.NS,BUY,365,355.906494140625,129905.87036132812,259.8117407226563,-130165.68210205078,target_rebalance,0.0
2011-07-01,TCS.NS,BUY,3,599.0,1797.0,3.594,-1800.594,target_rebalance,0.0
2011-07-01,FEDERALBNK.NS,BUY,2869,45.29999923706055,129965.69781112671,259.93139562225343,-130225.62920674896,target_rebalance,0.0
2011-08-01,TCS.NS,SELL,217,571.2000122070312,123950.40264892578,247.90080529785158,123702.50184362794,rank_or_trend_exit,0.0
2011-08-01,BLUEDART.NS,SELL,90,1572.0,141480.0,282.96,141197.04,rank_or_trend_exit,0.0
2011-08-01,UBL.NS,SELL,243,508.7999877929688,123638.39703369142,247.27679406738284,123391.12023962404,rank_or_trend_exit,0.0
2011-08-01,COROMANDEL.NS,SELL,366,336.8999938964844,123305.39776611328,246.61079553222658,123058.78697058106,rank_or_trend_exit,0.0
2011-08-01,FEDERALBNK.NS,SELL,2869,43.29999923706055,124227.69781112671,248.45539562225343,123979.24241550446,rank_or_trend_exit,0.0
2011-08-01,JUBLFOOD.NS,BUY,207,86.5,17905.5,35.811,-17941.311,target_rebalance,0.0
2011-08-01,BATAINDIA.NS,SELL,13,331.25,4306.25,8.6125,4297.6375,target_rebalance,0.0
2011-08-01,VIPIND.NS,SELL,24,164.92999267578125,3958.31982421875,7.9166396484375,3950.4031845703125,target_rebalance,0.0
2011-08-01,PETRONET.NS,SELL,345,86.55000305175781,29859.751052856445,59.71950210571289,29800.031550750733,target_rebalance,0.0
2011-08-01,VGUARD.NS,BUY,94,16.571428298950195,1557.7142601013184,3.1154285202026366,-1560.829688621521,target_rebalance,0.0
2011-08-01,TIMKEN.NS,BUY,5,233.3500061035156,1166.750030517578,2.333500061035156,-1169.0835305786131,target_rebalance,0.0
2011-08-01,HFCL.NS,BUY,754,15.699999809265137,11837.799856185913,23.675599712371827,-11861.475455898284,target_rebalance,0.0
2011-08-01,TITAN.NS,SELL,10,228.5,2285.0,4.57,2280.43,target_rebalance,0.0
2011-08-01,IGL.NS,SELL,72,40.70000076293945,2930.4000549316406,5.860800109863281,2924.5392548217774,target_rebalance,0.0
2011-08-01,RAYMOND.NS,BUY,355,381.0499877929688,135272.74566650394,270.5454913330079,-135543.29115783694,target_rebalance,0.0
2011-08-01,NESTLEIND.NS,BUY,621,218.0050048828125,135381.10803222656,270.7622160644531,-135651.870248291,target_rebalance,0.0
2011-08-01,BHARTIARTL.NS,SELL,30,403.6280517578125,12108.841552734375,24.21768310546875,12084.623869628906,target_rebalance,0.0
2011-08-01,IDEA.NS,BUY,2366,57.28205490112305,135529.34189605713,271.05868379211427,-135800.40057984923,target_rebalance,0.0
2011-08-01,ITC.NS,BUY,1005,134.80813598632812,135482.17666625977,270.9643533325195,-135753.1410195923,target_rebalance,0.0
2011-08-01,MOTHERSON.NS,BUY,16029,8.455102920532227,135526.84471321106,271.0536894264221,-135797.89840263748,target_rebalance,0.0
2011-09-02,HFCL.NS,SELL,8632,12.100000381469728,104447.2032928467,208.8944065856934,104238.308886261,rank_or_trend_exit,0.0
2011-09-02,VGUARD.NS,SELL,8178,14.774999618530272,120829.94688034056,241.65989376068111,120588.28698657989,rank_or_trend_exit,0.0
2011-09-02,RAYMOND.NS,SELL,355,354.0,125670.0,251.34,125418.66,rank_or_trend_exit,0.0
2011-09-02,ITC.NS,SELL,1005,132.2403564453125,132901.55822753906,265.8031164550781,132635.75511108397,rank_or_trend_exit,0.0
2011-09-02,MOTHERSON.NS,SELL,16029,6.83604097366333,109574.90076684952,219.14980153369905,109355.75096531582,rank_or_trend_exit,0.0
2011-09-02,BATAINDIA.NS,SELL,32,347.1000061035156,11107.2001953125,22.214400390625002,11084.985794921875,target_rebalance,0.0
2011-09-02,JUBLFOOD.NS,SELL,186,95.0,17670.0,35.34,17634.66,target_rebalance,0.0
2011-09-02,VIPIND.NS,SELL,12,162.0,1944.0,3.888,1940.112,target_rebalance,0.0
2011-09-02,PETRONET.NS,SELL,71,87.75,6230.25,12.4605,6217.7895,target_rebalance,0.0
2011-09-02,CHAMBLFERT.NS,BUY,1220,107.4499969482422,131088.9962768555,262.177992553711,-131351.1742694092,target_rebalance,0.0
2011-09-02,IDEA.NS,SELL,202,60.59838485717773,12240.8737411499,24.481747482299802,12216.391993667601,target_rebalance,0.0
2011-09-02,NESTLEIND.NS,SELL,32,222.5,7120.0,14.24,7105.76,target_rebalance,0.0
2011-09-02,IGL.NS,SELL,310,43.41999816894531,13460.199432373047,26.920398864746094,13433.279033508301,target_rebalance,0.0
2011-09-02,TITAN.NS,BUY,42,206.3000030517578,8664.600128173828,17.329200256347658,-8681.929328430177,target_rebalance,0.0
2011-09-02,TIMKEN.NS,BUY,55,206.4499969482422,11354.74983215332,22.70949966430664,-11377.459331817627,target_rebalance,0.0
2011-09-02,MFSL.NS,BUY,675,194.0500030517578,130983.75205993652,261.96750411987307,-131245.7195640564,target_rebalance,0.0
2011-09-02,SUNPHARMA.NS,BUY,521,251.3500061035156,130953.35317993163,261.9067063598633,-131215.2598862915,target_rebalance,0.0
2011-09-02,BHARTIARTL.NS,BUY,14,374.9230346679688,5248.922485351563,10.497844970703127,-5259.420330322267,target_rebalance,0.0
2011-09-02,ZYDUSLIFE.NS,BUY,773,169.4499969482422,130984.84764099121,261.9696952819824,-131246.8173362732,target_rebalance,0.0
2011-09-02,HEROMOTOCO.NS,BUY,62,2110.0,130820.0,261.64,-131081.64,target_rebalance,0.0
2011-10-03,BHARTIARTL.NS,SELL,349,336.25909423828125,117354.42388916016,234.70884777832032,117119.71504138183,rank_or_trend_exit,0.0
2011-10-03,MFSL.NS,SELL,675,188.8500061035156,127473.75411987303,254.94750823974607,127218.80661163329,rank_or_trend_exit,0.0
2011-10-03,SUNPHARMA.NS,SELL,521,227.625,118592.625,237.18525,118355.43975,rank_or_trend_exit,0.0
2011-10-03,ZYDUSLIFE.NS,SELL,773,156.39999389648438,120897.19528198242,241.79439056396484,120655.40089141845,rank_or_trend_exit,0.0
2011-10-03,HEROMOTOCO.NS,SELL,62,1933.949951171875,119904.89697265625,239.8097939453125,119665.08717871094,rank_or_trend_exit,0.0
2011-10-03,BATAINDIA.NS,BUY,10,323.0,3230.0,6.46,-3236.46,target_rebalance,0.0
2011-10-03,JUBLFOOD.NS,BUY,198,79.31500244140625,15704.370483398438,31.408740966796877,-15735.779224365235,target_rebalance,0.0
2011-10-03,VIPIND.NS,SELL,118,180.97999572753903,21355.639495849606,42.71127899169921,21312.928216857905,target_rebalance,0.0
2011-10-03,PETRONET.NS,BUY,88,79.1500015258789,6965.200134277344,13.930400268554688,-6979.130534545899,target_rebalance,0.0
2011-10-03,IGL.NS,SELL,94,42.790000915527344,4022.2600860595703,8.04452017211914,4014.2155658874512,target_rebalance,0.0
2011-10-03,IDEA.NS,SELL,45,59.09096145629883,2659.0932655334473,5.318186531066894,2653.77507900238,target_rebalance,0.0
2011-10-03,TIMKEN.NS,SELL,32,207.6000061035156,6643.200195312499,13.286400390624998,6629.913794921874,target_rebalance,0.0
2011-10-03,CHAMBLFERT.NS,BUY,126,93.0,11718.0,23.436,-11741.436,target_rebalance,0.0
2011-10-03,GMDCLTD.NS,BUY,758,165.10000610351562,125145.80462646484,250.2916092529297,-125396.09623571778,target_rebalance,0.0
2011-10-03,NESTLEIND.NS,SELL,3,213.447494506836,640.342483520508,1.280684967041016,639.061798553467,target_rebalance,0.0
2011-10-03,LUPIN.NS,BUY,267,468.75,125156.25,250.3125,-125406.5625,target_rebalance,0.0
2011-10-03,ASIANPAINT.NS,BUY,399,313.3450012207031,125024.65548706055,250.0493109741211,-125274.70479803467,target_rebalance,0.0
2011-10-03,TITAN.NS,SELL,28,206.0,5768.0,11.536,5756.464,target_rebalance,0.0
2011-10-03,RAJESHEXPO.NS,BUY,1051,119.1500015258789,125226.65160369873,250.45330320739745,-125477.10490690613,target_rebalance,0.0
2011-10-03,M&M.NS,BUY,313,400.0,125200.0,250.4,-125450.4,target_rebalance,0.0
2011-11-01,TIMKEN.NS,SELL,603,221.3500061035156,133474.0536804199,266.9481073608398,133207.10557305906,rank_or_trend_exit,0.0
2011-11-01,NESTLEIND.NS,SELL,586,208.3724975585937,122106.28356933591,244.21256713867183,121862.07100219723,rank_or_trend_exit,0.0
2011-11-01,CHAMBLFERT.NS,SELL,1346,89.80000305175781,120870.80410766602,241.74160821533204,120629.06249945068,rank_or_trend_exit,0.0
2011-11-01,GMDCLTD.NS,SELL,758,176.0,133408.0,266.81600000000003,133141.184,rank_or_trend_exit,0.0
2011-11-01,LUPIN.NS,SELL,267,470.0,125490.0,250.98000000000002,125239.02,rank_or_trend_exit,0.0
2011-11-01,BATAINDIA.NS,SELL,28,362.0,10136.0,20.272000000000002,10115.728,target_rebalance,0.0
2011-11-01,RAJESHEXPO.NS,SELL,156,145.35000610351562,22674.600952148438,45.349201904296876,22629.25175024414,target_rebalance,0.0
2011-11-01,VIPIND.NS,BUY,62,172.89999389648438,10719.799621582031,21.439599243164064,-10741.239220825195,target_rebalance,0.0
2011-11-01,IDEA.NS,BUY,173,56.7996826171875,9826.345092773438,19.652690185546874,-9845.997782958984,target_rebalance,0.0
2011-11-01,JUBLFOOD.NS,BUY,49,80.0,3920.0,7.84,-3927.84,target_rebalance,0.0
2011-11-01,PETRONET.NS,BUY,28,80.8499984741211,2263.7999572753906,4.527599914550781,-2268.327557189941,target_rebalance,0.0
2011-11-01,IGL.NS,BUY,159,42.20000076293945,6709.800121307373,13.419600242614747,-6723.219721549988,target_rebalance,0.0
2011-11-01,HINDUNILVR.NS,BUY,350,371.3999938964844,129989.99786376953,259.97999572753906,-130249.97785949707,target_rebalance,0.0
2011-11-01,ITC.NS,BUY,958,135.7710418701172,130068.65811157227,260.1373162231445,-130328.79542779541,target_rebalance,0.0
2011-11-01,TITAN.NS,BUY,1,214.1000061035156,214.1000061035156,0.4282000122070312,-214.52820611572264,target_rebalance,0.0
2011-11-01,HEROMOTOCO.NS,BUY,60,2159.0,129540.0,259.08,-129799.08,target_rebalance,0.0
2011-11-01,M&M.NS,SELL,10,429.6000061035156,4296.000061035156,8.592000122070313,4287.408060913086,target_rebalance,0.0
2011-11-01,ASIANPAINT.NS,BUY,18,312.0,5616.0,11.232000000000001,-5627.232,target_rebalance,0.0
2011-11-01,ACC.NS,BUY,108,1199.0,129492.0,258.984,-129750.984,target_rebalance,0.0
2011-11-01,BAJAJ-AUTO.NS,BUY,75,1728.4000244140625,129630.00183105469,259.2600036621094,-129889.2618347168,target_rebalance,0.0
2011-12-01,VIPIND.NS,SELL,753,122.3499984741211,92129.54885101318,184.25909770202637,91945.28975331115,rank_or_trend_exit,0.0
2011-12-01,TITAN.NS,SELL,608,183.0,111264.0,222.528,111041.472,rank_or_trend_exit,0.0
2011-12-01,ASIANPAINT.NS,SELL,417,290.0350036621094,120944.59652709961,241.8891930541992,120702.70733404541,rank_or_trend_exit,0.0
2011-12-01,M&M.NS,SELL,303,374.75,113549.25,227.0985,113322.1515,rank_or_trend_exit,0.0
2011-12-01,HEROMOTOCO.NS,SELL,60,2035.0,122100.0,244.20000000000002,121855.8,rank_or_trend_exit,0.0
2011-12-01,BAJAJ-AUTO.NS,SELL,75,1700.0,127500.0,255.0,127245.0,rank_or_trend_exit,0.0
2011-12-01,BATAINDIA.NS,BUY,36,313.0,11268.0,22.536,-11290.536,target_rebalance,0.0
2011-12-01,IDEA.NS,SELL,192,58.91007232666016,11310.733886718752,22.621467773437505,11288.112418945315,target_rebalance,0.0
2011-12-01,PETRONET.NS,SELL,138,84.0,11592.0,23.184,11568.816,target_rebalance,0.0
2011-12-01,HINDUNILVR.NS,SELL,44,403.0,17732.0,35.464,17696.536,target_rebalance,0.0
2011-12-01,IGL.NS,SELL,33,40.525001525878906,1337.325050354004,2.674650100708008,1334.6504002532959,target_rebalance,0.0
2011-12-01,ITC.NS,SELL,14,130.9564666748047,1833.3905334472656,3.6667810668945315,1829.723752380371,target_rebalance,0.0
2011-12-01,ACC.NS,SELL,2,1164.699951171875,2329.39990234375,4.6587998046875,2324.7411025390625,target_rebalance,0.0
2011-12-01,RAJESHEXPO.NS,BUY,31,133.5,4138.5,8.277000000000001,-4146.777,target_rebalance,0.0
2011-12-01,SUNPHARMA.NS,BUY,465,265.5,123457.5,246.915,-123704.415,target_rebalance,0.0
2011-12-01,COLPAL.NS,BUY,244,505.0,123220.0,246.44,-123466.44,target_rebalance,0.0
2011-12-01,BHARTIARTL.NS,BUY,349,354.1039733886719,123582.28671264648,247.16457342529299,-123829.45128607178,target_rebalance,0.0
2011-12-01,JUBLFOOD.NS,SELL,61,79.0,4819.0,9.638,4809.362,target_rebalance,0.0
2011-12-01,DIVISLAB.NS,BUY,326,378.9750061035156,123545.8519897461,247.0917039794922,-123792.94369372558,target_rebalance,0.0
2011-12-01,NESTLEIND.NS,BUY,583,212.1000061035156,123654.3035583496,247.3086071166992,-123901.6121654663,target_rebalance,0.0
2011-12-01,HAVELLS.NS,BUY,1478,83.69999694824219,123708.59548950195,247.41719097900392,-123956.01268048096,target_rebalance,0.0
2012-01-02,BATAINDIA.NS,SELL,395,267.5,105662.5,211.32500000000002,105451.175,rank_or_trend_exit,0.0
2012-01-02,JUBLFOOD.NS,SELL,1566,75.80500030517578,118710.63047790527,237.42126095581054,118473.20921694946,rank_or_trend_exit,0.0
2012-01-02,IDEA.NS,SELL,2100,49.56405258178711,104084.51042175293,208.16902084350588,103876.34140090943,rank_or_trend_exit,0.0
2012-01-02,COLPAL.NS,SELL,244,497.5,121390.0,242.78,121147.22,rank_or_trend_exit,0.0
2012-01-02,BHARTIARTL.NS,SELL,349,310.4831237792969,108358.61019897461,216.71722039794923,108141.89297857667,rank_or_trend_exit,0.0
2012-01-02,NESTLEIND.NS,SELL,583,207.1750030517578,120783.0267791748,241.5660535583496,120541.46072561646,rank_or_trend_exit,0.0
2012-01-02,HAVELLS.NS,SELL,1478,77.04000091552734,113865.12135314941,227.73024270629884,113637.39111044312,rank_or_trend_exit,0.0
2012-01-02,HINDUNILVR.NS,SELL,18,408.1499938964844,7346.699890136719,14.693399780273438,7332.006490356445,target_rebalance,0.0
2012-01-02,PETRONET.NS,BUY,34,78.25,2660.5,5.321,-2665.821,target_rebalance,0.0
2012-01-02,APOLLOHOSP.NS,BUY,211,558.5,117843.5,235.687,-118079.187,target_rebalance,0.0
2012-01-02,DIVISLAB.NS,SELL,15,378.6000061035156,5679.000091552734,11.358000183105469,5667.642091369629,target_rebalance,0.0
2012-01-02,ITC.NS,SELL,35,129.5762939453125,4535.1702880859375,9.070340576171875,4526.099947509766,target_rebalance,0.0
2012-01-02,AMBUJACEM.NS,BUY,755,156.0,117780.0,235.56,-118015.56,target_rebalance,0.0
2012-01-02,ULTRACEMCO.NS,BUY,101,1166.5,117816.5,235.633,-118052.133,target_rebalance,0.0
2012-01-02,BAJAJ-AUTO.NS,BUY,73,1600.0,116800.0,233.6,-117033.6,target_rebalance,0.0
2012-01-02,IGL.NS,BUY,50,38.0,1900.0,3.8000000000000003,-1903.8,target_rebalance,0.0
2012-01-02,LICHSGFIN.NS,BUY,530,222.0500030517578,117686.50161743164,235.3730032348633,-117921.87462066651,target_rebalance,0.0
2012-01-02,ACC.NS,SELL,4,1145.0,4580.0,9.16,4570.84,target_rebalance,0.0
2012-01-02,GRASIM.NS,BUY,308,381.745849609375,117577.7216796875,235.155443359375,-117812.87712304687,target_rebalance,0.0
2012-01-02,RAJESHEXPO.NS,BUY,7,126.3000030517578,884.1000213623046,1.7682000427246092,-885.8682214050292,target_rebalance,0.0
2012-01-02,SUNPHARMA.NS,BUY,6,250.0,1500.0,3.0,-1503.0,target_rebalance,0.0
2012-01-02,PRAJIND.NS,BUY,1579,74.6500015258789,117872.3524093628,235.74470481872558,-118108.09711418152,target_rebalance,0.0
2012-02-01,IGL.NS,SELL,3102,35.810001373291016,111082.62425994873,222.16524851989746,110860.45901142883,rank_or_trend_exit,0.0
2012-02-01,RAJESHEXPO.NS,SELL,933,133.75,124788.75,249.57750000000001,124539.1725,rank_or_trend_exit,0.0
2012-02-01,SUNPHARMA.NS,SELL,471,276.9750061035156,130455.22787475586,260.9104557495117,130194.31741900634,rank_or_trend_exit,0.0
2012-02-01,DIVISLAB.NS,SELL,311,395.5499877929688,123016.0462036133,246.0320924072266,122770.01411120607,rank_or_trend_exit,0.0
2012-02-01,APOLLOHOSP.NS,SELL,211,602.25,127074.75,254.14950000000002,126820.6005,rank_or_trend_exit,0.0
2012-02-01,GRASIM.NS,SELL,308,403.957763671875,124418.9912109375,248.837982421875,124170.15322851563,rank_or_trend_exit,0.0
2012-02-01,PRAJIND.NS,SELL,1579,87.9000015258789,138794.1024093628,277.5882048187256,138516.51420454407,rank_or_trend_exit,0.0
2012-02-01,BATAINDIA.NS,BUY,360,346.0,124560.0,249.12,-124809.12,target_rebalance,0.0
2012-02-01,HAVELLS.NS,BUY,1297,96.0,124512.0,249.024,-124761.024,target_rebalance,0.0
2012-02-01,JUBLFOOD.NS,BUY,1325,94.0,124550.0,249.1,-124799.1,target_rebalance,0.0
2012-02-01,LICHSGFIN.NS,SELL,34,250.9499969482422,8532.299896240234,17.064599792480468,8515.235296447754,target_rebalance,0.0
2012-02-01,AMBUJACEM.NS,BUY,18,161.0,2898.0,5.796,-2903.796,target_rebalance,0.0
2012-02-01,IDEA.NS,BUY,2233,55.774635314941406,124544.76065826416,249.08952131652833,-124793.8501795807,target_rebalance,0.0
2012-02-01,HINDUNILVR.NS,BUY,40,379.75,15190.0,30.38,-15220.38,target_rebalance,0.0
2012-02-01,BAJAJ-AUTO.NS,BUY,3,1621.0,4863.0,9.726,-4872.726,target_rebalance,0.0
2012-02-01,ACC.NS,BUY,2,1188.0,2376.0,4.752,-2380.752,target_rebalance,0.0
2012-02-01,INDUSINDBK.NS,BUY,432,288.20001220703125,124502.4052734375,249.004810546875,-124751.41008398437,target_rebalance,0.0
2012-02-01,PETRONET.NS,BUY,17,81.80000305175781,1390.6000518798828,2.781200103759766,-1393.3812519836426,target_rebalance,0.0
2012-02-01,APOLLOTYRE.NS,BUY,1718,72.5,124555.0,249.11,-124804.11,target_rebalance,0.0
2012-02-01,ITC.NS,BUY,45,130.53921508789062,5874.264678955078,11.748529357910156,-5886.013208312988,target_rebalance,0.0
2012-02-01,KOTAKBANK.NS,BUY,2501,49.79999923706055,124549.79809188843,249.09959618377687,-124798.8976880722,target_rebalance,0.0
2012-03-01,PETRONET.NS,SELL,1523,84.0,127932.0,255.864,127676.136,rank_or_trend_exit,0.0
2012-03-01,ITC.NS,SELL,954,133.26747131347656,127137.16763305664,254.2743352661133,126882.89329779052,rank_or_trend_exit,0.0
2012-03-01,BATAINDIA.NS,SELL,360,332.6499938964844,119753.99780273438,239.50799560546875,119514.4898071289,rank_or_trend_exit,0.0
2012-03-01,IDEA.NS,SELL,2233,56.58864212036133,126362.43785476685,252.7248757095337,126109.71297905731,rank_or_trend_exit,0.0
2012-03-01,MRF.NS,BUY,13,9850.0,128050.0,256.1,-128306.1,target_rebalance,0.0
2012-03-01,HAVELLS.NS,SELL,63,108.4000015258789,6829.200096130371,13.658400192260743,6815.54169593811,target_rebalance,0.0
2012-03-01,GODREJIND.NS,BUY,531,251.79855346679688,133705.03189086914,267.4100637817383,-133972.4419546509,target_rebalance,0.0
2012-03-01,APOLLOTYRE.NS,SELL,112,83.30000305175781,9329.600341796875,18.65920068359375,9310.94114111328,target_rebalance,0.0
2012-03-01,BAJAJFINSV.NS,BUY,2113,63.329566955566406,133815.37497711182,267.63074995422363,-134083.00572706605,target_rebalance,0.0
2012-03-01,ULTRACEMCO.NS,SELL,6,1403.949951171875,8423.69970703125,16.8473994140625,8406.852307617188,target_rebalance,0.0
2012-03-01,JUBLFOOD.NS,SELL,39,103.99500274658205,4055.8051071166997,8.1116102142334,4047.6934969024664,target_rebalance,0.0
2012-03-01,LICHSGFIN.NS,BUY,18,259.8999938964844,4678.199890136719,9.356399780273438,-4687.556289916992,target_rebalance,0.0
2012-03-01,INDUSINDBK.NS,SELL,8,314.8999938964844,2519.199951171875,5.03839990234375,2514.161551269531,target_rebalance,0.0
2012-03-01,ACC.NS,SELL,2,1305.0,2610.0,5.22,2604.78,target_rebalance,0.0
2012-03-01,TATACONSUM.NS,BUY,1062,125.9499969482422,133758.89675903323,267.51779351806647,-134026.4145525513,target_rebalance,0.0
2012-03-01,KOTAKBANK.NS,SELL,37,54.29999923706055,2009.0999717712402,4.018199943542481,2005.0817718276978,target_rebalance,0.0
2012-03-01,HINDUNILVR.NS,BUY,24,379.5,9108.0,18.216,-9126.216,target_rebalance,0.0
2012-03-01,BAJAJ-AUTO.NS,SELL,2,1803.449951171875,3606.89990234375,7.2137998046875005,3599.6861025390626,target_rebalance,0.0
2012-03-01,AMBUJACEM.NS,BUY,60,160.5,9630.0,19.26,-9649.26,target_rebalance,0.0
2012-04-02,AMBUJACEM.NS,SELL,833,172.0,143276.0,286.552,142989.448,rank_or_trend_exit,0.0
2012-04-02,BAJAJ-AUTO.NS,SELL,74,1687.0,124838.0,249.67600000000002,124588.324,rank_or_trend_exit,0.0
2012-04-02,INDUSINDBK.NS,SELL,424,322.20001220703125,136612.80517578125,273.2256103515625,136339.57956542968,rank_or_trend_exit,0.0
2012-04-02,APOLLOTYRE.NS,SELL,1606,79.80000305175781,128158.80490112305,256.3176098022461,127902.4872913208,rank_or_trend_exit,0.0
2012-04-02,KOTAKBANK.NS,SELL,2464,54.625,134596.0,269.192,134326.808,rank_or_trend_exit,0.0
2012-04-02,BAJAJFINSV.NS,SELL,2113,63.31974029541016,133794.6112442017,267.5892224884034,133527.0220217133,rank_or_trend_exit,0.0
2012-04-02,TATACONSUM.NS,SELL,1062,112.5,119475.0,238.95000000000002,119236.05,rank_or_trend_exit,0.0
2012-04-02,HAVELLS.NS,SELL,34,113.9499969482422,3874.299896240235,7.74859979248047,3866.5512964477543,target_rebalance,0.0
2012-04-02,JUBLFOOD.NS,SELL,20,108.0,2160.0,4.32,2155.68,target_rebalance,0.0
2012-04-02,ULTRACEMCO.NS,SELL,3,1486.0,4458.0,8.916,4449.084,target_rebalance,0.0
2012-04-02,HINDUNILVR.NS,SELL,17,408.2000122070313,6939.400207519532,13.878800415039064,6925.521407104493,target_rebalance,0.0
2012-04-02,GODREJIND.NS,SELL,1,257.6438903808594,257.6438903808594,0.5152877807617188,257.1286026000977,target_rebalance,0.0
2012-04-02,BATAINDIA.NS,BUY,352,388.0249938964844,136584.7978515625,273.169595703125,-136857.96744726563,target_rebalance,0.0
2012-04-02,ACC.NS,SELL,2,1356.0,2712.0,5.424,2706.576,target_rebalance,0.0
2012-04-02,APOLLOHOSP.NS,BUY,212,644.6500244140625,136665.80517578125,273.3316103515625,-136939.13678613282,target_rebalance,0.0
2012-04-02,COLPAL.NS,BUY,243,562.0,136566.0,273.132,-136839.132,target_rebalance,0.0
2012-04-02,OFSS.NS,BUY,51,2633.800048828125,134323.80249023438,268.64760498046877,-134592.45009521485,target_rebalance,0.0
2012-04-02,GODREJCP.NS,BUY,856,159.5833282470703,136603.3289794922,273.2066579589844,-136876.53563745116,target_rebalance,0.0
2012-04-02,LICHSGFIN.NS,BUY,2,264.70001220703125,529.4000244140625,1.058800048828125,-530.4588244628907,target_rebalance,0.0
2012-04-02,RAYMOND.NS,BUY,321,425.0,136425.0,272.85,-136697.85,target_rebalance,0.0
2012-04-02,YESBANK.NS,BUY,1848,73.97000122070312,136696.56225585938,273.3931245117188,-136969.9553803711,target_rebalance,0.0
2012-05-02,ACC.NS,SELL,100,1241.0,124100.0,248.20000000000002,123851.8,rank_or_trend_exit,0.0
2012-05-02,LICHSGFIN.NS,SELL,516,261.5,134934.0,269.868,134664.132,rank_or_trend_exit,0.0
2012-05-02,COLPAL.NS,SELL,243,560.0,136080.0,272.16,135807.84,rank_or_trend_exit,0.0
2012-05-02,OFSS.NS,SELL,51,2625.0,133875.0,267.75,133607.25,rank_or_trend_exit,0.0
2012-05-02,RAYMOND.NS,SELL,321,405.0,130005.0,260.01,129744.99,rank_or_trend_exit,0.0
2012-05-02,YESBANK.NS,SELL,1848,70.4000015258789,130099.20281982422,260.19840563964846,129839.00441418457,rank_or_trend_exit,0.0
2012-05-02,MRF.NS,SELL,1,11519.900390625,11519.900390625,23.03980078125,11496.86058984375,target_rebalance,0.0
2012-05-02,JUBLFOOD.NS,SELL,73,118.0,8614.0,17.228,8596.772,target_rebalance,0.0
2012-05-02,BATAINDIA.NS,SELL,32,439.0,14048.0,28.096,14019.904,target_rebalance,0.0
2012-05-02,GODREJIND.NS,SELL,3,267.1862487792969,801.5587463378906,1.6031174926757812,799.9556288452148,target_rebalance,0.0
2012-05-02,BAJAJFINSV.NS,BUY,1975,71.32681274414062,140870.45516967773,281.7409103393555,-141152.19608001708,target_rebalance,0.0
2012-05-02,GODREJCP.NS,SELL,79,181.1999969482422,14314.799758911133,28.629599517822268,14286.17015939331,target_rebalance,0.0
2012-05-02,HINDUNILVR.NS,SELL,8,430.0,3440.0,6.88,3433.12,target_rebalance,0.0
2012-05-02,HAVELLS.NS,BUY,65,111.3000030517578,7234.500198364257,14.469000396728514,-7248.969198760986,target_rebalance,0.0
2012-05-02,ULTRACEMCO.NS,BUY,6,1433.0999755859375,8598.599853515625,17.19719970703125,-8615.797053222655,target_rebalance,0.0
2012-05-02,SUNPHARMA.NS,BUY,467,301.125,140625.375,281.25075,-140906.62575,target_rebalance,0.0
2012-05-02,APOLLOHOSP.NS,BUY,8,640.0,5120.0,10.24,-5130.24,target_rebalance,0.0
2012-05-02,APOLLOTYRE.NS,BUY,1556,90.5,140818.0,281.636,-141099.636,target_rebalance,0.0
2012-05-02,TIMKEN.NS,BUY,569,247.4499969482422,140799.0482635498,281.59809652709964,-141080.6463600769,target_rebalance,0.0
2012-05-02,ASIANPAINT.NS,BUY,399,352.70001220703125,140727.30487060547,281.45460974121096,-141008.7594803467,target_rebalance,0.0
2012-05-02,LUPIN.NS,BUY,255,552.4500122070312,140874.75311279297,281.74950622558595,-141156.50261901855,target_rebalance,0.0
2012-06-01,HINDUNILVR.NS,SELL,327,428.3999938964844,140086.7980041504,280.17359600830076,139806.6244081421,rank_or_trend_exit,0.0
2012-06-01,SUNPHARMA.NS,SELL,467,280.67498779296875,131075.2192993164,262.15043859863283,130813.06886071777,rank_or_trend_exit,0.0
2012-06-01,TIMKEN.NS,SELL,569,197.3999938964844,112320.59652709962,224.64119305419925,112095.95533404543,rank_or_trend_exit,0.0
2012-06-01,LUPIN.NS,SELL,255,541.7000122070312,138133.50311279297,276.26700622558593,137857.23610656738,rank_or_trend_exit,0.0
2012-06-01,MRF.NS,BUY,1,10700.0498046875,10700.0498046875,21.400099609375,-10721.449904296875,target_rebalance,0.0
2012-06-01,JUBLFOOD.NS,SELL,96,127.375,12228.0,24.456,12203.544,target_rebalance,0.0
2012-06-01,BATAINDIA.NS,SELL,3,440.0249938964844,1320.0749816894531,2.6401499633789065,1317.4348317260742,target_rebalance,0.0
2012-06-01,GODREJCP.NS,SELL,53,192.9166717529297,10224.583602905273,20.449167205810546,10204.134435699463,target_rebalance,0.0
2012-06-01,ASTRAZEN.NS,BUY,75,1850.050048828125,138753.75366210938,277.50750732421875,-139031.2611694336,target_rebalance,0.0
2012-06-01,GODREJIND.NS,BUY,13,258.4931945800781,3360.4115295410156,6.720823059082031,-3367.132352600098,target_rebalance,0.0
2012-06-01,BSOFT.NS,BUY,1894,73.78770446777344,139753.9122619629,279.50782452392576,-140033.42008648682,target_rebalance,0.0
2012-06-01,NATCOPHARM.NS,BUY,1787,78.19999694824219,139743.3945465088,279.4867890930176,-140022.8813356018,target_rebalance,0.0
2012-06-01,HAVELLS.NS,SELL,10,111.33999633789062,1113.3999633789062,2.2267999267578125,1111.1731634521484,target_rebalance,0.0
2012-06-01,BAJAJFINSV.NS,BUY,184,64.7394027709961,11912.050109863281,23.824100219726564,-11935.874210083008,target_rebalance,0.0
2012-06-01,ASIANPAINT.NS,SELL,50,399.8999938964844,19994.99969482422,39.98999938964844,19955.00969543457,target_rebalance,0.0
2012-06-01,ULTRACEMCO.NS,BUY,1,1404.949951171875,1404.949951171875,2.80989990234375,-1407.7598510742187,target_rebalance,0.0
2012-06-01,COLPAL.NS,BUY,231,604.9749755859375,139749.21936035156,279.4984387207031,-140028.71779907227,target_rebalance,0.0
2012-06-01,APOLLOHOSP.NS,SELL,12,668.9000244140625,8026.80029296875,16.0536005859375,8010.746692382812,target_rebalance,0.0
2012-06-01,APOLLOTYRE.NS,BUY,81,85.3499984741211,6913.349876403809,13.826699752807617,-6927.176576156617,target_rebalance,0.0
2012-07-02,GODREJIND.NS,SELL,540,243.6550750732422,131573.74053955078,263.14748107910157,131310.59305847168,rank_or_trend_exit,0.0
2012-07-02,APOLLOHOSP.NS,SELL,208,621.6500244140625,129303.205078125,258.60641015625,129044.59866796875,rank_or_trend_exit,0.0
2012-07-02,APOLLOTYRE.NS,SELL,1637,79.1500015258789,129568.55249786377,259.13710499572755,129309.41539286805,rank_or_trend_exit,0.0
2012-07-02,NATCOPHARM.NS,SELL,1787,67.9800033569336,121480.26599884033,242.96053199768068,121237.30546684265,rank_or_trend_exit,0.0
2012-07-02,COLPAL.NS,SELL,231,600.875,138802.125,277.60425,138524.52075,rank_or_trend_exit,0.0
2012-07-02,AJANTPHARM.NS,BUY,2197,62.66222381591797,137668.90572357178,275.33781144714357,-137944.24353501893,target_rebalance,0.0
2012-07-02,BATAINDIA.NS,SELL,4,438.8999938964844,1755.5999755859375,3.511199951171875,1752.0887756347656,target_rebalance,0.0
2012-07-02,HAVELLS.NS,SELL,83,117.47000122070312,9750.01010131836,19.50002020263672,9730.510081115723,target_rebalance,0.0
2012-07-02,JUBLFOOD.NS,BUY,81,116.9000015258789,9468.900123596191,18.937800247192385,-9487.837923843384,target_rebalance,0.0
2012-07-02,BSOFT.NS,SELL,8,73.01066589355469,584.0853271484375,1.168170654296875,582.9171564941406,target_rebalance,0.0
2012-07-02,ASTRAZEN.NS,SELL,1,1857.949951171875,1857.949951171875,3.7158999023437502,1854.2340512695312,target_rebalance,0.0
2012-07-02,BAJAJFINSV.NS,SELL,126,67.72117614746094,8532.868194580078,17.065736389160158,8515.802458190918,target_rebalance,0.0
2012-07-02,GODREJCP.NS,SELL,5,191.36666870117188,956.8333435058594,1.9136666870117187,954.9196768188476,target_rebalance,0.0
2012-07-02,ULTRACEMCO.NS,SELL,9,1515.0,13635.0,27.27,13607.73,target_rebalance,0.0
2012-07-02,ASIANPAINT.NS,BUY,6,387.7999877929688,2326.799926757813,4.653599853515626,-2331.4535266113285,target_rebalance,0.0
2012-07-02,DIVISLAB.NS,BUY,267,515.0,137505.0,275.01,-137780.01,target_rebalance,0.0
2012-07-02,KOTAKBANK.NS,BUY,2321,59.32500076293945,137693.32677078247,275.38665354156495,-137968.71342432403,target_rebalance,0.0
2012-07-02,INDUSINDBK.NS,BUY,402,342.1499938964844,137544.29754638672,275.08859509277346,-137819.38614147948,target_rebalance,0.0
2012-07-02,ITC.NS,BUY,827,166.35964965820312,137579.43026733398,275.15886053466795,-137854.58912786865,target_rebalance,0.0
2012-08-01,MRF.NS,SELL,13,9601.599609375,124820.794921875,249.64158984375,124571.15333203124,rank_or_trend_exit,0.0
2012-08-01,ASIANPAINT.NS,SELL,355,362.760009765625,128779.80346679688,257.5596069335937,128522.24385986329,rank_or_trend_exit,0.0
2012-08-01,ASTRAZEN.NS,SELL,74,1600.0,118400.0,236.8,118163.2,rank_or_trend_exit,0.0
2012-08-01,KOTAKBANK.NS,SELL,2321,53.75,124753.75,249.5075,124504.2425,rank_or_trend_exit,0.0
2012-08-01,INDUSINDBK.NS,SELL,402,334.95001220703125,134649.90490722656,269.2998098144531,134380.6050974121,rank_or_trend_exit,0.0
2012-08-01,AJANTPHARM.NS,SELL,113,66.22666931152344,7483.613632202148,14.967227264404297,7468.646404937745,target_rebalance,0.0
2012-08-01,ULTRACEMCO.NS,SELL,6,1643.0,9858.0,19.716,9838.284,target_rebalance,0.0
2012-08-01,GODREJCP.NS,SELL,55,207.63333129882807,11419.833221435543,22.83966644287109,11396.993554992672,target_rebalance,0.0
2012-08-01,BAJAJFINSV.NS,SELL,153,73.3899917602539,11228.668739318848,22.457337478637697,11206.21140184021,target_rebalance,0.0
2012-08-01,HINDUNILVR.NS,BUY,296,465.9500122070313,137921.20361328128,275.84240722656256,-138197.04602050784,target_rebalance,0.0
2012-08-01,BATAINDIA.NS,SELL,3,444.1749877929688,1332.5249633789065,2.665049926757813,1329.8599134521487,target_rebalance,0.0
2012-08-01,DIVISLAB.NS,SELL,17,552.0,9384.0,18.768,9365.232,target_rebalance,0.0
2012-08-01,HAVELLS.NS,BUY,110,107.5999984741211,11835.99983215332,23.67199966430664,-11859.671831817626,target_rebalance,0.0
2012-08-01,ITC.NS,BUY,6,165.58932495117188,993.5359497070312,1.9870718994140626,-995.5230216064454,target_rebalance,0.0
2012-08-01,AMBUJACEM.NS,BUY,760,181.5,137940.0,275.88,-138215.88,target_rebalance,0.0
2012-08-01,LUPIN.NS,BUY,227,606.0,137562.0,275.124,-137837.124,target_rebalance,0.0
2012-08-01,ZEEL.NS,BUY,821,168.0,137928.0,275.856,-138203.856,target_rebalance,0.0
2012-08-01,BSOFT.NS,BUY,3,73.07283020019531,219.21849060058594,0.43843698120117186,-219.6569275817871,target_rebalance,0.0
2012-08-01,ACC.NS,BUY,105,1314.0,137970.0,275.94,-138245.94,target_rebalance,0.0
2012-08-01,JUBLFOOD.NS,BUY,43,113.0,4859.0,9.718,-4868.718,target_rebalance,0.0
2012-09-03,JUBLFOOD.NS,SELL,1221,116.125,141788.625,283.57725,141505.04775,rank_or_trend_exit,0.0
2012-09-03,BATAINDIA.NS,SELL,310,447.0499877929688,138585.49621582034,277.1709924316407,138308.3252233887,rank_or_trend_exit,0.0
2012-09-03,BSOFT.NS,SELL,1889,78.23237609863281,147780.95845031738,295.5619169006348,147485.39653341676,rank_or_trend_exit,0.0
2012-09-03,AJANTPHARM.NS,SELL,2084,74.4888916015625,155234.85009765625,310.4697001953125,154924.38039746095,rank_or_trend_exit,0.0
2012-09-03,ITC.NS,SELL,833,172.68280029296875,143844.77264404297,287.6895452880859,143557.08309875487,rank_or_trend_exit,0.0
2012-09-03,AMBUJACEM.NS,SELL,760,186.1999969482422,141511.99768066406,283.0239953613281,141228.97368530274,rank_or_trend_exit,0.0
2012-09-03,LUPIN.NS,SELL,227,590.0,133930.0,267.86,133662.14,rank_or_trend_exit,0.0
2012-09-03,ACC.NS,SELL,105,1311.050048828125,137660.25512695312,275.32051025390626,137384.93461669923,rank_or_trend_exit,0.0
2012-09-03,VGUARD.NS,BUY,4975,29.121427536010746,144879.10199165347,289.75820398330694,-145168.86019563678,target_rebalance,0.0
2012-09-03,GODREJCP.NS,SELL,38,231.3333282470703,8790.666473388672,17.581332946777344,8773.085140441895,target_rebalance,0.0
2012-09-03,DIVISLAB.NS,BUY,2,574.6500244140625,1149.300048828125,2.29860009765625,-1151.5986489257812,target_rebalance,0.0
2012-09-03,HINDUNILVR.NS,SELL,17,517.9500122070312,8805.150207519531,17.610300415039063,8787.539907104492,target_rebalance,0.0
2012-09-03,APOLLOTYRE.NS,BUY,1554,93.1999969482422,144832.7952575684,289.6655905151368,-145122.46084808352,target_rebalance,0.0
2012-09-03,OFSS.NS,BUY,48,2980.0,143040.0,286.08,-143326.08,target_rebalance,0.0
2012-09-03,BAJAJFINSV.NS,SELL,37,78.58721923828125,2907.7271118164062,5.815454223632813,2901.9116575927733,target_rebalance,0.0
2012-09-03,BALKRISIND.NS,BUY,1071,135.20289611816406,144802.3017425537,289.6046034851074,-145091.90634603883,target_rebalance,0.0
2012-09-03,ULTRACEMCO.NS,BUY,1,1694.0,1694.0,3.388,-1697.388,target_rebalance,0.0
2012-09-03,HAVELLS.NS,BUY,49,108.81999969482422,5332.179985046387,10.664359970092773,-5342.84434501648,target_rebalance,0.0
2012-09-03,IPCALAB.NS,BUY,652,222.0,144744.0,289.488,-145033.488,target_rebalance,0.0
2012-09-03,UBL.NS,BUY,229,630.0,144270.0,288.54,-144558.54,target_rebalance,0.0
2012-09-03,SUNPHARMA.NS,BUY,432,335.04998779296875,144741.5947265625,289.483189453125,-145031.07791601564,target_rebalance,0.0
2012-09-03,HCLTECH.NS,BUY,1070,135.39999389648438,144877.99346923828,289.75598693847655,-145167.74945617677,target_rebalance,0.0
2012-09-03,ZEEL.NS,BUY,60,164.3000030517578,9858.000183105469,19.716000366210938,-9877.716183471679,target_rebalance,0.0
2012-10-01,DIVISLAB.NS,SELL,252,544.4249877929688,137195.09692382812,274.39019384765623,136920.70672998048,rank_or_trend_exit,0.0
2012-10-01,APOLLOTYRE.NS,SELL,1554,93.0,144522.0,289.044,144232.956,rank_or_trend_exit,0.0
2012-10-01,OFSS.NS,SELL,48,3014.0,144672.0,289.344,144382.656,rank_or_trend_exit,0.0
2012-10-01,BALKRISIND.NS,SELL,1071,141.5943145751953,151647.51091003418,303.29502182006837,151344.21588821412,rank_or_trend_exit,0.0
2012-10-01,SUNPHARMA.NS,SELL,432,350.0,151200.0,302.40000000000003,150897.6,rank_or_trend_exit,0.0
2012-10-01,HCLTECH.NS,SELL,1070,143.5,153545.0,307.09000000000003,153237.91,rank_or_trend_exit,0.0
2012-10-01,VGUARD.NS,BUY,444,28.41071319580078,12614.356658935547,25.228713317871094,-12639.585372253418,target_rebalance,0.0
2012-10-01,ARE&M.NS,BUY,733,210.0,153930.0,307.86,-154237.86,target_rebalance,0.0
2012-10-01,IPCALAB.NS,SELL,17,242.375,4120.375,8.24075,4112.13425,target_rebalance,0.0
2012-10-01,ZEEL.NS,SELL,93,195.3500061035156,18167.55056762695,36.3351011352539,18131.215466491696,target_rebalance,0.0
2012-10-01,BAJAJFINSV.NS,SELL,92,87.8949966430664,8086.339691162109,16.17267938232422,8070.167011779785,target_rebalance,0.0
2012-10-01,ULTRACEMCO.NS,SELL,8,1977.949951171875,15823.599609375,31.64719921875,15791.95241015625,target_rebalance,0.0
2012-10-01,GODREJCP.NS,BUY,66,222.4499969482422,14681.699798583984,29.36339959716797,-14711.063198181153,target_rebalance,0.0
2012-10-01,HINDUNILVR.NS,BUY,4,543.0,2172.0,4.344,-2176.344,target_rebalance,0.0
2012-10-01,UNITDSPR.NS,BUY,625,246.0,153750.0,307.5,-154057.5,target_rebalance,0.0
2012-10-01,TATACONSUM.NS,BUY,1071,143.75,153956.25,307.9125,-154264.1625,target_rebalance,0.0
2012-10-01,TECHM.NS,BUY,631,243.8874969482422,153893.01057434082,307.78602114868164,-154200.7965954895,target_rebalance,0.0
2012-10-01,MASTEK.NS,BUY,1120,137.39999389648438,153887.9931640625,307.775986328125,-154195.76915039064,target_rebalance,0.0
2012-10-01,UBL.NS,BUY,4,658.9500122070312,2635.800048828125,5.2716000976562505,-2641.071648925781,target_rebalance,0.0
2012-10-01,HAVELLS.NS,SELL,80,123.0,9840.0,19.68,9820.32,target_rebalance,0.0
2012-10-01,BATAINDIA.NS,BUY,313,490.6000061035156,153557.8019104004,307.1156038208008,-153864.9175142212,target_rebalance,0.0
2012-11-01,HAVELLS.NS,SELL,1251,115.94000244140624,145040.9430541992,290.0818861083984,144750.86116809078,rank_or_trend_exit,0.0
2012-11-01,UNITDSPR.NS,SELL,625,235.0,146875.0,293.75,146581.25,rank_or_trend_exit,0.0
2012-11-01,MASTEK.NS,SELL,1120,130.6999969482422,146383.99658203125,292.7679931640625,146091.22858886718,rank_or_trend_exit,0.0
2012-11-01,BATAINDIA.NS,SELL,313,425.5,133181.5,266.363,132915.137,rank_or_trend_exit,0.0
2012-11-01,ARE&M.NS,SELL,47,227.25,10680.75,21.3615,10659.3885,target_rebalance,0.0
2012-11-01,SHREECEM.NS,BUY,36,4280.0,154080.0,308.16,-154388.16,target_rebalance,0.0
2012-11-01,VGUARD.NS,SELL,483,31.589284896850582,15257.624605178831,30.515249210357663,15227.109355968474,target_rebalance,0.0
2012-11-01,UBL.NS,SELL,34,782.4000244140625,26601.600830078125,53.20320166015625,26548.39762841797,target_rebalance,0.0
2012-11-01,ULTRACEMCO.NS,BUY,1,1991.0,1991.0,3.982,-1994.982,target_rebalance,0.0
2012-11-01,IPCALAB.NS,BUY,48,228.0249938964844,10945.199707031252,21.890399414062504,-10967.090106445314,target_rebalance,0.0
2012-11-01,TECHM.NS,BUY,27,236.75,6392.25,12.7845,-6405.0345,target_rebalance,0.0
2012-11-01,ZEEL.NS,BUY,33,189.8500061035156,6265.050201416015,12.53010040283203,-6277.580301818847,target_rebalance,0.0
2012-11-01,DIVISLAB.NS,BUY,259,600.625,155561.875,311.12375000000003,-155872.99875,target_rebalance,0.0
2012-11-01,GODREJCP.NS,SELL,43,240.1666717529297,10327.166885375977,20.654333770751954,10306.512551605225,target_rebalance,0.0
2012-11-01,TATACONSUM.NS,SELL,45,151.89999389648438,6835.499725341797,13.670999450683594,6821.828725891113,target_rebalance,0.0
2012-11-01,HINDUNILVR.NS,BUY,7,537.4000244140625,3761.8001708984375,7.523600341796875,-3769.3237712402342,target_rebalance,0.0
2012-11-01,J&KBANK.NS,BUY,1268,122.9800033569336,155938.6442565918,311.8772885131836,-156250.52154510497,target_rebalance,0.0
2012-11-01,BAJAJFINSV.NS,BUY,81,85.0999984741211,6893.099876403809,13.786199752807617,-6906.886076156617,target_rebalance,0.0
2012-11-01,APOLLOHOSP.NS,BUY,199,779.7999877929688,155180.19757080078,310.36039514160154,-155490.5579659424,target_rebalance,0.0
2012-12-03,GODREJCP.NS,SELL,649,247.2833404541016,160486.88795471194,320.9737759094239,160165.91417880252,rank_or_trend_exit,0.0
2012-12-03,HINDUNILVR.NS,SELL,290,540.7999877929688,156831.99645996094,313.6639929199219,156518.332467041,rank_or_trend_exit,0.0
2012-12-03,TECHM.NS,SELL,658,220.5375061035156,145113.67901611325,290.2273580322265,144823.45165808103,rank_or_trend_exit,0.0
2012-12-03,DIVISLAB.NS,SELL,259,588.4749755859375,152415.0186767578,304.83003735351565,152110.1886394043,rank_or_trend_exit,0.0
2012-12-03,APOLLOHOSP.NS,SELL,199,820.5499877929688,163289.44757080078,326.57889514160155,162962.86867565918,rank_or_trend_exit,0.0
2012-12-03,VGUARD.NS,SELL,578,37.59285736083984,21728.671554565426,43.45734310913085,21685.214211456296,target_rebalance,0.0
2012-12-03,UNITDSPR.NS,BUY,411,398.0,163578.0,327.156,-163905.156,target_rebalance,0.0
2012-12-03,PVRINOX.NS,BUY,529,309.31024169921875,163625.11785888672,327.2502357177734,-163952.3680946045,target_rebalance,0.0
2012-12-03,ARE&M.NS,SELL,31,249.8500061035156,7745.3501892089835,15.490700378417968,7729.859488830565,target_rebalance,0.0
2012-12-03,UBL.NS,BUY,4,805.0,3220.0,6.44,-3226.44,target_rebalance,0.0
2012-12-03,AUROPHARMA.NS,BUY,1730,94.6500015258789,163744.5026397705,327.489005279541,-164071.99164505006,target_rebalance,0.0
2012-12-03,TATACONSUM.NS,SELL,44,166.8000030517578,7339.200134277344,14.678400268554688,7324.521734008789,target_rebalance,0.0
2012-12-03,J&KBANK.NS,SELL,86,138.4949951171875,11910.569580078125,23.82113916015625,11886.748440917969,target_rebalance,0.0
2012-12-03,MOTHERSON.NS,BUY,17342,9.44722843170166,163833.8354625702,327.6676709251404,-164161.50313349534,target_rebalance,0.0
2012-12-03,BAJAJFINSV.NS,BUY,27,88.0999984741211,2378.6999588012695,4.757399917602539,-2383.457358718872,target_rebalance,0.0
2012-12-03,IPCALAB.NS,BUY,39,226.7250061035156,8842.275238037108,17.684550476074214,-8859.959788513183,target_rebalance,0.0
2012-12-03,ULTRACEMCO.NS,BUY,4,1990.0,7960.0,15.92,-7975.92,target_rebalance,0.0
2012-12-03,ZEEL.NS,BUY,10,197.1000061035156,1971.000061035156,3.9420001220703123,-1974.9420611572264,target_rebalance,0.0
2012-12-03,LTF.NS,BUY,2348,69.75855255126953,163793.08139038086,327.58616278076175,-164120.66755316162,target_rebalance,0.0
2013-01-01,ULTRACEMCO.NS,SELL,82,1995.0,163590.0,327.18,163262.82,rank_or_trend_exit,0.0
2013-01-01,IPCALAB.NS,SELL,722,261.07501220703125,188496.15881347656,376.99231762695314,188119.1664958496,rank_or_trend_exit,0.0
2013-01-01,TATACONSUM.NS,SELL,982,160.5500030517578,157660.10299682617,315.32020599365234,157344.7827908325,rank_or_trend_exit,0.0
2013-01-01,J&KBANK.NS,SELL,1182,130.0,153660.0,307.32,153352.68,rank_or_trend_exit,0.0
2013-01-01,VGUARD.NS,BUY,339,36.38214111328125,12333.545837402344,24.667091674804688,-12358.212929077148,target_rebalance,0.0
2013-01-01,UNITDSPR.NS,BUY,36,381.9100036621094,13748.760131835938,27.497520263671877,-13776.25765209961,target_rebalance,0.0
2013-01-01,PRESTIGE.NS,BUY,943,181.1000061035156,170777.3057556152,341.5546115112304,-171118.86036712644,target_rebalance,0.0
2013-01-01,UBL.NS,SELL,22,939.8499755859376,20676.69946289063,41.353398925781256,20635.346063964847,target_rebalance,0.0
2013-01-01,MOTHERSON.NS,SELL,1483,10.777558326721191,15983.118998527527,31.966237997055053,15951.152760530471,target_rebalance,0.0
2013-01-01,ARE&M.NS,BUY,64,237.5500030517578,15203.2001953125,30.406400390625002,-15233.606595703124,target_rebalance,0.0
2013-01-01,PVRINOX.NS,BUY,85,278.0846252441406,23637.193145751953,47.27438629150391,-23684.467532043458,target_rebalance,0.0
2013-01-01,AUROPHARMA.NS,BUY,71,94.875,6736.125,13.47225,-6749.59725,target_rebalance,0.0
2013-01-01,LTF.NS,SELL,304,83.61724853515625,25419.6435546875,50.839287109375,25368.804267578125,target_rebalance,0.0
2013-01-01,BAJFINANCE.NS,BUY,12980,13.167840003967283,170918.56325149533,341.83712650299066,-171260.40037799833,target_rebalance,0.0
2013-01-01,BAJAJFINSV.NS,BUY,19,90.9749984741211,1728.5249710083008,3.4570499420166017,-1731.9820209503173,target_rebalance,0.0
2013-01-01,SPARC.NS,BUY,1261,135.47821044921875,170838.02337646484,341.6760467529297,-171179.69942321777,target_rebalance,0.0
2013-01-01,ZEEL.NS,SELL,58,221.0,12818.0,25.636,12792.364,target_rebalance,0.0
2013-01-01,EICHERMOT.NS,BUY,588,290.6600036621094,170908.0821533203,341.81616430664064,-171249.89831762694,target_rebalance,0.0
2013-02-01,BAJAJFINSV.NS,SELL,1878,85.42500305175781,160428.15573120117,320.85631146240235,160107.29941973876,rank_or_trend_exit,0.0
2013-02-01,UBL.NS,SELL,181,732.2000122070312,132528.20220947266,265.0564044189453,132263.1458050537,rank_or_trend_exit,0.0
2013-02-01,BAJFINANCE.NS,SELL,12980,12.961999893188477,168246.75861358643,336.49351722717284,167910.26509635925,rank_or_trend_exit,0.0
2013-02-01,SPARC.NS,SELL,1261,117.20255279541016,147792.4190750122,295.58483815002444,147496.8342368622,rank_or_trend_exit,0.0
2013-02-01,ARE&M.NS,SELL,180,310.79998779296875,55943.997802734375,111.88799560546875,55832.10980712891,target_rebalance,0.0
2013-02-01,UNITDSPR.NS,BUY,16,361.989990234375,5791.83984375,11.5836796875,-5803.4235234375,target_rebalance,0.0
2013-02-01,AJANTPHARM.NS,BUY,1684,99.55555725097656,167651.55841064453,335.30311682128905,-167986.8615274658,target_rebalance,0.0
2013-02-01,VGUARD.NS,BUY,127,34.76785659790039,4415.51778793335,8.8310355758667,-4424.348823509216,target_rebalance,0.0
2013-02-01,PRESTIGE.NS,SELL,10,179.64999389648438,1796.4999389648438,3.5929998779296874,1792.906939086914,target_rebalance,0.0
2013-02-01,MOTHERSON.NS,SELL,144,10.672319412231444,1536.813995361328,3.073627990722656,1533.7403673706053,target_rebalance,0.0
2013-02-01,RAMCOCEM.NS,BUY,701,239.0500030517578,167574.05213928223,335.14810427856446,-167909.2002435608,target_rebalance,0.0
2013-02-01,SHREECEM.NS,BUY,1,4499.9501953125,4499.9501953125,8.999900390625001,-4508.950095703125,target_rebalance,0.0
2013-02-01,PVRINOX.NS,BUY,19,264.7793884277344,5030.808380126953,10.061616760253907,-5040.869996887207,target_rebalance,0.0
2013-02-01,ZEEL.NS,SELL,46,230.6000061035156,10607.600280761717,21.215200561523435,10586.385080200194,target_rebalance,0.0
2013-02-01,J&KBANK.NS,BUY,1218,137.69500732421875,167712.51892089844,335.4250378417969,-168047.94395874024,target_rebalance,0.0
2013-02-01,AUROPHARMA.NS,SELL,17,94.0,1598.0,3.196,1594.804,target_rebalance,0.0
2013-02-01,SUNTV.NS,BUY,356,470.25,167409.0,334.818,-167743.818,target_rebalance,0.0
2013-02-01,LTF.NS,BUY,116,77.61801147460938,9003.689331054688,18.007378662109375,-9021.696709716796,target_rebalance,0.0
2013-02-01,EICHERMOT.NS,SELL,2,285.7950134277344,571.5900268554688,1.1431800537109376,570.4468468017578,target_rebalance,0.0
2013-03-01,VGUARD.NS,SELL,4824,32.5,156780.0,313.56,156466.44,rank_or_trend_exit,0.0
2013-03-01,SHREECEM.NS,SELL,37,4357.0,161209.0,322.418,160886.582,rank_or_trend_exit,0.0
2013-03-01,EICHERMOT.NS,SELL,586,282.8999938964844,165779.39642333984,331.5587928466797,165447.83763049316,rank_or_trend_exit,0.0
2013-03-01,SUNTV.NS,SELL,356,411.0499877929688,146333.7956542969,292.66759130859384,146041.1280629883,rank_or_trend_exit,0.0
2013-03-01,UNITDSPR.NS,SELL,35,373.1300048828125,13059.550170898438,26.119100341796877,13033.43107055664,target_rebalance,0.0
2013-03-01,ARE&M.NS,BUY,50,270.95001220703125,13547.500610351562,27.095001220703125,-13574.595611572266,target_rebalance,0.0
2013-03-01,PVRINOX.NS,SELL,7,255.30368041992188,1787.1257629394531,3.5742515258789065,1783.5515114135742,target_rebalance,0.0
2013-03-01,AJANTPHARM.NS,SELL,161,104.88888549804688,16887.110565185547,33.774221130371096,16853.336344055177,target_rebalance,0.0
2013-03-01,MOTHERSON.NS,BUY,1699,9.177385330200195,15592.377676010132,31.184755352020264,-15623.562431362152,target_rebalance,0.0
2013-03-01,PRESTIGE.NS,BUY,9,169.64999389648438,1526.8499450683594,3.053699890136719,-1529.903644958496,target_rebalance,0.0
2013-03-01,BERGEPAINT.NS,BUY,2760,57.886905670166016,159767.8596496582,319.53571929931644,-160087.3953689575,target_rebalance,0.0
2013-03-01,RAMCOCEM.NS,SELL,47,244.1499938964844,11475.049713134767,22.950099426269535,11452.099613708499,target_rebalance,0.0
2013-03-01,LTF.NS,BUY,15,73.47900390625,1102.18505859375,2.2043701171875,-1104.3894287109374,target_rebalance,0.0
2013-03-01,ZEEL.NS,BUY,7,217.6999969482422,1523.8999786376953,3.047799957275391,-1526.9477785949707,target_rebalance,0.0
2013-03-01,TECHM.NS,BUY,607,263.0,159641.0,319.282,-159960.282,target_rebalance,0.0
2013-03-01,BAJFINANCE.NS,BUY,12295,12.99899959564209,159822.7000284195,319.645400056839,-160142.34542847634,target_rebalance,0.0
2013-03-01,PIDILITIND.NS,BUY,1326,120.5250015258789,159816.15202331543,319.63230404663085,-160135.78432736205,target_rebalance,0.0
2013-03-01,AUROPHARMA.NS,BUY,194,80.7750015258789,15670.350296020508,31.340700592041017,-15701.69099661255,target_rebalance,0.0
2013-03-01,J&KBANK.NS,BUY,35,127.51499938964844,4463.024978637695,8.92604995727539,-4471.951028594971,target_rebalance,0.0
2013-04-01,PVRINOX.NS,SELL,626,298.85260009765625,187081.7276611328,374.16345532226563,186707.56420581054,rank_or_trend_exit,0.0
2013-04-01,AUROPHARMA.NS,SELL,1978,79.0,156262.0,312.524,155949.476,rank_or_trend_exit,0.0
2013-04-01,PRESTIGE.NS,SELL,942,162.39999389648438,152980.79425048828,305.9615885009766,152674.8326619873,rank_or_trend_exit,0.0
2013-04-01,TECHM.NS,SELL,607,264.0625,160285.9375,320.57187500000003,159965.365625,rank_or_trend_exit,0.0
2013-04-01,BAJFINANCE.NS,SELL,12295,11.5625,142160.9375,284.32187500000003,141876.615625,rank_or_trend_exit,0.0
2013-04-01,UNITDSPR.NS,BUY,2,381.0,762.0,1.524,-763.524,target_rebalance,0.0
2013-04-01,AJANTPHARM.NS,SELL,109,115.95555877685548,12639.155906677248,25.278311813354495,12613.877594863894,target_rebalance,0.0
2013-04-01,ARE&M.NS,BUY,5,275.79998779296875,1378.9999389648438,2.7579998779296875,-1381.7579388427735,target_rebalance,0.0
2013-04-01,BERGEPAINT.NS,BUY,39,58.60118865966797,2285.446357727051,4.570892715454102,-2290.017250442505,target_rebalance,0.0
2013-04-01,RAMCOCEM.NS,SELL,15,256.6499938964844,3849.7499084472656,7.699499816894531,3842.0504086303713,target_rebalance,0.0
2013-04-01,HCLTECH.NS,BUY,825,198.7624969482422,163979.0599822998,327.95811996459963,-164307.0181022644,target_rebalance,0.0
2013-04-01,PIDILITIND.NS,SELL,88,132.47500610351562,11657.800537109375,23.31560107421875,11634.484936035156,target_rebalance,0.0
2013-04-01,MOTHERSON.NS,SELL,1581,10.361998558044434,16382.31972026825,32.7646394405365,16349.555080827713,target_rebalance,0.0
2013-04-01,ZEEL.NS,BUY,33,213.8000030517578,7055.400100708008,14.110800201416016,-7069.510900909424,target_rebalance,0.0
2013-04-01,LTF.NS,BUY,213,68.68891906738281,14630.739761352539,29.261479522705077,-14660.001240875245,target_rebalance,0.0
2013-04-01,ASIANPAINT.NS,BUY,333,492.2000122070313,163902.60406494144,327.8052081298829,-164230.40927307133,target_rebalance,0.0
2013-04-01,IPCALAB.NS,BUY,618,265.4750061035156,164063.55377197266,328.1271075439453,-164391.6808795166,target_rebalance,0.0
2013-04-01,GODREJCP.NS,BUY,637,257.3333435058594,163921.33981323242,327.84267962646487,-164249.18249285888,target_rebalance,0.0
2013-04-01,SUNPHARMA.NS,BUY,402,408.0249938964844,164026.04754638672,328.05209509277347,-164354.0996414795,target_rebalance,0.0
2013-04-01,J&KBANK.NS,BUY,114,119.98999786376952,13678.859756469725,27.35771951293945,-13706.217475982665,target_rebalance,0.0
2013-05-02,ARE&M.NS,SELL,594,259.5,154143.0,308.286,153834.714,rank_or_trend_exit,0.0
2013-05-02,HCLTECH.NS,SELL,825,180.3625030517578,148799.0650177002,297.5981300354004,148501.4668876648,rank_or_trend_exit,0.0
2013-05-02,ASIANPAINT.NS,SELL,333,467.0,155511.0,311.022,155199.978,rank_or_trend_exit,0.0
2013-05-02,IPCALAB.NS,SELL,618,254.25,157126.5,314.253,156812.247,rank_or_trend_exit,0.0
2013-05-02,UNITDSPR.NS,SELL,44,442.1900024414063,19456.36010742188,38.91272021484376,19417.447387207034,target_rebalance,0.0
2013-05-02,AJANTPHARM.NS,SELL,181,138.7022247314453,25105.1026763916,50.210205352783206,25054.89247103882,target_rebalance,0.0
2013-05-02,LTF.NS,SELL,26,72.40937805175781,1882.6438293457031,3.765287658691406,1878.8785416870116,target_rebalance,0.0
2013-05-02,M&MFIN.NS,BUY,1238,138.09645080566406,170963.4060974121,341.9268121948242,-171305.33290960692,target_rebalance,0.0
2013-05-02,ZEEL.NS,SELL,30,232.0500030517578,6961.500091552734,13.923000183105469,6947.577091369629,target_rebalance,0.0
2013-05-02,RAMCOCEM.NS,BUY,53,246.8999938964844,13085.699676513674,26.171399353027347,-13111.8710758667,target_rebalance,0.0
2013-05-02,BERGEPAINT.NS,BUY,187,57.29166412353516,10713.541191101076,21.42708238220215,-10734.968273483279,target_rebalance,0.0
2013-05-02,MOTHERSON.NS,BUY,424,10.52390480041504,4462.1356353759775,8.924271270751955,-4471.059906646729,target_rebalance,0.0
2013-05-02,SUNPHARMA.NS,SELL,41,473.6749877929688,19420.674499511722,38.841348999023445,19381.8331505127,target_rebalance,0.0
2013-05-02,IDEA.NS,BUY,2152,79.4713134765625,171022.2666015625,342.044533203125,-171364.31113476562,target_rebalance,0.0
2013-05-02,GODREJCP.NS,SELL,21,277.6000061035156,5829.600128173828,11.659200256347656,5817.940927917481,target_rebalance,0.0
2013-05-02,GLENMARK.NS,BUY,350,488.0,170800.0,341.6,-171141.6,target_rebalance,0.0
2013-05-02,J&KBANK.NS,SELL,127,137.89999389648438,17513.299224853516,35.02659844970703,17478.27262640381,target_rebalance,0.0
2013-05-02,AUROPHARMA.NS,BUY,1810,94.5,171045.0,342.09000000000003,-171387.09,target_rebalance,0.0
2013-05-02,PIDILITIND.NS,BUY,128,125.1999969482422,16025.599609375002,32.05119921875001,-16057.650808593751,target_rebalance,0.0
2013-06-03,LTF.NS,SELL,2362,71.61878204345703,169163.5631866455,338.32712637329104,168825.2360602722,rank_or_trend_exit,0.0
2013-06-03,RAMCOCEM.NS,SELL,692,228.3000030517578,157983.6021118164,315.9672042236328,157667.6349075928,rank_or_trend_exit,0.0
2013-06-03,J&KBANK.NS,SELL,1240,122.6999969482422,152147.99621582034,304.2959924316407,151843.7002233887,rank_or_trend_exit,0.0
2013-06-03,PIDILITIND.NS,SELL,1366,142.64999389648438,194859.89166259766,389.7197833251953,194470.17187927247,rank_or_trend_exit,0.0
2013-06-03,GODREJCP.NS,SELL,616,287.3333435058594,176997.33959960938,353.99467919921875,176643.34492041016,rank_or_trend_exit,0.0
2013-06-03,AUROPHARMA.NS,SELL,1810,85.19999694824219,154211.99447631836,308.4239889526367,153903.5704873657,rank_or_trend_exit,0.0
2013-06-03,AJANTPHARM.NS,SELL,157,168.9244384765625,26521.136840820312,53.04227368164062,26468.094567138673,target_rebalance,0.0
2013-06-03,SPARC.NS,BUY,1142,159.0677032470703,181655.3171081543,363.3106342163086,-182018.62774237062,target_rebalance,0.0
2013-06-03,SUNPHARMA.NS,SELL,10,517.0,5170.0,10.34,5159.66,target_rebalance,0.0
2013-06-03,M&MFIN.NS,SELL,47,152.6072540283203,7172.540939331055,14.345081878662109,7158.195857452392,target_rebalance,0.0
2013-06-03,UNITDSPR.NS,SELL,14,488.0,6832.0,13.664,6818.336,target_rebalance,0.0
2013-06-03,MOTHERSON.NS,SELL,519,11.549310684204102,5994.092245101929,11.988184490203858,5982.104060611725,target_rebalance,0.0
2013-06-03,IPCALAB.NS,BUY,610,297.54998779296875,181505.49255371094,363.0109851074219,-181868.50353881836,target_rebalance,0.0
2013-06-03,INDUSINDBK.NS,BUY,349,520.0,181480.0,362.96,-181842.96,target_rebalance,0.0
2013-06-03,SHREECEM.NS,BUY,36,4935.0,177660.0,355.32,-178015.32,target_rebalance,0.0
2013-06-03,EICHERMOT.NS,BUY,484,374.9849853515625,181492.73291015625,362.9854658203125,-181855.71837597658,target_rebalance,0.0
2013-06-03,BERGEPAINT.NS,SELL,271,66.93452453613281,18139.256149291992,36.27851229858398,18102.977636993408,target_rebalance,0.0
2013-06-03,IDEA.NS,BUY,158,78.68745422363281,12432.617767333984,24.86523553466797,-12457.483002868652,target_rebalance,0.0
2013-06-03,GLENMARK.NS,SELL,44,593.0,26092.0,52.184000000000005,26039.816,target_rebalance,0.0
2013-06-03,SHRIRAMFIN.NS,BUY,1144,158.81954956054688,181689.56469726562,363.3791293945313,-182052.94382666016,target_rebalance,0.0
2013-06-03,ZEEL.NS,BUY,66,226.1000061035156,14922.60040283203,29.84520080566406,-14952.445603637694,target_rebalance,0.0
2013-07-01,BERGEPAINT.NS,SELL,2715,68.1547622680664,185040.1795578003,370.0803591156006,184670.09919868468,rank_or_trend_exit,0.0
2013-07-01,GLENMARK.NS,SELL,306,549.0,167994.0,335.988,167658.012,rank_or_trend_exit,0.0
2013-07-01,INDUSINDBK.NS,SELL,349,466.5,162808.5,325.617,162482.883,rank_or_trend_exit,0.0
2013-07-01,SHREECEM.NS,SELL,36,4735.0,170460.0,340.92,170119.08,rank_or_trend_exit,0.0
2013-07-01,SHRIRAMFIN.NS,SELL,1144,139.71249389648438,159831.09301757812,319.66218603515625,159511.43083154297,rank_or_trend_exit,0.0
2013-07-01,AJANTPHARM.NS,BUY,42,157.3155517578125,6607.253173828125,13.21450634765625,-6620.467680175781,target_rebalance,0.0
2013-07-01,JMFINANCIL.NS,BUY,6388,27.549999237060547,175989.39512634277,351.97879025268554,-176341.37391659545,target_rebalance,0.0
2013-07-01,IPCALAB.NS,SELL,76,329.5,25042.0,50.084,24991.916,target_rebalance,0.0
2013-07-01,UNITDSPR.NS,BUY,28,440.0,12320.0,24.64,-12344.64,target_rebalance,0.0
2013-07-01,IDEA.NS,SELL,233,84.71714782714844,19739.095443725586,39.47819088745117,19699.617252838136,target_rebalance,0.0
2013-07-01,M&MFIN.NS,SELL,73,157.30191040039062,11483.039459228516,22.966078918457033,11460.07338031006,target_rebalance,0.0
2013-07-01,APOLLOHOSP.NS,BUY,166,1054.0,174964.0,349.928,-175313.928,target_rebalance,0.0
2013-07-01,SUNPHARMA.NS,SELL,3,505.7749938964844,1517.3249816894531,3.0346499633789064,1514.2903317260743,target_rebalance,0.0
2013-07-01,EICHERMOT.NS,BUY,39,336.20001220703125,13111.800476074219,26.223600952148438,-13138.024077026366,target_rebalance,0.0
2013-07-01,MOTHERSON.NS,BUY,692,10.71279525756836,7413.254318237305,14.82650863647461,-7428.080826873779,target_rebalance,0.0
2013-07-01,SPARC.NS,BUY,144,136.81907653808594,19701.947021484375,39.40389404296875,-19741.350915527342,target_rebalance,0.0
2013-07-01,ZEEL.NS,SELL,58,236.1999969482422,13699.599822998047,27.399199645996095,13672.200623352051,target_rebalance,0.0
2013-07-01,HCLTECH.NS,BUY,902,194.9750061035156,175867.45550537106,351.7349110107421,-176219.1904163818,target_rebalance,0.0
2013-07-01,ARE&M.NS,BUY,685,256.79998779296875,175907.9916381836,351.8159832763672,-176259.80762145997,target_rebalance,0.0
2013-07-01,EMAMILTD.NS,BUY,732,240.1499938964844,175789.7955322266,351.5795910644532,-176141.37512329104,target_rebalance,0.0
2013-08-01,ZEEL.NS,SELL,745,247.0,184015.0,368.03000000000003,183646.97,rank_or_trend_exit,0.0
2013-08-01,JMFINANCIL.NS,SELL,6388,20.39999961853028,130315.19756317143,260.6303951263429,130054.56716804509,rank_or_trend_exit,0.0
2013-08-01,ARE&M.NS,SELL,685,240.0,164400.0,328.8,164071.2,rank_or_trend_exit,0.0
2013-08-01,EMAMILTD.NS,SELL,732,231.0,169092.0,338.184,168753.816,rank_or_trend_exit,0.0
2013-08-01,AJANTPHARM.NS,SELL,41,167.11111450195312,6851.555694580078,13.703111389160156,6837.852583190918,target_rebalance,0.0
2013-08-01,IDEA.NS,SELL,361,104.85631561279295,37853.129936218254,75.7062598724365,37777.42367634582,target_rebalance,0.0
2013-08-01,UNITDSPR.NS,SELL,20,473.0,9460.0,18.92,9441.08,target_rebalance,0.0
2013-08-01,SUNPHARMA.NS,SELL,34,573.0,19482.0,38.964,19443.036,target_rebalance,0.0
2013-08-01,HCLTECH.NS,SELL,145,237.75,34473.75,68.9475,34404.8025,target_rebalance,0.0
2013-08-01,EICHERMOT.NS,SELL,9,349.5,3145.5,6.291,3139.209,target_rebalance,0.0
2013-08-01,IPCALAB.NS,BUY,7,332.6000061035156,2328.2000427246094,4.656400085449219,-2332.8564428100585,target_rebalance,0.0
2013-08-01,TECHM.NS,BUY,576,312.1499938964844,179798.396484375,359.59679296875,-180157.99327734375,target_rebalance,0.0
2013-08-01,MOTHERSON.NS,SELL,527,11.31724452972412,5964.187867164611,11.928375734329222,5952.259491430282,target_rebalance,0.0
2013-08-01,TCS.NS,BUY,198,905.0250244140624,179194.95483398435,358.3899096679687,-179553.34474365233,target_rebalance,0.0
2013-08-01,SPARC.NS,BUY,132,126.83699798583984,16742.48373413086,33.48496746826172,-16775.968701599122,target_rebalance,0.0
2013-08-01,LUPIN.NS,BUY,204,879.7000122070312,179458.80249023438,358.91760498046875,-179817.72009521484,target_rebalance,0.0
2013-08-01,M&MFIN.NS,BUY,138,143.2788848876953,19772.486114501953,39.54497222900391,-19812.031086730956,target_rebalance,0.0
2013-08-01,BERGEPAINT.NS,BUY,2942,61.16071319580078,179934.8182220459,359.8696364440918,-180294.68785848998,target_rebalance,0.0
2013-08-01,APOLLOHOSP.NS,BUY,25,938.1500244140624,23453.75061035156,46.90750122070312,-23500.658111572262,target_rebalance,0.0
2013-09-02,MOTHERSON.NS,SELL,15903,10.680414199829102,169850.6270198822,339.7012540397644,169510.92576584243,rank_or_trend_exit,0.0
2013-09-02,SPARC.NS,SELL,1418,124.85051727294922,177038.033493042,354.076066986084,176683.95742605592,rank_or_trend_exit,0.0
2013-09-02,APOLLOHOSP.NS,SELL,191,861.0,164451.0,328.902,164122.098,rank_or_trend_exit,0.0
2013-09-02,BERGEPAINT.NS,SELL,2942,59.9702377319336,176432.43940734866,352.8648788146973,176079.57452853397,rank_or_trend_exit,0.0
2013-09-02,HCLTECH.NS,SELL,75,257.5,19312.5,38.625,19273.875,target_rebalance,0.0
2013-09-02,IDEA.NS,BUY,121,95.6308822631836,11571.336753845215,23.14267350769043,-11594.479427352906,target_rebalance,0.0
2013-09-02,UNITDSPR.NS,BUY,19,440.3999938964844,8367.599884033203,16.735199768066405,-8384.33508380127,target_rebalance,0.0
2013-09-02,AJANTPHARM.NS,BUY,215,136.0,29240.0,58.480000000000004,-29298.48,target_rebalance,0.0
2013-09-02,M&MFIN.NS,SELL,127,155.53379821777344,19752.792373657227,39.50558474731445,19713.28678890991,target_rebalance,0.0
2013-09-02,TCS.NS,SELL,24,1010.0,24240.0,48.480000000000004,24191.52,target_rebalance,0.0
2013-09-02,TECHM.NS,SELL,67,345.0,23115.0,46.230000000000004,23068.77,target_rebalance,0.0
2013-09-02,BRITANNIA.NS,BUY,499,351.75,175523.25,351.0465,-175874.2965,target_rebalance,0.0
2013-09-02,IPCALAB.NS,BUY,21,312.5,6562.5,13.125,-6575.625,target_rebalance,0.0
2013-09-02,SUNPHARMA.NS,BUY,21,523.7000122070312,10997.700256347656,21.995400512695312,-11019.695656860351,target_rebalance,0.0
2013-09-02,AUROPHARMA.NS,BUY,1941,90.5,175660.5,351.321,-176011.821,target_rebalance,0.0
2013-09-02,BIOCON.NS,BUY,2995,58.66666412353516,175706.65904998782,351.41331809997564,-176058.0723680878,target_rebalance,0.0
2013-09-02,LUPIN.NS,BUY,15,802.0,12030.0,24.060000000000002,-12054.06,target_rebalance,0.0
2013-09-02,EICHERMOT.NS,BUY,36,319.5,11502.0,23.004,-11525.004,target_rebalance,0.0
2013-09-02,DABUR.NS,BUY,1062,165.39999389648438,175654.7935180664,351.3095870361328,-176006.10310510255,target_rebalance,0.0
2013-10-01,TCS.NS,SELL,174,966.0,168084.0,336.168,167747.832,rank_or_trend_exit,0.0
2013-10-01,BIOCON.NS,SELL,2995,56.56666564941406,169417.16361999512,338.8343272399902,169078.32929275514,rank_or_trend_exit,0.0
2013-10-01,DABUR.NS,SELL,1062,170.0,180540.0,361.08,180178.92,rank_or_trend_exit,0.0
2013-10-01,AJANTPHARM.NS,SELL,300,194.85333251953125,58455.999755859375,116.91199951171875,58339.08775634765,target_rebalance,0.0
2013-10-01,UNITDSPR.NS,SELL,18,507.1700134277344,9129.060241699219,18.25812048339844,9110.80212121582,target_rebalance,0.0
2013-10-01,HCLTECH.NS,BUY,30,271.375,8141.25,16.2825,-8157.5325,target_rebalance,0.0
2013-10-01,IDEA.NS,BUY,61,101.90176391601562,6216.007598876953,12.432015197753907,-6228.439614074707,target_rebalance,0.0
2013-10-01,BRITANNIA.NS,SELL,34,415.6499938964844,14132.099792480469,28.264199584960938,14103.835592895508,target_rebalance,0.0
2013-10-01,SUNPHARMA.NS,SELL,10,594.7000122070312,5947.0001220703125,11.894000244140626,5935.106121826172,target_rebalance,0.0
2013-10-01,IPCALAB.NS,SELL,24,359.5,8628.0,17.256,8610.744,target_rebalance,0.0
2013-10-01,AUROPHARMA.NS,SELL,40,101.75,4070.0,8.14,4061.86,target_rebalance,0.0
2013-10-01,EICHERMOT.NS,SELL,6,355.0,2130.0,4.26,2125.74,target_rebalance,0.0
2013-10-01,M&MFIN.NS,BUY,91,158.49082946777344,14422.665481567383,28.845330963134767,-14451.510812530518,target_rebalance,0.0
2013-10-01,LUPIN.NS,BUY,5,860.0,4300.0,8.6,-4308.6,target_rebalance,0.0
2013-10-01,MOTHERSON.NS,BUY,15780,12.258999824523926,193447.01723098755,386.8940344619751,-193833.9112654495,target_rebalance,0.0
2013-10-01,TECHM.NS,BUY,68,335.0,22780.0,45.56,-22825.56,target_rebalance,0.0
2013-10-01,ESCORTS.NS,BUY,2284,84.69999694824219,193454.79302978516,386.9095860595703,-193841.70261584473,target_rebalance,0.0
2013-10-01,DRREDDY.NS,BUY,407,474.5899963378906,193158.12850952148,386.31625701904295,-193544.44476654052,target_rebalance,0.0
2013-11-01,AUROPHARMA.NS,SELL,1901,108.5,206258.5,412.517,205845.983,rank_or_trend_exit,0.0
2013-11-01,DRREDDY.NS,SELL,407,491.2000122070313,199918.40496826175,399.8368099365235,199518.56815832522,rank_or_trend_exit,0.0
2013-11-01,AJANTPHARM.NS,SELL,109,237.86666870117188,25927.466888427734,51.85493377685547,25875.611954650878,target_rebalance,0.0
2013-11-01,BRITANNIA.NS,SELL,20,471.1499938964844,9422.999877929688,18.845999755859374,9404.153878173827,target_rebalance,0.0
2013-11-01,IDEA.NS,BUY,127,103.7106704711914,13171.255149841309,26.34251029968262,-13197.597660140991,target_rebalance,0.0
2013-11-01,HCLTECH.NS,BUY,54,274.1875,14806.125,29.61225,-14835.73725,target_rebalance,0.0
2013-11-01,MOTHERSON.NS,SELL,1470,14.679497718811035,21578.86164665222,43.15772329330444,21535.703923358917,target_rebalance,0.0
2013-11-01,TECHM.NS,SELL,36,387.875,13963.5,27.927,13935.573,target_rebalance,0.0
2013-11-01,EICHERMOT.NS,SELL,14,395.9849853515625,5543.789794921875,11.08757958984375,5532.702215332031,target_rebalance,0.0
2013-11-01,TCS.NS,BUY,199,1055.0,209945.0,419.89,-210364.89,target_rebalance,0.0
2013-11-01,SUNPHARMA.NS,BUY,22,605.0499877929688,13311.099731445312,26.622199462890624,-13337.721930908203,target_rebalance,0.0
2013-11-01,UNITDSPR.NS,BUY,26,515.9600219726562,13414.960571289062,26.829921142578126,-13441.79049243164,target_rebalance,0.0
2013-11-01,ESCORTS.NS,SELL,134,97.6999969482422,13091.799591064455,26.183599182128912,13065.615991882327,target_rebalance,0.0
2013-11-01,M&MFIN.NS,SELL,4,172.63580322265625,690.543212890625,1.38108642578125,689.1621264648437,target_rebalance,0.0
2013-11-01,LUPIN.NS,BUY,14,881.0,12334.0,24.668,-12358.668,target_rebalance,0.0
2013-11-01,IPCALAB.NS,BUY,81,339.25,27479.25,54.9585,-27534.2085,target_rebalance,0.0
2013-11-01,MRF.NS,BUY,13,15779.0,205127.0,410.254,-205537.254,target_rebalance,0.0
2013-12-02,UNITDSPR.NS,SELL,407,523.7999877929688,213186.59503173828,426.37319006347656,212760.2218416748,rank_or_trend_exit,0.0
2013-12-02,SUNPHARMA.NS,SELL,347,572.0,198484.0,396.968,198087.032,rank_or_trend_exit,0.0
2013-12-02,M&MFIN.NS,SELL,1216,181.4459381103516,220638.26074218753,441.27652148437505,220196.98422070316,rank_or_trend_exit,0.0
2013-12-02,IPCALAB.NS,SELL,619,331.9750061035156,205492.52877807617,410.98505755615236,205081.54372052,rank_or_trend_exit,0.0
2013-12-02,LUPIN.NS,SELL,238,854.25,203311.5,406.623,202904.877,rank_or_trend_exit,0.0
2013-12-02,CEATLTD.NS,BUY,764,287.0,219268.0,438.536,-219706.536,target_rebalance,0.0
2013-12-02,AJANTPHARM.NS,SELL,44,261.2799987792969,11496.319946289062,22.992639892578126,11473.327306396484,target_rebalance,0.0
2013-12-02,ESCORTS.NS,SELL,282,117.4499969482422,33120.899139404304,66.24179827880862,33054.657341125494,target_rebalance,0.0
2013-12-02,NATCOPHARM.NS,BUY,1409,155.7100067138672,219395.39945983887,438.79079891967774,-219834.19025875855,target_rebalance,0.0
2013-12-02,TECHM.NS,SELL,22,422.3875122070313,9292.52526855469,18.585050537109378,9273.94021801758,target_rebalance,0.0
2013-12-02,FSL.NS,BUY,10205,21.5,219407.5,438.815,-219846.315,target_rebalance,0.0
2013-12-02,EICHERMOT.NS,SELL,65,471.2999877929688,30634.499206542972,61.268998413085946,30573.230208129888,target_rebalance,0.0
2013-12-02,IDEA.NS,BUY,20,107.2681884765625,2145.36376953125,4.2907275390625,-2149.6544970703126,target_rebalance,0.0
2013-12-02,HCLTECH.NS,BUY,44,270.6000061035156,11906.400268554688,23.812800537109375,-11930.213069091797,target_rebalance,0.0
2013-12-02,BRITANNIA.NS,BUY,52,441.0,22932.0,45.864000000000004,-22977.864,target_rebalance,0.0
2013-12-02,AUROPHARMA.NS,BUY,1482,148.0,219336.0,438.672,-219774.672,target_rebalance,0.0
2013-12-02,MOTHERSON.NS,BUY,50,15.27855110168457,763.9275550842285,1.527855110168457,-765.455410194397,target_rebalance,0.0
2013-12-02,TVSMOTOR.NS,BUY,4000,54.84999847412109,219399.99389648435,438.7999877929687,-219838.79388427731,target_rebalance,0.0
2013-12-02,TCS.NS,BUY,18,997.5,17955.0,35.910000000000004,-17990.91,target_rebalance,0.0
2013-12-02,MRF.NS,SELL,1,17487.0,17487.0,34.974000000000004,17452.026,target_rebalance,0.0
2014-01-01,IDEA.NS,SELL,2045,101.23849487304688,207032.72201538086,414.06544403076174,206618.6565713501,rank_or_trend_exit,0.0
2014-01-01,MOTHERSON.NS,SELL,14360,14.927754402160645,214362.55321502686,428.7251064300537,213933.8281085968,rank_or_trend_exit,0.0
2014-01-01,MRF.NS,SELL,12,19399.0,232788.0,465.576,232322.424,rank_or_trend_exit,0.0
2014-01-01,FSL.NS,SELL,10205,22.25,227061.25,454.1225,226607.1275,rank_or_trend_exit,0.0
2014-01-01,CEATLTD.NS,SELL,15,324.0,4860.0,9.72,4850.28,target_rebalance,0.0
2014-01-01,AUROPHARMA.NS,SELL,249,196.75,48990.75,97.9815,48892.7685,target_rebalance,0.0
2014-01-01,AJANTPHARM.NS,BUY,132,249.86666870117188,32982.40026855469,65.96480053710938,-33048.3650690918,target_rebalance,0.0
2014-01-01,TECHM.NS,BUY,7,461.25,3228.75,6.4575000000000005,-3235.2075,target_rebalance,0.0
2014-01-01,ESCORTS.NS,SELL,105,137.60000610351562,14448.00064086914,28.896001281738283,14419.104639587402,target_rebalance,0.0
2014-01-01,TATAELXSI.NS,BUY,1160,209.1999969482422,242671.99645996094,485.3439929199219,-243157.34045288086,target_rebalance,0.0
2014-01-01,HCLTECH.NS,SELL,45,317.20001220703125,14274.000549316406,28.548001098632813,14245.452548217774,target_rebalance,0.0
2014-01-01,TVSMOTOR.NS,SELL,824,76.4000015258789,62953.60125732422,125.90720251464845,62827.69405480957,target_rebalance,0.0
2014-01-01,NATCOPHARM.NS,BUY,104,160.39999389648438,16681.599365234375,33.36319873046875,-16714.962563964844,target_rebalance,0.0
2014-01-01,BIOCON.NS,BUY,3143,77.20833587646484,242665.799659729,485.331599319458,-243151.13125904847,target_rebalance,0.0
2014-01-01,BRITANNIA.NS,BUY,33,457.6000061035156,15100.800201416016,30.20160040283203,-15131.001801818848,target_rebalance,0.0
2014-01-01,EICHERMOT.NS,BUY,19,500.4599914550781,9508.739837646484,19.017479675292968,-9527.757317321777,target_rebalance,0.0
2014-01-01,TCS.NS,BUY,5,1090.050048828125,5450.250244140625,10.900500488281251,-5461.150744628906,target_rebalance,0.0
2014-01-01,UPL.NS,BUY,1839,131.96665954589844,242686.68690490723,485.37337380981444,-243172.06027871705,target_rebalance,0.0
2014-01-01,ECLERX.NS,BUY,903,268.7375793457031,242670.03414916992,485.3400682983399,-243155.37421746826,target_rebalance,0.0
2014-02-03,TCS.NS,SELL,222,1111.0,246642.0,493.284,246148.716,rank_or_trend_exit,0.0
2014-02-03,NATCOPHARM.NS,SELL,1513,148.61000061035156,224846.9309234619,449.6938618469238,224397.237061615,rank_or_trend_exit,0.0
2014-02-03,UPL.NS,SELL,1839,125.4000015258789,230610.6028060913,461.22120561218264,230149.38160047913,rank_or_trend_exit,0.0
2014-02-03,CEATLTD.NS,BUY,62,300.3999938964844,18624.79962158203,37.24959924316406,-18662.049220825196,target_rebalance,0.0
2014-02-03,AUROPHARMA.NS,SELL,201,236.0,47436.0,94.872,47341.128,target_rebalance,0.0
2014-02-03,FSL.NS,BUY,9948,24.5,243726.0,487.452,-244213.452,target_rebalance,0.0
2014-02-03,TATAELXSI.NS,BUY,13,207.6999969482422,2700.0999603271484,5.4001999206542965,-2705.500160247803,target_rebalance,0.0
2014-02-03,ECLERX.NS,SELL,83,297.21258544921875,24668.644592285156,49.33728918457032,24619.307303100584,target_rebalance,0.0
2014-02-03,HCLTECH.NS,SELL,95,363.5,34532.5,69.065,34463.435,target_rebalance,0.0
2014-02-03,TVSMOTOR.NS,SELL,70,78.44999694824219,5491.499786376953,10.982999572753906,5480.516786804199,target_rebalance,0.0
2014-02-03,AJANTPHARM.NS,SELL,3,251.72000122070312,755.1600036621094,1.5103200073242187,753.6496836547851,target_rebalance,0.0
2014-02-03,ESCORTS.NS,BUY,202,124.0,25048.0,50.096000000000004,-25098.096,target_rebalance,0.0
2014-02-03,TECHM.NS,BUY,16,449.25,7188.0,14.376,-7202.376,target_rebalance,0.0
2014-02-03,BHARATFORG.NS,BUY,1408,173.0,243584.0,487.168,-244071.168,target_rebalance,0.0
2014-02-03,MOTHERSON.NS,BUY,14701,16.579198837280273,243730.8021068573,487.4616042137146,-244218.26371107102,target_rebalance,0.0
2014-02-03,BRITANNIA.NS,BUY,20,442.5,8850.0,17.7,-8867.7,target_rebalance,0.0
2014-02-03,EICHERMOT.NS,BUY,45,460.7000122070313,20731.50054931641,41.46300109863282,-20772.963550415043,target_rebalance,0.0
2014-02-03,BIOCON.NS,BUY,242,72.0,17424.0,34.848,-17458.848,target_rebalance,0.0
2014-03-03,AJANTPHARM.NS,SELL,968,278.7066650390625,269788.0517578125,539.576103515625,269248.47565429687,rank_or_trend_exit,0.0
2014-03-03,TECHM.NS,SELL,542,467.5,253385.0,506.77000000000004,252878.23,rank_or_trend_exit,0.0
2014-03-03,BRITANNIA.NS,SELL,550,449.5,247225.0,494.45,246730.55,rank_or_trend_exit,0.0
2014-03-03,ESCORTS.NS,SELL,1965,116.1999969482422,228332.99400329593,456.6659880065919,227876.32801528933,rank_or_trend_exit,0.0
2014-03-03,BIOCON.NS,SELL,3385,76.75,259798.75,519.5975,259279.1525,rank_or_trend_exit,0.0
2014-03-03,ECLERX.NS,SELL,820,332.5000915527344,272650.0750732422,545.3001501464844,272104.7749230957,rank_or_trend_exit,0.0
2014-03-03,CEATLTD.NS,BUY,150,279.0,41850.0,83.7,-41933.7,target_rebalance,0.0
2014-03-03,AUROPHARMA.NS,SELL,13,263.0,3419.0,6.838,3412.162,target_rebalance,0.0
2014-03-03,TATAELXSI.NS,SELL,265,295.0,78175.0,156.35,78018.65,target_rebalance,0.0
2014-03-03,FSL.NS,SELL,406,28.100000381469727,11408.600154876709,22.817200309753417,11385.782954566956,target_rebalance,0.0
2014-03-03,GRANULES.NS,BUY,10005,26.799999237060547,268133.9923667908,536.2679847335816,-268670.26035152434,target_rebalance,0.0
2014-03-03,TVSMOTOR.NS,SELL,7,86.5,605.5,1.211,604.289,target_rebalance,0.0
2014-03-03,PERSISTENT.NS,BUY,942,284.625,268116.75,536.2335,-268652.9835,target_rebalance,0.0
2014-03-03,HCLTECH.NS,BUY,10,394.0,3940.0,7.88,-3947.88,target_rebalance,0.0
2014-03-03,NAUKRI.NS,BUY,2128,126.0,268128.0,536.256,-268664.256,target_rebalance,0.0
2014-03-03,MOTHERSON.NS,SELL,570,18.97541046142578,10815.983963012695,21.631967926025393,10794.35199508667,target_rebalance,0.0
2014-03-03,EICHERMOT.NS,SELL,3,509.3999938964844,1528.1999816894531,3.0563999633789063,1525.1435817260742,target_rebalance,0.0
2014-03-03,COFORGE.NS,BUY,3037,88.27999877929688,268106.3562927246,536.2127125854493,-268642.56900531007,target_rebalance,0.0
2014-03-03,BHARATFORG.NS,SELL,14,192.25,2691.5,5.383,2686.117,target_rebalance,0.0
2014-03-03,PVRINOX.NS,BUY,508,527.2020874023438,267818.6604003906,535.6373208007813,-268354.2977211914,target_rebalance,0.0
2014-03-03,IPCALAB.NS,BUY,603,444.0,267732.0,535.464,-268267.464,target_rebalance,0.0
2014-04-01,HCLTECH.NS,SELL,680,352.5,239700.0,479.40000000000003,239220.6,rank_or_trend_exit,0.0
2014-04-01,MOTHERSON.NS,SELL,14131,20.85757064819336,294738.33082962036,589.4766616592408,294148.8541679611,rank_or_trend_exit,0.0
2014-04-01,NAUKRI.NS,SELL,2128,122.62999725341795,260956.6341552734,521.9132683105469,260434.72088696287,rank_or_trend_exit,0.0
2014-04-01,COFORGE.NS,SELL,3037,81.0999984741211,246300.69536590576,492.60139073181153,245808.09397517395,rank_or_trend_exit,0.0
2014-04-01,PVRINOX.NS,SELL,508,466.4201965332031,236941.4598388672,473.8829196777344,236467.57691918945,rank_or_trend_exit,0.0
2014-04-01,IPCALAB.NS,SELL,603,420.8999938964844,253802.69631958008,507.6053926391602,253295.09092694093,rank_or_trend_exit,0.0
2014-04-01,CEATLTD.NS,SELL,334,440.2000122070313,147026.80407714847,294.05360815429697,146732.75046899417,target_rebalance,0.0
2014-04-01,AUROPHARMA.NS,BUY,65,254.5,16542.5,33.085,-16575.585,target_rebalance,0.0
2014-04-01,TVSMOTOR.NS,SELL,284,98.0500030517578,27846.200866699215,55.692401733398434,27790.508464965817,target_rebalance,0.0
2014-04-01,TATAELXSI.NS,BUY,102,273.125,27858.75,55.7175,-27914.4675,target_rebalance,0.0
2014-04-01,APLLTD.NS,BUY,960,287.5,276000.0,552.0,-276552.0,target_rebalance,0.0
2014-04-01,GRANULES.NS,BUY,714,25.75,18385.5,36.771,-18422.271,target_rebalance,0.0
2014-04-01,SRF.NS,BUY,3840,71.87999725341797,276019.189453125,552.03837890625,-276571.22783203126,target_rebalance,0.0
2014-04-01,VOLTAS.NS,BUY,1711,161.25,275898.75,551.7975,-276450.5475,target_rebalance,0.0
2014-04-01,EICHERMOT.NS,SELL,64,596.5,38176.0,76.352,38099.648,target_rebalance,0.0
2014-04-01,FSL.NS,BUY,1325,25.39999961853028,33654.99949455262,67.30999898910524,-33722.309493541725,target_rebalance,0.0
2014-04-01,BEML.NS,BUY,2226,123.99179077148438,276005.7262573242,552.0114525146485,-276557.73770983884,target_rebalance,0.0
2014-04-01,APOLLOTYRE.NS,BUY,1719,160.5,275899.5,551.799,-276451.299,target_rebalance,0.0
2014-04-01,PERSISTENT.NS,BUY,114,261.26251220703125,29783.926391601562,59.56785278320313,-29843.494244384765,target_rebalance,0.0
2014-04-01,ADANIENT.NS,BUY,4564,56.71176910400391,258832.51419067386,517.6650283813477,-259350.1792190552,target_rebalance,0.0
2014-04-01,BHARATFORG.NS,SELL,106,214.2749938964844,22713.149353027347,45.426298706054695,22667.723054321294,target_rebalance,0.0
2014-05-02,BHARATFORG.NS,SELL,1288,206.125,265489.0,530.9780000000001,264958.022,rank_or_trend_exit,0.0
2014-05-02,PERSISTENT.NS,SELL,1056,252.5,266640.0,533.28,266106.72,rank_or_trend_exit,0.0
2014-05-02,VOLTAS.NS,SELL,1711,158.0,270338.0,540.676,269797.324,rank_or_trend_exit,0.0
2014-05-02,APOLLOTYRE.NS,SELL,1719,159.10000610351562,273492.91049194336,546.9858209838867,272945.9246709595,rank_or_trend_exit,0.0
2014-05-02,CEATLTD.NS,BUY,144,388.0,55872.0,111.744,-55983.744,target_rebalance,0.0
2014-05-02,AUROPHARMA.NS,SELL,49,289.0,14161.0,28.322,14132.678,target_rebalance,0.0
2014-05-02,GRANULES.NS,SELL,2296,35.52000045776367,81553.92105102539,163.1078421020508,81390.81320892334,target_rebalance,0.0
2014-05-02,TATAELXSI.NS,BUY,69,277.20001220703125,19126.800842285156,38.25360168457031,-19165.054443969726,target_rebalance,0.0
2014-05-02,FINCABLES.NS,BUY,2156,138.75,299145.0,598.29,-299743.29,target_rebalance,0.0
2014-05-02,FSL.NS,SELL,1661,32.5,53982.5,107.965,53874.535,target_rebalance,0.0
2014-05-02,TVSMOTOR.NS,BUY,279,96.6999969482422,26979.299148559574,53.958598297119146,-27033.257746856692,target_rebalance,0.0
2014-05-02,BEML.NS,SELL,408,164.54336547851562,67133.69311523438,134.26738623046876,66999.42572900391,target_rebalance,0.0
2014-05-02,SRF.NS,SELL,7,78.05000305175781,546.3500213623047,1.0927000427246094,545.2573213195801,target_rebalance,0.0
2014-05-02,APLLTD.NS,BUY,40,299.0,11960.0,23.92,-11983.92,target_rebalance,0.0
2014-05-02,BALKRISIND.NS,BUY,1141,262.2198791503906,299192.8821105957,598.3857642211914,-299791.2678748169,target_rebalance,0.0
2014-05-02,UPL.NS,BUY,1654,180.8000030517578,299043.2050476074,598.0864100952149,-299641.29145770264,target_rebalance,0.0
2014-05-02,EICHERMOT.NS,BUY,17,624.4000244140625,10614.800415039062,21.229600830078127,-10636.03001586914,target_rebalance,0.0
2014-05-02,ADANIENT.NS,BUY,44,64.92731475830078,2856.8018493652344,5.713603698730469,-2862.5154530639647,target_rebalance,0.0
2014-05-02,MOTHERSON.NS,BUY,14454,20.6997127532959,299193.6481361389,598.3872962722778,-299792.0354324112,target_rebalance,0.0
2014-06-02,EICHERMOT.NS,SELL,479,668.0,319972.0,639.944,319332.056,rank_or_trend_exit,0.0
2014-06-02,FSL.NS,SELL,9206,31.75,292290.5,584.581,291705.919,rank_or_trend_exit,0.0
2014-06-02,APLLTD.NS,SELL,1000,248.3999938964844,248399.9938964844,496.7999877929688,247903.19390869144,rank_or_trend_exit,0.0
2014-06-02,BALKRISIND.NS,SELL,1141,275.322265625,314142.705078125,628.28541015625,313514.41966796876,rank_or_trend_exit,0.0
2014-06-02,UPL.NS,SELL,1654,201.13333129882807,332674.5299682616,665.3490599365232,332009.18090832507,rank_or_trend_exit,0.0
2014-06-02,MOTHERSON.NS,SELL,14454,24.399269104003903,352667.0356292724,705.3340712585448,351961.70155801385,rank_or_trend_exit,0.0
2014-06-02,BEML.NS,SELL,602,277.8392944335937,167259.2552490234,334.51851049804685,166924.73673852536,target_rebalance,0.0
2014-06-02,TVSMOTOR.NS,SELL,515,131.0,67465.0,134.93,67330.07,target_rebalance,0.0
2014-06-02,AUROPHARMA.NS,SELL,15,331.20001220703125,4968.000183105469,9.936000366210937,4958.064182739257,target_rebalance,0.0
2014-06-02,GRANULES.NS,BUY,606,37.42499923706055,22679.54953765869,45.35909907531738,-22724.90863673401,target_rebalance,0.0
2014-06-02,SRF.NS,SELL,93,90.33999633789062,8401.619659423828,16.803239318847655,8384.81642010498,target_rebalance,0.0
2014-06-02,FINCABLES.NS,BUY,31,154.5,4789.5,9.579,-4799.079,target_rebalance,0.0
2014-06-02,GPPL.NS,BUY,2720,124.1999969482422,337823.9916992188,675.6479833984376,-338499.6396826173,target_rebalance,0.0
2014-06-02,CEATLTD.NS,BUY,21,426.3999938964844,8954.399871826172,17.908799743652345,-8972.308671569825,target_rebalance,0.0
2014-06-02,TATAELXSI.NS,BUY,239,256.32501220703125,61261.67791748047,122.52335583496094,-61384.201273315426,target_rebalance,0.0
2014-06-02,NCC.NS,BUY,7532,44.86338806152344,337911.03887939453,675.8220777587891,-338586.8609571533,target_rebalance,0.0
2014-06-02,NBCC.NS,BUY,24928,13.55555534362793,337912.88360595703,675.8257672119141,-338588.70937316894,target_rebalance,0.0
2014-06-02,AIAENG.NS,BUY,436,775.0,337900.0,675.8000000000001,-338575.8,target_rebalance,0.0
2014-06-02,ATUL.NS,BUY,402,838.9000244140625,337237.8098144531,674.4756196289063,-337912.28543408203,target_rebalance,0.0
2014-06-02,ADANIENT.NS,SELL,63,74.3384017944336,4683.319313049316,9.366638626098633,4673.952674423218,target_rebalance,0.0
2014-06-02,VOLTAS.NS,BUY,1797,187.9499969482422,337746.1445159912,675.4922890319824,-338421.6368050232,target_rebalance,0.0
2014-07-01,TATAELXSI.NS,SELL,1318,309.70001220703125,408184.6160888672,816.3692321777344,407368.24685668945,rank_or_trend_exit,0.0
2014-07-01,ADANIENT.NS,SELL,4545,70.13866424560547,318780.22899627686,637.5604579925538,318142.6685382843,rank_or_trend_exit,0.0
2014-07-01,GPPL.NS,SELL,2720,119.5,325040.0,650.08,324389.92,rank_or_trend_exit,0.0
2014-07-01,AIAENG.NS,SELL,436,777.0,338772.0,677.544,338094.456,rank_or_trend_exit,0.0
2014-07-01,VOLTAS.NS,SELL,1797,219.0,393543.0,787.086,392755.914,rank_or_trend_exit,0.0
2014-07-01,BEML.NS,SELL,38,336.8769836425781,12801.325378417969,25.60265075683594,12775.722727661132,target_rebalance,0.0
2014-07-01,CEATLTD.NS,SELL,216,688.5,148716.0,297.432,148418.568,target_rebalance,0.0
2014-07-01,TVSMOTOR.NS,SELL,143,163.0,23309.0,46.618,23262.382,target_rebalance,0.0
2014-07-01,SRF.NS,SELL,436,120.18000030517578,52398.48013305664,104.79696026611329,52293.68317279053,target_rebalance,0.0
2014-07-01,GRANULES.NS,SELL,822,48.38999938964844,39776.579498291016,79.55315899658203,39697.02633929443,target_rebalance,0.0
2014-07-01,KEC.NS,BUY,3110,127.6999969482422,397146.99050903326,794.2939810180666,-397941.28449005133,target_rebalance,0.0
2014-07-01,AUROPHARMA.NS,BUY,50,370.9750061035156,18548.75030517578,37.09750061035157,-18585.847805786132,target_rebalance,0.0
2014-07-01,STLTECH.NS,BUY,5972,66.5,397138.0,794.2760000000001,-397932.276,target_rebalance,0.0
2014-07-01,FINCABLES.NS,BUY,2,181.3999938964844,362.7999877929688,0.7255999755859376,-363.5255877685548,target_rebalance,0.0
2014-07-01,NCC.NS,BUY,410,50.00461959838867,20501.894035339355,41.00378807067871,-20542.897823410036,target_rebalance,0.0
2014-07-01,SUZLON.NS,BUY,15558,25.526348114013672,397138.9239578247,794.2778479156494,-397933.20180574036,target_rebalance,0.0
2014-07-01,APOLLOTYRE.NS,BUY,1983,200.25,397095.75,794.1915,-397889.9415,target_rebalance,0.0
2014-07-01,FSL.NS,BUY,9581,41.45000076293945,397132.4573097229,794.2649146194458,-397926.72222434235,target_rebalance,0.0
2014-07-01,NBCC.NS,BUY,479,15.631111145019531,7487.3022384643555,14.974604476928711,-7502.2768429412845,target_rebalance,0.0
2014-07-01,ATUL.NS,BUY,43,891.3499755859375,38328.04895019531,76.65609790039062,-38404.705048095704,target_rebalance,0.0
2014-08-01,CEATLTD.NS,SELL,576,515.0,296640.0,593.28,296046.72,rank_or_trend_exit,0.0
2014-08-01,SUZLON.NS,SELL,15558,19.55795669555664,304282.6902694702,608.5653805389404,303674.1248889313,rank_or_trend_exit,0.0
2014-08-01,APOLLOTYRE.NS,SELL,1983,173.10000610351562,343257.3121032715,686.514624206543,342570.79747906496,rank_or_trend_exit,0.0
2014-08-01,FSL.NS,SELL,9581,38.09999847412109,365036.08538055414,730.0721707611083,364306.013209793,rank_or_trend_exit,0.0
2014-08-01,SRF.NS,BUY,28,116.0,3248.0,6.496,-3254.496,target_rebalance,0.0
2014-08-01,TVSMOTOR.NS,BUY,199,146.64999389648438,29183.34878540039,58.36669757080078,-29241.71548297119,target_rebalance,0.0
2014-08-01,GRANULES.NS,SELL,2043,62.70000076293945,128096.1015586853,256.19220311737064,127839.90935556793,target_rebalance,0.0
2014-08-01,BEML.NS,BUY,313,259.18475341796875,81124.82781982422,162.24965563964844,-81287.07747546387,target_rebalance,0.0
2014-08-01,JKLAKSHMI.NS,BUY,1590,243.1000061035156,386529.0097045898,773.0580194091796,-387302.067723999,target_rebalance,0.0
2014-08-01,NBCC.NS,SELL,6343,20.275554656982425,128607.84318923953,257.21568637847906,128350.62750286105,target_rebalance,0.0
2014-08-01,ATUL.NS,SELL,119,1185.0,141015.0,282.03000000000003,140732.97,target_rebalance,0.0
2014-08-01,KEC.NS,BUY,150,118.5500030517578,17782.50045776367,35.565000915527335,-17818.065458679197,target_rebalance,0.0
2014-08-01,IRB.NS,BUY,30328,12.744999885559082,386530.35652923584,773.0607130584717,-387303.4172422943,target_rebalance,0.0
2014-08-01,FINCABLES.NS,SELL,268,201.1999969482422,53921.599182128906,107.84319836425782,53813.75598376465,target_rebalance,0.0
2014-08-01,BHARATFORG.NS,BUY,1076,359.0,386284.0,772.568,-387056.568,target_rebalance,0.0
2014-08-01,GPPL.NS,BUY,2703,143.0,386529.0,773.058,-387302.058,target_rebalance,0.0
2014-08-01,NCC.NS,BUY,769,44.37374496459961,34123.4098777771,68.2468197555542,-34191.65669753266,target_rebalance,0.0
2014-08-01,AUROPHARMA.NS,BUY,24,353.29998779296875,8479.19970703125,16.9583994140625,-8496.158106445313,target_rebalance,0.0
2014-08-01,STLTECH.NS,BUY,992,55.5,55056.0,110.11200000000001,-55166.112,target_rebalance,0.0
2014-09-01,AUROPHARMA.NS,SELL,1094,412.1000061035156,450837.4066772461,901.6748133544922,449935.7318638916,rank_or_trend_exit,0.0
2014-09-01,BHARATFORG.NS,SELL,1076,392.6749877929688,422518.28686523443,845.0365737304688,421673.25029150397,rank_or_trend_exit,0.0
2014-09-01,GPPL.NS,SELL,2703,144.4499969482422,390448.34175109863,780.8966835021973,389667.44506759645,rank_or_trend_exit,0.0
2014-09-01,SRF.NS,SELL,262,136.4499969482422,35749.89920043945,71.4997984008789,35678.39940203857,target_rebalance,0.0
2014-09-01,JKLAKSHMI.NS,SELL,206,302.6499938964844,62345.89874267578,124.69179748535157,62221.20694519043,target_rebalance,0.0
2014-09-01,GRANULES.NS,SELL,466,73.5199966430664,34260.318435668945,68.52063687133789,34191.797798797605,target_rebalance,0.0
2014-09-01,TVSMOTOR.NS,SELL,401,187.5,75187.5,150.375,75037.125,target_rebalance,0.0
2014-09-01,ATUL.NS,SELL,22,1375.0,30250.0,60.5,30189.5,target_rebalance,0.0
2014-09-01,CEATLTD.NS,BUY,708,591.0,418428.0,836.856,-419264.856,target_rebalance,0.0
2014-09-01,BEML.NS,BUY,213,245.7938842773437,52354.097351074204,104.7081947021484,-52458.805545776355,target_rebalance,0.0
2014-09-01,FINCABLES.NS,SELL,34,222.0,7548.0,15.096,7532.904,target_rebalance,0.0
2014-09-01,IRB.NS,BUY,3190,12.5,39875.0,79.75,-39954.75,target_rebalance,0.0
2014-09-01,NBCC.NS,BUY,3254,18.773332595825195,61088.424266815186,122.17684853363038,-61210.601115348814,target_rebalance,0.0
2014-09-01,CENTURYPLY.NS,BUY,4645,90.1999969482422,418978.985824585,837.9579716491701,-419816.9437962342,target_rebalance,0.0
2014-09-01,NCC.NS,BUY,1068,42.8436164855957,45756.98240661621,91.51396481323242,-45848.49637142944,target_rebalance,0.0
2014-09-01,STLTECH.NS,SELL,371,63.54999923706055,23577.049716949463,47.15409943389893,23529.895617515565,target_rebalance,0.0
2014-09-01,KEC.NS,BUY,867,101.5,88000.5,176.001,-88176.501,target_rebalance,0.0
2014-09-01,APARINDS.NS,BUY,1257,333.29998779296875,418958.0846557617,837.9161693115235,-419796.0008250732,target_rebalance,0.0
2014-10-01,NCC.NS,SELL,9779,38.5,376491.5,752.9830000000001,375738.517,rank_or_trend_exit,0.0
2014-10-01,KEC.NS,SELL,4127,108.1999969482422,446541.38740539557,893.0827748107912,445648.3046305848,rank_or_trend_exit,0.0
2014-10-01,STLTECH.NS,SELL,6593,72.4000015258789,477333.2100601196,954.6664201202393,476378.5436399994,rank_or_trend_exit,0.0
2014-10-01,IRB.NS,SELL,33518,11.55500030517578,387300.5002288818,774.6010004577636,386525.899228424,rank_or_trend_exit,0.0
2014-10-01,GRANULES.NS,SELL,253,88.45999908447266,22380.379768371582,44.760759536743166,22335.619008834838,target_rebalance,0.0
2014-10-01,NBCC.NS,SELL,6652,30.751110076904297,204556.38423156738,409.1127684631348,204147.27146310426,target_rebalance,0.0
2014-10-01,TVSMOTOR.NS,SELL,139,229.8999938964844,31956.09915161133,63.91219830322267,31892.186953308108,target_rebalance,0.0
2014-10-01,JKLAKSHMI.NS,SELL,39,358.0,13962.0,27.924,13934.076,target_rebalance,0.0
2014-10-01,SRF.NS,BUY,90,152.41000366210938,13716.900329589844,27.43380065917969,-13744.334130249023,target_rebalance,0.0
2014-10-01,CEATLTD.NS,SELL,106,799.0,84694.0,169.388,84524.612,target_rebalance,0.0
2014-10-01,APARINDS.NS,SELL,9,386.0,3474.0,6.948,3467.052,target_rebalance,0.0
2014-10-01,ATUL.NS,BUY,44,1381.050048828125,60766.2021484375,121.532404296875,-60887.73455273437,target_rebalance,0.0
2014-10-01,CENTURYPLY.NS,SELL,507,116.4000015258789,59014.800773620605,118.02960154724121,58896.771172073364,target_rebalance,0.0
2014-10-01,CCL.NS,BUY,4251,113.3000030517578,481638.3129730224,963.2766259460449,-482601.58959896845,target_rebalance,0.0
2014-10-01,AUROPHARMA.NS,BUY,994,484.4750061035156,481568.15606689453,963.136312133789,-482531.29237902834,target_rebalance,0.0
2014-10-01,BEML.NS,BUY,135,261.837646484375,35348.082275390625,70.69616455078125,-35418.77843994141,target_rebalance,0.0
2014-10-01,FINCABLES.NS,BUY,384,212.1000061035156,81446.40234374999,162.89280468749996,-81609.29514843748,target_rebalance,0.0
2014-10-01,GPPL.NS,BUY,2850,169.0,481650.0,963.3000000000001,-482613.3,target_rebalance,0.0
2014-10-01,EICHERMOT.NS,BUY,395,1219.0,481505.0,963.01,-482468.01,target_rebalance,0.0
2014-11-03,BEML.NS,SELL,1839,287.1876525878906,528138.0931091309,1056.2761862182617,527081.8169229126,rank_or_trend_exit,0.0
2014-11-03,CENTURYPLY.NS,SELL,4138,138.25,572078.5,1144.157,570934.343,rank_or_trend_exit,0.0
2014-11-03,APARINDS.NS,SELL,1248,368.0,459264.0,918.528,458345.472,rank_or_trend_exit,0.0
2014-11-03,NBCC.NS,SELL,2168,37.764442443847656,81873.31121826172,163.74662243652344,81709.5645958252,target_rebalance,0.0
2014-11-03,TVSMOTOR.NS,SELL,149,261.8999938964844,39023.09909057617,78.04619818115235,38945.05289239502,target_rebalance,0.0
2014-11-03,CEATLTD.NS,SELL,20,875.0,17500.0,35.0,17465.0,target_rebalance,0.0
2014-11-03,JKLAKSHMI.NS,BUY,25,372.0,9300.0,18.6,-9318.6,target_rebalance,0.0
2014-11-03,SRF.NS,SELL,126,168.0,21168.0,42.336,21125.664,target_rebalance,0.0
2014-11-03,GRANULES.NS,BUY,828,81.26000213623047,67283.28176879883,134.56656353759766,-67417.84833233642,target_rebalance,0.0
2014-11-03,CCL.NS,SELL,390,132.0,51480.0,102.96000000000001,51377.04,target_rebalance,0.0
2014-11-03,ATUL.NS,BUY,47,1290.0,60630.0,121.26,-60751.26,target_rebalance,0.0
2014-11-03,NCC.NS,BUY,8475,60.150001525878906,509771.26293182373,1019.5425258636475,-510790.80545768735,target_rebalance,0.0
2014-11-03,STLTECH.NS,BUY,7230,70.5,509715.0,1019.4300000000001,-510734.43,target_rebalance,0.0
2014-11-03,JKCEMENT.NS,BUY,815,625.0,509375.0,1018.75,-510393.75,target_rebalance,0.0
2014-11-03,FINCABLES.NS,BUY,3,224.1499938964844,672.4499816894532,1.3448999633789065,-673.7948816528321,target_rebalance,0.0
2014-11-03,EICHERMOT.NS,BUY,48,1150.1099853515625,55205.279296875,110.41055859375,-55315.68985546875,target_rebalance,0.0
2014-11-03,AUROPHARMA.NS,BUY,54,486.0,26244.0,52.488,-26296.488,target_rebalance,0.0
2014-11-03,GPPL.NS,BUY,205,166.85000610351562,34204.2512512207,68.40850250244141,-34272.65975372314,target_rebalance,0.0
2014-12-01,FINCABLES.NS,SELL,2274,264.0,600336.0,1200.672,599135.328,rank_or_trend_exit,0.0
2014-12-01,ATUL.NS,SELL,395,1280.0,505600.0,1011.2,504588.8,rank_or_trend_exit,0.0
2014-12-01,GPPL.NS,SELL,3055,162.0,494910.0,989.82,493920.18,rank_or_trend_exit,0.0
2014-12-01,NCC.NS,SELL,8475,66.5,563587.5,1127.175,562460.325,rank_or_trend_exit,0.0
2014-12-01,STLTECH.NS,SELL,7230,69.0,498870.0,997.74,497872.26,rank_or_trend_exit,0.0
2014-12-01,CENTURYPLY.NS,BUY,3110,170.89999389648438,531498.9810180664,1062.9979620361328,-532561.9789801026,target_rebalance,0.0
2014-12-01,NBCC.NS,BUY,1640,35.11111068725586,57582.22152709961,115.16444305419923,-57697.38597015381,target_rebalance,0.0
2014-12-01,JKLAKSHMI.NS,SELL,18,392.9500122070313,7073.100219726563,14.146200439453127,7058.95401928711,target_rebalance,0.0
2014-12-01,CCL.NS,SELL,196,145.0,28420.0,56.84,28363.16,target_rebalance,0.0
2014-12-01,SUNDRMFAST.NS,BUY,2790,190.5,531495.0,1062.99,-532557.99,target_rebalance,0.0
2014-12-01,SRF.NS,SELL,32,177.00999450683594,5664.31982421875,11.3286396484375,5652.991184570313,target_rebalance,0.0
2014-12-01,GRANULES.NS,BUY,559,77.79000091552734,43484.610511779785,86.96922102355957,-43571.579732803344,target_rebalance,0.0
2014-12-01,BBTC.NS,BUY,1181,449.75,531154.75,1062.3095,-532217.0595,target_rebalance,0.0
2014-12-01,CEATLTD.NS,BUY,4,906.0,3624.0,7.248,-3631.248,target_rebalance,0.0
2014-12-01,WHIRLPOOL.NS,BUY,857,620.0499877929688,531382.8395385742,1062.7656790771484,-532445.6052176513,target_rebalance,0.0
2014-12-01,TVSMOTOR.NS,BUY,345,232.0,80040.0,160.08,-80200.08,target_rebalance,0.0
2014-12-01,AUROPHARMA.NS,SELL,76,546.5,41534.0,83.068,41450.932,target_rebalance,0.0
2014-12-01,EICHERMOT.NS,SELL,77,1452.010009765625,111804.77075195312,223.60954150390626,111581.16121044922,target_rebalance,0.0
2014-12-01,ASHOKLEY.NS,BUY,20248,26.25,531510.0,1063.02,-532573.02,target_rebalance,0.0
2014-12-01,JKCEMENT.NS,BUY,42,619.75,26029.5,52.059000000000005,-26081.559,target_rebalance,0.0
2015-01-01,CEATLTD.NS,SELL,586,860.0,503960.0,1007.9200000000001,502952.08,rank_or_trend_exit,0.0
2015-01-01,AUROPHARMA.NS,SELL,972,569.7000122070312,553748.4118652344,1107.4968237304688,552640.915041504,rank_or_trend_exit,0.0
2015-01-01,JKCEMENT.NS,SELL,857,635.0,544195.0,1088.39,543106.61,rank_or_trend_exit,0.0
2015-01-01,SUNDRMFAST.NS,SELL,2790,188.5,525915.0,1051.83,524863.17,rank_or_trend_exit,0.0
2015-01-01,ASHOKLEY.NS,SELL,20248,25.75,521386.0,1042.772,520343.228,rank_or_trend_exit,0.0
2015-01-01,NBCC.NS,SELL,320,36.44888687133789,11663.643798828125,23.32728759765625,11640.316511230469,target_rebalance,0.0
2015-01-01,CENTURYPLY.NS,BUY,319,157.5,50242.5,100.485,-50342.985,target_rebalance,0.0
2015-01-01,CCL.NS,SELL,404,165.60000610351562,66902.40246582031,133.80480493164063,66768.59766088867,target_rebalance,0.0
2015-01-01,JKLAKSHMI.NS,SELL,19,405.0,7695.0,15.39,7679.61,target_rebalance,0.0
2015-01-01,NCC.NS,BUY,6684,80.80000305175781,540067.2203979492,1080.1344407958984,-541147.3548387451,target_rebalance,0.0
2015-01-01,TVSMOTOR.NS,SELL,275,267.8999938964844,73672.4983215332,147.34499664306642,73525.15332489014,target_rebalance,0.0
2015-01-01,BBTC.NS,BUY,299,364.75,109060.25,218.1205,-109278.3705,target_rebalance,0.0
2015-01-01,GRANULES.NS,SELL,299,82.66999816894531,24718.32945251465,49.4366589050293,24668.89279360962,target_rebalance,0.0
2015-01-01,SRF.NS,BUY,77,175.39999389648438,13505.799530029297,27.011599060058593,-13532.811129089356,target_rebalance,0.0
2015-01-01,GPPL.NS,BUY,2650,203.8000030517578,540070.0080871582,1080.1400161743163,-541150.1481033325,target_rebalance,0.0
2015-01-01,TIMKEN.NS,BUY,1050,514.2000122070312,539910.0128173828,1079.8200256347657,-540989.8328430175,target_rebalance,0.0
2015-01-01,WHIRLPOOL.NS,SELL,32,654.0,20928.0,41.856,20886.144,target_rebalance,0.0
2015-01-01,EICHERMOT.NS,SELL,7,1501.0999755859375,10507.699829101562,21.015399658203126,10486.68442944336,target_rebalance,0.0
2015-01-01,ATUL.NS,BUY,390,1384.949951171875,540130.4809570312,1080.2609619140626,-541210.7419189453,target_rebalance,0.0
2015-01-01,FINCABLES.NS,BUY,2067,261.25,540003.75,1080.0075,-541083.7575,target_rebalance,0.0
2015-02-02,GRANULES.NS,SELL,6533,81.19999694824219,530479.5800628662,1060.9591601257325,529418.6209027405,rank_or_trend_exit,0.0
2015-02-02,GPPL.NS,SELL,2650,207.3500061035156,549477.5161743163,1098.9550323486326,548378.5611419677,rank_or_trend_exit,0.0
2015-02-02,TIMKEN.NS,SELL,1050,535.0,561750.0,1123.5,560626.5,rank_or_trend_exit,0.0
2015-02-02,ATUL.NS,SELL,390,1250.0,487500.0,975.0,486525.0,rank_or_trend_exit,0.0
2015-02-02,FINCABLES.NS,SELL,2067,253.3500061035156,523674.46261596674,1047.3489252319334,522627.1136907348,rank_or_trend_exit,0.0
2015-02-02,CENTURYPLY.NS,SELL,352,183.9499969482422,64750.39892578125,129.5007978515625,64620.898127929686,target_rebalance,0.0
2015-02-02,NBCC.NS,SELL,219,38.77111053466797,8490.873207092285,16.98174641418457,8473.8914606781,target_rebalance,0.0
2015-02-02,JKLAKSHMI.NS,BUY,125,388.0,48500.0,97.0,-48597.0,target_rebalance,0.0
2015-02-02,CCL.NS,SELL,282,190.0,53580.0,107.16,53472.84,target_rebalance,0.0
2015-02-02,TVSMOTOR.NS,SELL,179,308.04998779296875,55140.947814941406,110.28189562988281,55030.66591931153,target_rebalance,0.0
2015-02-02,SRF.NS,SELL,91,189.3999938964844,17235.39944458008,34.470798889160164,17200.92864569092,target_rebalance,0.0
2015-02-02,BBTC.NS,SELL,155,427.0,66185.0,132.37,66052.63,target_rebalance,0.0
2015-02-02,NCC.NS,BUY,848,75.1500015258789,63727.20129394531,127.45440258789063,-63854.655696533206,target_rebalance,0.0
2015-02-02,ASHOKLEY.NS,BUY,17231,32.849998474121094,566038.3237075806,1132.0766474151612,-567170.4003549957,target_rebalance,0.0
2015-02-02,WHIRLPOOL.NS,BUY,12,676.0,8112.0,16.224,-8128.224,target_rebalance,0.0
2015-02-02,BEL.NS,BUY,16728,33.838382720947266,566048.4661560059,1132.0969323120116,-567180.5630883179,target_rebalance,0.0
2015-02-02,EICHERMOT.NS,SELL,14,1639.699951171875,22955.79931640625,45.9115986328125,22909.887717773436,target_rebalance,0.0
2015-02-02,CIEINDIA.NS,BUY,2563,220.8500061035156,566038.5656433104,1132.077131286621,-567170.642774597,target_rebalance,0.0
2015-02-02,CANFINHOME.NS,BUY,4564,124.0199966430664,566027.2646789551,1132.0545293579103,-567159.319208313,target_rebalance,0.0
2015-02-02,AUROPHARMA.NS,BUY,912,620.0,565440.0,1130.88,-566570.88,target_rebalance,0.0
2015-03-02,JKLAKSHMI.NS,SELL,1458,346.70001220703125,505488.61779785156,1010.9772355957032,504477.64056225587,rank_or_trend_exit,0.0
2015-03-02,EICHERMOT.NS,SELL,345,1655.0,570975.0,1141.95,569833.05,rank_or_trend_exit,0.0
2015-03-02,CIEINDIA.NS,SELL,2563,210.0,538230.0,1076.46,537153.54,rank_or_trend_exit,0.0
2015-03-02,AUROPHARMA.NS,SELL,912,542.5,494760.0,989.52,493770.48,rank_or_trend_exit,0.0
2015-03-02,CENTURYPLY.NS,SELL,663,235.8999938964844,156401.69595336917,312.80339190673834,156088.89256146245,target_rebalance,0.0
2015-03-02,TITAGARH.NS,BUY,4811,118.4000015258789,569622.4073410034,1139.2448146820068,-570761.6521556855,target_rebalance,0.0
2015-03-02,NBCC.NS,BUY,105,38.74222183227539,4067.933292388916,8.135866584777832,-4076.069158973694,target_rebalance,0.0
2015-03-02,HBLENGINE.NS,BUY,10386,54.84999847412109,569672.0841522216,1139.3441683044432,-570811.428320526,target_rebalance,0.0
2015-03-02,NCC.NS,SELL,358,79.4000015258789,28425.20054626465,56.850401092529296,28368.35014517212,target_rebalance,0.0
2015-03-02,BEML.NS,BUY,1375,414.27447509765625,569627.4032592773,1139.2548065185547,-570766.6580657959,target_rebalance,0.0
2015-03-02,CCL.NS,BUY,372,170.0,63240.0,126.48,-63366.48,target_rebalance,0.0
2015-03-02,BBTC.NS,BUY,8,427.1499938964844,3417.199951171875,6.83439990234375,-3424.0343510742186,target_rebalance,0.0
2015-03-02,ASHOKLEY.NS,SELL,1341,35.849998474121094,48074.84795379639,96.14969590759277,47978.69825788879,target_rebalance,0.0
2015-03-02,BEL.NS,SELL,1725,37.96969604492188,65497.72567749025,130.9954513549805,65366.73022613527,target_rebalance,0.0
2015-03-02,CANFINHOME.NS,BUY,60,123.1999969482422,7391.999816894532,14.783999633789065,-7406.783816528321,target_rebalance,0.0
2015-03-02,SAMMAANCAP.NS,BUY,1021,557.9183349609375,569634.6199951172,1139.2692399902344,-570773.8892351075,target_rebalance,0.0
2015-03-02,SRF.NS,BUY,58,187.009994506836,10846.579681396488,21.693159362792976,-10868.27284075928,target_rebalance,0.0
2015-03-02,TVSMOTOR.NS,BUY,194,280.3999938964844,54397.59881591797,108.79519763183593,-54506.394013549805,target_rebalance,0.0
2015-03-02,WHIRLPOOL.NS,SELL,6,685.0,4110.0,8.22,4101.78,target_rebalance,0.0
2015-04-01,TVSMOTOR.NS,SELL,2031,262.0,532122.0,1064.244,531057.756,rank_or_trend_exit,0.0
2015-04-01,SRF.NS,SELL,3046,197.0200042724609,600122.9330139159,1200.2458660278319,598922.6871478881,rank_or_trend_exit,0.0
2015-04-01,CCL.NS,SELL,3351,178.35000610351562,597650.8704528809,1195.3017409057618,596455.5687119751,rank_or_trend_exit,0.0
2015-04-01,SAMMAANCAP.NS,SELL,1021,494.6299743652344,505017.2038269043,1010.0344076538087,504007.1694192505,rank_or_trend_exit,0.0
2015-04-01,CENTURYPLY.NS,BUY,89,234.0,20826.0,41.652,-20867.652,target_rebalance,0.0
2015-04-01,NCC.NS,SELL,1839,109.8000030517578,201922.2056121826,403.84441122436516,201518.36120095823,target_rebalance,0.0
2015-04-01,HBLENGINE.NS,BUY,1100,51.0,56100.0,112.2,-56212.2,target_rebalance,0.0
2015-04-01,TITAGARH.NS,BUY,256,115.5999984741211,29593.599609375,59.18719921875,-29652.78680859375,target_rebalance,0.0
2015-04-01,ASHOKLEY.NS,BUY,226,36.34999847412109,8215.099655151365,16.430199310302733,-8231.529854461669,target_rebalance,0.0
2015-04-01,BBTC.NS,SELL,5,441.0,2205.0,4.41,2200.59,target_rebalance,0.0
2015-04-01,NBCC.NS,SELL,846,42.27111053466797,35761.3595123291,71.5227190246582,35689.83679330444,target_rebalance,0.0
2015-04-01,BEML.NS,SELL,111,463.2058715820313,51415.851745605476,102.83170349121096,51313.020042114265,target_rebalance,0.0
2015-04-01,WHIRLPOOL.NS,SELL,27,728.5,19669.5,39.339,19630.161,target_rebalance,0.0
2015-04-01,SPARC.NS,BUY,1196,489.4696350097656,585405.6834716797,1170.8113669433594,-586576.4948386231,target_rebalance,0.0
2015-04-01,BEL.NS,BUY,2283,33.88888931274414,77368.33430099487,154.73666860198975,-77523.07096959687,target_rebalance,0.0
2015-04-01,CANFINHOME.NS,BUY,169,122.22000122070312,20655.180206298828,41.31036041259766,-20696.490566711425,target_rebalance,0.0
2015-04-01,AJANTPHARM.NS,BUY,711,823.3333129882812,585389.985534668,1170.779971069336,-586560.7655057373,target_rebalance,0.0
2015-04-01,BHARATFORG.NS,BUY,926,632.5250244140625,585718.1726074219,1171.4363452148439,-586889.6089526367,target_rebalance,0.0
2015-04-01,TIMKEN.NS,BUY,958,611.1500244140625,585481.7233886719,1170.9634467773437,-586652.6868354492,target_rebalance,0.0
2015-05-04,NBCC.NS,SELL,13858,34.9466667175293,484290.907371521,968.5818147430421,483322.32555677794,rank_or_trend_exit,0.0
2015-05-04,BEL.NS,SELL,17286,31.50303077697754,544561.3900108337,1089.1227800216675,543472.2672308121,rank_or_trend_exit,0.0
2015-05-04,CANFINHOME.NS,SELL,4793,143.8000030517578,689233.4146270752,1378.4668292541505,687854.947797821,rank_or_trend_exit,0.0
2015-05-04,BEML.NS,SELL,1264,414.7798156738281,524281.68701171875,1048.5633740234375,523233.12363769533,rank_or_trend_exit,0.0
2015-05-04,CENTURYPLY.NS,BUY,194,205.6999969482422,39905.799407958984,79.81159881591798,-39985.6110067749,target_rebalance,0.0
2015-05-04,AEGISLOG.NS,BUY,7816,71.0,554936.0,1109.872,-556045.872,target_rebalance,0.0
2015-05-04,TITAGARH.NS,BUY,205,105.25,21576.25,43.1525,-21619.4025,target_rebalance,0.0
2015-05-04,HBLENGINE.NS,SELL,573,50.84999847412109,29137.049125671383,58.274098251342764,29078.77502742004,target_rebalance,0.0
2015-05-04,BBTC.NS,SELL,22,424.7000122070313,9343.40026855469,18.686800537109377,9324.71346801758,target_rebalance,0.0
2015-05-04,NCC.NS,BUY,707,91.8499984741211,64937.94892120361,129.87589784240723,-65067.82481904602,target_rebalance,0.0
2015-05-04,AJANTPHARM.NS,SELL,60,851.9666748046875,51118.00048828125,102.23600097656251,51015.76448730469,target_rebalance,0.0
2015-05-04,WHIRLPOOL.NS,SELL,28,714.4500122070312,20004.600341796875,40.009200683593754,19964.59114111328,target_rebalance,0.0
2015-05-04,NATCOPHARM.NS,BUY,1296,428.0,554688.0,1109.376,-555797.376,target_rebalance,0.0
2015-05-04,ASHOKLEY.NS,SELL,283,35.04999923706055,9919.149784088135,19.83829956817627,9899.311484519958,target_rebalance,0.0
2015-05-04,SPARC.NS,BUY,194,399.1839599609375,77441.68823242188,154.88337646484376,-77596.57160888672,target_rebalance,0.0
2015-05-04,TIMKEN.NS,SELL,32,598.9000244140625,19164.80078125,38.3296015625,19126.4711796875,target_rebalance,0.0
2015-05-04,BHARATFORG.NS,SELL,51,633.5999755859375,32313.598754882812,64.62719750976562,32248.971557373046,target_rebalance,0.0
2015-05-04,BAYERCROP.NS,BUY,146,3784.85009765625,552588.1142578125,1105.176228515625,-553693.2904863281,target_rebalance,0.0
2015-05-04,PIIND.NS,BUY,846,655.4000244140625,554468.4206542969,1108.9368413085938,-555577.3574956055,target_rebalance,0.0
2015-06-01,WHIRLPOOL.NS,SELL,776,762.0,591312.0,1182.624,590129.376,rank_or_trend_exit,0.0
2015-06-01,NCC.NS,SELL,6042,82.44999694824219,498162.8815612793,996.3257631225587,497166.5557981567,rank_or_trend_exit,0.0
2015-06-01,ASHOKLEY.NS,SELL,15833,35.775001525878906,566425.5991592407,1132.8511983184815,565292.7479609222,rank_or_trend_exit,0.0
2015-06-01,TITAGARH.NS,SELL,5272,97.8000030517578,515601.61608886713,1031.2032321777342,514570.4128566894,rank_or_trend_exit,0.0
2015-06-01,HBLENGINE.NS,SELL,10913,54.95000076293945,599669.3583259583,1199.3387166519165,598470.0196093064,rank_or_trend_exit,0.0
2015-06-01,BHARATFORG.NS,SELL,875,611.7249755859375,535259.3536376953,1070.5187072753906,534188.8349304199,rank_or_trend_exit,0.0
2015-06-01,BAYERCROP.NS,SELL,146,3650.0,532900.0,1065.8,531834.2,rank_or_trend_exit,0.0
2015-06-01,PIIND.NS,SELL,846,688.0,582048.0,1164.096,580883.904,rank_or_trend_exit,0.0
2015-06-01,AEGISLOG.NS,BUY,338,71.0,23998.0,47.996,-24045.996,target_rebalance,0.0
2015-06-01,AJANTPHARM.NS,SELL,102,1053.3333740234375,107440.00415039062,214.88000830078124,107225.12414208984,target_rebalance,0.0
2015-06-01,CENTURYPLY.NS,SELL,3,214.8999938964844,644.6999816894532,1.2893999633789066,643.4105817260744,target_rebalance,0.0
2015-06-01,WELSPUNLIV.NS,BUY,10180,56.869998931884766,578936.5891265869,1157.8731782531738,-580094.4623048401,target_rebalance,0.0
2015-06-01,CANFINHOME.NS,BUY,4219,137.1999969482422,578846.7871246338,1157.6935742492676,-580004.4806988831,target_rebalance,0.0
2015-06-01,NATCOPHARM.NS,BUY,2,446.0,892.0,1.784,-893.784,target_rebalance,0.0
2015-06-01,PAGEIND.NS,BUY,35,16299.0,570465.0,1140.93,-571605.93,target_rebalance,0.0
2015-06-01,BRITANNIA.NS,BUY,452,1280.0,578560.0,1157.1200000000001,-579717.12,target_rebalance,0.0
2015-06-01,SPARC.NS,BUY,42,404.2494812011719,16978.47821044922,33.956956420898436,-17012.435166870117,target_rebalance,0.0
2015-06-01,BBTC.NS,SELL,246,546.0,134316.0,268.632,134047.368,target_rebalance,0.0
2015-06-01,TATAELXSI.NS,BUY,911,634.9500122070312,578439.4611206055,1156.878922241211,-579596.3400428466,target_rebalance,0.0
2015-06-01,EICHERMOT.NS,BUY,312,1849.9000244140625,577168.8076171875,1154.337615234375,-578323.1452324219,target_rebalance,0.0
2015-06-01,MASTEK.NS,BUY,1362,424.7999877929688,578577.5833740236,1157.1551667480471,-579734.7385407717,target_rebalance,0.0
2015-06-01,BEL.NS,BUY,15988,36.21212005615234,578959.3754577636,1157.9187509155272,-580117.2942086791,target_rebalance,0.0
2015-07-01,CENTURYPLY.NS,SELL,2694,197.8000030517578,532873.2082214355,1065.7464164428711,531807.4618049926,rank_or_trend_exit,0.0
2015-07-01,TIMKEN.NS,SELL,926,583.5,540321.0,1080.642,539240.358,rank_or_trend_exit,0.0
2015-07-01,PAGEIND.NS,SELL,35,15190.0,531650.0,1063.3,530586.7,rank_or_trend_exit,0.0
2015-07-01,MASTEK.NS,SELL,1362,206.0,280572.0,561.144,280010.856,rank_or_trend_exit,0.0
2015-07-01,BEL.NS,SELL,15988,34.13131332397461,545691.437423706,1091.382874847412,544600.0545488587,rank_or_trend_exit,0.0
2015-07-01,AEGISLOG.NS,SELL,1019,79.0999984741211,80602.8984451294,161.2057968902588,80441.69264823914,target_rebalance,0.0
2015-07-01,WELSPUNLIV.NS,SELL,1394,64.23999786376953,89550.55702209473,179.10111404418944,89371.45590805054,target_rebalance,0.0
2015-07-01,AJANTPHARM.NS,SELL,10,1046.3333740234375,10463.333740234375,20.92666748046875,10442.407072753906,target_rebalance,0.0
2015-07-01,BRITANNIA.NS,SELL,43,1380.0,59340.0,118.68,59221.32,target_rebalance,0.0
2015-07-01,BAJFINANCE.NS,BUY,10356,54.5,564402.0,1128.804,-565530.804,target_rebalance,0.0
2015-07-01,BBTC.NS,BUY,42,512.0,21504.0,43.008,-21547.008,target_rebalance,0.0
2015-07-01,CANFINHOME.NS,SELL,580,155.10000610351562,89958.00354003906,179.91600708007812,89778.08753295899,target_rebalance,0.0
2015-07-01,SPARC.NS,BUY,10,391.2876892089844,3912.8768920898438,7.825753784179688,-3920.7026458740233,target_rebalance,0.0
2015-07-01,NATCOPHARM.NS,SELL,72,460.1000061035156,33127.200439453125,66.25440087890625,33060.94603857422,target_rebalance,0.0
2015-07-01,RAJESHEXPO.NS,BUY,1698,332.3999938964844,564415.1896362305,1128.830379272461,-565544.0200155029,target_rebalance,0.0
2015-07-01,TATAELXSI.NS,BUY,25,602.5,15062.5,30.125,-15092.625,target_rebalance,0.0
2015-07-01,SRF.NS,BUY,2290,246.3999938964844,564255.9860229493,1128.5119720458988,-565384.4979949952,target_rebalance,0.0
2015-07-01,APLLTD.NS,BUY,845,667.9000244140625,564375.5206298828,1128.7510412597655,-565504.2716711425,target_rebalance,0.0
2015-07-01,EICHERMOT.NS,SELL,27,1974.199951171875,53303.398681640625,106.60679736328125,53196.79188427734,target_rebalance,0.0
2015-07-01,EMAMILTD.NS,BUY,966,583.8499755859375,563999.0764160156,1127.9981528320313,-565127.0745688477,target_rebalance,0.0
2015-08-03,SPARC.NS,SELL,1442,406.13665771484375,585649.0604248047,1171.2981208496094,584477.762303955,rank_or_trend_exit,0.0
2015-08-03,AEGISLOG.NS,SELL,7135,87.0,620745.0,1241.49,619503.51,rank_or_trend_exit,0.0
2015-08-03,NATCOPHARM.NS,SELL,1226,463.9599914550781,568814.9495239258,1137.6298990478515,567677.3196248779,rank_or_trend_exit,0.0
2015-08-03,CANFINHOME.NS,SELL,3639,161.94000244140625,589299.6688842773,1178.5993377685547,588121.0695465088,rank_or_trend_exit,0.0
2015-08-03,EICHERMOT.NS,SELL,285,1950.0,555750.0,1111.5,554638.5,rank_or_trend_exit,0.0
2015-08-03,APLLTD.NS,SELL,845,717.0999755859375,605949.4793701172,1211.8989587402343,604737.5804113769,rank_or_trend_exit,0.0
2015-08-03,WELSPUNLIV.NS,SELL,1590,90.19000244140624,143402.1038818359,286.8042077636718,143115.29967407224,target_rebalance,0.0
2015-08-03,KEI.NS,BUY,6066,107.0,649062.0,1298.124,-650360.124,target_rebalance,0.0
2015-08-03,RAJESHEXPO.NS,SELL,477,531.2999877929688,253430.0941772461,506.8601883544922,252923.2339888916,target_rebalance,0.0
2015-08-03,RKFORGE.NS,BUY,4433,146.39999389648438,648991.1729431152,1297.9823458862304,-650289.1552890014,target_rebalance,0.0
2015-08-03,TATAELXSI.NS,SELL,175,852.5,149187.5,298.375,148889.125,target_rebalance,0.0
2015-08-03,BRITANNIA.NS,SELL,1,1588.0,1588.0,3.176,1584.824,target_rebalance,0.0
2015-08-03,BBTC.NS,SELL,35,608.0,21280.0,42.56,21237.44,target_rebalance,0.0
2015-08-03,CCL.NS,BUY,2649,245.0,649005.0,1298.01,-650303.01,target_rebalance,0.0
2015-08-03,AJANTPHARM.NS,BUY,83,1043.4000244140625,86602.20202636719,173.2044040527344,-86775.40643041993,target_rebalance,0.0
2015-08-03,TITAGARH.NS,BUY,5557,116.8000030517578,649057.616958618,1298.115233917236,-650355.7321925353,target_rebalance,0.0
2015-08-03,SRF.NS,BUY,79,273.94000244140625,21641.260192871094,43.28252038574219,-21684.542713256837,target_rebalance,0.0
2015-08-03,HINDPETRO.NS,BUY,4675,138.8148193359375,648959.2803955078,1297.9185607910156,-650257.1989562989,target_rebalance,0.0
2015-08-03,EMAMILTD.NS,BUY,32,650.0,20800.0,41.6,-20841.6,target_rebalance,0.0
2015-08-03,BAJFINANCE.NS,BUY,1392,55.249000549316406,76906.60876464844,153.81321752929688,-77060.42198217774,target_rebalance,0.0
2015-08-03,BEML.NS,BUY,1011,641.7506713867188,648809.9287719727,1297.6198575439453,-650107.5486295166,target_rebalance,0.0
2015-09-01,BBTC.NS,SELL,1067,469.8999938964844,501383.2934875488,1002.7665869750977,500380.52690057375,rank_or_trend_exit,0.0
2015-09-01,BAJFINANCE.NS,SELL,11748,50.21200180053711,589890.59715271,1179.78119430542,588710.8159584046,rank_or_trend_exit,0.0
2015-09-01,SRF.NS,SELL,2369,230.1999969482422,545343.7927703857,1090.6875855407716,544253.1051848449,rank_or_trend_exit,0.0
2015-09-01,EMAMILTD.NS,SELL,998,592.5,591315.0,1182.63,590132.37,rank_or_trend_exit,0.0
2015-09-01,TITAGARH.NS,SELL,5557,106.0,589042.0,1178.084,587863.916,rank_or_trend_exit,0.0
2015-09-01,HINDPETRO.NS,SELL,4675,124.71852111816406,583059.086227417,1166.118172454834,581892.9680549621,rank_or_trend_exit,0.0
2015-09-01,RAJESHEXPO.NS,SELL,61,504.2999877929688,30762.299255371097,61.524598510742194,30700.774656860354,target_rebalance,0.0
2015-09-01,WELSPUNLIV.NS,BUY,474,76.30000305175781,36166.2014465332,72.3324028930664,-36238.53384942627,target_rebalance,0.0
2015-09-01,KEI.NS,SELL,382,102.9499969482422,39326.89883422852,78.65379766845705,39248.24503656007,target_rebalance,0.0
2015-09-01,TATAELXSI.NS,SELL,113,902.5,101982.5,203.965,101778.535,target_rebalance,0.0
2015-09-01,CHENNPETRO.NS,BUY,2567,227.8999938964844,585019.2843322755,1170.0385686645511,-586189.3229009401,target_rebalance,0.0
2015-09-01,KPRMILL.NS,BUY,7713,75.87000274658203,585185.3311843872,1170.3706623687744,-586355.7018467559,target_rebalance,0.0
2015-09-01,RKFORGE.NS,BUY,143,127.87999725341795,18286.839607238766,36.57367921447753,-18323.413286453244,target_rebalance,0.0
2015-09-01,CCL.NS,BUY,29,218.5,6336.5,12.673,-6349.173,target_rebalance,0.0
2015-09-01,ASHOKLEY.NS,BUY,12962,45.150001525878906,585234.3197784424,1170.4686395568847,-586404.7884179993,target_rebalance,0.0
2015-09-01,BRITANNIA.NS,SELL,5,1450.0,7250.0,14.5,7235.5,target_rebalance,0.0
2015-09-01,VTL.NS,BUY,3233,181.0,585173.0,1170.346,-586343.346,target_rebalance,0.0
2015-09-01,JUBLPHARMA.NS,BUY,2203,265.5802307128906,585073.248260498,1170.1464965209962,-586243.394757019,target_rebalance,0.0
2015-09-01,AJANTPHARM.NS,SELL,35,995.9666748046876,34858.83361816407,69.71766723632814,34789.11595092774,target_rebalance,0.0
2015-09-01,TORNTPHARM.NS,BUY,731,800.0,584800.0,1169.6000000000001,-585969.6,target_rebalance,0.0
2015-09-01,BEML.NS,BUY,92,530.581298828125,48813.4794921875,97.62695898437501,-48911.10645117187,target_rebalance,0.0
2015-10-01,AJANTPHARM.NS,SELL,587,998.566650390625,586158.6237792969,1172.3172475585939,584986.3065317383,rank_or_trend_exit,0.0
2015-10-01,BEML.NS,SELL,1103,527.6336059570312,581979.8673706055,1163.959734741211,580815.9076358642,rank_or_trend_exit,0.0
2015-10-01,TORNTPHARM.NS,SELL,731,755.5,552270.5,1104.541,551165.959,rank_or_trend_exit,0.0
2015-10-01,RAJESHEXPO.NS,SELL,96,567.9500122070312,54523.201171875,109.04640234375,54414.15476953125,target_rebalance,0.0
2015-10-01,WELSPUNLIV.NS,SELL,514,84.5,43433.0,86.866,43346.134,target_rebalance,0.0
2015-10-01,TATAELXSI.NS,SELL,10,947.5,9475.0,18.95,9456.05,target_rebalance,0.0
2015-10-01,KPRMILL.NS,SELL,348,82.0999984741211,28570.79946899414,57.141598937988284,28513.65787005615,target_rebalance,0.0
2015-10-01,CAPLIPOINT.NS,BUY,2096,288.45001220703125,604591.2255859375,1209.182451171875,-605800.4080371094,target_rebalance,0.0
2015-10-01,KEI.NS,BUY,505,97.6999969482422,49338.49845886231,98.67699691772462,-49437.17545578004,target_rebalance,0.0
2015-10-01,JUBLPHARMA.NS,SELL,99,287.34295654296875,28446.952697753906,56.893905395507815,28390.0587923584,target_rebalance,0.0
2015-10-01,CHENNPETRO.NS,BUY,124,224.6999969482422,27862.79962158203,55.72559924316406,-27918.525220825195,target_rebalance,0.0
2015-10-01,RKFORGE.NS,BUY,405,121.4000015258789,49167.00061798096,98.33400123596192,-49265.33461921692,target_rebalance,0.0
2015-10-01,BRITANNIA.NS,SELL,15,1554.875,23323.125,46.64625,23276.47875,target_rebalance,0.0
2015-10-01,SAMMAANCAP.NS,BUY,848,712.9749145507812,604602.7275390625,1209.205455078125,-605811.9329941407,target_rebalance,0.0
2015-10-01,VTL.NS,BUY,46,184.3999938964844,8482.399719238283,16.964799438476568,-8499.364518676759,target_rebalance,0.0
2015-10-01,ASHOKLEY.NS,SELL,20,46.72499847412109,934.4999694824218,1.8689999389648435,932.6309695434569,target_rebalance,0.0
2015-10-01,CCL.NS,SELL,131,237.3999938964844,31099.399200439457,62.198798400878914,31037.20040203858,target_rebalance,0.0
2015-10-01,GRANULES.NS,BUY,4258,142.0,604636.0,1209.272,-605845.272,target_rebalance,0.0
2015-11-02,RKFORGE.NS,SELL,4981,116.01000213623048,577845.8206405641,1155.691641281128,576690.128999283,rank_or_trend_exit,0.0
2015-11-02,CCL.NS,SELL,2547,214.0,545058.0,1090.116,543967.884,rank_or_trend_exit,0.0
2015-11-02,KPRMILL.NS,SELL,7365,81.54000091552734,600542.1067428589,1201.0842134857178,599341.0225293732,rank_or_trend_exit,0.0
2015-11-02,VTL.NS,SELL,3279,145.8000030517578,478078.21000671387,956.1564200134278,477122.05358670047,rank_or_trend_exit,0.0
2015-11-02,CAPLIPOINT.NS,SELL,2096,252.1999969482422,528611.1936035156,1057.2223872070313,527553.9712163087,rank_or_trend_exit,0.0
2015-11-02,SAMMAANCAP.NS,SELL,848,638.2322387695312,541220.9384765625,1082.441876953125,540138.4965996094,rank_or_trend_exit,0.0
2015-11-02,RAJESHEXPO.NS,SELL,154,645.0,99330.0,198.66,99131.34,target_rebalance,0.0
2015-11-02,JUBLPHARMA.NS,SELL,200,308.3177185058594,61663.543701171875,123.32708740234375,61540.21661376953,target_rebalance,0.0
2015-11-02,TATAELXSI.NS,BUY,3,915.0,2745.0,5.49,-2750.49,target_rebalance,0.0
2015-11-02,KEI.NS,SELL,327,100.1500015258789,32749.050498962402,65.49810099792481,32683.55239796448,target_rebalance,0.0
2015-11-02,WELSPUNLIV.NS,BUY,943,72.48500061035156,68353.35557556152,136.70671115112305,-68490.06228671265,target_rebalance,0.0
2015-11-02,BRITANNIA.NS,SELL,24,1611.8499755859375,38684.3994140625,77.36879882812501,38607.03061523438,target_rebalance,0.0
2015-11-02,CHENNPETRO.NS,BUY,42,214.8000030517578,9021.600128173828,18.043200256347657,-9039.643328430177,target_rebalance,0.0
2015-11-02,ASHOKLEY.NS,SELL,451,47.0,21197.0,42.394,21154.606,target_rebalance,0.0
2015-11-02,AARTIIND.NS,BUY,4719,124.41304779052734,587105.1725234985,1174.2103450469972,-588279.3828685455,target_rebalance,0.0
2015-11-02,GRANULES.NS,SELL,434,153.5,66619.0,133.238,66485.762,target_rebalance,0.0
2015-11-02,KRBL.NS,BUY,2834,207.1499938964844,587063.0827026368,1174.1261654052737,-588237.2088680421,target_rebalance,0.0
2015-11-02,SRF.NS,BUY,2203,266.45001220703125,586989.3768920898,1173.9787537841796,-588163.355645874,target_rebalance,0.0
2015-11-02,AJANTPHARM.NS,BUY,568,1033.3333740234375,586933.3564453125,1173.866712890625,-588107.2231582032,target_rebalance,0.0
2015-11-02,BAJAJFINSV.NS,BUY,2980,197.0,587060.0,1174.1200000000001,-588234.12,target_rebalance,0.0
2015-11-02,BAJFINANCE.NS,BUY,11219,52.33000183105469,587090.2905426025,1174.1805810852052,-588264.4711236877,target_rebalance,0.0
2015-12-01,BRITANNIA.NS,SELL,364,1463.050048828125,532550.2177734375,1065.1004355468751,531485.1173378907,rank_or_trend_exit,0.0
2015-12-01,KEI.NS,SELL,5862,112.4499969482422,659181.8821105958,1318.3637642211916,657863.5183463746,rank_or_trend_exit,0.0
2015-12-01,AARTIIND.NS,SELL,4719,120.5129852294922,568700.7772979737,1137.4015545959476,567563.3757433778,rank_or_trend_exit,0.0
2015-12-01,SRF.NS,SELL,2203,255.0,561765.0,1123.53,560641.47,rank_or_trend_exit,0.0
2015-12-01,AJANTPHARM.NS,SELL,568,890.0,505520.0,1011.0400000000001,504508.96,rank_or_trend_exit,0.0
2015-12-01,RAJESHEXPO.NS,SELL,64,713.3499755859375,45654.3984375,91.308796875,45563.089640625,target_rebalance,0.0
2015-12-01,TATAELXSI.NS,SELL,48,1018.0,48864.0,97.72800000000001,48766.272,target_rebalance,0.0
2015-12-01,JUBLPHARMA.NS,BUY,34,311.4320373535156,10588.689270019531,21.17737854003906,-10609.86664855957,target_rebalance,0.0
2015-12-01,GODFRYPHLP.NS,BUY,1277,472.6666564941406,603595.3203430176,1207.1906406860353,-604802.5109837037,target_rebalance,0.0
2015-12-01,WELSPUNLIV.NS,SELL,1238,88.0,108944.0,217.888,108726.112,target_rebalance,0.0
2015-12-01,TITAGARH.NS,BUY,4135,146.0,603710.0,1207.42,-604917.42,target_rebalance,0.0
2015-12-01,GRANULES.NS,SELL,51,160.0,8160.0,16.32,8143.68,target_rebalance,0.0
2015-12-01,CHENNPETRO.NS,BUY,331,197.0500030517578,65223.551010131836,130.44710202026369,-65353.9981121521,target_rebalance,0.0
2015-12-01,KRBL.NS,SELL,284,236.75,67237.0,134.474,67102.526,target_rebalance,0.0
2015-12-01,ZENSARTECH.NS,BUY,2759,218.7700042724609,603586.4417877196,1207.1728835754393,-604793.614671295,target_rebalance,0.0
2015-12-01,ASHOKLEY.NS,BUY,153,47.75,7305.75,14.6115,-7320.3615,target_rebalance,0.0
2015-12-01,FDC.NS,BUY,2463,245.1000061035156,603681.3150329589,1207.3626300659178,-604888.6776630247,target_rebalance,0.0
2015-12-01,BAJAJFINSV.NS,BUY,138,193.59500122070312,26716.11016845703,53.432220336914064,-26769.542388793947,target_rebalance,0.0
2015-12-01,HINDPETRO.NS,BUY,4821,124.7629623413086,601482.2414474487,1202.9644828948974,-602685.2059303436,target_rebalance,0.0
2015-12-01,BAJFINANCE.NS,SELL,272,55.150001525878906,15000.800415039062,30.001600830078125,14970.798814208985,target_rebalance,0.0
2016-01-01,ASHOKLEY.NS,SELL,12644,43.92499923706055,555387.6903533936,1110.7753807067872,554276.9149726868,rank_or_trend_exit,0.0
2016-01-01,BAJAJFINSV.NS,SELL,3118,199.0,620482.0,1240.964,619241.036,rank_or_trend_exit,0.0
2016-01-01,BAJFINANCE.NS,SELL,10947,60.1609992980957,658582.4593162537,1317.1649186325074,657265.2943976212,rank_or_trend_exit,0.0
2016-01-01,FDC.NS,SELL,2463,232.1499938964844,571785.4349670411,1143.5708699340823,570641.8640971071,rank_or_trend_exit,0.0
2016-01-01,HINDPETRO.NS,SELL,4821,124.44444274902344,599946.658493042,1199.893316986084,598746.765176056,rank_or_trend_exit,0.0
2016-01-01,RAJESHEXPO.NS,BUY,46,680.9000244140625,31321.401123046875,62.64280224609375,-31384.04392529297,target_rebalance,0.0
2016-01-01,INTELLECT.NS,BUY,2317,262.0584411621094,607189.4081726074,1214.3788163452148,-608403.7869889527,target_rebalance,0.0
2016-01-01,TATAELXSI.NS,SELL,54,1126.0,60804.0,121.608,60682.392,target_rebalance,0.0
2016-01-01,JUBLPHARMA.NS,BUY,26,309.18072509765625,8038.6988525390625,16.077397705078127,-8054.776250244141,target_rebalance,0.0
2016-01-01,NAVINFLUOR.NS,BUY,1622,374.4100036621094,607293.0259399414,1214.586051879883,-608507.6119918213,target_rebalance,0.0
2016-01-01,KEI.NS,BUY,5034,120.6500015258789,607352.1076812744,1214.704215362549,-608566.811896637,target_rebalance,0.0
2016-01-01,TRIDENT.NS,BUY,104900,5.789999961853027,607370.9959983826,1214.7419919967651,-608585.7379903793,target_rebalance,0.0
2016-01-01,GODFRYPHLP.NS,BUY,48,458.2999877929688,21998.399414062504,43.99679882812501,-22042.396212890628,target_rebalance,0.0
2016-01-01,WELSPUNLIV.NS,SELL,217,91.41000366210938,19835.970794677734,39.67194158935547,19796.298853088378,target_rebalance,0.0
2016-01-01,TITAGARH.NS,SELL,421,163.5,68833.5,137.667,68695.833,target_rebalance,0.0
2016-01-01,TRIVENI.NS,BUY,14191,42.79999923706055,607374.7891731262,1214.7495783462525,-608589.5387514725,target_rebalance,0.0
2016-01-01,GRANULES.NS,BUY,315,148.5500030517578,46793.25096130371,93.58650192260743,-46886.837463226315,target_rebalance,0.0
2016-01-01,KRBL.NS,BUY,118,227.6000061035156,26856.80072021484,53.713601440429684,-26910.51432165527,target_rebalance,0.0
2016-01-01,ZENSARTECH.NS,BUY,6,219.58999633789065,1317.539978027344,2.635079956054688,-1320.1750579833986,target_rebalance,0.0
2016-01-01,CHENNPETRO.NS,SELL,41,200.8999938964844,8236.899749755861,16.473799499511724,8220.42595025635,target_rebalance,0.0
2016-02-01,GRANULES.NS,SELL,4088,117.4000015258789,479931.20623779297,959.862412475586,478971.3438253174,rank_or_trend_exit,0.0
2016-02-01,ZENSARTECH.NS,SELL,2765,183.97999572753903,508704.68818664545,1017.4093763732909,507687.27881027217,rank_or_trend_exit,0.0
2016-02-01,RAJESHEXPO.NS,SELL,121,730.7000122070312,88414.70147705078,176.82940295410157,88237.87207409668,target_rebalance,0.0
2016-02-01,NAVINFLUOR.NS,BUY,79,331.32000732421875,26174.28057861328,52.34856115722656,-26226.629139770506,target_rebalance,0.0
2016-02-01,TATAELXSI.NS,SELL,1,1047.550048828125,1047.550048828125,2.09510009765625,1045.4549487304687,target_rebalance,0.0
2016-02-01,GODFRYPHLP.NS,BUY,22,418.3333435058594,9203.333557128906,18.406667114257814,-9221.740224243164,target_rebalance,0.0
2016-02-01,TRIDENT.NS,BUY,155,5.364999771118164,831.5749645233154,1.663149929046631,-833.2381144523621,target_rebalance,0.0
2016-02-01,JUBLPHARMA.NS,BUY,180,262.878662109375,47318.1591796875,94.636318359375,-47412.79549804688,target_rebalance,0.0
2016-02-01,TRIVENI.NS,SELL,2724,49.150001525878906,133884.60415649414,267.76920831298827,133616.83494818115,target_rebalance,0.0
2016-02-01,KRBL.NS,SELL,363,244.4499969482422,88735.34889221191,177.47069778442383,88557.8781944275,target_rebalance,0.0
2016-02-01,INTELLECT.NS,BUY,235,220.794189453125,51886.634521484375,103.77326904296875,-51990.407790527344,target_rebalance,0.0
2016-02-01,TITAGARH.NS,BUY,311,140.0,43540.0,87.08,-43627.08,target_rebalance,0.0
2016-02-01,CHENNPETRO.NS,SELL,33,188.5,6220.5,12.441,6208.059,target_rebalance,0.0
2016-02-01,WELSPUNLIV.NS,BUY,81,83.80000305175781,6787.800247192383,13.575600494384766,-6801.375847686768,target_rebalance,0.0
2016-02-01,NATCOPHARM.NS,BUY,1037,543.0,563091.0,1126.182,-564217.182,target_rebalance,0.0
2016-02-01,BALRAMCHIN.NS,BUY,6304,89.4000015258789,563577.6096191406,1127.1552192382812,-564704.7648383789,target_rebalance,0.0
2016-02-01,KEI.NS,BUY,66,110.5,7293.0,14.586,-7307.586,target_rebalance,0.0
2016-03-01,TATAELXSI.NS,SELL,538,855.0,459990.0,919.98,459070.02,rank_or_trend_exit,0.0
2016-03-01,CHENNPETRO.NS,SELL,2990,174.0,520260.0,1040.52,519219.48,rank_or_trend_exit,0.0
2016-03-01,JUBLPHARMA.NS,SELL,2144,231.13510131835932,495553.6572265624,991.1073144531248,494562.5499121093,rank_or_trend_exit,0.0
2016-03-01,KRBL.NS,SELL,2305,176.0,405680.0,811.36,404868.64,rank_or_trend_exit,0.0
2016-03-01,TITAGARH.NS,SELL,4025,90.0,362250.0,724.5,361525.5,rank_or_trend_exit,0.0
2016-03-01,INTELLECT.NS,SELL,2552,152.45758056640625,389071.74560546875,778.1434912109376,388293.6021142578,rank_or_trend_exit,0.0
2016-03-01,NAVINFLUOR.NS,SELL,1701,258.010009765625,438875.0266113281,877.7500532226562,437997.2765581055,rank_or_trend_exit,0.0
2016-03-01,KEI.NS,SELL,5100,91.0,464100.0,928.2,463171.8,rank_or_trend_exit,0.0
2016-03-01,TRIDENT.NS,SELL,105055,4.28000020980835,449635.42204141617,899.2708440828324,448736.15119733335,rank_or_trend_exit,0.0
2016-03-01,NATCOPHARM.NS,SELL,1037,420.0,435540.0,871.08,434668.92,rank_or_trend_exit,0.0
2016-03-01,RAJESHEXPO.NS,SELL,113,707.0,79891.0,159.782,79731.218,target_rebalance,0.0
2016-03-01,GODFRYPHLP.NS,SELL,54,360.04998779296875,19442.699340820312,38.88539868164062,19403.813942138673,target_rebalance,0.0
2016-03-01,TRIVENI.NS,BUY,179,40.0,7160.0,14.32,-7174.32,target_rebalance,0.0
2016-03-01,BALRAMCHIN.NS,SELL,637,82.19999694824219,52361.39805603027,104.72279611206055,52256.675259918215,target_rebalance,0.0
2016-03-01,WELSPUNLIV.NS,SELL,1002,81.4000015258789,81562.80152893066,163.12560305786133,81399.6759258728,target_rebalance,0.0
2016-03-01,BAJFINANCE.NS,BUY,7816,59.60200119018555,465849.24130249023,931.6984826049805,-466780.9397850952,target_rebalance,0.0
2016-03-01,PETRONET.NS,BUY,3922,118.7750015258789,465835.55598449707,931.6711119689942,-466767.22709646606,target_rebalance,0.0
2016-03-01,TORNTPOWER.NS,BUY,2039,228.3999938964844,465707.5875549317,931.4151751098634,-466639.00273004157,target_rebalance,0.0
2016-03-01,MARICO.NS,BUY,1965,237.0,465705.0,931.41,-466636.41,target_rebalance,0.0
2016-03-01,ECLERX.NS,BUY,1064,437.7000122070313,465712.8129882813,931.4256259765626,-466644.2386142579,target_rebalance,0.0
2016-03-01,KAJARIACER.NS,BUY,1070,435.0,465450.0,930.9,-466380.9,target_rebalance,0.0
2016-03-01,IGL.NS,BUY,9125,51.04999923706055,465831.2430381775,931.662486076355,-466762.90552425385,target_rebalance,0.0
2016-03-01,ASHOKLEY.NS,BUY,10563,44.09999847412109,465828.28388214106,931.6565677642822,-466759.94044990535,target_rebalance,0.0
2016-03-01,KANSAINER.NS,BUY,2578,180.6666717529297,465758.67977905273,931.5173595581055,-466690.1971386108,target_rebalance,0.0
2016-03-01,JSWSTEEL.NS,BUY,4122,113.0,465786.0,931.572,-466717.572,target_rebalance,0.0
2016-04-01,MARICO.NS,SELL,1965,244.5500030517578,480540.7559967041,961.0815119934082,479579.6744847107,rank_or_trend_exit,0.0
2016-04-01,ECLERX.NS,SELL,1064,428.0666809082031,455462.9484863281,910.9258969726562,454552.0225893555,rank_or_trend_exit,0.0
2016-04-01,KAJARIACER.NS,SELL,1070,479.9500122070313,513546.5130615235,1027.093026123047,512519.4200354004,rank_or_trend_exit,0.0
2016-04-01,IGL.NS,SELL,9125,56.72999954223633,517661.2458229065,1035.322491645813,516625.9233312607,rank_or_trend_exit,0.0
2016-04-01,KANSAINER.NS,SELL,2578,184.8000030517578,476414.40786743164,952.8288157348633,475461.57905169675,rank_or_trend_exit,0.0
2016-04-01,TRIVENI.NS,SELL,1452,50.650001525878906,73543.80221557617,147.08760443115236,73396.71461114501,target_rebalance,0.0
2016-04-01,RAJESHEXPO.NS,BUY,173,621.0,107433.0,214.866,-107647.866,target_rebalance,0.0
2016-04-01,BALRAMCHIN.NS,SELL,886,108.0,95688.0,191.376,95496.624,target_rebalance,0.0
2016-04-01,GODFRYPHLP.NS,BUY,9,396.3333435058594,3567.0000915527344,7.134000183105469,-3574.13409173584,target_rebalance,0.0
2016-04-01,WELSPUNLIV.NS,SELL,544,99.6999969482422,54236.79833984376,108.47359667968752,54128.32474316407,target_rebalance,0.0
2016-04-01,BAJFINANCE.NS,SELL,375,69.38999938964844,26021.249771118164,52.04249954223633,25969.207271575928,target_rebalance,0.0
2016-04-01,INTELLECT.NS,BUY,2447,210.9582061767578,516214.73051452637,1032.4294610290528,-517247.15997555543,target_rebalance,0.0
2016-04-01,JUBLPHARMA.NS,BUY,1642,314.43377685546875,516300.2615966797,1032.6005231933593,-517332.86211987305,target_rebalance,0.0
2016-04-01,PETRONET.NS,BUY,208,125.0,26000.0,52.0,-26052.0,target_rebalance,0.0
2016-04-01,TORNTPOWER.NS,BUY,186,232.0,43152.0,86.304,-43238.304,target_rebalance,0.0
2016-04-01,ASHOKLEY.NS,SELL,1037,54.20000076293945,56205.40079116821,112.41080158233643,56092.989989585876,target_rebalance,0.0
2016-04-01,JSWSTEEL.NS,SELL,61,127.13500213623048,7755.2351303100595,15.510470260620119,7739.724660049439,target_rebalance,0.0
2016-04-01,EIDPARRY.NS,BUY,2380,216.8999938964844,516221.98547363287,1032.4439709472658,-517254.42944458016,target_rebalance,0.0
2016-04-01,SRF.NS,BUY,1993,259.0,516187.0,1032.374,-517219.374,target_rebalance,0.0
2016-04-01,PRAJIND.NS,BUY,5737,90.0,516330.0,1032.66,-517362.66,target_rebalance,0.0
2016-05-02,RAJESHEXPO.NS,SELL,831,585.0,486135.0,972.27,485162.73,rank_or_trend_exit,0.0
2016-05-02,GODFRYPHLP.NS,SELL,1302,298.51666259765625,388668.69470214844,777.3373894042969,387891.35731274413,rank_or_trend_exit,0.0
2016-05-02,SRF.NS,SELL,1993,272.0400085449219,542175.7370300293,1084.3514740600585,541091.3855559692,rank_or_trend_exit,0.0
2016-05-02,TRIVENI.NS,SELL,300,52.20000076293945,15660.000228881836,31.320000457763673,15628.680228424073,target_rebalance,0.0
2016-05-02,BALRAMCHIN.NS,BUY,1,108.0,108.0,0.216,-108.216,target_rebalance,0.0
2016-05-02,WELSPUNLIV.NS,SELL,40,100.5,4020.0,8.040000000000001,4011.96,target_rebalance,0.0
2016-05-02,PETRONET.NS,SELL,230,132.4250030517578,30457.750701904297,60.9155014038086,30396.83520050049,target_rebalance,0.0
2016-05-02,BAJFINANCE.NS,BUY,72,68.73999786376953,4949.279846191406,9.898559692382813,-4959.178405883789,target_rebalance,0.0
2016-05-02,JSWSTEEL.NS,SELL,291,137.0,39867.0,79.734,39787.266,target_rebalance,0.0
2016-05-02,RAMCOCEM.NS,BUY,1128,457.5499877929688,516116.3862304688,1032.2327724609377,-517148.6190029298,target_rebalance,0.0
2016-05-02,TORNTPOWER.NS,BUY,3,231.8000030517578,695.4000091552734,1.390800018310547,-696.790809173584,target_rebalance,0.0
2016-05-02,ASHOKLEY.NS,BUY,137,53.45000076293945,7322.650104522705,14.645300209045411,-7337.295404731751,target_rebalance,0.0
2016-05-02,PRAJIND.NS,SELL,429,97.3000030517578,41741.701309204094,83.48340261840819,41658.21790658568,target_rebalance,0.0
2016-05-02,EIDPARRY.NS,SELL,120,228.5,27420.0,54.84,27365.16,target_rebalance,0.0
2016-05-02,INTELLECT.NS,SELL,37,214.28370666503903,7928.497146606444,15.856994293212889,7912.640152313232,target_rebalance,0.0
2016-05-02,TVSMOTOR.NS,BUY,1634,316.0,516344.0,1032.688,-517376.688,target_rebalance,0.0
2016-05-02,JUBLPHARMA.NS,BUY,113,294.17193603515625,33241.428771972656,66.48285754394531,-33307.9116295166,target_rebalance,0.0
2016-05-02,KRBL.NS,BUY,2304,224.1000061035156,516326.41406249994,1032.6528281249998,-517359.06689062493,target_rebalance,0.0
2016-06-01,PETRONET.NS,SELL,3900,137.0,534300.0,1068.6,533231.4,rank_or_trend_exit,0.0
2016-06-01,TORNTPOWER.NS,SELL,2228,186.0,414408.0,828.816,413579.184,rank_or_trend_exit,0.0
2016-06-01,INTELLECT.NS,SELL,2410,199.20187377929688,480076.51580810547,960.1530316162109,479116.36277648923,rank_or_trend_exit,0.0
2016-06-01,JUBLPHARMA.NS,SELL,1755,272.4467468261719,478144.04067993164,956.2880813598633,477187.75259857177,rank_or_trend_exit,0.0
2016-06-01,PRAJIND.NS,SELL,5308,85.69999694824219,454895.58380126953,909.7911676025391,453985.792633667,rank_or_trend_exit,0.0
2016-06-01,TVSMOTOR.NS,SELL,1634,288.0,470592.0,941.184,469650.816,rank_or_trend_exit,0.0
2016-06-01,BALRAMCHIN.NS,SELL,31,108.5999984741211,3366.599952697754,6.733199905395508,3359.8667527923585,target_rebalance,0.0
2016-06-01,MANAPPURAM.NS,BUY,9591,53.79999923706055,515995.7926826477,1031.9915853652954,-517027.784268013,target_rebalance,0.0
2016-06-01,CHOLAFIN.NS,BUY,2635,195.8000030517578,515933.00804138184,1031.8660160827637,-516964.8740574646,target_rebalance,0.0
2016-06-01,BIOCON.NS,BUY,4318,119.5,516001.0,1032.002,-517033.002,target_rebalance,0.0
2016-06-01,BAJFINANCE.NS,SELL,659,75.27999877929688,49609.51919555664,99.21903839111329,49510.300157165526,target_rebalance,0.0
2016-06-01,WELSPUNLIV.NS,SELL,234,105.1999969482422,24616.799285888676,49.23359857177735,24567.5656873169,target_rebalance,0.0
2016-06-01,TRIVENI.NS,BUY,1085,47.0,50995.0,101.99000000000001,-51096.99,target_rebalance,0.0
2016-06-01,RAMCOCEM.NS,SELL,82,493.0,40426.0,80.852,40345.148,target_rebalance,0.0
2016-06-01,JSWSTEEL.NS,SELL,74,139.60000610351562,10330.400451660156,20.660800903320315,10309.739650756836,target_rebalance,0.0
2016-06-01,SUPREMEIND.NS,BUY,536,962.25,515766.0,1031.532,-516797.532,target_rebalance,0.0
2016-06-01,BSOFT.NS,BUY,4590,112.42213439941406,516017.59689331055,1032.0351937866212,-517049.63208709715,target_rebalance,0.0
2016-06-01,KRBL.NS,SELL,484,283.5,137214.0,274.428,136939.572,target_rebalance,0.0
2016-06-01,SHRIRAMFIN.NS,BUY,2122,230.0447540283203,488154.9680480957,976.3099360961914,-489131.2779841919,target_rebalance,0.0
2016-06-01,EIDPARRY.NS,SELL,93,238.1000061035156,22143.30056762695,44.2866011352539,22099.013966491697,target_rebalance,0.0
2016-06-01,ASHOKLEY.NS,SELL,281,55.0,15455.0,30.91,15424.09,target_rebalance,0.0
2016-07-01,BAJFINANCE.NS,SELL,6854,80.5,551747.0,1103.494,550643.506,rank_or_trend_exit,0.0
2016-07-01,ASHOKLEY.NS,SELL,9382,49.54999923706055,464878.09284210205,929.7561856842041,463948.3366564179,rank_or_trend_exit,0.0
2016-07-01,CHOLAFIN.NS,SELL,2635,191.1999969482422,503811.99195861816,1007.6239839172364,502804.36797470093,rank_or_trend_exit,0.0
2016-07-01,SUPREMEIND.NS,SELL,536,913.3499755859376,489555.58691406256,979.1111738281252,488576.4757402344,rank_or_trend_exit,0.0
2016-07-01,BSOFT.NS,SELL,4590,103.12873840332033,473360.9092712403,946.7218185424806,472414.18745269784,rank_or_trend_exit,0.0
2016-07-01,SHRIRAMFIN.NS,SELL,2122,236.70933532714844,502297.209564209,1004.5944191284179,501292.61514508055,rank_or_trend_exit,0.0
2016-07-01,TRIVENI.NS,SELL,2513,65.30000305175781,164098.90766906738,328.1978153381348,163770.70985372926,target_rebalance,0.0
2016-07-01,BALRAMCHIN.NS,SELL,353,125.6999969482422,44372.0989227295,88.744197845459,44283.35472488404,target_rebalance,0.0
2016-07-01,MANAPPURAM.NS,SELL,1659,69.69999694824219,115632.29493713379,231.26458987426759,115401.03034725953,target_rebalance,0.0
2016-07-01,GNFC.NS,BUY,3557,155.39999389648438,552757.7782897949,1105.5155565795899,-553863.2938463745,target_rebalance,0.0
2016-07-01,ESCORTS.NS,BUY,2491,221.8999938964844,552752.8847961427,1105.5057695922853,-553858.3905657349,target_rebalance,0.0
2016-07-01,MUTHOOTFIN.NS,BUY,1868,295.8999938964844,552741.1885986328,1105.4823771972656,-553846.67097583,target_rebalance,0.0
2016-07-01,RAMCOCEM.NS,SELL,55,557.8499755859375,30681.748657226562,61.36349731445313,30620.385159912108,target_rebalance,0.0
2016-07-01,KRBL.NS,BUY,54,295.0,15930.0,31.86,-15961.86,target_rebalance,0.0
2016-07-01,JSWSTEEL.NS,BUY,52,147.50999450683594,7670.519714355469,15.341039428710937,-7685.86075378418,target_rebalance,0.0
2016-07-01,EIDPARRY.NS,BUY,4,254.6499938964844,1018.5999755859376,2.0371999511718752,-1020.6371755371094,target_rebalance,0.0
2016-07-01,WELSPUNLIV.NS,BUY,151,109.3499984741211,16511.849769592285,33.02369953918457,-16544.87346913147,target_rebalance,0.0
2016-07-01,BIOCON.NS,BUY,134,124.16666412353516,16638.33299255371,33.27666598510742,-16671.60965853882,target_rebalance,0.0
2016-07-01,AEGISLOG.NS,BUY,4285,129.0,552765.0,1105.53,-553870.53,target_rebalance,0.0
2016-07-01,ATUL.NS,BUY,267,2070.0,552690.0,1105.38,-553795.38,target_rebalance,0.0
2016-07-01,VGUARD.NS,BUY,5451,101.42857360839844,552887.1547393799,1105.7743094787597,-553992.9290488587,target_rebalance,0.0
2016-08-01,WELSPUNLIV.NS,SELL,5056,102.9499969482422,520515.18457031256,1041.0303691406252,519474.15420117194,rank_or_trend_exit,0.0
2016-08-01,RAMCOCEM.NS,SELL,991,555.0,550005.0,1100.01,548904.99,rank_or_trend_exit,0.0
2016-08-01,KRBL.NS,SELL,1874,258.0,483492.0,966.984,482525.016,rank_or_trend_exit,0.0
2016-08-01,AEGISLOG.NS,SELL,4285,126.25,540981.25,1081.9625,539899.2875,rank_or_trend_exit,0.0
2016-08-01,ATUL.NS,SELL,267,1930.0,515310.0,1030.6200000000001,514279.38,rank_or_trend_exit,0.0
2016-08-01,MANAPPURAM.NS,SELL,901,82.0999984741211,73972.0986251831,147.94419725036622,73824.15442793274,target_rebalance,0.0
2016-08-01,GNFC.NS,BUY,162,155.1999969482422,25142.399505615234,50.28479901123047,-25192.684304626466,target_rebalance,0.0
2016-08-01,BAJFINANCE.NS,BUY,5519,104.5999984741211,577287.3915786743,1154.5747831573487,-578441.9663618316,target_rebalance,0.0
2016-08-01,ESCORTS.NS,SELL,313,264.95001220703125,82929.35382080078,165.85870764160157,82763.49511315918,target_rebalance,0.0
2016-08-01,BALRAMCHIN.NS,SELL,59,133.0500030517578,7849.950180053711,15.699900360107423,7834.250279693603,target_rebalance,0.0
2016-08-01,VGUARD.NS,SELL,459,115.64286041259766,53080.072929382324,106.16014585876465,52973.91278352356,target_rebalance,0.0
2016-08-01,JSWSTEEL.NS,SELL,322,168.5,54257.0,108.514,54148.486,target_rebalance,0.0
2016-08-01,BIOCON.NS,SELL,295,138.85833740234375,40963.209533691406,81.92641906738281,40881.28311462402,target_rebalance,0.0
2016-08-01,HSCL.NS,BUY,17233,33.5,577305.5,1154.611,-578460.111,target_rebalance,0.0
2016-08-01,MUTHOOTFIN.NS,SELL,130,332.1000061035156,43173.00079345703,86.34600158691407,43086.65479187012,target_rebalance,0.0
2016-08-01,RENUKA.NS,BUY,31375,18.39999961853028,577299.9880313876,1154.599976062775,-578454.5880074503,target_rebalance,0.0
2016-08-01,JMFINANCIL.NS,BUY,7990,72.25,577277.5,1154.555,-578432.055,target_rebalance,0.0
2016-08-01,EIDPARRY.NS,BUY,42,260.79998779296875,10953.599487304688,21.907198974609376,-10975.506686279297,target_rebalance,0.0
2016-08-01,CHOLAFIN.NS,BUY,2614,220.8000030517578,577171.2079772949,1154.3424159545898,-578325.5503932495,target_rebalance,0.0
2016-08-01,TRIVENI.NS,BUY,815,62.20000076293945,50693.000621795654,101.38600124359131,-50794.386623039245,target_rebalance,0.0
2016-09-01,TRIVENI.NS,SELL,9281,52.75,489572.75,979.1455,488593.6045,rank_or_trend_exit,0.0
2016-09-01,BALRAMCHIN.NS,SELL,4339,107.5,466442.5,932.885,465509.615,rank_or_trend_exit,0.0
2016-09-01,JSWSTEEL.NS,SELL,3426,175.21499633789062,600286.5774536133,1200.5731549072266,599086.0042987061,rank_or_trend_exit,0.0
2016-09-01,EIDPARRY.NS,SELL,2213,253.0,559889.0,1119.778,558769.222,rank_or_trend_exit,0.0
2016-09-01,RENUKA.NS,SELL,31375,17.049999237060547,534943.7260627747,1069.8874521255493,533873.8386106491,rank_or_trend_exit,0.0
2016-09-01,JMFINANCIL.NS,SELL,7990,67.30000305175781,537727.0243835449,1075.45404876709,536651.5703347778,rank_or_trend_exit,0.0
2016-09-01,MANAPPURAM.NS,SELL,113,85.5999984741211,9672.799827575684,19.345599655151368,9653.454227920533,target_rebalance,0.0
2016-09-01,GNFC.NS,BUY,136,153.60000610351562,20889.600830078125,41.779201660156254,-20931.38003173828,target_rebalance,0.0
2016-09-01,MUTHOOTFIN.NS,SELL,167,376.7999877929688,62925.59796142579,125.85119592285157,62799.74676550294,target_rebalance,0.0
2016-09-01,ESCORTS.NS,SELL,364,326.3999938964844,118809.59777832031,237.61919555664062,118571.97858276367,target_rebalance,0.0
2016-09-01,PCBL.NS,BUY,23783,24.89999961853028,592196.6909275056,1184.3933818550113,-593381.0843093606,target_rebalance,0.0
2016-09-01,HSCL.NS,SELL,668,35.75,23881.0,47.762,23833.238,target_rebalance,0.0
2016-09-01,BAJFINANCE.NS,SELL,151,110.30500030517578,16656.055046081543,33.31211009216309,16622.74293598938,target_rebalance,0.0
2016-09-01,VGUARD.NS,SELL,629,135.7142791748047,85364.28160095215,170.7285632019043,85193.55303775024,target_rebalance,0.0
2016-09-01,BIOCON.NS,SELL,274,152.5,41785.0,83.57000000000001,41701.43,target_rebalance,0.0
2016-09-01,HINDALCO.NS,BUY,3724,159.0,592116.0,1184.232,-593300.232,target_rebalance,0.0
2016-09-01,YESBANK.NS,BUY,2161,273.94000244140625,591984.3452758789,1183.9686905517578,-593168.3139664306,target_rebalance,0.0
2016-09-01,INDIACEM.NS,BUY,4063,145.75,592182.25,1184.3645000000001,-593366.6145,target_rebalance,0.0
2016-09-01,VEDL.NS,BUY,3497,169.35000610351562,592216.9713439941,1184.4339426879883,-593401.4052866821,target_rebalance,0.0
2016-09-01,CHOLAFIN.NS,SELL,83,233.9600067138672,19418.680557250977,38.83736111450195,19379.843196136473,target_rebalance,0.0
2016-09-01,SUNDRMFAST.NS,BUY,2033,291.25,592111.25,1184.2225,-593295.4725,target_rebalance,0.0
2016-10-03,YESBANK.NS,SELL,2161,255.0,551055.0,1102.1100000000001,549952.89,rank_or_trend_exit,0.0
2016-10-03,VEDL.NS,SELL,3497,173.85000610351562,607953.4713439941,1215.9069426879882,606737.5644013061,rank_or_trend_exit,0.0
2016-10-03,MANAPPURAM.NS,SELL,331,92.5,30617.5,61.235,30556.265,target_rebalance,0.0
2016-10-03,GNFC.NS,SELL,470,180.0,84600.0,169.20000000000002,84430.8,target_rebalance,0.0
2016-10-03,ESCORTS.NS,SELL,225,383.3999938964844,86264.99862670898,172.52999725341797,86092.46862945557,target_rebalance,0.0
2016-10-03,HSCL.NS,SELL,1255,39.79999923706055,49948.999042510986,99.89799808502198,49849.10104442597,target_rebalance,0.0
2016-10-03,MUTHOOTFIN.NS,BUY,146,354.70001220703125,51786.20178222656,103.57240356445313,-51889.774185791015,target_rebalance,0.0
2016-10-03,PCBL.NS,BUY,160,25.450000762939453,4072.0001220703125,8.144000244140624,-4080.144122314453,target_rebalance,0.0
2016-10-03,BIOCON.NS,SELL,35,158.3333282470703,5541.666488647461,11.083332977294923,5530.583155670166,target_rebalance,0.0
2016-10-03,UNOMINDA.NS,BUY,12543,48.5805892944336,609346.3315200807,1218.6926630401613,-610565.0241831208,target_rebalance,0.0
2016-10-03,VGUARD.NS,BUY,248,132.14285278320312,32771.427490234375,65.54285498046875,-32836.970345214846,target_rebalance,0.0
2016-10-03,HINDALCO.NS,BUY,220,154.5,33990.0,67.98,-34057.98,target_rebalance,0.0
2016-10-03,BAJFINANCE.NS,BUY,332,106.9000015258789,35490.8005065918,70.98160101318359,-35561.78210760498,target_rebalance,0.0
2016-10-03,INDIACEM.NS,BUY,128,145.39999389648438,18611.19921875,37.222398437500004,-18648.4216171875,target_rebalance,0.0
2016-10-03,HINDZINC.NS,BUY,2595,234.8000030517578,609306.0079193115,1218.6120158386232,-610524.6199351501,target_rebalance,0.0
2016-10-03,CHOLAFIN.NS,BUY,62,235.0,14570.0,29.14,-14599.14,target_rebalance,0.0
2016-10-03,SUNDRMFAST.NS,BUY,53,292.04998779296875,15478.649353027344,30.957298706054686,-15509.606651733398,target_rebalance,0.0
2016-11-01,CHOLAFIN.NS,SELL,2593,237.16000366210932,614955.8894958495,1229.911778991699,613725.9777168578,rank_or_trend_exit,0.0
2016-11-01,HINDALCO.NS,SELL,3944,150.5,593572.0,1187.144,592384.856,rank_or_trend_exit,0.0
2016-11-01,INDIACEM.NS,SELL,4191,159.0,666369.0,1332.738,665036.262,rank_or_trend_exit,0.0
2016-11-01,HINDZINC.NS,SELL,2595,255.4499969482422,662892.7420806885,1325.7854841613769,661566.9565965271,rank_or_trend_exit,0.0
2016-11-01,GNFC.NS,SELL,976,283.0,276208.0,552.416,275655.584,target_rebalance,0.0
2016-11-01,MANAPPURAM.NS,BUY,64,102.5,6560.0,13.120000000000001,-6573.12,target_rebalance,0.0
2016-11-01,HSCL.NS,SELL,1018,47.70000076293945,48558.60077667236,97.11720155334473,48461.48357511902,target_rebalance,0.0
2016-11-01,UNOMINDA.NS,SELL,2149,65.58670043945312,140945.81924438477,281.89163848876956,140663.927605896,target_rebalance,0.0
2016-11-01,VGUARD.NS,SELL,83,150.5357208251953,12494.464828491211,24.98892965698242,12469.47589883423,target_rebalance,0.0
2016-11-01,ESCORTS.NS,BUY,214,378.0,80892.0,161.784,-81053.784,target_rebalance,0.0
2016-11-01,MOTILALOFS.NS,BUY,1146,594.7999877929688,681640.7860107422,1363.2815720214844,-683004.0675827636,target_rebalance,0.0
2016-11-01,PCBL.NS,BUY,620,27.7549991607666,17208.099479675293,34.41619895935059,-17242.515678634645,target_rebalance,0.0
2016-11-01,BIOCON.NS,BUY,544,155.2083282470703,84433.33056640625,168.8666611328125,-84602.19722753906,target_rebalance,0.0
2016-11-01,BAJFINANCE.NS,BUY,572,108.6999969482422,62176.39825439454,124.35279650878908,-62300.75105090333,target_rebalance,0.0
2016-11-01,MUTHOOTFIN.NS,BUY,107,373.6499938964844,39980.54934692383,79.96109869384766,-40060.51044561768,target_rebalance,0.0
2016-11-01,SUNDRMFAST.NS,BUY,22,323.29998779296875,7112.5997314453125,14.225199462890625,-7126.824930908203,target_rebalance,0.0
2016-11-01,VEDL.NS,BUY,3326,204.9499969482422,681663.6898498535,1363.327379699707,-683027.0172295532,target_rebalance,0.0
2016-11-01,JMFINANCIL.NS,BUY,7660,89.0,681740.0,1363.48,-683103.48,target_rebalance,0.0
2016-11-01,BAJAJFINSV.NS,BUY,1981,344.0,681464.0,1362.928,-682826.928,target_rebalance,0.0
2016-12-01,MUTHOOTFIN.NS,SELL,1824,305.3999938964844,557049.5888671875,1114.099177734375,555935.4896894532,rank_or_trend_exit,0.0
2016-12-01,VGUARD.NS,SELL,4528,122.89286041259766,556458.8719482422,1112.9177438964844,555345.9542043457,rank_or_trend_exit,0.0
2016-12-01,BAJFINANCE.NS,SELL,6272,92.5999984741211,580787.1904296875,1161.574380859375,579625.6160488281,rank_or_trend_exit,0.0
2016-12-01,HSCL.NS,SELL,14292,37.5,535950.0,1071.9,534878.1,rank_or_trend_exit,0.0
2016-12-01,UNOMINDA.NS,SELL,10394,50.9105339050293,529164.0894088745,1058.328178817749,528105.7612300568,rank_or_trend_exit,0.0
2016-12-01,MOTILALOFS.NS,SELL,1146,546.5,626289.0,1252.578,625036.422,rank_or_trend_exit,0.0
2016-12-01,JMFINANCIL.NS,SELL,7660,70.0,536200.0,1072.4,535127.6,rank_or_trend_exit,0.0
2016-12-01,BAJAJFINSV.NS,SELL,1981,300.8999938964844,596082.8879089355,1192.165775817871,594890.7221331177,rank_or_trend_exit,0.0
2016-12-01,VEDL.NS,SELL,808,233.0500030517578,188304.4024658203,376.60880493164063,187927.79366088868,target_rebalance,0.0
2016-12-01,HINDALCO.NS,BUY,3319,176.8000030517578,586799.2101287842,1173.5984202575685,-587972.8085490417,target_rebalance,0.0
2016-12-01,HINDZINC.NS,BUY,2066,284.04998779296875,586847.2747802734,1173.6945495605469,-588020.969329834,target_rebalance,0.0
2016-12-01,GNFC.NS,BUY,271,219.0,59349.0,118.69800000000001,-59467.698,target_rebalance,0.0
2016-12-01,JKPAPER.NS,BUY,6394,91.8000030517578,586969.2195129393,1173.9384390258788,-588143.1579519652,target_rebalance,0.0
2016-12-01,INDIANB.NS,BUY,2288,256.5,586872.0,1173.744,-588045.744,target_rebalance,0.0
2016-12-01,MANAPPURAM.NS,BUY,802,78.75,63157.5,126.315,-63283.815,target_rebalance,0.0
2016-12-01,SUNDRMFAST.NS,SELL,125,296.0,37000.0,74.0,36926.0,target_rebalance,0.0
2016-12-01,ESCORTS.NS,BUY,3,324.8999938964844,974.6999816894531,1.9493999633789063,-976.6493816528321,target_rebalance,0.0
2016-12-01,PCBL.NS,BUY,803,23.13999938964844,18581.4195098877,37.1628390197754,-18618.582348907476,target_rebalance,0.0
2016-12-01,HINDPETRO.NS,BUY,2864,204.933334350586,586929.0695800782,1173.8581391601565,-588102.9277192384,target_rebalance,0.0
2016-12-01,JUBLPHARMA.NS,BUY,1104,531.310546875,586566.84375,1173.1336875,-587739.9774375,target_rebalance,0.0
2016-12-01,BIOCON.NS,SELL,564,153.3333282470703,86479.99713134766,172.95999426269532,86307.03713708496,target_rebalance,0.0
2016-12-01,PETRONET.NS,BUY,2987,196.5,586945.5,1173.891,-588119.391,target_rebalance,0.0
2016-12-01,IGL.NS,BUY,7079,82.91000366210938,586919.9159240723,1173.8398318481445,-588093.7557559204,target_rebalance,0.0
2017-01-02,MANAPPURAM.NS,SELL,7453,68.25,508667.25,1017.3345,507649.9155,rank_or_trend_exit,0.0
2017-01-02,PCBL.NS,SELL,25366,22.31999969482422,566169.1122589111,1132.3382245178223,565036.7740343933,rank_or_trend_exit,0.0
2017-01-02,JUBLPHARMA.NS,SELL,1104,474.8025207519531,524181.98291015625,1048.3639658203126,523133.61894433596,rank_or_trend_exit,0.0
2017-01-02,PETRONET.NS,SELL,2987,184.9499969482422,552445.6408843994,1104.8912817687988,551340.7496026306,rank_or_trend_exit,0.0
2017-01-02,VEDL.NS,BUY,44,216.4499969482422,9523.799865722656,19.047599731445313,-9542.847465454102,target_rebalance,0.0
2017-01-02,GNFC.NS,SELL,100,215.0,21500.0,43.0,21457.0,target_rebalance,0.0
2017-01-02,INDIANB.NS,BUY,216,221.5,47844.0,95.688,-47939.688,target_rebalance,0.0
2017-01-02,HINDZINC.NS,BUY,93,256.95001220703125,23896.351135253906,47.79270227050781,-23944.143837524414,target_rebalance,0.0
2017-01-02,JKPAPER.NS,BUY,83,85.6500015258789,7108.950126647949,14.217900253295898,-7123.168026901245,target_rebalance,0.0
2017-01-02,SUNDRMFAST.NS,SELL,75,290.75,21806.25,43.612500000000004,21762.6375,target_rebalance,0.0
2017-01-02,IGL.NS,SELL,1065,92.2300033569336,98224.95357513428,196.44990715026856,98028.50366798401,target_rebalance,0.0
2017-01-02,BALKRISIND.NS,BUY,999,554.9749755859375,554420.0006103516,1108.8400012207032,-555528.8406115723,target_rebalance,0.0
2017-01-02,NATIONALUM.NS,BUY,8561,64.80000305175781,554752.8261260986,1109.5056522521973,-555862.3317783509,target_rebalance,0.0
2017-01-02,ESCORTS.NS,BUY,49,298.95001220703125,14648.550598144531,29.297101196289063,-14677.84769934082,target_rebalance,0.0
2017-01-02,HINDALCO.NS,BUY,240,155.85000610351562,37404.00146484375,74.8080029296875,-37478.80946777344,target_rebalance,0.0
2017-01-02,BIOCON.NS,SELL,312,157.76666259765625,49223.19873046875,98.4463974609375,49124.75233300781,target_rebalance,0.0
2017-01-02,MOTILALOFS.NS,BUY,1056,524.9500122070312,554347.212890625,1108.69442578125,-555455.9073164063,target_rebalance,0.0
2017-01-02,HINDPETRO.NS,SELL,53,197.3111114501953,10457.488906860352,20.914977813720704,10436.573929046632,target_rebalance,0.0
2017-01-02,ADANIENSOL.NS,BUY,9732,57.0,554724.0,1109.448,-555833.448,target_rebalance,0.0
2017-02-01,BIOCON.NS,SELL,3516,168.5,592446.0,1184.892,591261.108,rank_or_trend_exit,0.0
2017-02-01,JKPAPER.NS,SELL,6477,92.5500030517578,599446.3697662352,1198.8927395324704,598247.4770267027,rank_or_trend_exit,0.0
2017-02-01,HINDPETRO.NS,SELL,2811,232.3999938964844,653276.3828430177,1306.5527656860354,651969.8300773316,rank_or_trend_exit,0.0
2017-02-01,IGL.NS,SELL,6014,94.37000274658205,567541.1965179445,1135.082393035889,566406.1141249086,rank_or_trend_exit,0.0
2017-02-01,BALKRISIND.NS,SELL,999,564.5,563935.5,1127.871,562807.629,rank_or_trend_exit,0.0
2017-02-01,MOTILALOFS.NS,SELL,1056,560.0999755859375,591465.57421875,1182.9311484375,590282.6430703124,rank_or_trend_exit,0.0
2017-02-01,GNFC.NS,SELL,7,244.0,1708.0,3.416,1704.584,target_rebalance,0.0
2017-02-01,INDIANB.NS,SELL,198,272.25,53905.5,107.811,53797.689,target_rebalance,0.0
2017-02-01,VEDL.NS,SELL,99,254.8999938964844,25235.099395751957,50.47019879150391,25184.629196960454,target_rebalance,0.0
2017-02-01,ESCORTS.NS,SELL,135,365.0,49275.0,98.55,49176.45,target_rebalance,0.0
2017-02-01,NATIONALUM.NS,SELL,200,75.0999984741211,15019.999694824219,30.03999938964844,14989.95969543457,target_rebalance,0.0
2017-02-01,JUBLPHARMA.NS,BUY,1246,503.844482421875,627790.2250976562,1255.5804501953126,-629045.8055478516,target_rebalance,0.0
2017-02-01,HINDZINC.NS,SELL,80,302.0,24160.0,48.32,24111.68,target_rebalance,0.0
2017-02-01,SUNDRMFAST.NS,BUY,62,318.6000061035156,19753.20037841797,39.50640075683594,-19792.706779174805,target_rebalance,0.0
2017-02-01,HINDALCO.NS,SELL,270,190.8999938964844,51542.99835205079,103.08599670410158,51439.912355346685,target_rebalance,0.0
2017-02-01,NMDC.NS,BUY,17060,36.8051643371582,627896.103591919,1255.792207183838,-629151.8957991027,target_rebalance,0.0
2017-02-01,VGUARD.NS,BUY,4228,148.5,627858.0,1255.7160000000001,-629113.716,target_rebalance,0.0
2017-02-01,ADANIENSOL.NS,BUY,125,63.70000076293945,7962.500095367432,15.925000190734863,-7978.4250955581665,target_rebalance,0.0
2017-02-01,CANFINHOME.NS,BUY,1683,372.9700012207031,627708.5120544434,1255.4170241088868,-628963.9290785523,target_rebalance,0.0
2017-02-01,GMDCLTD.NS,BUY,5355,117.25,627873.75,1255.7475,-629129.4975,target_rebalance,0.0
2017-02-01,TATASTEEL.NS,BUY,14202,44.21174240112305,627895.1655807495,1255.7903311614991,-629150.955911911,target_rebalance,0.0
2017-03-01,SUNDRMFAST.NS,SELL,1970,334.54998779296875,659063.4759521484,1318.126951904297,657745.3490002442,rank_or_trend_exit,0.0
2017-03-01,HINDALCO.NS,SELL,3289,185.1499938964844,608958.3299255372,1217.9166598510744,607740.4132656861,rank_or_trend_exit,0.0
2017-03-01,HINDZINC.NS,SELL,2079,311.0,646569.0,1293.138,645275.862,rank_or_trend_exit,0.0
2017-03-01,ADANIENSOL.NS,SELL,9857,62.09999847412109,612119.6849594115,1224.239369918823,610895.4455894927,rank_or_trend_exit,0.0
2017-03-01,NMDC.NS,SELL,17060,38.68833541870117,660023.002243042,1320.046004486084,658702.956238556,rank_or_trend_exit,0.0
2017-03-01,CANFINHOME.NS,SELL,1683,390.3999938964844,657043.1897277832,1314.0863794555664,655729.1033483277,rank_or_trend_exit,0.0
2017-03-01,GMDCLTD.NS,SELL,5355,120.0,642600.0,1285.2,641314.8,rank_or_trend_exit,0.0
2017-03-01,TATASTEEL.NS,SELL,14202,46.20772552490234,656242.117904663,1312.484235809326,654929.6336688537,rank_or_trend_exit,0.0
2017-03-01,GNFC.NS,SELL,140,270.70001220703125,37898.001708984375,75.79600341796875,37822.205705566405,target_rebalance,0.0
2017-03-01,VEDL.NS,BUY,61,261.0,15921.0,31.842000000000002,-15952.842,target_rebalance,0.0
2017-03-01,ESCORTS.NS,SELL,259,450.8999938964844,116783.09841918945,233.56619683837891,116549.53222235107,target_rebalance,0.0
2017-03-01,AEGISLOG.NS,BUY,3255,202.3500061035156,658649.2698669432,1317.2985397338864,-659966.5684066771,target_rebalance,0.0
2017-03-01,BALKRISIND.NS,BUY,1004,656.0,658624.0,1317.248,-659941.248,target_rebalance,0.0
2017-03-01,JUBLPHARMA.NS,SELL,32,542.5296020507812,17360.947265625,34.72189453125,17326.22537109375,target_rebalance,0.0
2017-03-01,INDIANB.NS,SELL,34,289.8999938964844,9856.599792480469,19.71319958496094,9836.886592895507,target_rebalance,0.0
2017-03-01,BAJAJFINSV.NS,BUY,1659,396.8999938964844,658457.0898742676,1316.9141797485352,-659774.0040540161,target_rebalance,0.0
2017-03-01,NATIONALUM.NS,BUY,1186,69.0,81834.0,163.668,-81997.668,target_rebalance,0.0
2017-03-01,VGUARD.NS,SELL,253,165.7142791748047,41925.712631225586,83.85142526245117,41841.861205963134,target_rebalance,0.0
2017-03-01,SUNTV.NS,BUY,917,717.7000122070312,658130.9111938477,1316.2618223876952,-659447.1730162353,target_rebalance,0.0
2017-03-01,HINDPETRO.NS,BUY,2846,231.42222595214844,658627.6550598145,1317.255310119629,-659944.910369934,target_rebalance,0.0
2017-03-01,BIOCON.NS,BUY,3504,188.0,658752.0,1317.5040000000001,-660069.504,target_rebalance,0.0
2017-03-01,JINDALSTEL.NS,BUY,5249,125.5,658749.5,1317.499,-660066.999,target_rebalance,0.0
2017-03-01,TATACOMM.NS,BUY,1439,457.69622802734375,658624.8721313477,1317.2497442626952,-659942.1218756103,target_rebalance,0.0
2017-04-03,JUBLPHARMA.NS,SELL,1214,603.2025756835938,732287.9268798828,1464.5758537597656,730823.351026123,rank_or_trend_exit,0.0
2017-04-03,AEGISLOG.NS,SELL,3255,195.6999969482422,637003.4900665283,1274.0069801330567,635729.4830863953,rank_or_trend_exit,0.0
2017-04-03,BAJAJFINSV.NS,SELL,1659,409.8399963378906,679924.5539245605,1359.849107849121,678564.7048167114,rank_or_trend_exit,0.0
2017-04-03,HINDPETRO.NS,SELL,2846,232.8444366455078,662675.2666931152,1325.3505333862306,661349.916159729,rank_or_trend_exit,0.0
2017-04-03,BIOCON.NS,SELL,3504,188.9250030517578,661993.2106933594,1323.9864213867188,660669.2242719727,rank_or_trend_exit,0.0
2017-04-03,JINDALSTEL.NS,SELL,5249,121.8000030517578,639328.2160186766,1278.6564320373534,638049.5595866393,rank_or_trend_exit,0.0
2017-04-03,TATACOMM.NS,SELL,1439,449.5314025878906,646875.6883239746,1293.7513766479492,645581.9369473266,rank_or_trend_exit,0.0
2017-04-03,JSL.NS,BUY,9743,70.69999694824219,688830.0702667236,1377.6601405334472,-690207.7304072571,target_rebalance,0.0
2017-04-03,GNFC.NS,SELL,39,287.75,11222.25,22.4445,11199.8055,target_rebalance,0.0
2017-04-03,ITI.NS,BUY,9581,71.9000015258789,688873.9146194458,1377.7478292388917,-690251.6624486847,target_rebalance,0.0
2017-04-03,VEDL.NS,SELL,29,276.1000061035156,8006.900177001953,16.013800354003905,7990.886376647949,target_rebalance,0.0
2017-04-03,ESCORTS.NS,SELL,198,545.0999755859375,107929.79516601562,215.85959033203125,107713.93557568359,target_rebalance,0.0
2017-04-03,MOTILALOFS.NS,BUY,943,730.0,688390.0,1376.78,-689766.78,target_rebalance,0.0
2017-04-03,RCF.NS,BUY,8400,82.0,688800.0,1377.6000000000001,-690177.6,target_rebalance,0.0
2017-04-03,RECLTD.NS,BUY,5046,136.5,688779.0,1377.558,-690156.558,target_rebalance,0.0
2017-04-03,BALKRISIND.NS,SELL,6,690.0,4140.0,8.28,4131.72,target_rebalance,0.0
2017-04-03,INDIANB.NS,BUY,188,280.0,52640.0,105.28,-52745.28,target_rebalance,0.0
2017-04-03,BBTC.NS,BUY,806,854.0,688324.0,1376.6480000000001,-689700.648,target_rebalance,0.0
2017-04-03,SUNTV.NS,SELL,48,792.0,38016.0,76.032,37939.968,target_rebalance,0.0
2017-04-03,VGUARD.NS,SELL,26,174.39999389648438,4534.399841308594,9.068799682617188,4525.3310416259765,target_rebalance,0.0
2017-04-03,PCBL.NS,BUY,19876,33.25,660877.0,1321.7540000000001,-662198.754,target_rebalance,0.0
2017-04-03,NATIONALUM.NS,SELL,543,76.5,41539.5,83.07900000000001,41456.421,target_rebalance,0.0
2017-05-02,GNFC.NS,SELL,2394,307.0,734958.0,1469.916,733488.084,rank_or_trend_exit,0.0
2017-05-02,VEDL.NS,SELL,2495,246.6000061035156,615267.0152282714,1230.5340304565427,614036.4811978148,rank_or_trend_exit,0.0
2017-05-02,NATIONALUM.NS,SELL,9004,69.19999694824219,623076.7725219727,1246.1535450439453,621830.6189769288,rank_or_trend_exit,0.0
2017-05-02,VGUARD.NS,SELL,3949,191.3000030517578,755443.7120513916,1510.8874241027831,753932.8246272889,rank_or_trend_exit,0.0
2017-05-02,BALKRISIND.NS,SELL,998,764.9500122070312,763420.1121826172,1526.8402243652345,761893.271958252,rank_or_trend_exit,0.0
2017-05-02,RCF.NS,SELL,8400,84.69999694824219,711479.9743652344,1422.9599487304688,710057.014416504,rank_or_trend_exit,0.0
2017-05-02,ITI.NS,SELL,2932,115.6500015258789,339085.80447387695,678.171608947754,338407.6328649292,target_rebalance,0.0
2017-05-02,JSL.NS,BUY,849,72.5999984741211,61637.39870452881,123.27479740905763,-61760.67350193787,target_rebalance,0.0
2017-05-02,PCBL.NS,SELL,1867,42.70000076293945,79720.90142440796,159.4418028488159,79561.45962155914,target_rebalance,0.0
2017-05-02,SUNTV.NS,SELL,37,924.0,34188.0,68.376,34119.624,target_rebalance,0.0
2017-05-02,INDIANB.NS,SELL,70,321.75,22522.5,45.045,22477.455,target_rebalance,0.0
2017-05-02,ESCORTS.NS,BUY,122,555.0,67710.0,135.42000000000002,-67845.42,target_rebalance,0.0
2017-05-02,RECLTD.NS,SELL,9,152.66250610351562,1373.9625549316406,2.747925109863281,1371.2146298217774,target_rebalance,0.0
2017-05-02,ADANIENSOL.NS,BUY,9827,78.25,768962.75,1537.9255,-770500.6755,target_rebalance,0.0
2017-05-02,JMFINANCIL.NS,BUY,6595,116.5999984741211,768976.9899368286,1537.9539798736573,-770514.9439167023,target_rebalance,0.0
2017-05-02,MOTILALOFS.NS,SELL,48,858.9500122070312,41229.6005859375,82.45920117187501,41147.14138476562,target_rebalance,0.0
2017-05-02,BAJAJFINSV.NS,BUY,1678,458.0750122070313,768649.8704833986,1537.2997409667971,-770187.1702243653,target_rebalance,0.0
2017-05-02,IIFL.NS,BUY,2951,260.57550048828125,768958.301940918,1537.916603881836,-770496.2185447998,target_rebalance,0.0
2017-05-02,BBTC.NS,BUY,7,945.0,6615.0,13.23,-6628.23,target_rebalance,0.0
2017-05-02,KEI.NS,BUY,3521,218.3999938964844,768986.3785095216,1537.9727570190432,-770524.3512665406,target_rebalance,0.0
2017-05-02,INDIACEM.NS,BUY,3543,217.0,768831.0,1537.662,-770368.662,target_rebalance,0.0
2017-06-01,INDIANB.NS,SELL,2390,319.20001220703125,762888.0291748047,1525.7760583496095,761362.253116455,rank_or_trend_exit,0.0
2017-06-01,SUNTV.NS,SELL,832,802.0,667264.0,1334.528,665929.472,rank_or_trend_exit,0.0
2017-06-01,RECLTD.NS,SELL,5037,146.0625,735716.8125,1471.4336250000001,734245.378875,rank_or_trend_exit,0.0
2017-06-01,BAJAJFINSV.NS,SELL,1678,414.1000061035156,694859.8102416992,1389.7196204833986,693470.0906212159,rank_or_trend_exit,0.0
2017-06-01,KEI.NS,SELL,3521,219.0,771099.0,1542.198,769556.802,rank_or_trend_exit,0.0
2017-06-01,ESCORTS.NS,SELL,253,697.0,176341.0,352.682,175988.318,target_rebalance,0.0
2017-06-01,JSL.NS,BUY,330,72.25,23842.5,47.685,-23890.185,target_rebalance,0.0
2017-06-01,ADANIENSOL.NS,SELL,3348,121.8000030517578,407786.4102172851,815.5728204345702,406970.8373968505,target_rebalance,0.0
2017-06-01,AVANTIFEED.NS,BUY,1676,470.8333435058594,789116.6837158203,1578.2333674316405,-790694.917083252,target_rebalance,0.0
2017-06-01,PCBL.NS,SELL,35,43.90499877929688,1536.6749572753909,3.0733499145507817,1533.60160736084,target_rebalance,0.0
2017-06-01,MOTILALOFS.NS,SELL,140,1045.0,146300.0,292.6,146007.4,target_rebalance,0.0
2017-06-01,ITI.NS,BUY,4087,73.5,300394.5,600.789,-300995.289,target_rebalance,0.0
2017-06-01,UNOMINDA.NS,BUY,7553,104.48268127441406,789157.6916656494,1578.3153833312988,-790736.0070489807,target_rebalance,0.0
2017-06-01,JMFINANCIL.NS,SELL,140,122.25,17115.0,34.230000000000004,17080.77,target_rebalance,0.0
2017-06-01,HSCL.NS,BUY,13043,60.5,789101.5,1578.203,-790679.703,target_rebalance,0.0
2017-06-01,IIFL.NS,SELL,56,272.5771179199219,15264.318603515625,30.528637207031252,15233.789966308594,target_rebalance,0.0
2017-06-01,BBTC.NS,BUY,75,888.5999755859375,66644.99816894531,133.2899963378906,-66778.2881652832,target_rebalance,0.0
2017-06-01,CANFINHOME.NS,BUY,1464,539.010009765625,789110.654296875,1578.22130859375,-790688.8756054688,target_rebalance,0.0
2017-06-01,INDIACEM.NS,BUY,306,205.0,62730.0,125.46000000000001,-62855.46,target_rebalance,0.0
2017-06-01,SUNTECK.NS,BUY,3491,226.0249938964844,789053.2536926271,1578.1065073852542,-790631.3602000123,target_rebalance,0.0
2017-07-03,JSL.NS,SELL,10922,71.3499984741211,779284.6833343506,1558.5693666687012,777726.1139676819,rank_or_trend_exit,0.0
2017-07-03,BBTC.NS,SELL,888,884.0,784992.0,1569.984,783422.016,rank_or_trend_exit,0.0
2017-07-03,INDIACEM.NS,SELL,3849,198.6499938964844,764603.8265075685,1529.2076530151369,763074.6188545533,rank_or_trend_exit,0.0
2017-07-03,SUNTECK.NS,SELL,3491,246.8500061035156,861753.3713073729,1723.506742614746,860029.8645647581,rank_or_trend_exit,0.0
2017-07-03,PCBL.NS,SELL,3808,61.19499969482422,233030.55883789062,466.06111767578125,232564.49772021483,target_rebalance,0.0
2017-07-03,AVANTIFEED.NS,BUY,47,502.9666748046875,23639.433715820312,47.27886743164063,-23686.712583251952,target_rebalance,0.0
2017-07-03,ADANIENSOL.NS,BUY,473,124.6999969482422,58983.09855651856,117.96619711303713,-59101.064753631596,target_rebalance,0.0
2017-07-03,MOTILALOFS.NS,SELL,5,1155.0,5775.0,11.55,5763.45,target_rebalance,0.0
2017-07-03,ESCORTS.NS,BUY,224,639.0,143136.0,286.272,-143422.272,target_rebalance,0.0
2017-07-03,ITI.NS,SELL,1157,90.5,104708.5,209.417,104499.083,target_rebalance,0.0
2017-07-03,IIFL.NS,SELL,273,330.5848999023437,90249.67767333983,180.49935534667966,90069.17831799315,target_rebalance,0.0
2017-07-03,CANFINHOME.NS,SELL,121,645.4000244140625,78093.40295410156,156.18680590820313,77937.21614819336,target_rebalance,0.0
2017-07-03,HSCL.NS,SELL,2000,78.5,157000.0,314.0,156686.0,target_rebalance,0.0
2017-07-03,UNOMINDA.NS,BUY,537,107.16087341308594,57545.38902282715,115.0907780456543,-57660.4798008728,target_rebalance,0.0
2017-07-03,GRAPHITE.NS,BUY,5250,165.10000610351562,866775.032043457,1733.550064086914,-868508.582107544,target_rebalance,0.0
2017-07-03,CAPLIPOINT.NS,BUY,1573,551.0999755859375,866880.2615966797,1733.7605231933594,-868614.0221198731,target_rebalance,0.0
2017-07-03,JMFINANCIL.NS,BUY,923,117.5,108452.5,216.905,-108669.405,target_rebalance,0.0
2017-07-03,KEI.NS,BUY,3731,232.3000030517578,866711.3113861084,1733.4226227722168,-868444.7340088806,target_rebalance,0.0
2017-07-03,SUNTV.NS,BUY,1054,821.7999877929688,866177.1871337891,1732.3543742675781,-867909.5415080567,target_rebalance,0.0
2017-08-01,MOTILALOFS.NS,SELL,750,1075.6500244140625,806737.5183105469,1613.4750366210938,805124.0432739258,rank_or_trend_exit,0.0
2017-08-01,JMFINANCIL.NS,SELL,7378,119.75,883515.5,1767.031,881748.469,rank_or_trend_exit,0.0
2017-08-01,KEI.NS,SELL,3731,232.8000030517578,868576.8113861084,1737.1536227722167,866839.6577633362,rank_or_trend_exit,0.0
2017-08-01,SUNTV.NS,SELL,1054,783.0,825282.0,1650.564,823631.436,rank_or_trend_exit,0.0
2017-08-01,UNOMINDA.NS,SELL,1148,132.325927734375,151910.1650390625,303.820330078125,151606.34470898437,target_rebalance,0.0
2017-08-01,PCBL.NS,BUY,1513,58.59000015258789,88646.67023086548,177.29334046173096,-88823.96357132721,target_rebalance,0.0
2017-08-01,ITI.NS,SELL,337,99.4000015258789,33497.80051422119,66.99560102844238,33430.80491319275,target_rebalance,0.0
2017-08-01,ADANIENSOL.NS,BUY,373,125.4000015258789,46774.20056915283,93.54840113830566,-46867.74897029114,target_rebalance,0.0
2017-08-01,HEG.NS,BUY,9349,98.26000213623048,918632.7599716188,1837.2655199432377,-920470.025491562,target_rebalance,0.0
2017-08-01,AVANTIFEED.NS,SELL,49,548.6500244140625,26883.851196289062,53.76770239257812,26830.083493896484,target_rebalance,0.0
2017-08-01,GRAPHITE.NS,SELL,818,207.25,169530.5,339.06100000000004,169191.439,target_rebalance,0.0
2017-08-01,ESCORTS.NS,BUY,11,672.0,7392.0,14.784,-7406.784,target_rebalance,0.0
2017-08-01,HSCL.NS,SELL,478,86.94999694824219,41562.098541259766,83.12419708251953,41478.974344177244,target_rebalance,0.0
2017-08-01,IIFL.NS,BUY,219,323.28662109375,70799.77001953125,141.5995400390625,-70941.36955957032,target_rebalance,0.0
2017-08-01,CAPLIPOINT.NS,SELL,232,685.0,158920.0,317.84000000000003,158602.16,target_rebalance,0.0
2017-08-01,CANFINHOME.NS,BUY,133,622.3800048828125,82776.54064941406,165.55308129882812,-82942.09373071289,target_rebalance,0.0
2017-08-01,STLTECH.NS,BUY,4313,213.0,918669.0,1837.338,-920506.338,target_rebalance,0.0
2017-08-01,LTF.NS,BUY,5644,162.76995849609375,918673.6457519531,1837.3472915039063,-920510.993043457,target_rebalance,0.0
2017-08-01,JINDALSTEL.NS,BUY,5946,154.5,918657.0,1837.314,-920494.314,target_rebalance,0.0
2017-09-01,ESCORTS.NS,SELL,1367,649.9500122070312,888481.6666870117,1776.9633333740235,886704.7033536377,rank_or_trend_exit,0.0
2017-09-01,CANFINHOME.NS,SELL,1476,572.0,844272.0,1688.544,842583.456,rank_or_trend_exit,0.0
2017-09-01,LTF.NS,SELL,5644,186.48785400390625,1052537.4479980469,2105.074895996094,1050432.3731020507,rank_or_trend_exit,0.0
2017-09-01,JINDALSTEL.NS,SELL,5946,138.0,820548.0,1641.096,818906.904,rank_or_trend_exit,0.0
2017-09-01,HEG.NS,SELL,2161,138.75,299838.75,599.6775,299239.0725,target_rebalance,0.0
2017-09-01,GRAPHITE.NS,SELL,656,264.1000061035156,173249.60400390625,346.4992080078125,172903.10479589843,target_rebalance,0.0
2017-09-01,PCBL.NS,SELL,1641,71.05000305175781,116593.05500793457,233.18611001586913,116359.8688979187,target_rebalance,0.0
2017-09-01,ITI.NS,BUY,643,100.9000015258789,64878.70098114014,129.75740196228028,-65008.458383102414,target_rebalance,0.0
2017-09-01,AVANTIFEED.NS,SELL,58,616.9166870117188,35781.16784667969,71.56233569335937,35709.60551098633,target_rebalance,0.0
2017-09-01,UNOMINDA.NS,BUY,167,140.29417419433594,23429.1270904541,46.858254180908204,-23475.98534463501,target_rebalance,0.0
2017-09-01,ADANIENSOL.NS,BUY,497,127.5,63367.5,126.735,-63494.235,target_rebalance,0.0
2017-09-01,HSCL.NS,SELL,1102,105.4000015258789,116150.80168151855,232.30160336303712,115918.50007815551,target_rebalance,0.0
2017-09-01,MOTILALOFS.NS,BUY,811,1229.4000244140625,997043.4197998047,1994.0868395996094,-999037.5066394043,target_rebalance,0.0
2017-09-01,STLTECH.NS,BUY,164,222.75,36531.0,73.062,-36604.062,target_rebalance,0.0
2017-09-01,CAPLIPOINT.NS,BUY,193,650.0999755859375,125469.29528808594,250.9385905761719,-125720.23387866211,target_rebalance,0.0
2017-09-01,KEC.NS,BUY,3173,314.29998779296875,997273.8612670898,1994.5477225341797,-999268.408989624,target_rebalance,0.0
2017-09-01,MASTEK.NS,BUY,3250,306.8999938964844,997424.9801635742,1994.8499603271484,-999419.8301239014,target_rebalance,0.0
2017-09-01,SUNTECK.NS,BUY,3890,256.3500061035156,997201.5237426758,1994.4030474853516,-999195.9267901612,target_rebalance,0.0
2017-09-01,IIFL.NS,BUY,134,335.1800842285156,44914.131286621094,89.82826257324218,-45003.95954919433,target_rebalance,0.0
2017-10-03,IIFL.NS,SELL,2975,332.4770202636719,989119.1352844238,1978.2382705688476,987140.8970138549,rank_or_trend_exit,0.0
2017-10-03,KEC.NS,SELL,3173,309.25,981250.25,1962.5005,979287.7495,rank_or_trend_exit,0.0
2017-10-03,MASTEK.NS,SELL,3250,287.6499938964844,934862.4801635742,1869.7249603271484,932992.7552032471,rank_or_trend_exit,0.0
2017-10-03,HEG.NS,SELL,1142,190.1999969482422,217208.39651489258,434.41679302978514,216773.9797218628,target_rebalance,0.0
2017-10-03,GRAPHITE.NS,SELL,734,378.0,277452.0,554.904,276897.096,target_rebalance,0.0
2017-10-03,ITI.NS,SELL,1730,141.0,243930.0,487.86,243442.14,target_rebalance,0.0
2017-10-03,ADANIENSOL.NS,SELL,384,154.60000610351562,59366.40234375,118.7328046875,59247.6695390625,target_rebalance,0.0
2017-10-03,AVANTIFEED.NS,BUY,59,686.2999877929688,40491.699279785156,80.98339855957032,-40572.682678344725,target_rebalance,0.0
2017-10-03,HSCL.NS,SELL,1394,142.5,198645.0,397.29,198247.71,target_rebalance,0.0
2017-10-03,PCBL.NS,BUY,7,81.875,573.125,1.14625,-574.27125,target_rebalance,0.0
2017-10-03,JSL.NS,BUY,9999,115.0,1149885.0,2299.77,-1152184.77,target_rebalance,0.0
2017-10-03,UNOMINDA.NS,BUY,1239,137.7403564453125,170660.3016357422,341.3206032714844,-171001.62223901367,target_rebalance,0.0
2017-10-03,KEI.NS,BUY,3495,329.0,1149855.0,2299.71,-1152154.71,target_rebalance,0.0
2017-10-03,STLTECH.NS,BUY,601,226.4499969482422,136096.44816589355,272.1928963317871,-136368.64106222533,target_rebalance,0.0
2017-10-03,MOTILALOFS.NS,BUY,72,1301.0,93672.0,187.344,-93859.344,target_rebalance,0.0
2017-10-03,JBMA.NS,BUY,10221,112.5,1149862.5,2299.725,-1152162.225,target_rebalance,0.0
2017-10-03,CAPLIPOINT.NS,BUY,53,693.9500122070312,36779.350646972656,73.55870129394532,-36852.9093482666,target_rebalance,0.0
2017-10-03,SUNTECK.NS,SELL,240,315.0,75600.0,151.20000000000002,75448.8,target_rebalance,0.0
2017-11-01,CAPLIPOINT.NS,SELL,1587,680.0,1079160.0,2158.32,1077001.68,rank_or_trend_exit,0.0
2017-11-01,MOTILALOFS.NS,SELL,883,1379.949951171875,1218495.8068847656,2436.9916137695313,1216058.8152709962,rank_or_trend_exit,0.0
2017-11-01,JBMA.NS,SELL,10221,108.01000213623048,1103970.2318344119,2207.9404636688237,1101762.291370743,rank_or_trend_exit,0.0
2017-11-01,HEG.NS,SELL,2124,348.0,739152.0,1478.304,737673.696,target_rebalance,0.0
2017-11-01,GRAPHITE.NS,SELL,413,519.0,214347.0,428.694,213918.306,target_rebalance,0.0
2017-11-01,ADANIENSOL.NS,SELL,648,201.0,130248.0,260.496,129987.504,target_rebalance,0.0
2017-11-01,AVANTIFEED.NS,SELL,245,953.9666748046876,233721.83532714847,467.44367065429697,233254.39165649418,target_rebalance,0.0
2017-11-01,HSCL.NS,SELL,263,174.85000610351562,45985.55160522461,91.97110321044921,45893.58050201416,target_rebalance,0.0
2017-11-01,PCBL.NS,BUY,640,92.94499969482422,59484.7998046875,118.969599609375,-59603.76940429687,target_rebalance,0.0
2017-11-01,SAREGAMA.NS,BUY,20656,66.07711029052734,1364888.7901611328,2729.7775803222657,-1367618.567741455,target_rebalance,0.0
2017-11-01,STLTECH.NS,SELL,347,288.5,100109.5,200.219,99909.281,target_rebalance,0.0
2017-11-01,JSL.NS,BUY,1375,120.0,165000.0,330.0,-165330.0,target_rebalance,0.0
2017-11-01,BBTC.NS,BUY,812,1679.0,1363348.0,2726.696,-1366074.696,target_rebalance,0.0
2017-11-01,KEI.NS,BUY,543,338.0,183534.0,367.068,-183901.068,target_rebalance,0.0
2017-11-01,SUNTECK.NS,BUY,194,355.0,68870.0,137.74,-69007.74,target_rebalance,0.0
2017-11-01,UNOMINDA.NS,BUY,1633,136.745361328125,223305.17504882812,446.61035009765624,-223751.78539892577,target_rebalance,0.0
2017-11-01,ITI.NS,BUY,760,153.10000610351562,116356.00463867188,232.71200927734375,-116588.71664794922,target_rebalance,0.0
2017-11-01,KRBL.NS,BUY,2124,642.5999755859375,1364882.3481445312,2729.7646962890626,-1367612.1128408203,target_rebalance,0.0
2017-12-01,ADANIENSOL.NS,SELL,6790,180.6999969482422,1226952.9792785645,2453.905958557129,1224499.0733200074,rank_or_trend_exit,0.0
2017-12-01,KRBL.NS,SELL,2124,603.0,1280772.0,2561.544,1278210.456,rank_or_trend_exit,0.0
2017-12-01,HEG.NS,BUY,120,356.0,42720.0,85.44,-42805.44,target_rebalance,0.0
2017-12-01,GRAPHITE.NS,SELL,239,602.2000122070312,143925.80291748047,287.85160583496094,143637.9513116455,target_rebalance,0.0
2017-12-01,SAREGAMA.NS,SELL,3598,84.37030029296875,303564.34045410156,607.1286809082031,302957.2117731934,target_rebalance,0.0
2017-12-01,HSCL.NS,BUY,843,166.39999389648438,140275.19485473633,280.55038970947265,-140555.7452444458,target_rebalance,0.0
2017-12-01,AVANTIFEED.NS,BUY,208,878.4666748046875,182721.068359375,365.44213671875,-183086.51049609375,target_rebalance,0.0
2017-12-01,ITI.NS,BUY,1153,142.9499969482422,164821.34648132324,329.6426929626465,-165150.98917428587,target_rebalance,0.0
2017-12-01,PCBL.NS,BUY,465,95.0,44175.0,88.35000000000001,-44263.35,target_rebalance,0.0
2017-12-01,UNOMINDA.NS,SELL,3185,211.7513427734375,674428.0267333984,1348.856053466797,673079.1706799316,target_rebalance,0.0
2017-12-01,SUNTECK.NS,SELL,325,409.0,132925.0,265.85,132659.15,target_rebalance,0.0
2017-12-01,KEI.NS,SELL,431,399.0,171969.0,343.938,171625.062,target_rebalance,0.0
2017-12-01,VIPIND.NS,BUY,3989,360.7999877929688,1439231.1513061526,2878.4623026123054,-1442109.613608765,target_rebalance,0.0
2017-12-01,ACE.NS,BUY,10376,138.6999969482422,1439151.168334961,2878.3023366699217,-1442029.470671631,target_rebalance,0.0
2017-12-01,BBTC.NS,BUY,123,1539.0,189297.0,378.594,-189675.594,target_rebalance,0.0
2017-12-01,STLTECH.NS,BUY,442,278.20001220703125,122964.40539550781,245.92881079101562,-123210.33420629882,target_rebalance,0.0
2017-12-01,JSL.NS,BUY,1534,111.5,171041.0,342.082,-171383.082,target_rebalance,0.0
2018-01-01,ITI.NS,SELL,10068,137.0,1379316.0,2758.632,1376557.368,rank_or_trend_exit,0.0
2018-01-01,JSL.NS,SELL,12908,104.5,1348886.0,2697.772,1346188.228,rank_or_trend_exit,0.0
2018-01-01,KEI.NS,SELL,3607,378.7000122070313,1365970.944030762,2731.941888061524,1363239.0021427004,rank_or_trend_exit,0.0
2018-01-01,HEG.NS,SELL,968,483.7999877929688,468318.3881835938,936.6367763671876,467381.7514072266,target_rebalance,0.0
2018-01-01,GRAPHITE.NS,SELL,309,714.7000122070312,220842.30377197266,441.68460754394533,220400.6191644287,target_rebalance,0.0
2018-01-01,GPIL.NS,BUY,17053,87.2249984741211,1487447.898979187,2974.8957979583743,-1490422.7947771454,target_rebalance,0.0
2018-01-01,HSCL.NS,BUY,985,154.39999389648438,152083.9939880371,304.16798797607424,-152388.1619760132,target_rebalance,0.0
2018-01-01,SAREGAMA.NS,BUY,1269,81.16267395019531,102995.43324279785,205.99086648559572,-103201.42410928344,target_rebalance,0.0
2018-01-01,UNOMINDA.NS,BUY,136,214.5870819091797,29183.843139648438,58.367686279296876,-29242.210825927734,target_rebalance,0.0
2018-01-01,AVANTIFEED.NS,BUY,107,851.9666748046875,91160.43420410156,182.32086840820313,-91342.75507250977,target_rebalance,0.0
2018-01-01,ACE.NS,SELL,46,144.0,6624.0,13.248000000000001,6610.752,target_rebalance,0.0
2018-01-01,ADANIENSOL.NS,BUY,6636,224.1499938964844,1487459.3594970705,2974.9187189941413,-1490434.2782160647,target_rebalance,0.0
2018-01-01,BBTC.NS,SELL,67,1713.0,114771.0,229.542,114541.458,target_rebalance,0.0
2018-01-01,SUNTECK.NS,BUY,26,419.5499877929688,10908.29968261719,21.816599365234378,-10930.116281982424,target_rebalance,0.0
2018-01-01,PCBL.NS,BUY,29,97.99500274658205,2841.8550796508794,5.683710159301759,-2847.5387898101812,target_rebalance,0.0
2018-01-01,VIPIND.NS,BUY,242,351.5,85063.0,170.126,-85233.126,target_rebalance,0.0
2018-01-01,STLTECH.NS,SELL,114,294.0,33516.0,67.032,33448.968,target_rebalance,0.0
2018-01-01,JINDALSTEL.NS,BUY,7273,204.5,1487328.5,2974.657,-1490303.157,target_rebalance,0.0
2018-02-01,AVANTIFEED.NS,SELL,1745,751.566650390625,1311483.8049316406,2622.9676098632813,1308860.8373217774,rank_or_trend_exit,0.0
2018-02-01,BBTC.NS,SELL,868,1409.699951171875,1223619.5576171875,2447.2391152343753,1221172.318501953,rank_or_trend_exit,0.0
2018-02-01,HEG.NS,SELL,175,559.4000244140625,97895.00427246094,195.79000854492188,97699.21426391602,target_rebalance,0.0
2018-02-01,GRAPHITE.NS,BUY,28,769.0,21532.0,43.064,-21575.064,target_rebalance,0.0
2018-02-01,GPIL.NS,SELL,4972,134.25,667491.0,1334.982,666156.018,target_rebalance,0.0
2018-02-01,PCBL.NS,SELL,1914,122.2699966430664,234024.7735748291,468.0495471496582,233556.72402767945,target_rebalance,0.0
2018-02-01,HSCL.NS,SELL,512,177.8000030517578,91033.6015625,182.067203125,90851.534359375,target_rebalance,0.0
2018-02-01,ACE.NS,SELL,966,173.1999969482422,167311.19705200195,334.6223941040039,166976.57465789796,target_rebalance,0.0
2018-02-01,SUNTECK.NS,BUY,271,425.0,115175.0,230.35,-115405.35,target_rebalance,0.0
2018-02-01,RADICO.NS,BUY,4470,362.7999877929688,1621715.9454345705,3243.431890869141,-1624959.3773254396,target_rebalance,0.0
2018-02-01,JINDALSTEL.NS,SELL,1187,266.5,316335.5,632.671,315702.829,target_rebalance,0.0
2018-02-01,ADANIENSOL.NS,BUY,1087,210.0,228270.0,456.54,-228726.54,target_rebalance,0.0
2018-02-01,SAREGAMA.NS,BUY,4913,69.7901840209961,342879.1740951538,685.7583481903076,-343564.9324433441,target_rebalance,0.0
2018-02-01,VIPIND.NS,BUY,494,343.25,169565.5,339.13100000000003,-169904.631,target_rebalance,0.0
2018-02-01,UNOMINDA.NS,BUY,987,204.802963256836,202140.52473449713,404.28104946899424,-202544.80578396612,target_rebalance,0.0
2018-02-01,STLTECH.NS,SELL,589,362.7999877929688,213689.19281005862,427.37838562011723,213261.81442443852,target_rebalance,0.0
2018-02-01,KEI.NS,BUY,4084,397.1499938964844,1621960.5750732422,3243.9211501464843,-1625204.4962233887,target_rebalance,0.0
2018-03-01,UNOMINDA.NS,SELL,7919,187.15011596679688,1482041.7683410645,2964.083536682129,1479077.6848043823,rank_or_trend_exit,0.0
2018-03-01,VIPIND.NS,SELL,4725,338.45001220703125,1599176.3076782227,3198.3526153564453,1595977.9550628662,rank_or_trend_exit,0.0
2018-03-01,KEI.NS,SELL,4084,385.0,1572340.0,3144.6800000000003,1569195.32,rank_or_trend_exit,0.0
2018-03-01,HEG.NS,SELL,132,568.2000122070312,75002.40161132812,150.00480322265625,74852.39680810546,target_rebalance,0.0
2018-03-01,GRAPHITE.NS,BUY,111,708.1500244140625,78604.65270996094,157.2093054199219,-78761.86201538086,target_rebalance,0.0
2018-03-01,GPIL.NS,BUY,108,129.0,13932.0,27.864,-13959.864,target_rebalance,0.0
2018-03-01,PCBL.NS,SELL,249,120.8000030517578,30079.20075988769,60.15840151977538,30019.042358367915,target_rebalance,0.0
2018-03-01,ACE.NS,SELL,996,187.8999938964844,187148.39392089847,374.2967878417969,186774.09713305667,target_rebalance,0.0
2018-03-01,HSCL.NS,BUY,708,159.9499969482422,113244.59783935547,226.48919567871096,-113471.08703503419,target_rebalance,0.0
2018-03-01,SAREGAMA.NS,SELL,294,68.52657318115234,20146.81251525879,40.29362503051758,20106.51889022827,target_rebalance,0.0
2018-03-01,ADANIENSOL.NS,SELL,51,204.9499969482422,10452.449844360352,20.904899688720704,10431.54494467163,target_rebalance,0.0
2018-03-01,RADICO.NS,BUY,22,350.0,7700.0,15.4,-7715.4,target_rebalance,0.0
2018-03-01,MASTEK.NS,BUY,3025,519.7999877929688,1572394.9630737305,3144.789926147461,-1575539.752999878,target_rebalance,0.0
2018-03-01,SUNTECK.NS,BUY,107,400.75,42880.25,85.76050000000001,-42966.0105,target_rebalance,0.0
2018-03-01,GAEL.NS,BUY,23047,68.2249984741211,1572381.5398330688,3144.763079666138,-1575526.302912735,target_rebalance,0.0
2018-03-01,STLTECH.NS,SELL,90,358.95001220703125,32305.501098632812,64.61100219726562,32240.890096435545,target_rebalance,0.0
2018-03-01,JINDALSTEL.NS,BUY,141,252.5,35602.5,71.205,-35673.705,target_rebalance,0.0
2018-03-01,HFCL.NS,BUY,52239,30.100000381469727,1572393.919927597,3144.7878398551943,-1575538.7077674523,target_rebalance,0.0
2018-04-02,HSCL.NS,SELL,9830,148.5,1459755.0,2919.51,1456835.49,rank_or_trend_exit,0.0
2018-04-02,JINDALSTEL.NS,SELL,6227,221.6000061035156,1379903.2380065916,2759.8064760131833,1377143.4315305783,rank_or_trend_exit,0.0
2018-04-02,GAEL.NS,SELL,23047,57.6875,1329523.8125,2659.047625,1326864.764875,rank_or_trend_exit,0.0
2018-04-02,HFCL.NS,SELL,52239,26.200000762939453,1368661.839855194,2737.323679710388,1365924.5161754838,rank_or_trend_exit,0.0
2018-04-02,HEG.NS,SELL,460,642.7999877929688,295687.9943847656,591.3759887695313,295096.6183959961,target_rebalance,0.0
2018-04-02,GPIL.NS,BUY,1449,108.75,157578.75,315.1575,-157893.9075,target_rebalance,0.0
2018-04-02,GRAPHITE.NS,SELL,202,734.7000122070312,148409.4024658203,296.8188049316406,148112.58366088866,target_rebalance,0.0
2018-04-02,ACE.NS,BUY,364,169.85000610351562,61825.40222167969,123.65080444335938,-61949.053026123045,target_rebalance,0.0
2018-04-02,PCBL.NS,BUY,527,109.51000213623048,57711.771125793464,115.42354225158694,-57827.19466804505,target_rebalance,0.0
2018-04-02,MASTEK.NS,SELL,258,536.0,138288.0,276.576,138011.424,target_rebalance,0.0
2018-04-02,RADICO.NS,SELL,62,334.75,20754.5,41.509,20712.991,target_rebalance,0.0
2018-04-02,SAREGAMA.NS,BUY,110,64.32749938964844,7076.024932861328,14.152049865722656,-7090.176982727051,target_rebalance,0.0
2018-04-02,ADANIENSOL.NS,BUY,70,191.5500030517578,13408.500213623047,26.817000427246093,-13435.317214050294,target_rebalance,0.0
2018-04-02,COFORGE.NS,BUY,9043,164.0,1483052.0,2966.1040000000003,-1486018.104,target_rebalance,0.0
2018-04-02,STLTECH.NS,BUY,317,315.75,100092.75,200.1855,-100292.9355,target_rebalance,0.0
2018-04-02,JUBLFOOD.NS,BUY,6311,235.0,1483085.0,2966.17,-1486051.17,target_rebalance,0.0
2018-04-02,SUNTECK.NS,SELL,442,426.0,188292.0,376.584,187915.416,target_rebalance,0.0
2018-04-02,TITAN.NS,BUY,1572,943.0999755859376,1482553.161621094,2965.106323242188,-1485518.2679443362,target_rebalance,0.0
2018-04-02,DEEPAKNTR.NS,BUY,5976,248.1499938964844,1482944.3635253909,2965.8887270507817,-1485910.2522524416,target_rebalance,0.0
2018-05-02,STLTECH.NS,SELL,4697,354.0,1662738.0,3325.476,1659412.524,rank_or_trend_exit,0.0
2018-05-02,SUNTECK.NS,SELL,3481,432.0,1503792.0,3007.5840000000003,1500784.416,rank_or_trend_exit,0.0
2018-05-02,SAREGAMA.NS,SELL,23056,70.66498565673828,1629251.9093017578,3258.503818603516,1625993.4054831543,rank_or_trend_exit,0.0
2018-05-02,ADANIENSOL.NS,SELL,7742,170.9499969482422,1323494.876373291,2646.989752746582,1320847.8866205444,rank_or_trend_exit,0.0
2018-05-02,DEEPAKNTR.NS,SELL,5976,272.5,1628460.0,3256.92,1625203.08,rank_or_trend_exit,0.0
2018-05-02,HEG.NS,BUY,598,562.0,336076.0,672.152,-336748.152,target_rebalance,0.0
2018-05-02,GPIL.NS,SELL,2278,143.75,327462.5,654.9250000000001,326807.575,target_rebalance,0.0
2018-05-02,RADICO.NS,SELL,542,420.0,227640.0,455.28000000000003,227184.72,target_rebalance,0.0
2018-05-02,GRAPHITE.NS,BUY,311,701.0,218011.0,436.022,-218447.022,target_rebalance,0.0
2018-05-02,ACE.NS,SELL,23,187.5,4312.5,8.625,4303.875,target_rebalance,0.0
2018-05-02,COFORGE.NS,SELL,2004,231.97999572753903,464887.9114379882,929.7758228759765,463958.13561511226,target_rebalance,0.0
2018-05-02,PCBL.NS,SELL,1025,130.4499969482422,133711.24687194824,267.4224937438965,133443.82437820436,target_rebalance,0.0
2018-05-02,SONATSOFTW.NS,BUY,11994,136.1437530517578,1632908.1741027832,3265.8163482055666,-1636173.9904509888,target_rebalance,0.0
2018-05-02,JUBLFOOD.NS,BUY,80,255.5,20440.0,40.88,-20480.88,target_rebalance,0.0
2018-05-02,JINDALSTEL.NS,BUY,6468,252.4499969482422,1632846.5802612305,3265.693160522461,-1636112.273421753,target_rebalance,0.0
2018-05-02,MASTEK.NS,BUY,113,567.0,64071.0,128.142,-64199.142,target_rebalance,0.0
2018-05-02,VIPIND.NS,BUY,3934,415.0,1632610.0,3265.2200000000003,-1635875.22,target_rebalance,0.0
2018-05-02,BSOFT.NS,BUY,10132,161.1580810546875,1632853.6772460938,3265.7073544921877,-1636119.384600586,target_rebalance,0.0
2018-05-02,TITAN.NS,BUY,91,981.9500122070312,89357.45111083984,178.7149022216797,-89536.16601306152,target_rebalance,0.0
2018-05-02,UNOMINDA.NS,BUY,8911,183.2447662353516,1632894.111923218,3265.7882238464363,-1636159.9001470644,target_rebalance,0.0
2018-06-01,ACE.NS,SELL,8709,162.0500030517578,1411293.4765777588,2822.5869531555177,1408470.8896246033,rank_or_trend_exit,0.0
2018-06-01,MASTEK.NS,SELL,2880,525.0999755859375,1512287.9296875,3024.575859375,1509263.353828125,rank_or_trend_exit,0.0
2018-06-01,TITAN.NS,SELL,1663,907.5,1509172.5,3018.3450000000003,1506154.155,rank_or_trend_exit,0.0
2018-06-01,JINDALSTEL.NS,SELL,6468,228.8000030517578,1479878.4197387695,2959.756839477539,1476918.662899292,rank_or_trend_exit,0.0
2018-06-01,UNOMINDA.NS,SELL,8911,209.29702758789065,1865045.8128356936,3730.091625671387,1861315.7212100222,rank_or_trend_exit,0.0
2018-06-01,HEG.NS,SELL,489,676.0,330564.0,661.128,329902.872,target_rebalance,0.0
2018-06-01,GPIL.NS,BUY,3458,110.25,381244.5,762.489,-382006.989,target_rebalance,0.0
2018-06-01,GRAPHITE.NS,SELL,399,846.2000122070312,337633.80487060547,675.267609741211,336958.5372608643,target_rebalance,0.0
2018-06-01,RADICO.NS,SELL,300,455.2000122070313,136560.0036621094,273.1200073242188,136286.8836547852,target_rebalance,0.0
2018-06-01,SONATSOFTW.NS,SELL,449,141.50625610351562,63536.308990478516,127.07261798095703,63409.23637249756,target_rebalance,0.0
2018-06-01,BSOFT.NS,SELL,716,173.49746704101562,124224.18640136719,248.44837280273438,123975.73802856445,target_rebalance,0.0
2018-06-01,COFORGE.NS,BUY,244,224.3099975585937,54731.63940429686,109.46327880859373,-54841.102683105455,target_rebalance,0.0
2018-06-01,JUBLFOOD.NS,BUY,81,252.4149932861328,20445.614456176758,40.89122891235352,-20486.505685089112,target_rebalance,0.0
2018-06-01,FSL.NS,BUY,22471,72.69999694824219,1633641.6314239502,3267.2832628479005,-1636908.9146867981,target_rebalance,0.0
2018-06-01,KEI.NS,BUY,3368,484.9500122070313,1633311.6411132815,3266.623282226563,-1636578.264395508,target_rebalance,0.0
2018-06-01,BIOCON.NS,BUY,4903,333.1499938964844,1633434.420074463,3266.8688401489258,-1636701.2889146118,target_rebalance,0.0
2018-06-01,DMART.NS,BUY,1061,1538.699951171875,1632560.6481933594,3265.1212963867188,-1635825.769489746,target_rebalance,0.0
2018-06-01,PCBL.NS,BUY,1391,117.4499969482422,163372.9457550049,326.7458915100098,-163699.69164651493,target_rebalance,0.0
2018-06-01,MPHASIS.NS,BUY,1488,1096.9000244140625,1632187.236328125,3264.37447265625,-1635451.6108007813,target_rebalance,0.0
2018-06-01,VIPIND.NS,SELL,80,423.7999877929688,33903.99902343751,67.80799804687501,33836.19102539063,target_rebalance,0.0
2018-07-02,PCBL.NS,SELL,13909,109.2750015258789,1519905.9962234497,3039.8119924468997,1516866.1842310028,rank_or_trend_exit,0.0
2018-07-02,KEI.NS,SELL,3368,405.5,1365724.0,2731.448,1362992.552,rank_or_trend_exit,0.0
2018-07-02,BIOCON.NS,SELL,4903,309.5,1517478.5,3034.957,1514443.543,rank_or_trend_exit,0.0
2018-07-02,HEG.NS,SELL,78,674.8599853515625,52639.078857421875,105.27815771484376,52533.80069970703,target_rebalance,0.0
2018-07-02,JUBLFOOD.NS,SELL,820,279.20001220703125,228944.01000976562,457.88802001953127,228486.12198974608,target_rebalance,0.0
2018-07-02,RADICO.NS,BUY,225,413.8500061035156,93116.25137329102,186.23250274658204,-93302.4838760376,target_rebalance,0.0
2018-07-02,BSOFT.NS,SELL,82,169.08387756347656,13864.877960205078,27.729755920410156,13837.148204284667,target_rebalance,0.0
2018-07-02,FSL.NS,SELL,116,70.5999984741211,8189.599822998047,16.379199645996096,8173.220623352051,target_rebalance,0.0
2018-07-02,GRAPHITE.NS,SELL,97,860.9000244140625,83507.30236816406,167.01460473632812,83340.28776342774,target_rebalance,0.0
2018-07-02,GPIL.NS,SELL,861,113.0749969482422,97357.57237243654,194.71514474487307,97162.85722769167,target_rebalance,0.0
2018-07-02,COFORGE.NS,SELL,174,221.9900054931641,38626.260955810554,77.25252191162112,38549.00843389893,target_rebalance,0.0
2018-07-02,VIPIND.NS,SELL,167,428.0,71476.0,142.952,71333.048,target_rebalance,0.0
2018-07-02,MASTEK.NS,BUY,3091,510.5,1577955.5,3155.911,-1581111.411,target_rebalance,0.0
2018-07-02,MPHASIS.NS,SELL,44,1092.800048828125,48083.2021484375,96.166404296875,47987.03574414062,target_rebalance,0.0
2018-07-02,SONATSOFTW.NS,BUY,1901,117.375,223129.875,446.25975,-223576.13475,target_rebalance,0.0
2018-07-02,DMART.NS,SELL,6,1495.949951171875,8975.69970703125,17.9513994140625,8957.748307617188,target_rebalance,0.0
2018-07-02,ABBOTINDIA.NS,BUY,218,7239.0,1578102.0,3156.204,-1581258.204,target_rebalance,0.0
2018-07-02,TECHM.NS,BUY,2398,657.9500122070312,1577764.129272461,3155.5282585449218,-1580919.6575310058,target_rebalance,0.0
2018-08-01,GPIL.NS,SELL,13957,107.4749984741211,1500028.553703308,3000.057107406616,1497028.4965959014,rank_or_trend_exit,0.0
2018-08-01,TECHM.NS,SELL,2398,684.4000244140625,1641191.2585449219,3282.382517089844,1637908.876027832,rank_or_trend_exit,0.0
2018-08-01,HEG.NS,SELL,369,870.0,321030.0,642.0600000000001,320387.94,target_rebalance,0.0
2018-08-01,BSOFT.NS,SELL,52,184.6246795654297,9600.483337402344,19.20096667480469,9581.282370727538,target_rebalance,0.0
2018-08-01,FSL.NS,BUY,1399,72.1500015258789,100937.85213470459,201.8757042694092,-101139.727838974,target_rebalance,0.0
2018-08-01,COFORGE.NS,SELL,115,245.0200042724609,28177.300491333004,56.35460098266601,28120.945890350336,target_rebalance,0.0
2018-08-01,VIPIND.NS,SELL,154,485.0,74690.0,149.38,74540.62,target_rebalance,0.0
2018-08-01,GRAPHITE.NS,SELL,143,1014.0,145002.0,290.004,144711.996,target_rebalance,0.0
2018-08-01,RADICO.NS,BUY,92,438.8500061035156,40374.20056152344,80.74840112304688,-40454.948962646486,target_rebalance,0.0
2018-08-01,JUBLFOOD.NS,BUY,429,281.79998779296875,120892.1947631836,241.7843895263672,-121133.97915270996,target_rebalance,0.0
2018-08-01,MPHASIS.NS,BUY,28,1163.699951171875,32583.5986328125,65.167197265625,-32648.765830078126,target_rebalance,0.0
2018-08-01,DMART.NS,SELL,20,1655.0,33100.0,66.2,33033.8,target_rebalance,0.0
2018-08-01,ABBOTINDIA.NS,BUY,5,7666.7998046875,38333.9990234375,76.667998046875,-38410.667021484376,target_rebalance,0.0
2018-08-01,ASTRAL.NS,BUY,3424,500.4451293945313,1713524.1230468752,3427.0482460937505,-1716951.171292969,target_rebalance,0.0
2018-08-01,SONATSOFTW.NS,SELL,195,129.33749389648438,25220.811309814453,50.44162261962891,25170.369687194823,target_rebalance,0.0
2018-08-01,PAGEIND.NS,BUY,59,29020.0,1712180.0,3424.36,-1715604.36,target_rebalance,0.0
2018-08-01,MASTEK.NS,BUY,19,551.0,10469.0,20.938,-10489.938,target_rebalance,0.0
2018-09-03,SONATSOFTW.NS,SELL,13251,133.5,1769008.5,3538.0170000000003,1765470.483,rank_or_trend_exit,0.0
2018-09-03,DMART.NS,SELL,1035,1613.4000244140625,1669869.0252685547,3339.7380505371093,1666529.2872180175,rank_or_trend_exit,0.0
2018-09-03,MASTEK.NS,SELL,3110,542.1500244140625,1686086.5759277344,3372.173151855469,1682714.402775879,rank_or_trend_exit,0.0
2018-09-03,ASTRAL.NS,SELL,3424,498.1951293945313,1705820.1230468752,3411.6402460937506,1702408.4828007815,rank_or_trend_exit,0.0
2018-09-03,HEG.NS,BUY,166,863.7999877929688,143390.7979736328,286.78159594726566,-143677.5795695801,target_rebalance,0.0
2018-09-03,GRAPHITE.NS,BUY,76,1044.0,79344.0,158.68800000000002,-79502.688,target_rebalance,0.0
2018-09-03,VIPIND.NS,SELL,604,629.5999755859375,380278.38525390625,760.5567705078125,379517.8284833984,target_rebalance,0.0
2018-09-03,COFORGE.NS,SELL,477,283.0,134991.0,269.982,134721.018,target_rebalance,0.0
2018-09-03,RADICO.NS,SELL,164,493.0,80852.0,161.704,80690.296,target_rebalance,0.0
2018-09-03,BSOFT.NS,BUY,446,189.5977325439453,84560.58871459961,169.12117742919924,-84729.70989202881,target_rebalance,0.0
2018-09-03,JUBLFOOD.NS,SELL,157,311.3399963378906,48880.37942504883,97.76075885009766,48782.61866619873,target_rebalance,0.0
2018-09-03,INTELLECT.NS,BUY,6806,271.0,1844426.0,3688.852,-1848114.852,target_rebalance,0.0
2018-09-03,ASTRAZEN.NS,BUY,975,1890.0,1842750.0,3685.5,-1846435.5,target_rebalance,0.0
2018-09-03,FSL.NS,BUY,676,75.5,51038.0,102.07600000000001,-51140.076,target_rebalance,0.0
2018-09-03,MPHASIS.NS,SELL,19,1268.9000244140625,24109.100463867188,48.21820092773438,24060.882262939453,target_rebalance,0.0
2018-09-03,PAGEIND.NS,SELL,6,34760.8984375,208565.390625,417.13078125,208148.25984375,target_rebalance,0.0
2018-09-03,ADANIENT.NS,BUY,12719,145.0063934326172,1844336.318069458,3688.672636138916,-1848024.990705597,target_rebalance,0.0
2018-09-03,LTTS.NS,BUY,1039,1774.0,1843186.0,3686.3720000000003,-1846872.372,target_rebalance,0.0
2018-09-03,ABBOTINDIA.NS,SELL,4,8399.0,33596.0,67.19200000000001,33528.808,target_rebalance,0.0
2018-10-01,RADICO.NS,SELL,3741,340.20001220703125,1272688.245666504,2545.376491333008,1270142.869175171,rank_or_trend_exit,0.0
2018-10-01,JUBLFOOD.NS,SELL,5924,248.0,1469152.0,2938.304,1466213.696,rank_or_trend_exit,0.0
2018-10-01,VIPIND.NS,SELL,2929,410.0,1200890.0,2401.78,1198488.22,rank_or_trend_exit,0.0
2018-10-01,BSOFT.NS,SELL,9728,130.54270935058594,1269919.4765625,2539.838953125,1267379.637609375,rank_or_trend_exit,0.0
2018-10-01,FSL.NS,SELL,24430,62.0,1514660.0,3029.32,1511630.68,rank_or_trend_exit,0.0
2018-10-01,INTELLECT.NS,SELL,6806,200.25,1362901.5,2725.803,1360175.697,rank_or_trend_exit,0.0
2018-10-01,LTTS.NS,SELL,154,1690.0,260260.0,520.52,259739.48,target_rebalance,0.0
2018-10-01,ADANIENT.NS,SELL,931,127.0,118237.0,236.47400000000002,118000.526,target_rebalance,0.0
2018-10-01,ZENSARTECH.NS,BUY,5395,277.45001220703125,1496842.8158569336,2993.685631713867,-1499836.5014886474,target_rebalance,0.0
2018-10-01,MPHASIS.NS,SELL,177,1173.0,207621.0,415.242,207205.758,target_rebalance,0.0
2018-10-01,COFORGE.NS,BUY,432,215.4199981689453,93061.43920898438,186.12287841796876,-93247.56208740234,target_rebalance,0.0
2018-10-01,ABBOTINDIA.NS,SELL,27,7780.10009765625,210062.70263671875,420.12540527343754,209642.57723144532,target_rebalance,0.0
2018-10-01,TCS.NS,BUY,683,2190.89990234375,1496384.6333007812,2992.769266601563,-1499377.402567383,target_rebalance,0.0
2018-10-01,PAGEIND.NS,SELL,8,32915.0,263320.0,526.64,262793.36,target_rebalance,0.0
2018-10-01,ASTRAZEN.NS,SELL,19,1565.050048828125,29735.950927734375,59.47190185546875,29676.479025878907,target_rebalance,0.0
2018-10-01,SONATSOFTW.NS,BUY,11077,135.14999389648438,1497056.4823913574,2994.1129647827147,-1500050.59535614,target_rebalance,0.0
2018-10-01,UBL.NS,BUY,1100,1360.0,1496000.0,2992.0,-1498992.0,target_rebalance,0.0
2018-10-01,INFY.NS,BUY,2029,737.5,1496387.5,2992.775,-1499380.275,target_rebalance,0.0
2018-10-01,GRAPHITE.NS,SELL,1,848.0,848.0,1.696,846.304,target_rebalance,0.0
2018-10-01,BIOCON.NS,BUY,4339,345.0,1496955.0,2993.91,-1499948.91,target_rebalance,0.0
2018-10-01,HEG.NS,BUY,140,658.0,92120.0,184.24,-92304.24,target_rebalance,0.0
2018-11-01,MPHASIS.NS,SELL,1276,993.0999755859376,1267195.5688476565,2534.391137695313,1264661.177709961,rank_or_trend_exit,0.0
2018-11-01,PAGEIND.NS,SELL,45,29400.0,1323000.0,2646.0,1320354.0,rank_or_trend_exit,0.0
2018-11-01,ZENSARTECH.NS,SELL,5395,256.75,1385166.25,2770.3325,1382395.9175,rank_or_trend_exit,0.0
2018-11-01,TCS.NS,SELL,683,1943.6500244140625,1327512.9666748047,2655.025933349609,1324857.9407414552,rank_or_trend_exit,0.0
2018-11-01,SONATSOFTW.NS,SELL,11077,116.25,1287701.25,2575.4025,1285125.8475,rank_or_trend_exit,0.0
2018-11-01,UBL.NS,SELL,1100,1239.9000244140625,1363890.0268554688,2727.7800537109374,1361162.2468017577,rank_or_trend_exit,0.0
2018-11-01,BIOCON.NS,SELL,4339,327.5249938964844,1421130.9485168457,2842.2618970336916,1418288.686619812,rank_or_trend_exit,0.0
2018-11-01,ADANIENT.NS,SELL,2860,171.0500030517578,489203.00872802734,978.4060174560547,488224.6027105713,target_rebalance,0.0
2018-11-01,HEG.NS,SELL,559,889.7999877929688,497398.19317626953,994.7963863525391,496403.39678991697,target_rebalance,0.0
2018-11-01,GRAPHITE.NS,SELL,238,999.9500122070312,237988.10290527344,475.9762058105469,237512.12669946288,target_rebalance,0.0
2018-11-01,LTTS.NS,BUY,3,1719.0,5157.0,10.314,-5167.314,target_rebalance,0.0
2018-11-01,INTELLECT.NS,BUY,6067,251.6999969482422,1527063.8814849854,3054.1277629699707,-1530118.0092479554,target_rebalance,0.0
2018-11-01,ASTRAZEN.NS,SELL,65,1714.0,111410.0,222.82,111187.18,target_rebalance,0.0
2018-11-01,ABBOTINDIA.NS,BUY,9,7574.2001953125,68167.8017578125,136.335603515625,-68304.13736132813,target_rebalance,0.0
2018-11-01,DIVISLAB.NS,BUY,1033,1478.0,1526774.0,3053.5480000000002,-1529827.548,target_rebalance,0.0
2018-11-01,ADANIPOWER.NS,BUY,166735,9.15999984741211,1527292.574558258,3054.5851491165163,-1530347.1597073746,target_rebalance,0.0
2018-11-01,COFORGE.NS,SELL,741,246.0,182286.0,364.572,181921.428,target_rebalance,0.0
2018-11-01,PRAJIND.NS,BUY,13778,110.8499984741211,1527291.2789764404,3054.582557952881,-1530345.8615343934,target_rebalance,0.0
2018-11-01,INFY.NS,BUY,185,689.7000122070312,127594.50225830078,255.18900451660156,-127849.69126281739,target_rebalance,0.0
2018-11-01,NAUKRI.NS,BUY,4876,313.2099914550781,1527211.918334961,3054.423836669922,-1530266.3421716308,target_rebalance,0.0
2018-11-01,TECHM.NS,BUY,2044,747.0,1526868.0,3053.736,-1529921.736,target_rebalance,0.0
2018-11-01,JKPAPER.NS,BUY,8984,170.0,1527280.0,3054.56,-1530334.56,target_rebalance,0.0
2018-12-03,COFORGE.NS,SELL,6208,222.0,1378176.0,2756.352,1375419.648,rank_or_trend_exit,0.0
2018-12-03,ABBOTINDIA.NS,SELL,201,7453.9501953125,1498243.9892578125,2996.487978515625,1495247.5012792968,rank_or_trend_exit,0.0
2018-12-03,ASTRAZEN.NS,SELL,891,1400.0,1247400.0,2494.8,1244905.2,rank_or_trend_exit,0.0
2018-12-03,INFY.NS,SELL,2214,673.1500244140625,1490354.1540527344,2980.708308105469,1487373.445744629,rank_or_trend_exit,0.0
2018-12-03,INTELLECT.NS,SELL,6067,231.1499938964844,1402387.012969971,2804.774025939942,1399582.238944031,rank_or_trend_exit,0.0
2018-12-03,PRAJIND.NS,SELL,13778,107.3000030517578,1478379.442047119,2956.758884094238,1475422.6831630247,rank_or_trend_exit,0.0
2018-12-03,NAUKRI.NS,SELL,4876,311.5799865722656,1519264.0145263672,3038.5280290527344,1516225.4864973144,rank_or_trend_exit,0.0
2018-12-03,TECHM.NS,SELL,2044,706.7999877929688,1444699.1750488281,2889.3983500976565,1441809.7766987304,rank_or_trend_exit,0.0
2018-12-03,ADANIENT.NS,SELL,77,166.0500030517578,12785.850234985352,25.571700469970704,12760.27853451538,target_rebalance,0.0
2018-12-03,HEG.NS,BUY,37,838.3400268554688,31018.580993652344,62.037161987304685,-31080.618155639648,target_rebalance,0.0
2018-12-03,USHAMART.NS,BUY,34913,42.09999847412109,1469837.2467269895,2939.6744934539793,-1472776.9212204434,target_rebalance,0.0
2018-12-03,ADANIPOWER.NS,SELL,36315,11.270000457763672,409270.06662368774,818.5401332473755,408451.52649044036,target_rebalance,0.0
2018-12-03,LTTS.NS,BUY,51,1564.699951171875,79799.69750976562,159.59939501953124,-79959.29690478515,target_rebalance,0.0
2018-12-03,VIPIND.NS,BUY,2722,539.9000244140625,1469607.8664550781,2939.2157329101565,-1472547.0821879883,target_rebalance,0.0
2018-12-03,GRAPHITE.NS,BUY,43,936.0,40248.0,80.496,-40328.496,target_rebalance,0.0
2018-12-03,AARTIIND.NS,BUY,4215,348.6967163085937,1469756.6592407224,2939.513318481445,-1472696.1725592038,target_rebalance,0.0
2018-12-03,DIVISLAB.NS,SELL,2,1424.699951171875,2849.39990234375,5.6987998046875,2843.7011025390625,target_rebalance,0.0
2018-12-03,BAJFINANCE.NS,BUY,5768,254.8000030517578,1469686.417602539,2939.372835205078,-1472625.7904377442,target_rebalance,0.0
2018-12-03,IPCALAB.NS,BUY,3674,400.0,1469600.0,2939.2000000000003,-1472539.2,target_rebalance,0.0
2018-12-03,JKPAPER.NS,SELL,272,168.6999969482422,45886.399169921875,91.77279833984375,45794.62637158203,target_rebalance,0.0
2018-12-03,BATAINDIA.NS,BUY,1404,1046.300048828125,1469005.2685546875,2938.010537109375,-1471943.2790917968,target_rebalance,0.0
2018-12-03,TORNTPHARM.NS,BUY,1647,892.4249877929688,1469823.9548950195,2939.647909790039,-1472763.6028048096,target_rebalance,0.0
2018-12-03,SANOFI.NS,BUY,236,6204.75,1464321.0,2928.6420000000003,-1467249.642,target_rebalance,0.0
2019-01-01,GRAPHITE.NS,SELL,1570,755.0,1185350.0,2370.7000000000003,1182979.3,rank_or_trend_exit,0.0
2019-01-01,JKPAPER.NS,SELL,8712,153.35000610351562,1335985.2531738281,2671.9705063476563,1333313.2826674804,rank_or_trend_exit,0.0
2019-01-01,SANOFI.NS,SELL,236,6370.0,1503320.0,3006.64,1500313.36,rank_or_trend_exit,0.0
2019-01-01,ADANIENT.NS,BUY,29,160.89999389648438,4666.099822998047,9.332199645996093,-4675.432022644043,target_rebalance,0.0
2019-01-01,LTTS.NS,SELL,107,1716.9000244140625,183708.3026123047,367.4166052246094,183340.8860070801,target_rebalance,0.0
2019-01-01,BATAINDIA.NS,SELL,143,1133.0,162019.0,324.038,161694.962,target_rebalance,0.0
2019-01-01,USHAMART.NS,BUY,4560,36.20000076293945,165072.0034790039,330.1440069580078,-165402.1474859619,target_rebalance,0.0
2019-01-01,ADANIPOWER.NS,BUY,9672,10.199999809265137,98654.3981552124,197.3087963104248,-98851.70695152282,target_rebalance,0.0
2019-01-01,HEG.NS,BUY,174,741.52001953125,129024.4833984375,258.048966796875,-129282.53236523438,target_rebalance,0.0
2019-01-01,DIVISLAB.NS,SELL,69,1485.0,102465.0,204.93,102260.07,target_rebalance,0.0
2019-01-01,VIPIND.NS,BUY,36,518.0,18648.0,37.296,-18685.296,target_rebalance,0.0
2019-01-01,LINDEINDIA.NS,BUY,2093,682.5499877929688,1428577.1244506836,2857.1542489013673,-1431434.278699585,target_rebalance,0.0
2019-01-01,AARTIIND.NS,SELL,160,352.3416442871094,56374.6630859375,112.749326171875,56261.91375976562,target_rebalance,0.0
2019-01-01,IPCALAB.NS,SELL,102,400.0249938964844,40802.549377441406,81.60509875488282,40720.944278686526,target_rebalance,0.0
2019-01-01,BAJFINANCE.NS,SELL,366,264.5,96807.0,193.614,96613.386,target_rebalance,0.0
2019-01-01,COFORGE.NS,BUY,6239,229.0,1428731.0,2857.462,-1431588.462,target_rebalance,0.0
2019-01-01,NESTLEIND.NS,BUY,2553,557.5,1423297.5,2846.5950000000003,-1426144.095,target_rebalance,0.0
2019-01-01,TORNTPHARM.NS,SELL,45,891.9749755859375,40138.87390136719,80.27774780273438,40058.59615356445,target_rebalance,0.0
2019-02-01,HEG.NS,SELL,1927,526.469970703125,1014507.6335449219,2029.0152670898437,1012478.618277832,rank_or_trend_exit,0.0
2019-02-01,ADANIENT.NS,SELL,8880,136.9499969482422,1216115.9729003906,2432.2319458007814,1213683.7409545898,rank_or_trend_exit,0.0
2019-02-01,ADANIPOWER.NS,SELL,140092,9.270000457763672,1298652.9041290283,2597.305808258057,1296055.5983207703,rank_or_trend_exit,0.0
2019-02-01,USHAMART.NS,SELL,39473,32.54999923706055,1284846.119884491,2569.692239768982,1282276.427644722,rank_or_trend_exit,0.0
2019-02-01,VIPIND.NS,SELL,2758,482.6000061035156,1331010.816833496,2662.0216336669923,1328348.7951998292,rank_or_trend_exit,0.0
2019-02-01,IPCALAB.NS,SELL,3572,383.0499877929688,1368254.5563964846,2736.509112792969,1365518.0472836916,rank_or_trend_exit,0.0
2019-02-01,LINDEINDIA.NS,SELL,2093,470.0,983710.0,1967.42,981742.58,rank_or_trend_exit,0.0
2019-02-01,DIVISLAB.NS,SELL,70,1511.199951171875,105783.99658203125,211.5679931640625,105572.42858886719,target_rebalance,0.0
2019-02-01,AARTIIND.NS,SELL,629,393.6506652832031,247606.26846313477,495.21253692626954,247111.0559262085,target_rebalance,0.0
2019-02-01,BATAINDIA.NS,SELL,52,1115.6500244140625,58013.80126953125,116.0276025390625,57897.77366699219,target_rebalance,0.0
2019-02-01,NESTLEIND.NS,SELL,207,574.9025268554688,119004.82305908203,238.00964611816406,118766.81341296386,target_rebalance,0.0
2019-02-01,COFORGE.NS,SELL,1091,262.0199890136719,285863.808013916,571.727616027832,285292.0803978882,target_rebalance,0.0
2019-02-01,LTTS.NS,BUY,20,1582.0,31640.0,63.28,-31703.28,target_rebalance,0.0
2019-02-01,ABFRL.NS,BUY,6532,206.5056610107422,1348894.977722168,2697.789955444336,-1351592.7676776124,target_rebalance,0.0
2019-02-01,TORNTPHARM.NS,SELL,131,916.8499755859376,120107.34680175783,240.21469360351566,119867.13210815431,target_rebalance,0.0
2019-02-01,NAUKRI.NS,BUY,3854,350.0,1348900.0,2697.8,-1351597.8,target_rebalance,0.0
2019-02-01,INFY.NS,BUY,1795,751.3499755859375,1348673.2061767578,2697.3464123535155,-1351370.5525891113,target_rebalance,0.0
2019-02-01,UBL.NS,BUY,943,1430.0,1348490.0,2696.98,-1351186.98,target_rebalance,0.0
2019-02-01,ASTRAL.NS,BUY,2652,508.5001220703125,1348542.3237304688,2697.0846474609375,-1351239.4083779296,target_rebalance,0.0
2019-02-01,TECHM.NS,BUY,1840,732.9500122070312,1348628.0224609375,2697.256044921875,-1351325.2785058594,target_rebalance,0.0
2019-02-01,BAJFINANCE.NS,SELL,164,257.5,42230.0,84.46000000000001,42145.54,target_rebalance,0.0
2019-02-01,DABUR.NS,BUY,2997,450.0,1348650.0,2697.3,-1351347.3,target_rebalance,0.0
2019-03-01,LTTS.NS,SELL,852,1526.300048828125,1300407.6416015625,2600.815283203125,1297806.8263183595,rank_or_trend_exit,0.0
2019-03-01,AARTIIND.NS,SELL,3426,341.4311828613281,1169743.2324829102,2339.4864649658202,1167403.7460179443,rank_or_trend_exit,0.0
2019-03-01,BAJFINANCE.NS,SELL,5238,266.3299865722656,1395036.4696655273,2790.072939331055,1392246.3967261964,rank_or_trend_exit,0.0
2019-03-01,NESTLEIND.NS,SELL,2346,532.0,1248072.0,2496.1440000000002,1245575.856,rank_or_trend_exit,0.0
2019-03-01,UBL.NS,SELL,943,1351.5999755859375,1274558.776977539,2549.117553955078,1272009.659423584,rank_or_trend_exit,0.0
2019-03-01,ASTRAL.NS,SELL,2652,486.0001220703125,1288872.3237304688,2577.7446474609374,1286294.5790830078,rank_or_trend_exit,0.0
2019-03-01,DABUR.NS,SELL,2997,439.7000122070313,1317780.936584473,2635.561873168946,1315145.374711304,rank_or_trend_exit,0.0
2019-03-01,BATAINDIA.NS,SELL,157,1290.25,202569.25,405.1385,202164.1115,target_rebalance,0.0
2019-03-01,PRAJIND.NS,BUY,9302,146.0,1358092.0,2716.184,-1360808.184,target_rebalance,0.0
2019-03-01,DIVISLAB.NS,SELL,69,1650.050048828125,113853.45336914062,227.70690673828125,113625.74646240234,target_rebalance,0.0
2019-03-01,ADANIPOWER.NS,BUY,140458,9.670000076293944,1358228.8707160947,2716.4577414321893,-1360945.3284575269,target_rebalance,0.0
2019-03-01,NAUKRI.NS,SELL,33,355.4100036621094,11728.53012084961,23.45706024169922,11705.07306060791,target_rebalance,0.0
2019-03-01,TECHM.NS,SELL,206,831.0,171186.0,342.372,170843.628,target_rebalance,0.0
2019-03-01,ABFRL.NS,SELL,445,223.1148376464844,99286.10275268556,198.57220550537113,99087.53054718018,target_rebalance,0.0
2019-03-01,MUTHOOTFIN.NS,BUY,2570,528.2999877929688,1357730.9686279297,2715.4619372558595,-1360446.4305651856,target_rebalance,0.0
2019-03-01,COFORGE.NS,SELL,13,264.4599914550781,3437.9798889160156,6.875959777832032,3431.1039291381835,target_rebalance,0.0
2019-03-01,UPL.NS,BUY,2325,584.066650390625,1357954.9621582031,2715.9099243164064,-1360670.8720825196,target_rebalance,0.0
2019-03-01,AXISBANK.NS,BUY,1903,713.5,1357790.5,2715.581,-1360506.081,target_rebalance,0.0
2019-03-01,HAVELLS.NS,BUY,1893,717.5,1358227.5,2716.455,-1360943.955,target_rebalance,0.0
2019-03-01,INFY.NS,BUY,51,735.5,37510.5,75.021,-37585.521,target_rebalance,0.0
2019-03-01,TORNTPHARM.NS,BUY,39,899.0,35061.0,70.122,-35131.122,target_rebalance,0.0
2019-03-01,CGCL.NS,BUY,11217,121.07772827148438,1358128.8780212402,2716.2577560424807,-1360845.1357772828,target_rebalance,0.0
2019-04-01,TORNTPHARM.NS,SELL,1510,975.0,1472250.0,2944.5,1469305.5,rank_or_trend_exit,0.0
2019-04-01,COFORGE.NS,SELL,5135,265.0,1360775.0,2721.55,1358053.45,rank_or_trend_exit,0.0
2019-04-01,INFY.NS,SELL,1846,742.0,1369732.0,2739.464,1366992.536,rank_or_trend_exit,0.0
2019-04-01,TECHM.NS,SELL,1634,782.8499755859375,1279176.8601074219,2558.3537202148436,1276618.506387207,rank_or_trend_exit,0.0
2019-04-01,UPL.NS,SELL,2325,638.6666870117188,1484900.047302246,2969.800094604492,1481930.2472076416,rank_or_trend_exit,0.0
2019-04-01,CGCL.NS,SELL,2436,165.4413604736328,403015.15411376953,806.0303082275391,402209.123805542,target_rebalance,0.0
2019-04-01,ADANIPOWER.NS,BUY,9473,9.6899995803833,91793.36602497101,183.58673204994201,-91976.95275702095,target_rebalance,0.0
2019-04-01,PRAJIND.NS,SELL,1,156.1999969482422,156.1999969482422,0.3123999938964844,155.8875969543457,target_rebalance,0.0
2019-04-01,BATAINDIA.NS,SELL,18,1405.0,25290.0,50.58,25239.42,target_rebalance,0.0
2019-04-01,BALRAMCHIN.NS,BUY,10489,138.5,1452726.5,2905.453,-1455631.953,target_rebalance,0.0
2019-04-01,BAJFINANCE.NS,BUY,4794,303.0199890136719,1452677.827331543,2905.355654663086,-1455583.1829862061,target_rebalance,0.0
2019-04-01,MUTHOOTFIN.NS,SELL,220,618.0,135960.0,271.92,135688.08,target_rebalance,0.0
2019-04-01,TIINDIA.NS,BUY,3773,385.0,1452605.0,2905.21,-1455510.21,target_rebalance,0.0
2019-04-01,ABFRL.NS,BUY,543,219.1227264404297,118983.64045715332,237.96728091430666,-119221.60773806763,target_rebalance,0.0
2019-04-01,AXISBANK.NS,SELL,43,780.9500122070312,33580.850524902344,67.16170104980469,33513.68882385254,target_rebalance,0.0
2019-04-01,IPCALAB.NS,BUY,2942,493.7000122070313,1452465.4359130862,2904.9308718261723,-1455370.3667849123,target_rebalance,0.0
2019-04-01,HAVELLS.NS,SELL,19,775.0,14725.0,29.45,14695.55,target_rebalance,0.0
2019-04-01,NAUKRI.NS,BUY,120,368.5899963378906,44230.799560546875,88.46159912109376,-44319.26115966797,target_rebalance,0.0
2019-04-01,DIVISLAB.NS,BUY,27,1709.0,46143.0,92.286,-46235.286,target_rebalance,0.0
2019-04-01,RBLBANK.NS,BUY,2130,681.9500122070312,1452553.5260009766,2905.107052001953,-1455458.6330529784,target_rebalance,0.0
2019-05-02,ABFRL.NS,SELL,6630,212.37062072753903,1408017.2154235838,2816.0344308471676,1405201.1809927365,rank_or_trend_exit,0.0
2019-05-02,TIINDIA.NS,SELL,3773,396.8999938964844,1497503.6769714355,2995.0073539428713,1494508.6696174927,rank_or_trend_exit,0.0
2019-05-02,RBLBANK.NS,SELL,2130,678.75,1445737.5,2891.475,1442846.025,rank_or_trend_exit,0.0
2019-05-02,BATAINDIA.NS,SELL,45,1454.0,65430.0,130.86,65299.14,target_rebalance,0.0
2019-05-02,BALRAMCHIN.NS,SELL,939,150.60000610351562,141413.40573120117,282.82681146240236,141130.57891973876,target_rebalance,0.0
2019-05-02,CGCL.NS,BUY,544,154.2322235107422,83902.32958984375,167.8046591796875,-84070.13424902344,target_rebalance,0.0
2019-05-02,BAJFINANCE.NS,SELL,147,309.5,45496.5,90.993,45405.507,target_rebalance,0.0
2019-05-02,ADANIPOWER.NS,BUY,10241,8.979999542236328,91964.17531204224,183.9283506240845,-92148.10366266633,target_rebalance,0.0
2019-05-02,MUTHOOTFIN.NS,BUY,72,593.7000122070312,42746.40087890625,85.4928017578125,-42831.89368066406,target_rebalance,0.0
2019-05-02,NAUKRI.NS,SELL,225,387.0,87075.0,174.15,86900.85,target_rebalance,0.0
2019-05-02,DIVISLAB.NS,SELL,25,1741.4000244140625,43535.00061035156,87.07000122070313,43447.93060913086,target_rebalance,0.0
2019-05-02,AXISBANK.NS,BUY,19,765.4000244140625,14542.600463867188,29.085200927734377,-14571.685664794923,target_rebalance,0.0
2019-05-02,PRAJIND.NS,BUY,1236,136.5,168714.0,337.428,-169051.428,target_rebalance,0.0
2019-05-02,RELIANCE.NS,BUY,2260,636.3755493164062,1438208.7414550781,2876.417482910156,-1441085.1589379883,target_rebalance,0.0
2019-05-02,ICICIGI.NS,BUY,1315,1093.0,1437295.0,2874.59,-1440169.59,target_rebalance,0.0
2019-05-02,BAJAJFINSV.NS,BUY,1912,752.2000122070312,1438206.4233398438,2876.4128466796874,-1441082.8361865235,target_rebalance,0.0
2019-05-02,HAVELLS.NS,SELL,28,778.7999877929688,21806.399658203125,43.61279931640625,21762.78685888672,target_rebalance,0.0
2019-05-02,IPCALAB.NS,BUY,70,477.5,33425.0,66.85,-33491.85,target_rebalance,0.0
2019-06-03,DIVISLAB.NS,SELL,825,1597.25,1317731.25,2635.4625,1315095.7875,rank_or_trend_exit,0.0
2019-06-03,ADANIPOWER.NS,SELL,160172,10.09000015258789,1616135.5044403076,3232.271008880615,1612903.233431427,rank_or_trend_exit,0.0
2019-06-03,HAVELLS.NS,SELL,1846,749.7999877929688,1384130.7774658203,2768.2615549316406,1381362.5159108886,rank_or_trend_exit,0.0
2019-06-03,IPCALAB.NS,SELL,3012,472.4500122070313,1423019.4367675784,2846.0388735351567,1420173.3978940432,rank_or_trend_exit,0.0
2019-06-03,RELIANCE.NS,SELL,2260,610.3170776367188,1379316.5954589844,2758.633190917969,1376557.9622680664,rank_or_trend_exit,0.0
2019-06-03,BAJAJFINSV.NS,SELL,1912,819.4000244140625,1566692.8466796875,3133.385693359375,1563559.460986328,rank_or_trend_exit,0.0
2019-06-03,DCMSHRIRAM.NS,BUY,2695,557.0,1501115.0,3002.23,-1504117.23,target_rebalance,0.0
2019-06-03,BALRAMCHIN.NS,BUY,168,154.5,25956.0,51.912,-26007.912,target_rebalance,0.0
2019-06-03,CGCL.NS,SELL,1204,184.8800201416016,222595.5442504883,445.1910885009766,222150.35316198732,target_rebalance,0.0
2019-06-03,JUSTDIAL.NS,BUY,2010,746.9500122070312,1501369.5245361328,3002.7390490722655,-1504372.2635852052,target_rebalance,0.0
2019-06-03,NAUKRI.NS,SELL,65,411.2000122070313,26728.000793457035,53.45600158691407,26674.54479187012,target_rebalance,0.0
2019-06-03,BATAINDIA.NS,BUY,139,1330.0,184870.0,369.74,-185239.74,target_rebalance,0.0
2019-06-03,MUTHOOTFIN.NS,SELL,112,650.0,72800.0,145.6,72654.4,target_rebalance,0.0
2019-06-03,BAJFINANCE.NS,SELL,308,346.0,106568.0,213.136,106354.864,target_rebalance,0.0
2019-06-03,ICICIGI.NS,SELL,47,1183.8499755859375,55640.94885253906,111.28189770507812,55529.666954833985,target_rebalance,0.0
2019-06-03,INDIGO.NS,BUY,885,1696.0999755859375,1501048.4783935547,3002.0969567871093,-1504050.5753503419,target_rebalance,0.0
2019-06-03,PRAJIND.NS,SELL,193,145.14999389648438,28013.948822021484,56.02789764404297,27957.920924377442,target_rebalance,0.0
2019-06-03,SRF.NS,BUY,2638,569.1099853515625,1501312.1413574219,3002.624282714844,-1504314.7656401368,target_rebalance,0.0
2019-06-03,PFC.NS,BUY,15136,99.1999969482422,1501491.153808594,3002.982307617188,-1504494.136116211,target_rebalance,0.0
2019-06-03,AXISBANK.NS,SELL,34,813.5499877929688,27660.699584960938,55.321399169921875,27605.378185791014,target_rebalance,0.0
2019-06-03,AARTIIND.NS,BUY,3287,456.7926940917969,1501477.5854797363,3002.9551709594725,-1504480.5406506958,target_rebalance,0.0
2019-07-01,JUSTDIAL.NS,SELL,2010,759.25,1526092.5,3052.185,1523040.315,rank_or_trend_exit,0.0
2019-07-01,INDIGO.NS,SELL,885,1560.5,1381042.5,2762.085,1378280.415,rank_or_trend_exit,0.0
2019-07-01,AARTIIND.NS,SELL,3287,431.3147583007813,1417731.6105346682,2835.4632210693367,1414896.1473135988,rank_or_trend_exit,0.0
2019-07-01,DCMSHRIRAM.NS,SELL,44,568.5499877929688,25016.199462890625,50.03239892578125,24966.167063964844,target_rebalance,0.0
2019-07-01,BALRAMCHIN.NS,BUY,749,144.0,107856.0,215.71200000000002,-108071.712,target_rebalance,0.0
2019-07-01,NAUKRI.NS,SELL,302,450.0,135900.0,271.8,135628.2,target_rebalance,0.0
2019-07-01,CGCL.NS,BUY,892,167.23861694335938,149176.84631347656,298.35369262695315,-149475.20000610352,target_rebalance,0.0
2019-07-01,BATAINDIA.NS,SELL,89,1449.9000244140625,129041.10217285156,258.08220434570313,128783.01996850586,target_rebalance,0.0
2019-07-01,RECLTD.NS,BUY,12180,123.75,1507275.0,3014.55,-1510289.55,target_rebalance,0.0
2019-07-01,BAJFINANCE.NS,SELL,253,368.8699951171875,93324.10876464844,186.6482175292969,93137.46054711915,target_rebalance,0.0
2019-07-01,PFC.NS,SELL,1076,107.1999969482422,115347.19671630861,230.69439343261723,115116.502322876,target_rebalance,0.0
2019-07-01,MUTHOOTFIN.NS,BUY,19,646.9500122070312,12292.050231933594,24.584100463867188,-12316.634332397462,target_rebalance,0.0
2019-07-01,SRF.NS,SELL,183,613.7999877929688,112325.39776611328,224.65079553222657,112100.74697058105,target_rebalance,0.0
2019-07-01,PRAJIND.NS,BUY,244,142.35000610351562,34733.40148925781,69.46680297851563,-34802.86829223633,target_rebalance,0.0
2019-07-01,TITAN.NS,BUY,1133,1330.0999755859375,1507003.2723388672,3014.0065446777344,-1510017.278883545,target_rebalance,0.0
2019-07-01,PIIND.NS,BUY,1262,1193.699951171875,1506449.3383789062,3012.8986767578126,-1509462.237055664,target_rebalance,0.0
2019-07-01,ICICIGI.NS,BUY,81,1116.6500244140625,90448.65197753906,180.89730395507812,-90629.54928149414,target_rebalance,0.0
2019-07-01,AXISBANK.NS,BUY,14,810.75,11350.5,22.701,-11373.201,target_rebalance,0.0
2019-08-01,BATAINDIA.NS,SELL,1039,1298.300048828125,1348933.7507324219,2697.867501464844,1346235.883230957,rank_or_trend_exit,0.0
2019-08-01,PRAJIND.NS,SELL,10588,104.5999984741211,1107504.7838439941,2215.0095676879882,1105289.7742763062,rank_or_trend_exit,0.0
2019-08-01,MUTHOOTFIN.NS,SELL,2329,601.1500244140625,1400078.4068603516,2800.156813720703,1397278.2500466309,rank_or_trend_exit,0.0
2019-08-01,AXISBANK.NS,SELL,1859,673.9500122070312,1252873.072692871,2505.7461453857422,1250367.3265474853,rank_or_trend_exit,0.0
2019-08-01,BAJFINANCE.NS,SELL,4086,323.1000061035156,1320186.6249389648,2640.3732498779295,1317546.251689087,rank_or_trend_exit,0.0
2019-08-01,DCMSHRIRAM.NS,SELL,2651,398.7999877929688,1057218.7676391604,2114.437535278321,1055104.3301038821,rank_or_trend_exit,0.0
2019-08-01,PFC.NS,SELL,14060,87.27999877929688,1227156.782836914,2454.313565673828,1224702.4692712403,rank_or_trend_exit,0.0
2019-08-01,TITAN.NS,SELL,1133,1052.0999755859375,1192029.2723388672,2384.0585446777345,1189645.2137941895,rank_or_trend_exit,0.0
2019-08-01,BALRAMCHIN.NS,SELL,1141,141.4499969482422,161394.44651794434,322.7888930358887,161071.65762490846,target_rebalance,0.0
2019-08-01,NAUKRI.NS,SELL,410,448.7799987792969,183999.79949951172,367.9995989990234,183631.7999005127,target_rebalance,0.0
2019-08-01,ICICIGI.NS,SELL,242,1191.050048828125,288234.11181640625,576.4682236328125,287657.6435927734,target_rebalance,0.0
2019-08-01,RECLTD.NS,BUY,402,104.8499984741211,42149.69938659668,84.29939877319336,-42233.99878536987,target_rebalance,0.0
2019-08-01,RITES.NS,BUY,10920,120.8000030517578,1319136.033325195,2638.27206665039,-1321774.3053918455,target_rebalance,0.0
2019-08-01,ADANIPOWER.NS,BUY,108134,12.199999809265137,1319234.7793750763,2638.469558750153,-1321873.2489338263,target_rebalance,0.0
2019-08-01,CGCL.NS,BUY,72,145.1986846923828,10454.305297851562,20.908610595703127,-10475.213908447266,target_rebalance,0.0
2019-08-01,INDIGO.NS,BUY,850,1551.0,1318350.0,2636.7000000000003,-1320986.7,target_rebalance,0.0
2019-08-01,UPL.NS,BUY,2294,574.9000244140625,1318820.6560058594,2637.6413120117186,-1321458.2973178711,target_rebalance,0.0
2019-08-01,GODREJPROP.NS,BUY,1386,951.5,1318779.0,2637.558,-1321416.558,target_rebalance,0.0
2019-08-01,ADANIGREEN.NS,BUY,28679,46.0,1319234.0,2638.468,-1321872.468,target_rebalance,0.0
2019-08-01,PIIND.NS,SELL,63,1099.6500244140625,69277.95153808594,138.5559030761719,69139.39563500977,target_rebalance,0.0
2019-08-01,ICICIBANK.NS,BUY,3116,423.25,1318847.0,2637.694,-1321484.694,target_rebalance,0.0
2019-08-01,KPIL.NS,BUY,2742,481.0,1318902.0,2637.804,-1321539.804,target_rebalance,0.0
2019-09-03,NAUKRI.NS,SELL,2939,406.55999755859375,1194879.832824707,2389.7596656494143,1192490.0731590576,rank_or_trend_exit,0.0
2019-09-03,BALRAMCHIN.NS,SELL,9326,132.10000610351562,1231964.6569213867,2463.9293138427734,1229500.727607544,rank_or_trend_exit,0.0
2019-09-03,RITES.NS,SELL,10920,113.0,1233960.0,2467.92,1231492.08,rank_or_trend_exit,0.0
2019-09-03,UPL.NS,SELL,2294,559.9500122070312,1284525.3280029297,2569.0506560058593,1281956.2773469237,rank_or_trend_exit,0.0
2019-09-03,GODREJPROP.NS,SELL,1386,896.0,1241856.0,2483.712,1239372.288,rank_or_trend_exit,0.0
2019-09-03,ADANIGREEN.NS,SELL,28679,46.0,1319234.0,2638.468,1316595.532,rank_or_trend_exit,0.0
2019-09-03,ICICIBANK.NS,SELL,3116,405.0499877929688,1262135.7619628909,2524.271523925782,1259611.4904389651,rank_or_trend_exit,0.0
2019-09-03,KPIL.NS,SELL,2742,447.6499938964844,1227456.2832641602,2454.9125665283204,1225001.3706976317,rank_or_trend_exit,0.0
2019-09-03,INDIGO.NS,SELL,83,1688.0,140104.0,280.208,139823.792,target_rebalance,0.0
2019-09-03,ADANIPOWER.NS,BUY,4238,11.529999732971191,48864.13886833191,97.72827773666383,-48961.86714606857,target_rebalance,0.0
2019-09-03,HDFCAMC.NS,BUY,1006,1287.5,1295225.0,2590.4500000000003,-1297815.45,target_rebalance,0.0
2019-09-03,ICICIGI.NS,SELL,71,1250.0,88750.0,177.5,88572.5,target_rebalance,0.0
2019-09-03,CANFINHOME.NS,BUY,3160,410.0,1295600.0,2591.2000000000003,-1298191.2,target_rebalance,0.0
2019-09-03,JKCEMENT.NS,BUY,1258,1029.199951171875,1294733.5385742188,2589.4670771484375,-1297323.0056513671,target_rebalance,0.0
2019-09-03,PIIND.NS,SELL,66,1142.699951171875,75418.19677734375,150.8363935546875,75267.36038378907,target_rebalance,0.0
2019-09-03,BATAINDIA.NS,BUY,842,1537.949951171875,1294953.8588867188,2589.9077177734375,-1297543.7666044922,target_rebalance,0.0
2019-09-03,SRF.NS,SELL,117,554.0,64818.0,129.636,64688.364,target_rebalance,0.0
2019-09-03,SBILIFE.NS,BUY,1555,832.7999877929688,1295003.9810180664,2590.007962036133,-1297593.9889801026,target_rebalance,0.0
2019-09-03,APOLLOHOSP.NS,BUY,866,1496.0,1295536.0,2591.072,-1298127.072,target_rebalance,0.0
2019-09-03,RECLTD.NS,SELL,489,107.1374969482422,52390.23600769044,104.78047201538088,52285.45553567506,target_rebalance,0.0
2019-09-03,CGCL.NS,SELL,115,144.44195556640625,16610.82489013672,33.22164978027344,16577.603240356446,target_rebalance,0.0
2019-09-03,TRENT.NS,BUY,2764,468.7000122070313,1295486.8337402346,2590.9736674804694,-1298077.8074077151,target_rebalance,0.0
2019-09-03,PETRONET.NS,BUY,4859,266.6499938964844,1295652.3203430176,2591.3046406860353,-1298243.6249837037,target_rebalance,0.0
2019-10-01,ICICIGI.NS,SELL,1036,1210.0,1253560.0,2507.12,1251052.88,rank_or_trend_exit,0.0
2019-10-01,SRF.NS,SELL,2338,549.0,1283562.0,2567.1240000000003,1280994.876,rank_or_trend_exit,0.0
2019-10-01,RECLTD.NS,SELL,12093,92.5500030517578,1119207.186904907,2238.414373809814,1116968.7725310973,rank_or_trend_exit,0.0
2019-10-01,CANFINHOME.NS,SELL,3160,391.6000061035156,1237456.0192871094,2474.912038574219,1234981.1072485351,rank_or_trend_exit,0.0
2019-10-01,JKCEMENT.NS,SELL,1258,1069.0,1344802.0,2689.6040000000003,1342112.396,rank_or_trend_exit,0.0
2019-10-01,SBILIFE.NS,SELL,1555,846.0,1315530.0,2631.06,1312898.94,rank_or_trend_exit,0.0
2019-10-01,APOLLOHOSP.NS,SELL,866,1398.0,1210668.0,2421.3360000000002,1208246.664,rank_or_trend_exit,0.0
2019-10-01,TRENT.NS,SELL,2764,480.6000061035156,1328378.4168701172,2656.7568337402345,1325721.660036377,rank_or_trend_exit,0.0
2019-10-01,PETRONET.NS,SELL,4859,261.0,1268199.0,2536.398,1265662.602,rank_or_trend_exit,0.0
2019-10-01,CGCL.NS,SELL,2330,205.07540893554688,477825.7028198242,955.6514056396485,476870.05141418456,target_rebalance,0.0
2019-10-01,HDFCAMC.NS,SELL,40,1409.5,56380.0,112.76,56267.24,target_rebalance,0.0
2019-10-01,INDIGO.NS,SELL,42,1878.0,78876.0,157.752,78718.248,target_rebalance,0.0
2019-10-01,ADANIPOWER.NS,SELL,7288,12.960000038146973,94452.48027801514,188.9049605560303,94263.57531745911,target_rebalance,0.0
2019-10-01,CREDITACC.NS,BUY,2072,657.0999755859375,1361511.1494140625,2723.0222988281253,-1364234.1717128907,target_rebalance,0.0
2019-10-01,SIEMENS.NS,BUY,1527,891.593505859375,1361463.2834472656,2722.9265668945313,-1364186.2100141603,target_rebalance,0.0
2019-10-01,PIIND.NS,SELL,92,1307.050048828125,120248.6044921875,240.497208984375,120008.10728320312,target_rebalance,0.0
2019-10-01,BAJFINANCE.NS,BUY,3337,408.0,1361496.0,2722.992,-1364218.992,target_rebalance,0.0
2019-10-01,BATAINDIA.NS,SELL,53,1724.8499755859375,91417.04870605469,182.83409741210937,91234.21460864258,target_rebalance,0.0
2019-10-01,HDFCLIFE.NS,BUY,2254,604.2000122070312,1361866.8275146484,2723.733655029297,-1364590.5611696776,target_rebalance,0.0
2019-10-01,BALRAMCHIN.NS,BUY,8688,156.75,1361844.0,2723.688,-1364567.688,target_rebalance,0.0
2019-10-01,GODREJPROP.NS,BUY,1318,1033.0,1361494.0,2722.9880000000003,-1364216.988,target_rebalance,0.0
2019-10-01,BERGEPAINT.NS,BUY,3751,363.0,1361613.0,2723.226,-1364336.226,target_rebalance,0.0
2019-10-01,LALPATHLAB.NS,BUY,1948,699.0999755859375,1361846.7524414062,2723.6935048828127,-1364570.445946289,target_rebalance,0.0
2019-10-01,NESTLEIND.NS,BUY,1961,694.4500122070312,1361816.4739379883,2723.6329478759767,-1364540.1068858642,target_rebalance,0.0
2019-11-01,CGCL.NS,SELL,6640,189.2312469482422,1256495.4797363281,2512.9909594726564,1253982.4887768554,rank_or_trend_exit,0.0
2019-11-01,INDIGO.NS,SELL,725,1472.300048828125,1067417.5354003906,2134.835070800781,1065282.70032959,rank_or_trend_exit,0.0
2019-11-01,BALRAMCHIN.NS,SELL,8688,164.60000610351562,1430044.8530273438,2860.0897060546877,1427184.763321289,rank_or_trend_exit,0.0
2019-11-01,GODREJPROP.NS,SELL,1318,999.9000244140624,1317868.2321777341,2635.7364643554683,1315232.4957133788,rank_or_trend_exit,0.0
2019-11-01,LALPATHLAB.NS,SELL,1948,775.0,1509700.0,3019.4,1506680.6,rank_or_trend_exit,0.0
2019-11-01,NESTLEIND.NS,SELL,1961,747.3499755859375,1465553.3021240234,2931.106604248047,1462622.1955197754,rank_or_trend_exit,0.0
2019-11-01,ADANIGREEN.NS,BUY,15502,90.25,1399055.5,2798.111,-1401853.611,target_rebalance,0.0
2019-11-01,NAM-INDIA.NS,BUY,3875,361.0,1398875.0,2797.75,-1401672.75,target_rebalance,0.0
2019-11-01,HDFCAMC.NS,SELL,35,1502.5,52587.5,105.175,52482.325,target_rebalance,0.0
2019-11-01,MANAPPURAM.NS,BUY,8229,170.0,1398930.0,2797.86,-1401727.86,target_rebalance,0.0
2019-11-01,CREDITACC.NS,BUY,104,642.9500122070312,66866.80126953125,133.7336025390625,-67000.53487207032,target_rebalance,0.0
2019-11-01,BPCL.NS,BUY,5380,260.0249938964844,1398934.467163086,2797.8689343261717,-1401732.336097412,target_rebalance,0.0
2019-11-01,KEI.NS,BUY,2348,595.7999877929688,1398938.3713378906,2797.8767426757813,-1401736.2480805663,target_rebalance,0.0
2019-11-01,SBILIFE.NS,BUY,1052,993.2999877929688,1044951.5871582031,2089.9031743164064,-1047041.4903325195,target_rebalance,0.0
2019-11-01,BERGEPAINT.NS,SELL,516,432.4583435058594,223148.50524902344,446.29701049804686,222702.2082385254,target_rebalance,0.0
2019-11-01,PIIND.NS,SELL,65,1432.8499755859375,93135.24841308594,186.27049682617186,92948.97791625977,target_rebalance,0.0
2019-11-01,ADANIPOWER.NS,BUY,747,13.220000267028809,9875.34019947052,19.75068039894104,-9895.090879869462,target_rebalance,0.0
2019-11-01,BATAINDIA.NS,SELL,13,1802.0,23426.0,46.852000000000004,23379.148,target_rebalance,0.0
2019-11-01,SIEMENS.NS,SELL,97,978.205322265625,94885.91625976562,189.77183251953124,94696.1444272461,target_rebalance,0.0
2019-11-01,HDFCLIFE.NS,SELL,20,626.0,12520.0,25.04,12494.96,target_rebalance,0.0
2019-11-01,BAJFINANCE.NS,BUY,135,402.8999938964844,54391.49917602539,108.78299835205078,-54500.28217437744,target_rebalance,0.0
2019-12-02,ADANIPOWER.NS,SELL,105831,12.789999961853027,1353578.4859628677,2707.1569719257354,1350871.328990942,rank_or_trend_exit,0.0
2019-12-02,BATAINDIA.NS,SELL,776,1625.0999755859375,1261077.5810546875,2522.155162109375,1258555.4258925782,rank_or_trend_exit,0.0
2019-12-02,SIEMENS.NS,SELL,1430,862.9479370117188,1234015.5499267578,2468.0310998535156,1231547.5188269042,rank_or_trend_exit,0.0
2019-12-02,BAJFINANCE.NS,SELL,3472,407.5,1414840.0,2829.68,1412010.32,rank_or_trend_exit,0.0
2019-12-02,HDFCLIFE.NS,SELL,2234,570.0,1273380.0,2546.76,1270833.24,rank_or_trend_exit,0.0
2019-12-02,BERGEPAINT.NS,SELL,3235,409.7083435058594,1325406.491241455,2650.8129824829102,1322755.6782589722,rank_or_trend_exit,0.0
2019-12-02,MANAPPURAM.NS,SELL,8229,154.60000610351562,1272203.45022583,2544.40690045166,1269659.0433253783,rank_or_trend_exit,0.0
2019-12-02,KEI.NS,SELL,2348,522.5,1226830.0,2453.66,1224376.34,rank_or_trend_exit,0.0
2019-12-02,ADANIGREEN.NS,SELL,5144,138.0,709872.0,1419.7440000000001,708452.256,target_rebalance,0.0
2019-12-02,HDFCAMC.NS,SELL,123,1767.5,217402.5,434.805,216967.695,target_rebalance,0.0
2019-12-02,GRSE.NS,BUY,6743,212.0,1429516.0,2859.032,-1432375.032,target_rebalance,0.0
2019-12-02,CREDITACC.NS,SELL,390,800.0,312000.0,624.0,311376.0,target_rebalance,0.0
2019-12-02,NAM-INDIA.NS,BUY,95,360.0,34200.0,68.4,-34268.4,target_rebalance,0.0
2019-12-02,LALPATHLAB.NS,BUY,1812,788.625,1428988.5,2857.977,-1431846.477,target_rebalance,0.0
2019-12-02,AAVAS.NS,BUY,814,1755.0,1428570.0,2857.14,-1431427.14,target_rebalance,0.0
2019-12-02,NAUKRI.NS,BUY,2735,522.6199951171875,1429365.6866455078,2858.7313732910156,-1432224.4180187988,target_rebalance,0.0
2019-12-02,ABBOTINDIA.NS,BUY,112,12678.400390625,1419980.84375,2839.9616875,-1422820.8054375,target_rebalance,0.0
2019-12-02,MCX.NS,BUY,6062,235.8000030517578,1429419.6184997559,2858.8392369995117,-1432278.4577367553,target_rebalance,0.0
2019-12-02,PIIND.NS,SELL,12,1482.0,17784.0,35.568,17748.432,target_rebalance,0.0
2019-12-02,SBILIFE.NS,BUY,438,959.1500244140624,420107.7106933593,840.2154213867186,-420947.926114746,target_rebalance,0.0
2019-12-02,GUJGASLTD.NS,BUY,6705,213.1999969482422,1429505.9795379639,2859.0119590759277,-1432364.9914970398,target_rebalance,0.0
2019-12-02,BPCL.NS,BUY,247,254.0249938964844,62744.17349243165,125.4883469848633,-62869.66183941651,target_rebalance,0.0
2019-12-02,ATGL.NS,BUY,8851,161.5,1429436.5,2858.873,-1432295.373,target_rebalance,0.0
2020-01-01,PIIND.NS,SELL,964,1450.9000244140625,1398667.6235351562,2797.3352470703126,1395870.288288086,rank_or_trend_exit,0.0
2020-01-01,BPCL.NS,SELL,5627,246.0,1384242.0,2768.484,1381473.516,rank_or_trend_exit,0.0
2020-01-01,LALPATHLAB.NS,SELL,1812,747.5,1354470.0,2708.94,1351761.06,rank_or_trend_exit,0.0
2020-01-01,NAUKRI.NS,SELL,2735,506.6600036621094,1385715.1100158691,2771.4302200317384,1382943.6797958375,rank_or_trend_exit,0.0
2020-01-01,ATGL.NS,SELL,8851,163.39999389648438,1446253.3459777832,2892.5066919555666,1443360.8392858277,rank_or_trend_exit,0.0
2020-01-01,ADANIGREEN.NS,SELL,1817,169.35000610351562,307708.9610900879,615.4179221801758,307093.5431679077,target_rebalance,0.0
2020-01-01,GRSE.NS,BUY,516,199.25,102813.0,205.626,-103018.626,target_rebalance,0.0
2020-01-01,NAM-INDIA.NS,BUY,96,355.70001220703125,34147.201171875,68.29440234375001,-34215.49557421875,target_rebalance,0.0
2020-01-01,HDFCAMC.NS,BUY,96,1599.0250244140625,153506.40234375,307.0128046875,-153813.4151484375,target_rebalance,0.0
2020-01-01,DIXON.NS,BUY,1918,754.0,1446172.0,2892.344,-1449064.344,target_rebalance,0.0
2020-01-01,AAVAS.NS,SELL,84,1981.0999755859373,166412.39794921872,332.82479589843746,166079.5731533203,target_rebalance,0.0
2020-01-01,CREDITACC.NS,BUY,78,775.9000244140625,60520.201904296875,121.04040380859375,-60641.242308105466,target_rebalance,0.0
2020-01-01,ABBOTINDIA.NS,SELL,3,13170.599609375,39511.798828125,79.02359765625,39432.77523046875,target_rebalance,0.0
2020-01-01,BALRAMCHIN.NS,BUY,7852,184.1999969482422,1446338.3760375977,2892.6767520751955,-1449231.0527896727,target_rebalance,0.0
2020-01-01,ASTRAZEN.NS,BUY,548,2634.800048828125,1443870.4267578125,2887.740853515625,-1446758.1676113282,target_rebalance,0.0
2020-01-01,GUJGASLTD.NS,SELL,653,239.0,156067.0,312.134,155754.866,target_rebalance,0.0
2020-01-01,WHIRLPOOL.NS,BUY,606,2386.0,1445916.0,2891.832,-1448807.832,target_rebalance,0.0
2020-01-01,MCX.NS,BUY,122,233.88999938964844,28534.57992553711,57.06915985107422,-28591.649085388184,target_rebalance,0.0
2020-01-01,MANAPPURAM.NS,BUY,8126,178.0,1446428.0,2892.856,-1449320.856,target_rebalance,0.0
2020-01-01,SBILIFE.NS,BUY,8,965.0,7720.0,15.44,-7735.44,target_rebalance,0.0
2020-02-03,SBILIFE.NS,SELL,1498,895.0,1340710.0,2681.42,1338028.58,rank_or_trend_exit,0.0
2020-02-03,ABBOTINDIA.NS,SELL,109,12320.0,1342880.0,2685.76,1340194.24,rank_or_trend_exit,0.0
2020-02-03,MCX.NS,SELL,6184,240.83999633789065,1489354.5373535159,2978.709074707032,1486375.8282788089,rank_or_trend_exit,0.0
2020-02-03,BALRAMCHIN.NS,SELL,7852,160.0,1256320.0,2512.64,1253807.36,rank_or_trend_exit,0.0
2020-02-03,ASTRAZEN.NS,SELL,548,2590.0,1419320.0,2838.64,1416481.36,rank_or_trend_exit,0.0
2020-02-03,WHIRLPOOL.NS,SELL,606,2390.0,1448340.0,2896.68,1445443.32,rank_or_trend_exit,0.0
2020-02-03,ADANIGREEN.NS,SELL,826,186.8500061035156,154338.10504150388,308.6762100830078,154029.42883142087,target_rebalance,0.0
2020-02-03,GMMPFAUDLR.NS,BUY,1744,826.6666870117188,1441706.7021484375,2883.413404296875,-1444590.1155527344,target_rebalance,0.0
2020-02-03,GRSE.NS,BUY,737,180.3000030517578,132881.1022491455,265.762204498291,-133146.8644536438,target_rebalance,0.0
2020-02-03,DIXON.NS,SELL,267,873.0,233091.0,466.182,232624.818,target_rebalance,0.0
2020-02-03,NAM-INDIA.NS,BUY,238,334.95001220703125,79718.10290527344,159.43620581054688,-79877.53911108398,target_rebalance,0.0
2020-02-03,GUJGASLTD.NS,SELL,914,280.54998779296875,256422.68884277344,512.8453776855469,255909.84346508788,target_rebalance,0.0
2020-02-03,MANAPPURAM.NS,SELL,346,185.3000030517578,64113.8010559082,128.2276021118164,63985.57345379639,target_rebalance,0.0
2020-02-03,NH.NS,BUY,4072,354.04998779296875,1441691.5502929688,2883.3831005859374,-1444574.9333935548,target_rebalance,0.0
2020-02-03,CREDITACC.NS,BUY,62,748.5499877929688,46410.09924316406,92.82019848632812,-46502.91944165039,target_rebalance,0.0
2020-02-03,HDFCAMC.NS,BUY,57,1500.0,85500.0,171.0,-85671.0,target_rebalance,0.0
2020-02-03,IGL.NS,BUY,5710,252.4499969482422,1441489.482574463,2882.978965148926,-1444372.461539612,target_rebalance,0.0
2020-02-03,AVANTIFEED.NS,BUY,2178,661.9000244140625,1441618.2531738281,2883.2365063476564,-1444501.4896801757,target_rebalance,0.0
2020-02-03,AAVAS.NS,BUY,6,1957.0,11742.0,23.484,-11765.484,target_rebalance,0.0
2020-02-03,NAVINFLUOR.NS,BUY,1275,1129.949951171875,1440686.1877441406,2881.3723754882812,-1443567.560119629,target_rebalance,0.0
2020-02-03,BERGEPAINT.NS,BUY,3154,457.0833435058594,1441640.8654174805,2883.281730834961,-1444524.1471483153,target_rebalance,0.0
2020-03-02,GRSE.NS,SELL,7996,156.35000610351562,1250174.648803711,2500.3492976074217,1247674.2995061036,rank_or_trend_exit,0.0
2020-03-02,AAVAS.NS,SELL,736,1877.0,1381472.0,2762.944,1378709.056,rank_or_trend_exit,0.0
2020-03-02,DIXON.NS,SELL,1651,783.0,1292733.0,2585.466,1290147.534,rank_or_trend_exit,0.0
2020-03-02,MANAPPURAM.NS,SELL,7780,165.39999389648438,1286811.9525146484,2573.623905029297,1284238.328609619,rank_or_trend_exit,0.0
2020-03-02,NH.NS,SELL,4072,340.45001220703125,1386312.4497070312,2772.6248994140624,1383539.824807617,rank_or_trend_exit,0.0
2020-03-02,IGL.NS,SELL,5710,227.0,1296170.0,2592.34,1293577.66,rank_or_trend_exit,0.0
2020-03-02,AVANTIFEED.NS,SELL,2178,480.8999938964844,1047400.186706543,2094.800373413086,1045305.3863331298,rank_or_trend_exit,0.0
2020-03-02,ADANIGREEN.NS,BUY,1481,156.60000610351562,231924.60903930664,463.8492180786133,-232388.45825738527,target_rebalance,0.0
2020-03-02,GMMPFAUDLR.NS,SELL,255,966.6666870117188,246500.00518798828,493.00001037597656,246007.0051776123,target_rebalance,0.0
2020-03-02,NAVINFLUOR.NS,SELL,293,1465.199951171875,429303.5856933594,858.6071713867187,428444.97852197266,target_rebalance,0.0
2020-03-02,NAM-INDIA.NS,SELL,775,408.0,316200.0,632.4,315567.6,target_rebalance,0.0
2020-03-02,DEEPAKNTR.NS,BUY,2981,483.0,1439823.0,2879.646,-1442702.646,target_rebalance,0.0
2020-03-02,ABBOTINDIA.NS,BUY,90,15875.0,1428750.0,2857.5,-1431607.5,target_rebalance,0.0
2020-03-02,AMBER.NS,BUY,1042,1382.0,1440044.0,2880.088,-1442924.088,target_rebalance,0.0
2020-03-02,GUJGASLTD.NS,BUY,77,276.1000061035156,21259.700469970703,42.519400939941406,-21302.219870910645,target_rebalance,0.0
2020-03-02,TRENT.NS,BUY,1918,750.5,1439459.0,2878.918,-1442337.918,target_rebalance,0.0
2020-03-02,WELCORP.NS,BUY,7571,190.1999969482422,1440004.1768951416,2880.0083537902833,-1442884.1852489319,target_rebalance,0.0
2020-03-02,AUBANK.NS,BUY,2473,582.2750244140625,1439966.1353759766,2879.932270751953,-1442846.0676467286,target_rebalance,0.0
2020-03-02,CREDITACC.NS,SELL,279,874.0,243846.0,487.692,243358.308,target_rebalance,0.0
2020-03-02,HDFCAMC.NS,SELL,64,1605.0,102720.0,205.44,102514.56,target_rebalance,0.0
2020-03-02,GRANULES.NS,BUY,8729,161.0,1405369.0,2810.7380000000003,-1408179.738,target_rebalance,0.0
2020-03-02,BERGEPAINT.NS,SELL,149,479.1666564941406,71395.83181762695,142.7916636352539,71253.0401539917,target_rebalance,0.0
2020-04-01,HDFCAMC.NS,SELL,897,1062.5,953062.5,1906.125,951156.375,rank_or_trend_exit,0.0
2020-04-01,CREDITACC.NS,SELL,1647,326.0,536922.0,1073.844,535848.156,rank_or_trend_exit,0.0
2020-04-01,NAM-INDIA.NS,SELL,3529,249.8000030517578,881544.2107696533,1763.0884215393066,879781.122348114,rank_or_trend_exit,0.0
2020-04-01,TRENT.NS,SELL,1918,475.5,912009.0,1824.018,910184.982,rank_or_trend_exit,0.0
2020-04-01,WELCORP.NS,SELL,7571,63.0,476973.0,953.946,476019.054,rank_or_trend_exit,0.0
2020-04-01,AUBANK.NS,SELL,2473,265.0,655345.0,1310.69,654034.31,rank_or_trend_exit,0.0
2020-04-01,GRANULES.NS,SELL,8729,143.0,1248247.0,2496.494,1245750.506,rank_or_trend_exit,0.0
2020-04-01,ADANIGREEN.NS,SELL,2375,155.5,369312.5,738.625,368573.875,target_rebalance,0.0
2020-04-01,GMMPFAUDLR.NS,SELL,230,841.9166870117188,193640.8380126953,387.28167602539065,193253.55633666992,target_rebalance,0.0
2020-04-01,ABBOTINDIA.NS,SELL,22,15525.349609375,341557.69140625,683.1153828125,340874.5760234375,target_rebalance,0.0
2020-04-01,NAVINFLUOR.NS,SELL,130,1245.0,161850.0,323.7,161526.3,target_rebalance,0.0
2020-04-01,JBCHEPHARM.NS,BUY,4048,262.0,1060576.0,2121.152,-1062697.152,target_rebalance,0.0
2020-04-01,GUJGASLTD.NS,SELL,682,234.0,159588.0,319.176,159268.824,target_rebalance,0.0
2020-04-01,IPCALAB.NS,BUY,1537,690.0,1060530.0,2121.06,-1062651.06,target_rebalance,0.0
2020-04-01,AMBER.NS,SELL,179,1228.0,219812.0,439.624,219372.376,target_rebalance,0.0
2020-04-01,BERGEPAINT.NS,SELL,462,417.0,192654.0,385.308,192268.692,target_rebalance,0.0
2020-04-01,ALKYLAMINE.NS,BUY,2130,498.0,1060740.0,2121.48,-1062861.48,target_rebalance,0.0
2020-04-01,NESTLEIND.NS,BUY,1301,815.0125122070312,1060331.2783813477,2120.662556762695,-1062451.9409381105,target_rebalance,0.0
2020-04-01,DMART.NS,BUY,478,2218.0,1060204.0,2120.408,-1062324.408,target_rebalance,0.0
2020-04-01,DEEPAKNTR.NS,SELL,215,383.5,82452.5,164.905,82287.595,target_rebalance,0.0
2020-04-01,DIXON.NS,BUY,1472,720.4299926757812,1060472.94921875,2120.9458984375,-1062593.8951171874,target_rebalance,0.0
2020-04-01,BHARTIARTL.NS,BUY,2456,431.8912353515625,1060724.8740234375,2121.449748046875,-1062846.3237714844,target_rebalance,0.0
2020-05-04,BERGEPAINT.NS,SELL,2543,416.6666564941406,1059583.3074645996,2119.166614929199,1057464.1408496704,rank_or_trend_exit,0.0
2020-05-04,AMBER.NS,SELL,863,1045.0,901835.0,1803.67,900031.33,rank_or_trend_exit,0.0
2020-05-04,ADANIGREEN.NS,SELL,697,199.9499969482422,139365.1478729248,278.7302957458496,139086.41757717895,target_rebalance,0.0
2020-05-04,GMMPFAUDLR.NS,SELL,177,1131.6666259765625,200304.99279785156,400.6099855957031,199904.38281225585,target_rebalance,0.0
2020-05-04,NAVINFLUOR.NS,SELL,65,1555.0,101075.0,202.15,100872.85,target_rebalance,0.0
2020-05-04,ALKYLAMINE.NS,SELL,401,708.0,283908.0,567.816,283340.184,target_rebalance,0.0
2020-05-04,ABBOTINDIA.NS,BUY,1,17500.0,17500.0,35.0,-17535.0,target_rebalance,0.0
2020-05-04,DIXON.NS,SELL,112,900.0,100800.0,201.6,100598.4,target_rebalance,0.0
2020-05-04,IPCALAB.NS,BUY,13,790.0,10270.0,20.54,-10290.54,target_rebalance,0.0
2020-05-04,DEEPAKNTR.NS,SELL,226,482.0,108932.0,217.864,108714.136,target_rebalance,0.0
2020-05-04,JBCHEPHARM.NS,BUY,373,276.95001220703125,103302.35455322266,206.6047091064453,-103508.9592623291,target_rebalance,0.0
2020-05-04,GUJGASLTD.NS,BUY,285,254.1499938964844,72432.74826049806,144.86549652099612,-72577.61375701906,target_rebalance,0.0
2020-05-04,DMART.NS,BUY,52,2310.199951171875,120130.3974609375,240.260794921875,-120370.65825585938,target_rebalance,0.0
2020-05-04,BHARTIARTL.NS,BUY,27,493.1903381347656,13316.139129638672,26.632278259277346,-13342.77140789795,target_rebalance,0.0
2020-05-04,TATACONSUM.NS,BUY,3601,340.0,1224340.0,2448.68,-1226788.68,target_rebalance,0.0
2020-05-04,NESTLEIND.NS,BUY,104,871.0250244140625,90586.6025390625,181.173205078125,-90767.77574414063,target_rebalance,0.0
2020-05-04,ALKEM.NS,BUY,471,2599.39990234375,1224317.3540039062,2448.6347080078126,-1226765.988711914,target_rebalance,0.0
2020-06-01,GUJGASLTD.NS,SELL,4818,244.8000030517578,1179446.4147033691,2358.892829406738,1177087.5218739624,rank_or_trend_exit,0.0
2020-06-01,TATACONSUM.NS,SELL,3601,368.5,1326968.5,2653.937,1324314.563,rank_or_trend_exit,0.0
2020-06-01,ALKEM.NS,SELL,471,2290.0,1078590.0,2157.18,1076432.82,rank_or_trend_exit,0.0
2020-06-01,ADANIGREEN.NS,SELL,994,253.8999938964844,252376.5939331055,504.753187866211,251871.8407452393,target_rebalance,0.0
2020-06-01,GMMPFAUDLR.NS,SELL,80,1299.6666259765625,103973.330078125,207.94666015625,103765.38341796875,target_rebalance,0.0
2020-06-01,ALKYLAMINE.NS,SELL,119,808.7999877929688,96247.19854736328,192.49439709472657,96054.70415026856,target_rebalance,0.0
2020-06-01,NAVINFLUOR.NS,BUY,32,1588.9000244140625,50844.80078125,101.6896015625,-50946.4903828125,target_rebalance,0.0
2020-06-01,JBCHEPHARM.NS,SELL,656,346.0,226976.0,453.952,226522.048,target_rebalance,0.0
2020-06-01,DIXON.NS,SELL,53,996.6400146484376,52821.920776367195,105.64384155273439,52716.27693481446,target_rebalance,0.0
2020-06-01,ABBOTINDIA.NS,BUY,7,16950.0,118650.0,237.3,-118887.3,target_rebalance,0.0
2020-06-01,DEEPAKNTR.NS,BUY,39,505.0,19695.0,39.39,-19734.39,target_rebalance,0.0
2020-06-01,APLLTD.NS,BUY,1488,875.0999755859375,1302148.763671875,2604.29752734375,-1304753.0611992187,target_rebalance,0.0
2020-06-01,DMART.NS,BUY,31,2320.10009765625,71923.10302734375,143.8462060546875,-72066.94923339844,target_rebalance,0.0
2020-06-01,NESTLEIND.NS,BUY,80,877.0399780273438,70163.1982421875,140.326396484375,-70303.52463867188,target_rebalance,0.0
2020-06-01,AMBER.NS,BUY,1009,1290.0,1301610.0,2603.2200000000003,-1304213.22,target_rebalance,0.0
2020-06-01,BHARTIARTL.NS,SELL,109,548.6981811523438,59808.10174560547,119.61620349121094,59688.48554211426,target_rebalance,0.0
2020-06-01,IPCALAB.NS,BUY,191,748.0,142868.0,285.736,-143153.736,target_rebalance,0.0
2020-06-01,ESCORTS.NS,BUY,1428,912.0,1302336.0,2604.672,-1304940.672,target_rebalance,0.0
2020-07-01,DEEPAKNTR.NS,SELL,2579,478.75,1234696.25,2469.3925,1232226.8575,rank_or_trend_exit,0.0
2020-07-01,ABBOTINDIA.NS,SELL,76,15799.849609375,1200788.5703125,2401.577140625,1198386.993171875,rank_or_trend_exit,0.0
2020-07-01,NESTLEIND.NS,SELL,1485,860.25,1277471.25,2554.9425,1274916.3075,rank_or_trend_exit,0.0
2020-07-01,DMART.NS,SELL,561,2325.0,1304325.0,2608.65,1301716.35,rank_or_trend_exit,0.0
2020-07-01,BHARTIARTL.NS,SELL,2374,564.4033203125,1339893.482421875,2679.78696484375,1337213.6954570313,rank_or_trend_exit,0.0
2020-07-01,AMBER.NS,SELL,1009,1449.949951171875,1462999.5007324219,2925.999001464844,1460073.501730957,rank_or_trend_exit,0.0
2020-07-01,ADANIGREEN.NS,SELL,1057,340.95001220703125,360384.16290283203,720.7683258056641,359663.39457702637,target_rebalance,0.0
2020-07-01,GMMPFAUDLR.NS,BUY,4,1379.6666259765625,5518.66650390625,11.0373330078125,-5529.703836914063,target_rebalance,0.0
2020-07-01,ALKYLAMINE.NS,BUY,26,848.5,22061.0,44.122,-22105.122,target_rebalance,0.0
2020-07-01,DIXON.NS,SELL,105,1154.9599609375,121270.7958984375,242.541591796875,121028.25430664062,target_rebalance,0.0
2020-07-01,NAVINFLUOR.NS,BUY,35,1625.0,56875.0,113.75,-56988.75,target_rebalance,0.0
2020-07-01,GRANULES.NS,BUY,6751,205.6999969482422,1388680.679397583,2777.361358795166,-1391458.040756378,target_rebalance,0.0
2020-07-01,APLLTD.NS,BUY,26,916.9000244140624,23839.40063476562,47.67880126953124,-23887.079436035154,target_rebalance,0.0
2020-07-01,ESCORTS.NS,SELL,110,1053.0,115830.0,231.66,115598.34,target_rebalance,0.0
2020-07-01,TATACOMM.NS,BUY,2260,614.3499755859375,1388430.9448242188,2776.8618896484377,-1391207.8067138672,target_rebalance,0.0
2020-07-01,JBCHEPHARM.NS,BUY,147,355.0,52185.0,104.37,-52289.37,target_rebalance,0.0
2020-07-01,BAYERCROP.NS,BUY,233,5937.0,1383321.0,2766.6420000000003,-1386087.642,target_rebalance,0.0
2020-07-01,COROMANDEL.NS,BUY,1837,755.9500122070312,1388680.1724243164,2777.360344848633,-1391457.532769165,target_rebalance,0.0
2020-07-01,IPCALAB.NS,SELL,82,837.0,68634.0,137.268,68496.732,target_rebalance,0.0
2020-07-01,MUTHOOTFIN.NS,BUY,1262,1099.9000244140625,1388073.8308105469,2776.147661621094,-1390849.9784721679,target_rebalance,0.0
2020-07-01,ASTRAZEN.NS,BUY,390,3555.0,1386450.0,2772.9,-1389222.9,target_rebalance,0.0
2020-08-03,JBCHEPHARM.NS,SELL,3912,371.0,1451352.0,2902.704,1448449.296,rank_or_trend_exit,0.0
2020-08-03,BAYERCROP.NS,SELL,233,5560.0,1295480.0,2590.96,1292889.04,rank_or_trend_exit,0.0
2020-08-03,COROMANDEL.NS,SELL,1837,780.0999755859375,1433043.6551513672,2866.0873103027343,1430177.5678410644,rank_or_trend_exit,0.0
2020-08-03,ASTRAZEN.NS,SELL,390,3340.10009765625,1302639.0380859375,2605.278076171875,1300033.7600097656,rank_or_trend_exit,0.0
2020-08-03,ALOKINDS.NS,BUY,41955,36.400001525878906,1527162.0640182495,3054.324128036499,-1530216.388146286,target_rebalance,0.0
2020-08-03,ADANIGREEN.NS,BUY,392,342.0,134064.0,268.128,-134332.128,target_rebalance,0.0
2020-08-03,DIXON.NS,SELL,223,1559.0,347657.0,695.314,346961.686,target_rebalance,0.0
2020-08-03,GRANULES.NS,SELL,1197,274.95001220703125,329115.1646118164,658.2303292236328,328456.9342825928,target_rebalance,0.0
2020-08-03,LAURUSLABS.NS,BUY,7993,191.0500030517578,1527062.6743927002,3054.1253487854005,-1530116.7997414856,target_rebalance,0.0
2020-08-03,ALKYLAMINE.NS,BUY,54,903.5999755859376,48794.39868164063,97.58879736328127,-48891.98747900391,target_rebalance,0.0
2020-08-03,GMMPFAUDLR.NS,BUY,118,1358.6666259765625,160322.66186523438,320.64532373046876,-160643.30718896486,target_rebalance,0.0
2020-08-03,NAVINFLUOR.NS,BUY,1,1785.0,1785.0,3.5700000000000003,-1788.57,target_rebalance,0.0
2020-08-03,TATACOMM.NS,SELL,313,784.0,245392.0,490.784,244901.216,target_rebalance,0.0
2020-08-03,DEEPAKNTR.NS,BUY,2358,647.4000244140625,1526569.2575683594,3053.138515136719,-1529622.396083496,target_rebalance,0.0
2020-08-03,ESCORTS.NS,BUY,43,1122.0,48246.0,96.492,-48342.492,target_rebalance,0.0
2020-08-03,MUTHOOTFIN.NS,SELL,68,1278.3499755859375,86927.79833984375,173.8555966796875,86753.94274316407,target_rebalance,0.0
2020-08-03,POLYMED.NS,BUY,3961,385.5,1526965.5,3053.931,-1530019.431,target_rebalance,0.0
2020-08-03,IPCALAB.NS,SELL,51,949.5,48424.5,96.849,48327.651,target_rebalance,0.0
2020-08-03,APLLTD.NS,BUY,36,985.0,35460.0,70.92,-35530.92,target_rebalance,0.0
2020-09-01,NAVINFLUOR.NS,SELL,855,1955.0,1671525.0,3343.05,1668181.95,rank_or_trend_exit,0.0
2020-09-01,IPCALAB.NS,SELL,1608,943.7750244140624,1517590.2392578123,3035.1804785156246,1514555.0587792967,rank_or_trend_exit,0.0
2020-09-01,APLLTD.NS,SELL,1550,940.0,1457000.0,2914.0,1454086.0,rank_or_trend_exit,0.0
2020-09-01,ESCORTS.NS,SELL,1361,1120.050048828125,1524388.1164550781,3048.7762329101565,1521339.340222168,rank_or_trend_exit,0.0
2020-09-01,MUTHOOTFIN.NS,SELL,1194,1152.5,1376085.0,2752.17,1373332.83,rank_or_trend_exit,0.0
2020-09-01,DEEPAKNTR.NS,SELL,2358,690.2000122070312,1627491.6287841797,3254.9832575683595,1624236.6455266112,rank_or_trend_exit,0.0
2020-09-01,POLYMED.NS,SELL,3961,397.4500122070313,1574299.498352051,3148.5989967041023,1571150.8993553468,rank_or_trend_exit,0.0
2020-09-01,ADANIGREEN.NS,SELL,790,454.1000061035156,358739.00482177734,717.4780096435547,358021.5268121338,target_rebalance,0.0
2020-09-01,ALOKINDS.NS,BUY,12404,30.700000762939453,380802.809463501,761.605618927002,-381564.41508242796,target_rebalance,0.0
2020-09-01,TANLA.NS,BUY,7582,220.1000061035156,1668798.2462768552,3337.5964925537105,-1672135.8427694088,target_rebalance,0.0
2020-09-01,ALKYLAMINE.NS,SELL,347,1242.0,430974.0,861.948,430112.052,target_rebalance,0.0
2020-09-01,GRANULES.NS,SELL,287,316.79998779296875,90921.59649658203,181.84319299316405,90739.75330358886,target_rebalance,0.0
2020-09-01,GMMPFAUDLR.NS,SELL,221,1846.6666259765625,408113.3243408203,816.2266486816407,407297.0976921387,target_rebalance,0.0
2020-09-01,LAURUSLABS.NS,SELL,576,225.0,129600.0,259.2,129340.8,target_rebalance,0.0
2020-09-01,DIXON.NS,BUY,66,1596.800048828125,105388.80322265625,210.7776064453125,-105599.58082910156,target_rebalance,0.0
2020-09-01,TATACOMM.NS,SELL,23,867.0,19941.0,39.882,19901.118,target_rebalance,0.0
2020-09-01,BALAMINES.NS,BUY,2107,792.0,1668744.0,3337.4880000000003,-1672081.488,target_rebalance,0.0
2020-09-01,EPL.NS,BUY,6079,274.5,1668685.5,3337.371,-1672022.871,target_rebalance,0.0
2020-09-01,BSOFT.NS,BUY,10443,159.8000030517578,1668791.4318695068,3337.5828637390136,-1672129.0147332458,target_rebalance,0.0
2020-09-01,INDIAMART.NS,BUY,886,1882.5,1667895.0,3335.79,-1671230.79,target_rebalance,0.0
2020-09-01,MASTEK.NS,BUY,2454,680.0,1668720.0,3337.44,-1672057.44,target_rebalance,0.0
2020-09-01,ITI.NS,BUY,12500,133.5,1668750.0,3337.5,-1672087.5,target_rebalance,0.0
2020-10-01,GMMPFAUDLR.NS,SELL,903,1366.3333740234375,1233799.036743164,2467.5980734863283,1231331.4386696778,rank_or_trend_exit,0.0
2020-10-01,EPL.NS,SELL,6079,247.25,1503032.75,3006.0655,1500026.6845,rank_or_trend_exit,0.0
2020-10-01,ITI.NS,SELL,12500,126.0,1575000.0,3150.0,1571850.0,rank_or_trend_exit,0.0
2020-10-01,ADANIGREEN.NS,SELL,1197,754.0,902538.0,1805.076,900732.924,target_rebalance,0.0
2020-10-01,TANLA.NS,SELL,1246,294.95001220703125,367507.71520996094,735.0154304199219,366772.699779541,target_rebalance,0.0
2020-10-01,ALOKINDS.NS,BUY,41240,19.549999237060547,806241.968536377,1612.4839370727539,-807854.4524734498,target_rebalance,0.0
2020-10-01,LAURUSLABS.NS,SELL,1017,292.0,296964.0,593.928,296370.072,target_rebalance,0.0
2020-10-01,ALKYLAMINE.NS,BUY,99,1296.0,128304.0,256.608,-128560.608,target_rebalance,0.0
2020-10-01,BSOFT.NS,SELL,1037,198.6999969482422,206051.89683532715,412.1037936706543,205639.7930416565,target_rebalance,0.0
2020-10-01,GRANULES.NS,SELL,465,389.2000122070313,180978.00567626956,361.9560113525391,180616.04966491702,target_rebalance,0.0
2020-10-01,DIXON.NS,SELL,10,1805.199951171875,18051.99951171875,36.1039990234375,18015.89551269531,target_rebalance,0.0
2020-10-01,MASTEK.NS,SELL,316,873.9000244140625,276152.40771484375,552.3048154296876,275600.1028994141,target_rebalance,0.0
2020-10-01,BALAMINES.NS,BUY,182,816.4500122070312,148593.9022216797,297.18780444335937,-148891.09002612304,target_rebalance,0.0
2020-10-01,INDIAMART.NS,SELL,159,2570.0,408630.0,817.26,407812.74,target_rebalance,0.0
2020-10-01,AFFLE.NS,BUY,3211,582.0,1868802.0,3737.6040000000003,-1872539.604,target_rebalance,0.0
2020-10-01,TATACOMM.NS,BUY,308,837.0,257796.0,515.592,-258311.592,target_rebalance,0.0
2020-10-01,DEEPAKNTR.NS,BUY,2254,829.0,1868566.0,3737.132,-1872303.132,target_rebalance,0.0
2020-10-01,PERSISTENT.NS,BUY,2785,671.0250244140625,1868804.692993164,3737.609385986328,-1872542.3023791504,target_rebalance,0.0
2020-11-02,ALKYLAMINE.NS,SELL,1442,1192.0,1718864.0,3437.728,1715426.272,rank_or_trend_exit,0.0
2020-11-02,AFFLE.NS,SELL,3211,532.3200073242188,1709279.5435180664,3418.559087036133,1705860.9844310302,rank_or_trend_exit,0.0
2020-11-02,DEEPAKNTR.NS,SELL,2254,734.0,1654436.0,3308.872,1651127.128,rank_or_trend_exit,0.0
2020-11-02,PERSISTENT.NS,SELL,2785,562.0,1565170.0,3130.34,1562039.66,rank_or_trend_exit,0.0
2020-11-02,ADANIGREEN.NS,SELL,295,860.0,253700.0,507.40000000000003,253192.6,target_rebalance,0.0
2020-11-02,TANLA.NS,SELL,833,341.29998779296875,284302.88983154297,568.605779663086,283734.2840518799,target_rebalance,0.0
2020-11-02,ALOKINDS.NS,SELL,9641,21.850000381469727,210655.85367774963,421.31170735549927,210234.54197039414,target_rebalance,0.0
2020-11-02,LAURUSLABS.NS,SELL,522,319.5,166779.0,333.558,166445.442,target_rebalance,0.0
2020-11-02,BSOFT.NS,BUY,1005,180.3999938964844,181301.99386596683,362.60398773193367,-181664.59785369877,target_rebalance,0.0
2020-11-02,GRANULES.NS,BUY,217,374.1499938964844,81190.54867553711,162.38109735107423,-81352.92977288818,target_rebalance,0.0
2020-11-02,MASTEK.NS,BUY,68,851.3499755859375,57891.79833984375,115.7835966796875,-58007.581936523435,target_rebalance,0.0
2020-11-02,DIXON.NS,SELL,36,1880.0,67680.0,135.36,67544.64,target_rebalance,0.0
2020-11-02,INDIAMART.NS,BUY,48,2423.0,116304.0,232.608,-116536.608,target_rebalance,0.0
2020-11-02,TATACOMM.NS,SELL,306,975.0,298350.0,596.7,297753.3,target_rebalance,0.0
2020-11-02,BALAMINES.NS,SELL,37,834.0,30858.0,61.716,30796.284,target_rebalance,0.0
2020-11-02,CDSL.NS,BUY,7729,243.0,1878147.0,3756.294,-1881903.294,target_rebalance,0.0
2020-11-02,JBCHEPHARM.NS,BUY,4025,466.625,1878165.625,3756.33125,-1881921.95625,target_rebalance,0.0
2020-11-02,POLYMED.NS,BUY,3895,482.2000122070313,1878169.047546387,3756.338095092774,-1881925.3856414796,target_rebalance,0.0
2020-11-02,CGPOWER.NS,BUY,57879,32.45000076293945,1878173.5941581726,3756.347188316345,-1881929.941346489,target_rebalance,0.0
2020-12-01,ALOKINDS.NS,SELL,85958,21.950000762939453,1886778.1655807495,3773.556331161499,1883004.609249588,rank_or_trend_exit,0.0
2020-12-01,CDSL.NS,SELL,7729,246.75,1907130.75,3814.2615,1903316.4885,rank_or_trend_exit,0.0
2020-12-01,JBCHEPHARM.NS,SELL,4025,505.0,2032625.0,4065.25,2028559.75,rank_or_trend_exit,0.0
2020-12-01,POLYMED.NS,SELL,3895,491.9500122070313,1916145.297546387,3832.290595092774,1912313.0069512941,rank_or_trend_exit,0.0
2020-12-01,TANLA.NS,SELL,2042,637.9500122070312,1302693.9249267578,2605.3878498535155,1300088.5370769042,target_rebalance,0.0
2020-12-01,ADANIGREEN.NS,SELL,236,1133.9000244140625,267600.40576171875,535.2008115234376,267065.20495019533,target_rebalance,0.0
2020-12-01,LAURUSLABS.NS,BUY,1022,320.04998779296875,327091.08752441406,654.1821750488282,-327745.26969946286,target_rebalance,0.0
2020-12-01,CGPOWER.NS,SELL,6817,43.25,294835.25,589.6705000000001,294245.5795,target_rebalance,0.0
2020-12-01,BSOFT.NS,BUY,714,198.5,141729.0,283.458,-142012.458,target_rebalance,0.0
2020-12-01,GRANULES.NS,BUY,165,426.0,70290.0,140.58,-70430.58,target_rebalance,0.0
2020-12-01,DIXON.NS,SELL,79,2398.0,189442.0,378.884,189063.116,target_rebalance,0.0
2020-12-01,MASTEK.NS,BUY,84,964.0,80976.0,161.952,-81137.952,target_rebalance,0.0
2020-12-01,BALAMINES.NS,SELL,65,1009.4000244140624,65611.00158691405,131.22200317382809,65479.77958374022,target_rebalance,0.0
2020-12-01,ALKYLAMINE.NS,BUY,1374,1606.800048828125,2207743.2670898438,4415.486534179688,-2212158.7536240234,target_rebalance,0.0
2020-12-01,TATACOMM.NS,BUY,153,1062.0,162486.0,324.972,-162810.972,target_rebalance,0.0
2020-12-01,ATGL.NS,BUY,6153,358.8999938964844,2208311.6624450684,4416.623324890137,-2212728.2857699585,target_rebalance,0.0
2020-12-01,INDIAMART.NS,BUY,85,2567.550048828125,218241.75415039062,436.48350830078124,-218678.23765869142,target_rebalance,0.0
2020-12-01,AFFLE.NS,BUY,3093,714.0,2208402.0,4416.804,-2212818.804,target_rebalance,0.0
2020-12-01,NAVINFLUOR.NS,BUY,817,2700.0,2205900.0,4411.8,-2210311.8,target_rebalance,0.0
2021-01-04,GRANULES.NS,SELL,5184,362.7999877929688,1880755.1367187502,3761.5102734375005,1876993.6264453128,rank_or_trend_exit,0.0
2021-01-04,TATACOMM.NS,SELL,2079,1106.199951171875,2299789.698486328,4599.5793969726565,2295190.1190893557,rank_or_trend_exit,0.0
2021-01-04,BALAMINES.NS,SELL,2187,945.0,2066715.0,4133.43,2062581.57,rank_or_trend_exit,0.0
2021-01-04,NAVINFLUOR.NS,SELL,817,2635.14990234375,2152917.4702148438,4305.834940429688,2148611.635274414,rank_or_trend_exit,0.0
2021-01-04,TANLA.NS,SELL,57,700.5499877929688,39931.34930419922,79.86269860839845,39851.48660559082,target_rebalance,0.0
2021-01-04,LAURUSLABS.NS,SELL,195,355.70001220703125,69361.5023803711,138.72300476074219,69222.77937561035,target_rebalance,0.0
2021-01-04,CGPOWER.NS,BUY,2240,44.75,100240.0,200.48000000000002,-100440.48,target_rebalance,0.0
2021-01-04,BORORENEW.NS,BUY,8518,280.0,2385040.0,4770.08,-2389810.08,target_rebalance,0.0
2021-01-04,ADANIGREEN.NS,BUY,244,1088.4000244140625,265569.60595703125,531.1392119140625,-266100.7451689453,target_rebalance,0.0
2021-01-04,INDIAMART.NS,SELL,196,3592.0,704032.0,1408.064,702623.936,target_rebalance,0.0
2021-01-04,BSOFT.NS,SELL,1622,251.0,407122.0,814.244,406307.756,target_rebalance,0.0
2021-01-04,MASTEK.NS,SELL,340,1223.0,415820.0,831.64,414988.36,target_rebalance,0.0
2021-01-04,DIXON.NS,SELL,51,2742.0,139842.0,279.684,139562.316,target_rebalance,0.0
2021-01-04,FSL.NS,BUY,23523,101.4000015258789,2385232.2358932495,4770.464471786499,-2390002.700365036,target_rebalance,0.0
2021-01-04,ADANIENT.NS,BUY,4848,492.0,2385216.0,4770.432,-2389986.432,target_rebalance,0.0
2021-01-04,AFFLE.NS,SELL,24,777.0,18648.0,37.296,18610.704,target_rebalance,0.0
2021-01-04,DEEPAKNTR.NS,BUY,2375,1004.2000122070312,2384975.028991699,4769.950057983398,-2389744.9790496826,target_rebalance,0.0
2021-01-04,ALKYLAMINE.NS,BUY,139,1576.0,219064.0,438.128,-219502.128,target_rebalance,0.0
2021-01-04,ATGL.NS,BUY,123,380.0499877929688,46746.14849853516,93.49229699707033,-46839.640795532236,target_rebalance,0.0
2021-02-01,MASTEK.NS,SELL,1950,1132.949951171875,2209252.4047851562,4418.504809570312,2204833.8999755858,rank_or_trend_exit,0.0
2021-02-01,FSL.NS,SELL,23523,88.0,2070024.0,4140.048,2065883.952,rank_or_trend_exit,0.0
2021-02-01,DEEPAKNTR.NS,SELL,2375,971.5499877929688,2307431.221008301,4614.862442016602,2302816.358566284,rank_or_trend_exit,0.0
2021-02-01,TANLA.NS,BUY,77,678.2999877929688,52229.099060058594,104.45819812011719,-52333.55725817871,target_rebalance,0.0
2021-02-01,BORORENEW.NS,BUY,65,275.1000061035156,17881.500396728516,35.76300079345703,-17917.263397521972,target_rebalance,0.0
2021-02-01,ADANIGREEN.NS,BUY,128,1018.0,130304.0,260.608,-130564.608,target_rebalance,0.0
2021-02-01,CGPOWER.NS,BUY,5956,39.84999847412109,237346.5909118652,474.6931818237304,-237821.28409368894,target_rebalance,0.0
2021-02-01,INDIAMART.NS,SELL,63,3929.074951171875,247531.72192382812,495.0634438476563,247036.65847998046,target_rebalance,0.0
2021-02-01,TATAELXSI.NS,BUY,870,2711.75,2359222.5,4718.445,-2363940.945,target_rebalance,0.0
2021-02-01,ALKYLAMINE.NS,SELL,296,1939.5999755859373,574121.5927734374,1148.2431855468749,572973.3495878906,target_rebalance,0.0
2021-02-01,BSOFT.NS,BUY,40,247.4499969482422,9897.999877929688,19.795999755859377,-9917.795877685547,target_rebalance,0.0
2021-02-01,LAURUSLABS.NS,BUY,134,345.25,46263.5,92.527,-46356.027,target_rebalance,0.0
2021-02-01,ADANIENT.NS,SELL,223,510.5,113841.5,227.683,113613.817,target_rebalance,0.0
2021-02-01,AFFLE.NS,BUY,152,733.0,111416.0,222.832,-111638.832,target_rebalance,0.0
2021-02-01,ATGL.NS,SELL,147,385.25,56631.75,113.26350000000001,56518.4865,target_rebalance,0.0
2021-02-01,DIXON.NS,SELL,44,2859.800048828125,125831.2021484375,251.662404296875,125579.53974414062,target_rebalance,0.0
2021-02-01,VAIBHAVGBL.NS,BUY,4455,530.0,2361150.0,4722.3,-2365872.3,target_rebalance,0.0
2021-02-01,APLAPOLLO.NS,BUY,5189,455.0,2360995.0,4721.99,-2365716.99,target_rebalance,0.0
2021-03-01,LAURUSLABS.NS,SELL,6839,352.3500061035156,2409721.6917419434,4819.4433834838865,2404902.2483584597,rank_or_trend_exit,0.0
2021-03-01,BSOFT.NS,SELL,9543,229.0,2185347.0,4370.694,2180976.306,rank_or_trend_exit,0.0
2021-03-01,ALKYLAMINE.NS,SELL,1217,2035.9599609375,2477763.2724609375,4955.526544921875,2472807.7459160155,rank_or_trend_exit,0.0
2021-03-01,AFFLE.NS,SELL,3221,1066.0,3433586.0,6867.1720000000005,3426718.828,rank_or_trend_exit,0.0
2021-03-01,APLAPOLLO.NS,SELL,5189,562.5,2918812.5,5837.625,2912974.875,rank_or_trend_exit,0.0
2021-03-01,TANLA.NS,SELL,354,933.9500122070312,330618.30432128906,661.2366086425782,329957.0677126465,target_rebalance,0.0
2021-03-01,BORORENEW.NS,BUY,1413,292.20001220703125,412878.61724853516,825.7572344970704,-413704.3744830322,target_rebalance,0.0
2021-03-01,CGPOWER.NS,SELL,8896,58.0,515968.0,1031.936,514936.064,target_rebalance,0.0
2021-03-01,HINDCOPPER.NS,BUY,18605,157.0,2920985.0,5841.97,-2926826.97,target_rebalance,0.0
2021-03-01,ADANIGREEN.NS,BUY,177,1170.0,207090.0,414.18,-207504.18,target_rebalance,0.0
2021-03-01,DIXON.NS,SELL,99,4019.39990234375,397920.59033203125,795.8411806640626,397124.74915136717,target_rebalance,0.0
2021-03-01,ADANIENT.NS,SELL,1151,840.75,967703.25,1935.4065,965767.8435,target_rebalance,0.0
2021-03-01,ATGL.NS,SELL,548,523.2999877929688,286768.3933105469,573.5367866210937,286194.8565239258,target_rebalance,0.0
2021-03-01,INDIAMART.NS,BUY,70,4350.0,304500.0,609.0,-305109.0,target_rebalance,0.0
2021-03-01,TEJASNET.NS,BUY,15056,194.0,2920864.0,5841.728,-2926705.728,target_rebalance,0.0
2021-03-01,INTELLECT.NS,BUY,6699,436.0,2920764.0,5841.528,-2926605.528,target_rebalance,0.0
2021-03-01,BALAMINES.NS,BUY,1771,1648.6500244140625,2919759.1932373047,5839.5183864746095,-2925598.7116237795,target_rebalance,0.0
2021-03-01,VAIBHAVGBL.NS,SELL,330,708.0,233640.0,467.28000000000003,233172.72,target_rebalance,0.0
2021-03-01,TATAELXSI.NS,BUY,219,2681.800048828125,587314.2106933594,1174.6284213867189,-588488.8391147461,target_rebalance,0.0
2021-03-01,ADANIENSOL.NS,BUY,3855,757.7000122070312,2920933.5470581055,5841.867094116211,-2926775.4141522218,target_rebalance,0.0
2021-04-01,ADANIGREEN.NS,SELL,2496,1104.9000244140625,2757830.4609375,5515.660921875,2752314.800015625,rank_or_trend_exit,0.0
2021-04-01,DIXON.NS,SELL,726,3702.449951171875,2687978.6645507812,5375.957329101562,2682602.70722168,rank_or_trend_exit,0.0
2021-04-01,INDIAMART.NS,SELL,671,3880.5,2603815.5,5207.631,2598607.869,rank_or_trend_exit,0.0
2021-04-01,TATAELXSI.NS,SELL,1089,2707.0,2947923.0,5895.8460000000005,2942027.154,rank_or_trend_exit,0.0
2021-04-01,TEJASNET.NS,SELL,15056,161.5,2431544.0,4863.088,2426680.912,rank_or_trend_exit,0.0
2021-04-01,INTELLECT.NS,SELL,2425,754.0,1828450.0,3656.9,1824793.1,target_rebalance,0.0
2021-04-01,ATGL.NS,SELL,2310,985.0,2275350.0,4550.7,2270799.3,target_rebalance,0.0
2021-04-01,TANLA.NS,BUY,737,834.0,614658.0,1229.316,-615887.316,target_rebalance,0.0
2021-04-01,CGPOWER.NS,SELL,3073,68.1500015258789,209424.95468902588,418.8499093780518,209006.10477964784,target_rebalance,0.0
2021-04-01,ADANIENT.NS,SELL,386,1043.4000244140625,402752.4094238281,805.5048188476562,401946.9046049805,target_rebalance,0.0
2021-04-01,SAREGAMA.NS,BUY,20479,157.3681182861328,3222741.694381714,6445.483388763428,-3229187.1777704773,target_rebalance,0.0
2021-04-01,BORORENEW.NS,BUY,2782,252.1999969482422,701620.3915100098,1403.2407830200195,-703023.6322930298,target_rebalance,0.0
2021-04-01,GPIL.NS,BUY,17779,181.2624969482422,3222665.933242798,6445.331866485596,-3229111.2651092834,target_rebalance,0.0
2021-04-01,HINDCOPPER.NS,BUY,8140,120.5,980870.0,1961.74,-982831.74,target_rebalance,0.0
2021-04-01,POONAWALLA.NS,BUY,28981,111.1999969482422,3222687.1115570073,6445.374223114015,-3229132.4857801213,target_rebalance,0.0
2021-04-01,BALAMINES.NS,BUY,40,1779.0,71160.0,142.32,-71302.32,target_rebalance,0.0
2021-04-01,OLECTRA.NS,BUY,14579,221.0500030517578,3222687.994491577,6445.3759889831545,-3229133.37048056,target_rebalance,0.0
2021-04-01,APLAPOLLO.NS,BUY,4066,711.5,2892959.0,5785.918000000001,-2898744.918,target_rebalance,0.0
2021-04-01,ADANIENSOL.NS,SELL,364,923.0,335972.0,671.944,335300.056,target_rebalance,0.0
2021-04-01,VAIBHAVGBL.NS,SELL,61,793.0,48373.0,96.746,48276.254,target_rebalance,0.0
2021-05-03,VAIBHAVGBL.NS,SELL,4064,840.0,3413760.0,6827.52,3406932.48,rank_or_trend_exit,0.0
2021-05-03,OLECTRA.NS,SELL,14579,180.9499969482422,2638070.005508423,5276.140011016846,2632793.865497406,rank_or_trend_exit,0.0
2021-05-03,APLAPOLLO.NS,SELL,4066,652.5,2653065.0,5306.13,2647758.87,rank_or_trend_exit,0.0
2021-05-03,ATGL.NS,SELL,195,1135.0,221325.0,442.65000000000003,220882.35,target_rebalance,0.0
2021-05-03,TANLA.NS,BUY,87,883.7000122070312,76881.90106201172,153.76380212402344,-77035.66486413575,target_rebalance,0.0
2021-05-03,ADANIENT.NS,SELL,39,1145.0999755859375,44658.89904785156,89.31779809570313,44569.58124975586,target_rebalance,0.0
2021-05-03,INTELLECT.NS,BUY,869,679.0,590051.0,1180.102,-591231.102,target_rebalance,0.0
2021-05-03,HINDCOPPER.NS,SELL,4215,155.0,653325.0,1306.65,652018.35,target_rebalance,0.0
2021-05-03,CGPOWER.NS,BUY,4067,68.0,276556.0,553.112,-277109.112,target_rebalance,0.0
2021-05-03,SAREGAMA.NS,SELL,847,177.8774871826172,150662.23164367676,301.3244632873535,150360.90718038942,target_rebalance,0.0
2021-05-03,GPIL.NS,SELL,3122,238.25,743816.5,1487.633,742328.867,target_rebalance,0.0
2021-05-03,POONAWALLA.NS,BUY,866,117.0,101322.0,202.644,-101524.644,target_rebalance,0.0
2021-05-03,BALAMINES.NS,SELL,466,2595.0,1209270.0,2418.54,1206851.46,target_rebalance,0.0
2021-05-03,ADANIENSOL.NS,SELL,68,1020.0,69360.0,138.72,69221.28,target_rebalance,0.0
2021-05-03,BORORENEW.NS,BUY,2398,230.1000061035156,551779.8146362304,1103.5596292724608,-552883.3742655028,target_rebalance,0.0
2021-05-03,PRINCEPIPE.NS,BUY,6534,534.4000244140625,3491769.7595214844,6983.539519042969,-3498753.2990405275,target_rebalance,0.0
2021-05-03,MASTEK.NS,BUY,2117,1649.4000244140625,3491779.8516845703,6983.559703369141,-3498763.4113879395,target_rebalance,0.0
2021-05-03,JINDALSTEL.NS,BUY,7973,438.0,3492174.0,6984.348,-3499158.348,target_rebalance,0.0
2021-06-01,TANLA.NS,SELL,3951,912.0,3603312.0,7206.624,3596105.376,rank_or_trend_exit,0.0
2021-06-01,JINDALSTEL.NS,SELL,7973,410.0,3268930.0,6537.860000000001,3262392.14,rank_or_trend_exit,0.0
2021-06-01,ATGL.NS,SELL,24,1360.0,32640.0,65.28,32574.72,target_rebalance,0.0
2021-06-01,INTELLECT.NS,BUY,213,775.0,165075.0,330.15000000000003,-165405.15,target_rebalance,0.0
2021-06-01,POONAWALLA.NS,SELL,806,142.9499969482422,115217.6975402832,230.43539508056642,114987.26214520264,target_rebalance,0.0
2021-06-01,SAREGAMA.NS,SELL,3509,257.4849548339844,903514.7065124512,1807.0294130249024,901707.6770994263,target_rebalance,0.0
2021-06-01,CGPOWER.NS,SELL,3362,86.5,290813.0,581.626,290231.374,target_rebalance,0.0
2021-06-01,ADANIENT.NS,BUY,96,1319.9000244140625,126710.40234375,253.4208046875,-126963.8231484375,target_rebalance,0.0
2021-06-01,PRINCEPIPE.NS,SELL,823,726.9000244140625,598238.7200927734,1196.4774401855468,597042.242652588,target_rebalance,0.0
2021-06-01,ADANIENSOL.NS,SELL,637,1489.9000244140625,949066.3155517578,1898.1326311035157,947168.1829206543,target_rebalance,0.0
2021-06-01,HINDCOPPER.NS,BUY,1676,171.5,287434.0,574.868,-288008.868,target_rebalance,0.0
2021-06-01,GPIL.NS,BUY,2287,245.0,560315.0,1120.63,-561435.63,target_rebalance,0.0
2021-06-01,PRAJIND.NS,BUY,12239,339.20001220703125,4151468.9494018555,8302.937898803712,-4159771.887300659,target_rebalance,0.0
2021-06-01,ELECON.NS,BUY,69949,59.34999847412109,4151473.043266296,8302.946086532593,-4159775.9893528284,target_rebalance,0.0
2021-06-01,BALAMINES.NS,BUY,130,2814.050048828125,365826.50634765625,731.6530126953126,-366558.15936035156,target_rebalance,0.0
2021-06-01,BORORENEW.NS,BUY,57,270.0,15390.0,30.78,-15420.78,target_rebalance,0.0
2021-06-01,MASTEK.NS,SELL,70,2027.8499755859373,141949.4982910156,283.8989965820312,141665.59929443357,target_rebalance,0.0
2021-07-01,BORORENEW.NS,SELL,15233,267.54998779296875,4075588.964050293,8151.1779281005865,4067437.786122192,rank_or_trend_exit,0.0
2021-07-01,HINDCOPPER.NS,SELL,24206,145.0,3509870.0,7019.74,3502850.26,rank_or_trend_exit,0.0
2021-07-01,ADANIENSOL.NS,SELL,2786,1006.5,2804109.0,5608.218,2798500.782,rank_or_trend_exit,0.0
2021-07-01,ADANIENT.NS,SELL,365,1509.550048828125,550985.7678222656,1101.9715356445313,549883.7962866211,target_rebalance,0.0
2021-07-01,SAREGAMA.NS,SELL,2631,311.0426025390625,818353.0872802734,1636.706174560547,816716.3811057128,target_rebalance,0.0
2021-07-01,GPIL.NS,SELL,4227,330.0,1394910.0,2789.82,1392120.18,target_rebalance,0.0
2021-07-01,ATGL.NS,BUY,1279,968.9000244140624,1239223.1312255857,2478.4462624511716,-1241701.5774880368,target_rebalance,0.0
2021-07-01,PRAJIND.NS,SELL,1015,373.8999938964844,379508.49380493164,759.0169876098633,378749.4768173218,target_rebalance,0.0
2021-07-01,PRINCEPIPE.NS,BUY,95,722.7999877929688,68665.99884033203,137.33199768066407,-68803.3308380127,target_rebalance,0.0
2021-07-01,POONAWALLA.NS,SELL,875,149.0,130375.0,260.75,130114.25,target_rebalance,0.0
2021-07-01,INTELLECT.NS,BUY,402,728.75,292957.5,585.915,-293543.415,target_rebalance,0.0
2021-07-01,ELECON.NS,SELL,9301,69.19999694824219,643629.1716156006,1287.2583432312013,642341.9132723694,target_rebalance,0.0
2021-07-01,BALAMINES.NS,BUY,82,2695.0,220990.0,441.98,-221431.98,target_rebalance,0.0
2021-07-01,LAURUSLABS.NS,BUY,6073,691.0,4196443.0,8392.886,-4204835.886,target_rebalance,0.0
2021-07-01,CGPOWER.NS,BUY,4598,79.80000305175781,366920.4140319824,733.8408280639649,-367654.2548600464,target_rebalance,0.0
2021-07-01,MASTEK.NS,SELL,203,2275.0,461825.0,923.65,460901.35,target_rebalance,0.0
2021-07-01,APLAPOLLO.NS,BUY,5149,815.0,4196435.0,8392.87,-4204827.87,target_rebalance,0.0
2021-07-01,TATAELXSI.NS,BUY,959,4375.2998046875,4195912.5126953125,8391.825025390624,-4204304.337720703,target_rebalance,0.0
2021-08-02,INTELLECT.NS,SELL,5758,758.0,4364564.0,8729.128,4355834.872,rank_or_trend_exit,0.0
2021-08-02,LAURUSLABS.NS,SELL,6073,649.0,3941377.0,7882.754,3933494.246,rank_or_trend_exit,0.0
2021-08-02,APLAPOLLO.NS,SELL,5149,887.5,4569737.5,9139.475,4560598.025,rank_or_trend_exit,0.0
2021-08-02,TATAELXSI.NS,SELL,959,4264.0,4089176.0,8178.352,4080997.648,rank_or_trend_exit,0.0
2021-08-02,RTNINDIA.NS,BUY,64745,68.0,4402660.0,8805.32,-4411465.32,target_rebalance,0.0
2021-08-02,GPIL.NS,SELL,2204,418.75,922925.0,1845.8500000000001,921079.15,target_rebalance,0.0
2021-08-02,TTML.NS,BUY,110621,39.79999923706055,4402715.715602875,8805.43143120575,-4411521.147034081,target_rebalance,0.0
2021-08-02,SAREGAMA.NS,SELL,477,338.2588195800781,161349.45693969727,322.6989138793945,161026.75802581786,target_rebalance,0.0
2021-08-02,POONAWALLA.NS,SELL,3022,175.10000610351562,529152.2184448242,1058.3044368896485,528093.9140079346,target_rebalance,0.0
2021-08-02,ADANIENT.NS,BUY,288,1435.0,413280.0,826.5600000000001,-414106.56,target_rebalance,0.0
2021-08-02,HFCL.NS,BUY,57702,76.30000305175781,4402662.776092529,8805.325552185059,-4411468.101644714,target_rebalance,0.0
2021-08-02,BALAMINES.NS,SELL,220,3292.60009765625,724372.021484375,1448.7440429687501,722923.2774414063,target_rebalance,0.0
2021-08-02,PRAJIND.NS,BUY,767,367.1499938964844,281604.0453186035,563.2080906372071,-282167.25340924074,target_rebalance,0.0
2021-08-02,JSWENERGY.NS,BUY,17471,252.0,4402692.0,8805.384,-4411497.384,target_rebalance,0.0
2021-08-02,ATGL.NS,BUY,601,892.5499877929688,536422.5426635742,1072.8450853271484,-537495.3877489014,target_rebalance,0.0
2021-08-02,ELECON.NS,BUY,2814,69.375,195221.25,390.4425,-195611.6925,target_rebalance,0.0
2021-08-02,PRINCEPIPE.NS,BUY,441,684.9000244140625,302040.91076660156,604.0818215332031,-302644.9925881348,target_rebalance,0.0
2021-08-02,CGPOWER.NS,BUY,6,80.0,480.0,0.96,-480.96,target_rebalance,0.0
2021-08-02,MASTEK.NS,SELL,158,2610.0,412380.0,824.76,411555.24,target_rebalance,0.0
2021-09-01,CGPOWER.NS,SELL,52598,86.5,4549727.0,9099.454,4540627.546,rank_or_trend_exit,0.0
2021-09-01,GPIL.NS,SELL,10513,284.8500061035156,2994628.1141662598,5989.25622833252,2988638.8579379274,rank_or_trend_exit,0.0
2021-09-01,POONAWALLA.NS,SELL,25144,174.39999389648438,4385113.446533203,8770.226893066407,4376343.219640137,rank_or_trend_exit,0.0
2021-09-01,PRINCEPIPE.NS,SELL,6247,666.75,4165187.25,8330.3745,4156856.8755,rank_or_trend_exit,0.0
2021-09-01,MASTEK.NS,SELL,1686,2608.5,4397931.0,8795.862000000001,4389135.138,rank_or_trend_exit,0.0
2021-09-01,ATGL.NS,SELL,1975,1525.0999755859375,3012072.4517822266,6024.144903564454,3006048.306878662,target_rebalance,0.0
2021-09-01,TTML.NS,BUY,12110,36.75,445042.5,890.085,-445932.585,target_rebalance,0.0
2021-09-01,SAREGAMA.NS,BUY,1191,317.477294921875,378115.4582519531,756.2309165039063,-378871.68916845706,target_rebalance,0.0
2021-09-01,ELECON.NS,SELL,9055,82.9000015258789,750659.5138168335,1501.319027633667,749158.1947891999,target_rebalance,0.0
2021-09-01,JSWENERGY.NS,SELL,661,268.29998779296875,177346.29193115234,354.6925838623047,176991.59934729003,target_rebalance,0.0
2021-09-01,ADANIENSOL.NS,BUY,2717,1659.5999755859375,4509133.133666992,9018.266267333984,-4518151.399934326,target_rebalance,0.0
2021-09-01,RTNINDIA.NS,BUY,35485,45.0,1596825.0,3193.65,-1600018.65,target_rebalance,0.0
2021-09-01,ADANIENT.NS,SELL,240,1594.9000244140625,382776.005859375,765.55201171875,382010.45384765626,target_rebalance,0.0
2021-09-01,PRAJIND.NS,BUY,1553,333.0,517149.0,1034.298,-518183.298,target_rebalance,0.0
2021-09-01,TEJASNET.NS,BUY,12092,373.0,4510316.0,9020.632,-4519336.632,target_rebalance,0.0
2021-09-01,BALAMINES.NS,SELL,228,4066.0,927048.0,1854.096,925193.904,target_rebalance,0.0
2021-09-01,HFCL.NS,BUY,7289,69.4000015258789,505856.61112213135,1011.7132222442627,-506868.32434437564,target_rebalance,0.0
2021-09-01,KPITTECH.NS,BUY,13324,338.5,4510174.0,9020.348,-4519194.348,target_rebalance,0.0
2021-09-01,TATAELXSI.NS,BUY,939,4800.0,4507200.0,9014.4,-4516214.4,target_rebalance,0.0
2021-09-01,FLUOROCHEM.NS,BUY,2581,1746.9000244140625,4508748.963012695,9017.497926025391,-4517766.460938721,target_rebalance,0.0
2021-10-01,ATGL.NS,SELL,2957,1425.0,4213725.0,8427.45,4205297.55,rank_or_trend_exit,0.0
2021-10-01,ADANIENT.NS,SELL,2828,1465.0,4143020.0,8286.04,4134733.96,rank_or_trend_exit,0.0
2021-10-01,KPITTECH.NS,SELL,13324,340.0,4530160.0,9060.32,4521099.68,rank_or_trend_exit,0.0
2021-10-01,RTNINDIA.NS,BUY,6012,45.70000076293945,274748.404586792,549.496809173584,-275297.9013959656,target_rebalance,0.0
2021-10-01,TTML.NS,BUY,12702,35.849998474121094,455366.68061828613,910.7333612365723,-456277.4139795227,target_rebalance,0.0
2021-10-01,JSWENERGY.NS,SELL,4425,392.0,1734600.0,3469.2000000000003,1731130.8,target_rebalance,0.0
2021-10-01,TEJASNET.NS,SELL,2486,505.3999938964844,1256424.3848266602,2512.8487696533202,1253911.5360570068,target_rebalance,0.0
2021-10-01,SAREGAMA.NS,SELL,517,354.6857604980469,183372.53817749023,366.7450763549805,183005.79310113526,target_rebalance,0.0
2021-10-01,ELECON.NS,BUY,3775,83.44999694824219,315023.73847961426,630.0474769592286,-315653.7859565735,target_rebalance,0.0
2021-10-01,BALAMINES.NS,SELL,31,4500.0,139500.0,279.0,139221.0,target_rebalance,0.0
2021-10-01,HFCL.NS,BUY,3393,71.0,240903.0,481.806,-241384.806,target_rebalance,0.0
2021-10-01,OLECTRA.NS,BUY,11842,410.0,4855220.0,9710.44,-4864930.44,target_rebalance,0.0
2021-10-01,HAPPSTMNDS.NS,BUY,3518,1380.0,4854840.0,9709.68,-4864549.68,target_rebalance,0.0
2021-10-01,FLUOROCHEM.NS,SELL,41,1911.25,78361.25,156.7225,78204.5275,target_rebalance,0.0
2021-10-01,TATAELXSI.NS,SELL,72,5594.0,402768.0,805.5360000000001,401962.464,target_rebalance,0.0
2021-10-01,ADANIENSOL.NS,BUY,398,1558.5,620283.0,1240.566,-621523.566,target_rebalance,0.0
2021-10-01,PRAJIND.NS,BUY,368,349.0,128432.0,256.86400000000003,-128688.864,target_rebalance,0.0
2021-10-01,JSL.NS,BUY,30345,160.0,4855200.0,9710.4,-4864910.4,target_rebalance,0.0
2021-11-01,BALAMINES.NS,SELL,1078,3390.0,3654420.0,7308.84,3647111.16,rank_or_trend_exit,0.0
2021-11-01,SAREGAMA.NS,SELL,13689,387.3452453613281,5302369.063751221,10604.738127502442,5291764.325623718,rank_or_trend_exit,0.0
2021-11-01,PRAJIND.NS,SELL,13912,338.8500061035156,4714081.284912109,9428.162569824219,4704653.122342285,rank_or_trend_exit,0.0
2021-11-01,TATAELXSI.NS,SELL,867,5900.0,5115300.0,10230.6,5105069.4,rank_or_trend_exit,0.0
2021-11-01,HAPPSTMNDS.NS,SELL,3518,1270.0,4467860.0,8935.72,4458924.28,rank_or_trend_exit,0.0
2021-11-01,JSL.NS,SELL,30345,193.3999938964844,5868722.814788819,11737.445629577638,5856985.369159241,rank_or_trend_exit,0.0
2021-11-01,OLECTRA.NS,SELL,3061,580.0,1775380.0,3550.76,1771829.24,target_rebalance,0.0
2021-11-01,TTML.NS,SELL,43079,55.150001525878906,2375806.9157333374,4751.613831466675,2371055.301901871,target_rebalance,0.0
2021-11-01,RTNINDIA.NS,BUY,17985,41.0,737385.0,1474.77,-738859.77,target_rebalance,0.0
2021-11-01,JSWENERGY.NS,BUY,2812,335.1499938964844,942441.7828369141,1884.8835656738281,-944326.6664025879,target_rebalance,0.0
2021-11-01,ANGELONE.NS,BUY,40959,124.3499984741211,5093251.587501526,10186.503175003052,-5103438.090676529,target_rebalance,0.0
2021-11-01,TRIDENT.NS,BUY,130598,39.0,5093322.0,10186.644,-5103508.644,target_rebalance,0.0
2021-11-01,CGPOWER.NS,BUY,34414,148.0,5093272.0,10186.544,-5103458.544,target_rebalance,0.0
2021-11-01,ELECON.NS,BUY,60,87.44999694824219,5246.999816894531,10.493999633789063,-5257.49381652832,target_rebalance,0.0
2021-11-01,TEJASNET.NS,BUY,1969,440.0,866360.0,1732.72,-868092.72,target_rebalance,0.0
2021-11-01,HFCL.NS,BUY,1387,73.0,101251.0,202.502,-101453.502,target_rebalance,0.0
2021-11-01,BORORENEW.NS,BUY,11072,460.0,5093120.0,10186.24,-5103306.24,target_rebalance,0.0
2021-11-01,ADANIENSOL.NS,SELL,260,1783.9000244140625,463814.00634765625,927.6280126953125,462886.37833496096,target_rebalance,0.0
2021-11-01,TATAPOWER.NS,BUY,23156,219.9499969482422,5093162.129333496,10186.324258666993,-5103348.4535921635,target_rebalance,0.0
2021-11-01,USHAMART.NS,BUY,58984,86.3499984741211,5093268.309997559,10186.536619995117,-5103454.846617553,target_rebalance,0.0
2021-11-01,FLUOROCHEM.NS,BUY,246,1828.050048828125,449700.31201171875,899.4006240234376,-450599.7126357422,target_rebalance,0.0
2021-12-01,HFCL.NS,SELL,69771,72.5,5058397.5,10116.795,5048280.705,rank_or_trend_exit,0.0
2021-12-01,ADANIENSOL.NS,SELL,2855,1709.550048828125,4880765.389404297,9761.530778808594,4871003.858625488,rank_or_trend_exit,0.0
2021-12-01,ANGELONE.NS,SELL,40959,102.29499816894533,4189900.8300018315,8379.801660003663,4181521.028341828,rank_or_trend_exit,0.0
2021-12-01,USHAMART.NS,SELL,58984,85.0,5013640.0,10027.28,5003612.72,rank_or_trend_exit,0.0
2021-12-01,TTML.NS,SELL,43026,118.1500015258789,5083521.965652466,10167.043931304932,5073354.921721161,target_rebalance,0.0
2021-12-01,OLECTRA.NS,SELL,1630,815.0,1328450.0,2656.9,1325793.1,target_rebalance,0.0
2021-12-01,RTNINDIA.NS,BUY,8834,43.79999923706055,386929.1932601929,773.8583865203858,-387703.0516467133,target_rebalance,0.0
2021-12-01,TRIDENT.NS,SELL,15305,50.54999923706055,773667.7383232117,1547.3354766464233,772120.4028465652,target_rebalance,0.0
2021-12-01,BORORENEW.NS,SELL,1487,608.0,904096.0,1808.192,902287.808,target_rebalance,0.0
2021-12-01,ELECON.NS,SELL,2737,105.0,287385.0,574.77,286810.23,target_rebalance,0.0
2021-12-01,KPITTECH.NS,BUY,11564,503.9500122070313,5827677.94116211,11655.35588232422,-5839333.297044435,target_rebalance,0.0
2021-12-01,JSWENERGY.NS,BUY,4363,297.95001220703125,1299955.9032592773,2599.911806518555,-1302555.8150657958,target_rebalance,0.0
2021-12-01,TEJASNET.NS,BUY,1376,450.0,619200.0,1238.4,-620438.4,target_rebalance,0.0
2021-12-01,SAREGAMA.NS,BUY,13866,420.2962951660156,5827828.428771973,11655.656857543945,-5839484.085629516,target_rebalance,0.0
2021-12-01,FLUOROCHEM.NS,BUY,142,1989.8499755859373,282558.69653320307,565.1173930664062,-283123.8139262695,target_rebalance,0.0
2021-12-01,CGPOWER.NS,BUY,5219,147.0500030517578,767453.965927124,1534.907931854248,-768988.8738589783,target_rebalance,0.0
2021-12-01,TATAPOWER.NS,BUY,3335,220.0,733700.0,1467.4,-735167.4,target_rebalance,0.0
2021-12-01,JBMA.NS,BUY,30742,189.5800018310547,5828068.416290283,11656.136832580567,-5839724.553122864,target_rebalance,0.0
2021-12-01,IEX.NS,BUY,23096,252.3333282470703,5827890.549194336,11655.781098388672,-5839546.330292725,target_rebalance,0.0
2022-01-03,ELECON.NS,SELL,55505,93.2249984741211,5174453.540306091,10348.907080612184,5164104.633225479,rank_or_trend_exit,0.0
2022-01-03,RTNINDIA.NS,SELL,133061,48.20000076293945,6413540.301517487,12827.080603034974,6400713.220914451,rank_or_trend_exit,0.0
2022-01-03,BORORENEW.NS,SELL,9585,639.7000122070312,6131524.6170043945,12263.04923400879,6119261.567770386,rank_or_trend_exit,0.0
2022-01-03,TATAPOWER.NS,SELL,26491,221.1999969482422,5859809.119155884,11719.618238311768,5848089.500917572,rank_or_trend_exit,0.0
2022-01-03,TTML.NS,SELL,18614,216.6499938964844,4032722.9863891606,8065.445972778321,4024657.5404163823,target_rebalance,0.0
2022-01-03,OLECTRA.NS,BUY,895,827.0,740165.0,1480.33,-741645.33,target_rebalance,0.0
2022-01-03,TRIDENT.NS,BUY,7479,54.20000076293945,405361.80570602417,810.7236114120484,-406172.5293174362,target_rebalance,0.0
2022-01-03,KPITTECH.NS,SELL,762,616.0,469392.0,938.784,468453.216,target_rebalance,0.0
2022-01-03,CGPOWER.NS,SELL,5683,196.0,1113868.0,2227.736,1111640.264,target_rebalance,0.0
2022-01-03,SAREGAMA.NS,SELL,950,515.164306640625,489406.09130859375,978.8121826171875,488427.27912597655,target_rebalance,0.0
2022-01-03,JBMA.NS,SELL,1400,226.77999877929688,317491.9982910156,634.9839965820313,316857.0142944336,target_rebalance,0.0
2022-01-03,FLUOROCHEM.NS,SELL,212,2450.0,519400.0,1038.8,518361.2,target_rebalance,0.0
2022-01-03,JSWENERGY.NS,BUY,2257,305.0,688385.0,1376.77,-689761.77,target_rebalance,0.0
2022-01-03,ATGL.NS,BUY,3949,1685.050048828125,6654262.642822266,13308.525285644531,-6667571.16810791,target_rebalance,0.0
2022-01-03,KPRMILL.NS,BUY,9843,676.0,6653868.0,13307.736,-6667175.736,target_rebalance,0.0
2022-01-03,IEX.NS,BUY,3153,253.5,799285.5,1598.5710000000001,-800884.071,target_rebalance,0.0
2022-01-03,POONAWALLA.NS,BUY,30150,220.6999969482422,6654104.907989502,13308.209815979004,-6667413.117805481,target_rebalance,0.0
2022-01-03,ADANIENSOL.NS,BUY,3835,1735.0,6653725.0,13307.45,-6667032.45,target_rebalance,0.0
2022-01-03,TEJASNET.NS,BUY,2706,425.0,1150050.0,2300.1,-1152350.1,target_rebalance,0.0
2022-02-01,JSWENERGY.NS,SELL,21817,306.45001220703125,6685819.916320801,13371.639832641602,6672448.276488159,rank_or_trend_exit,0.0
2022-02-01,TEJASNET.NS,SELL,15657,416.9500122070313,6528186.341125489,13056.372682250978,6515129.968443238,rank_or_trend_exit,0.0
2022-02-01,IEX.NS,SELL,26249,238.0,6247262.0,12494.524,6234767.476,rank_or_trend_exit,0.0
2022-02-01,TTML.NS,BUY,18176,141.75,2576448.0,5152.896,-2581600.896,target_rebalance,0.0
2022-02-01,OLECTRA.NS,BUY,21,859.0,18039.0,36.078,-18075.078,target_rebalance,0.0
2022-02-01,ATGL.NS,SELL,163,1830.0,298290.0,596.58,297693.42,target_rebalance,0.0
2022-02-01,KPITTECH.NS,SELL,222,655.0,145410.0,290.82,145119.18,target_rebalance,0.0
2022-02-01,TRIDENT.NS,SELL,11533,62.29999923706055,718505.8912010193,1437.0117824020385,717068.8794186172,target_rebalance,0.0
2022-02-01,JBMA.NS,SELL,6621,305.0,2019405.0,4038.81,2015366.19,target_rebalance,0.0
2022-02-01,CGPOWER.NS,BUY,5426,176.0,954976.0,1909.952,-956885.952,target_rebalance,0.0
2022-02-01,ADANIENSOL.NS,SELL,248,1931.5,479012.0,958.024,478053.976,target_rebalance,0.0
2022-02-01,POONAWALLA.NS,SELL,5940,286.25,1700325.0,3400.65,1696924.35,target_rebalance,0.0
2022-02-01,FLUOROCHEM.NS,SELL,267,2829.75,755543.25,1511.0865000000001,754032.1635,target_rebalance,0.0
2022-02-01,KPRMILL.NS,BUY,259,686.0,177674.0,355.348,-178029.348,target_rebalance,0.0
2022-02-01,SAREGAMA.NS,BUY,2065,462.5786437988281,955224.8994445801,1910.44979888916,-957135.3492434692,target_rebalance,0.0
2022-02-01,TATAPOWER.NS,BUY,27776,249.5,6930112.0,13860.224,-6943972.224,target_rebalance,0.0
2022-02-01,IRCTC.NS,BUY,7746,894.5999755859375,6929571.410888672,13859.142821777345,-6943430.5537104495,target_rebalance,0.0
2022-02-01,BSE.NS,BUY,31692,218.6666717529297,6929984.161193848,13859.968322387696,-6943844.129516236,target_rebalance,0.0
2022-03-02,SAREGAMA.NS,SELL,14981,388.8032531738281,5824661.535797119,11649.323071594239,5813012.212725525,rank_or_trend_exit,0.0
2022-03-02,ATGL.NS,SELL,3786,1592.0,6027312.0,12054.624,6015257.376,rank_or_trend_exit,0.0
2022-03-02,POONAWALLA.NS,SELL,24210,231.3000030517578,5599773.073883057,11199.546147766114,5588573.52773529,rank_or_trend_exit,0.0
2022-03-02,IRCTC.NS,SELL,7746,795.0,6158070.0,12316.14,6145753.86,rank_or_trend_exit,0.0
2022-03-02,TTML.NS,BUY,3937,113.8000030517578,448030.61201477045,896.0612240295409,-448926.67323879997,target_rebalance,0.0
2022-03-02,TRIDENT.NS,BUY,9478,49.79999923706055,472004.39276885986,944.0087855377197,-472948.4015543976,target_rebalance,0.0
2022-03-02,KPITTECH.NS,BUY,69,564.5,38950.5,77.901,-39028.401,target_rebalance,0.0
2022-03-02,FLUOROCHEM.NS,SELL,119,2580.0,307020.0,614.04,306405.96,target_rebalance,0.0
2022-03-02,OLECTRA.NS,BUY,1551,625.0,969375.0,1938.75,-971313.75,target_rebalance,0.0
2022-03-02,KPRMILL.NS,SELL,590,632.0,372880.0,745.76,372134.24,target_rebalance,0.0
2022-03-02,BSE.NS,SELL,3586,213.88888549804688,767005.5433959961,1534.0110867919923,765471.5323092041,target_rebalance,0.0
2022-03-02,CGPOWER.NS,SELL,3335,166.8000030517578,556278.0101776123,1112.5560203552247,555165.4541572571,target_rebalance,0.0
2022-03-02,JSWENERGY.NS,BUY,17655,340.5,6011527.5,12023.055,-6023550.555,target_rebalance,0.0
2022-03-02,JBMA.NS,BUY,5899,210.0500030517578,1239084.9680023193,2478.1699360046387,-1241563.137938324,target_rebalance,0.0
2022-03-02,TRIVENI.NS,BUY,24046,250.0,6011500.0,12023.0,-6023523.0,target_rebalance,0.0
2022-03-02,DEEPAKFERT.NS,BUY,10621,566.0,6011486.0,12022.972,-6023508.972,target_rebalance,0.0
2022-03-02,ADANIENSOL.NS,SELL,740,2111.0,1562140.0,3124.28,1559015.72,target_rebalance,0.0
2022-03-02,TATAPOWER.NS,SELL,450,220.0,99000.0,198.0,98802.0,target_rebalance,0.0
2022-03-02,NATIONALUM.NS,BUY,49276,122.0,6011672.0,12023.344000000001,-6023695.344,target_rebalance,0.0
2022-04-01,KPRMILL.NS,SELL,9512,629.9000244140625,5991609.0322265625,11983.218064453125,5979625.814162109,rank_or_trend_exit,0.0
2022-04-01,ADANIENSOL.NS,SELL,2847,2379.949951171875,6775717.510986328,13551.435021972657,6762166.075964356,rank_or_trend_exit,0.0
2022-04-01,TATAPOWER.NS,SELL,27326,237.6499938964844,6494023.733215333,12988.047466430666,6481035.685748902,rank_or_trend_exit,0.0
2022-04-01,JSWENERGY.NS,SELL,17655,302.0,5331810.0,10663.62,5321146.38,rank_or_trend_exit,0.0
2022-04-01,DEEPAKFERT.NS,SELL,10621,557.0,5915897.0,11831.794,5904065.206,rank_or_trend_exit,0.0
2022-04-01,NATIONALUM.NS,SELL,49276,122.1999969482422,6021527.049621583,12043.054099243167,6009483.99552234,rank_or_trend_exit,0.0
2022-04-01,TTML.NS,SELL,14349,175.0,2511075.0,5022.150000000001,2506052.85,target_rebalance,0.0
2022-04-01,BSE.NS,SELL,6616,313.3333435058594,2073013.4006347656,4146.0268012695315,2068867.3738334961,target_rebalance,0.0
2022-04-01,TRIDENT.NS,BUY,4444,53.79999923706055,239087.19660949707,478.17439321899417,-239565.37100271607,target_rebalance,0.0
2022-04-01,USHAMART.NS,BUY,50270,133.9499969482422,6733666.346588135,13467.33269317627,-6747133.679281311,target_rebalance,0.0
2022-04-01,GMDCLTD.NS,BUY,35282,190.8500061035156,6733569.915344237,13467.139830688475,-6747037.055174925,target_rebalance,0.0
2022-04-01,FLUOROCHEM.NS,BUY,76,2798.0,212648.0,425.296,-213073.296,target_rebalance,0.0
2022-04-01,TRIVENI.NS,SELL,2464,312.0,768768.0,1537.536,767230.464,target_rebalance,0.0
2022-04-01,KPITTECH.NS,BUY,503,603.7999877929688,303711.3938598633,607.4227877197266,-304318.81664758304,target_rebalance,0.0
2022-04-01,TATAELXSI.NS,BUY,757,8884.0,6725188.0,13450.376,-6738638.376,target_rebalance,0.0
2022-04-01,GNFC.NS,BUY,8048,836.6500244140625,6733359.396484375,13466.71879296875,-6746826.115277343,target_rebalance,0.0
2022-04-01,OLECTRA.NS,BUY,477,667.0,318159.0,636.318,-318795.318,target_rebalance,0.0
2022-04-01,RENUKA.NS,BUY,188618,35.70000076293945,6733662.743904114,13467.325487808228,-6747130.069391922,target_rebalance,0.0
2022-04-01,JBMA.NS,BUY,1575,223.0,351225.0,702.45,-351927.45,target_rebalance,0.0
2022-04-01,CGPOWER.NS,SELL,414,189.0,78246.0,156.492,78089.508,target_rebalance,0.0
2022-04-01,RHIM.NS,BUY,10855,620.2999877929688,6733356.367492676,13466.712734985353,-6746823.080227661,target_rebalance,0.0
2022-05-02,OLECTRA.NS,SELL,10095,637.0,6430515.0,12861.03,6417653.97,rank_or_trend_exit,0.0
2022-05-02,CGPOWER.NS,SELL,35627,196.3999938964844,6997142.58255005,13994.2851651001,6983148.297384949,rank_or_trend_exit,0.0
2022-05-02,TRIVENI.NS,SELL,21582,314.1000061035156,6778906.331726074,13557.812663452149,6765348.519062622,rank_or_trend_exit,0.0
2022-05-02,TATAELXSI.NS,SELL,757,7690.0,5821330.0,11642.66,5809687.34,rank_or_trend_exit,0.0
2022-05-02,GNFC.NS,SELL,8048,822.0,6615456.0,13230.912,6602225.088,rank_or_trend_exit,0.0
2022-05-02,RHIM.NS,SELL,10855,601.0,6523855.0,13047.710000000001,6510807.29,rank_or_trend_exit,0.0
2022-05-02,TTML.NS,BUY,11814,134.25,1586029.5,3172.059,-1589201.559,target_rebalance,0.0
2022-05-02,BSE.NS,BUY,1265,296.70001220703125,375325.51544189453,750.6510308837891,-376076.1664727783,target_rebalance,0.0
2022-05-02,RENUKA.NS,SELL,60624,52.75,3197916.0,6395.832,3191520.168,target_rebalance,0.0
2022-05-02,EASEMYTRIP.NS,BUY,266733,25.3125,6751679.0625,13503.358125,-6765182.420625,target_rebalance,0.0
2022-05-02,JBMA.NS,SELL,3718,255.0,948090.0,1896.18,946193.82,target_rebalance,0.0
2022-05-02,ANGELONE.NS,BUY,34892,193.5,6751602.0,13503.204,-6765105.204,target_rebalance,0.0
2022-05-02,BLS.NS,BUY,75144,89.8499984741211,6751688.2853393555,13503.37657067871,-6765191.661910034,target_rebalance,0.0
2022-05-02,GMDCLTD.NS,BUY,2331,179.5,418414.5,836.8290000000001,-419251.329,target_rebalance,0.0
2022-05-02,ADANIPOWER.NS,BUY,120566,56.0,6751696.0,13503.392,-6765199.392,target_rebalance,0.0
2022-05-02,USHAMART.NS,SELL,5557,151.0,839107.0,1678.214,837428.786,target_rebalance,0.0
2022-05-02,FLUOROCHEM.NS,BUY,15,2788.0,41820.0,83.64,-41903.64,target_rebalance,0.0
2022-05-02,TRIDENT.NS,BUY,6837,51.150001525878906,349712.5604324341,699.4251208648682,-350411.98555329896,target_rebalance,0.0
2022-05-02,ADANIGREEN.NS,BUY,2360,2860.0,6749600.0,13499.2,-6763099.2,target_rebalance,0.0
2022-05-02,DEEPAKFERT.NS,BUY,10339,653.0,6751367.0,13502.734,-6764869.734,target_rebalance,0.0
2022-05-02,KPITTECH.NS,BUY,1345,540.25,726636.25,1453.2725,-728089.5225,target_rebalance,0.0
2022-06-01,TRIDENT.NS,SELL,131998,48.400001525878906,6388703.401412964,12777.406802825928,6375925.994610138,rank_or_trend_exit,0.0
2022-06-01,KPITTECH.NS,SELL,12497,532.7000122070312,6657152.0525512695,13314.30410510254,6643837.748446167,rank_or_trend_exit,0.0
2022-06-01,JBMA.NS,SELL,26477,217.4499969482422,5757423.569198608,11514.847138397217,5745908.722060211,rank_or_trend_exit,0.0
2022-06-01,USHAMART.NS,SELL,44713,117.6999969482422,5262719.963546754,10525.439927093508,5252194.52361966,rank_or_trend_exit,0.0
2022-06-01,ANGELONE.NS,SELL,34892,149.02499389648438,5199780.087036133,10399.560174072265,5189380.526862061,rank_or_trend_exit,0.0
2022-06-01,ADANIGREEN.NS,SELL,2360,1828.949951171875,4316321.884765625,8632.64376953125,4307689.2409960935,rank_or_trend_exit,0.0
2022-06-01,ADANIPOWER.NS,SELL,21387,62.09999847412109,1328132.6673660276,2656.265334732055,1325476.4020312955,target_rebalance,0.0
2022-06-01,BLS.NS,SELL,9588,93.9499969482422,900792.5707397462,1801.5851414794924,898990.9855982667,target_rebalance,0.0
2022-06-01,RENUKA.NS,BUY,1944,47.400001525878906,92145.6029663086,184.2912059326172,-92329.89417224121,target_rebalance,0.0
2022-06-01,FLUOROCHEM.NS,SELL,312,2920.0,911040.0,1822.08,909217.92,target_rebalance,0.0
2022-06-01,RAYMOND.NS,BUY,6240,987.0,6158880.0,12317.76,-6171197.76,target_rebalance,0.0
2022-06-01,BSE.NS,BUY,663,263.0,174369.0,348.738,-174717.738,target_rebalance,0.0
2022-06-01,EASEMYTRIP.NS,SELL,11765,24.15625,284198.28125,568.3965625,283629.8846875,target_rebalance,0.0
2022-06-01,TTML.NS,SELL,1333,125.8000030517578,167691.40406799313,335.3828081359863,167356.02125985714,target_rebalance,0.0
2022-06-01,TATAELXSI.NS,BUY,715,8612.0,6157580.0,12315.16,-6169895.16,target_rebalance,0.0
2022-06-01,GMDCLTD.NS,BUY,2122,155.0,328910.0,657.82,-329567.82,target_rebalance,0.0
2022-06-01,SCHAEFFLER.NS,BUY,2667,2308.60009765625,6157036.460449219,12314.072920898438,-6169350.533370117,target_rebalance,0.0
2022-06-01,DEEPAKFERT.NS,SELL,776,644.0,499744.0,999.488,498744.512,target_rebalance,0.0
2022-06-01,BDL.NS,BUY,15245,404.0,6158980.0,12317.960000000001,-6171297.96,target_rebalance,0.0
2022-06-01,CHENNPETRO.NS,BUY,21326,288.79998779296875,6158948.539672852,12317.897079345703,-6171266.436752197,target_rebalance,0.0
2022-06-01,JKPAPER.NS,BUY,18443,333.95001220703125,6159040.075134277,12318.080150268555,-6171358.155284546,target_rebalance,0.0
2022-07-01,TTML.NS,SELL,48959,121.4000015258789,5943622.674705505,11887.24534941101,5931735.429356094,rank_or_trend_exit,0.0
2022-07-01,BSE.NS,SELL,23418,198.3166656494141,4644179.676177979,9288.35935235596,4634891.316825624,rank_or_trend_exit,0.0
2022-07-01,RENUKA.NS,SELL,129938,46.5,6042117.0,12084.234,6030032.766,rank_or_trend_exit,0.0
2022-07-01,DEEPAKFERT.NS,SELL,9563,596.5,5704329.5,11408.659,5692920.841,rank_or_trend_exit,0.0
2022-07-01,JKPAPER.NS,SELL,18443,298.0,5496014.0,10992.028,5485021.972,rank_or_trend_exit,0.0
2022-07-01,BLS.NS,SELL,6117,96.3499984741211,589372.9406661987,1178.7458813323974,588194.1947848663,target_rebalance,0.0
2022-07-01,ADANIPOWER.NS,BUY,9761,52.56999969482422,513135.7670211792,1026.2715340423583,-514162.0385552216,target_rebalance,0.0
2022-07-01,CHENNPETRO.NS,SELL,2565,305.25,782966.25,1565.9325000000001,781400.3175,target_rebalance,0.0
2022-07-01,HBLENGINE.NS,BUY,60284,95.0,5726980.0,11453.960000000001,-5738433.96,target_rebalance,0.0
2022-07-01,TATAELXSI.NS,SELL,15,8170.5498046875,122558.2470703125,245.116494140625,122313.13057617187,target_rebalance,0.0
2022-07-01,MAHLIFE.NS,BUY,14186,403.7000122070313,5726888.373168946,11453.776746337893,-5738342.1499152845,target_rebalance,0.0
2022-07-01,USHAMART.NS,BUY,47019,121.8000030517578,5726914.3434906,11453.8286869812,-5738368.172177581,target_rebalance,0.0
2022-07-01,RAYMOND.NS,BUY,283,877.9000244140625,248445.7069091797,496.8914138183594,-248942.59832299803,target_rebalance,0.0
2022-07-01,ADANIENSOL.NS,BUY,2290,2500.0,5725000.0,11450.0,-5736450.0,target_rebalance,0.0
2022-07-01,EASEMYTRIP.NS,SELL,21333,24.512500762939453,522925.17877578735,1045.8503575515747,521879.32841823576,target_rebalance,0.0
2022-07-01,BDL.NS,BUY,1673,338.5,566310.5,1132.621,-567443.121,target_rebalance,0.0
2022-07-01,FLUOROCHEM.NS,SELL,64,2800.25,179216.0,358.432,178857.568,target_rebalance,0.0
2022-07-01,GMDCLTD.NS,BUY,2452,135.75,332859.0,665.718,-333524.718,target_rebalance,0.0
2022-07-01,MRPL.NS,BUY,62100,88.05000305175781,5467905.18951416,10935.81037902832,-5478840.9998931885,target_rebalance,0.0
2022-07-01,SCHAEFFLER.NS,SELL,166,2289.0,379974.0,759.948,379214.052,target_rebalance,0.0
2022-08-01,FLUOROCHEM.NS,SELL,2045,3350.0,6850750.0,13701.5,6837048.5,rank_or_trend_exit,0.0
2022-08-01,RAYMOND.NS,SELL,6523,960.0,6262080.0,12524.16,6249555.84,rank_or_trend_exit,0.0
2022-08-01,TATAELXSI.NS,SELL,700,8724.0,6106800.0,12213.6,6094586.4,rank_or_trend_exit,0.0
2022-08-01,HBLENGINE.NS,SELL,60284,87.80000305175781,5292935.383972168,10585.870767944336,5282349.5132042235,rank_or_trend_exit,0.0
2022-08-01,MAHLIFE.NS,SELL,14186,399.0,5660214.0,11320.428,5648893.572,rank_or_trend_exit,0.0
2022-08-01,MRPL.NS,SELL,62100,74.0,4595400.0,9190.800000000001,4586209.2,rank_or_trend_exit,0.0
2022-08-01,BLS.NS,SELL,7140,121.5,867510.0,1735.02,865774.98,target_rebalance,0.0
2022-08-01,ADANIPOWER.NS,SELL,7964,62.93000030517578,501174.5224304199,1002.3490448608399,500172.17338555906,target_rebalance,0.0
2022-08-01,ATGL.NS,BUY,2021,3144.0,6354024.0,12708.048,-6366732.048,target_rebalance,0.0
2022-08-01,ADANIENSOL.NS,SELL,260,3129.89990234375,813773.974609375,1627.54794921875,812146.4266601562,target_rebalance,0.0
2022-08-01,ELECON.NS,BUY,35058,181.25,6354262.5,12708.525,-6366971.025,target_rebalance,0.0
2022-08-01,CHENNPETRO.NS,BUY,4262,276.0,1176312.0,2352.6240000000003,-1178664.624,target_rebalance,0.0
2022-08-01,GMDCLTD.NS,SELL,2743,161.10000610351562,441897.31674194336,883.7946334838867,441013.5221084595,target_rebalance,0.0
2022-08-01,MAHSEAMLES.NS,BUY,17219,369.0249938964844,6354241.369903564,12708.482739807128,-6366949.852643372,target_rebalance,0.0
2022-08-01,USHAMART.NS,SELL,3939,147.5,581002.5,1162.005,579840.495,target_rebalance,0.0
2022-08-01,SCHAEFFLER.NS,SELL,223,2789.0,621947.0,1243.894,620703.106,target_rebalance,0.0
2022-08-01,BDL.NS,SELL,1286,406.5,522759.0,1045.518,521713.482,target_rebalance,0.0
2022-08-01,EASEMYTRIP.NS,SELL,1748,27.403125762939453,47900.663833618164,95.80132766723634,47804.86250595093,target_rebalance,0.0
2022-08-01,LINDEINDIA.NS,BUY,1733,3666.199951171875,6353524.515380859,12707.049030761718,-6366231.564411622,target_rebalance,0.0
2022-08-01,GNFC.NS,BUY,8759,725.4500122070312,6354216.656921387,12708.433313842774,-6366925.09023523,target_rebalance,0.0
2022-08-01,CGPOWER.NS,BUY,28116,226.0,6354216.0,12708.432,-6366924.432,target_rebalance,0.0
2022-09-01,GMDCLTD.NS,SELL,39444,165.0,6508260.0,13016.52,6495243.48,rank_or_trend_exit,0.0
2022-09-01,EASEMYTRIP.NS,SELL,231887,24.375,5652245.625,11304.491250000001,5640941.13375,rank_or_trend_exit,0.0
2022-09-01,LINDEINDIA.NS,SELL,1733,3400.0,5892200.0,11784.4,5880415.6,rank_or_trend_exit,0.0
2022-09-01,GNFC.NS,SELL,8759,752.5499877929688,6591585.343078613,13183.170686157227,6578402.172392456,rank_or_trend_exit,0.0
2022-09-01,CGPOWER.NS,SELL,28116,226.0,6354216.0,12708.432,6341507.568,rank_or_trend_exit,0.0
2022-09-01,ADANIPOWER.NS,SELL,19841,83.4000015258789,1654739.4302749634,3309.478860549927,1651429.9514144135,target_rebalance,0.0
2022-09-01,CHENNPETRO.NS,BUY,501,287.6499938964844,144112.64694213867,288.22529388427733,-144400.87223602296,target_rebalance,0.0
2022-09-01,ATGL.NS,SELL,185,3684.050048828125,681549.2590332031,1363.0985180664063,680186.1605151367,target_rebalance,0.0
2022-09-01,ADANIENSOL.NS,SELL,331,3982.0,1318042.0,2636.084,1315405.916,target_rebalance,0.0
2022-09-01,BLS.NS,SELL,546,130.75,71389.5,142.779,71246.721,target_rebalance,0.0
2022-09-01,MAHSEAMLES.NS,SELL,1003,417.2749938964844,418526.8188781738,837.0536377563477,417689.7652404175,target_rebalance,0.0
2022-09-01,ELECON.NS,BUY,1040,187.4499969482422,194947.99682617188,389.89599365234375,-195337.89281982422,target_rebalance,0.0
2022-09-01,APARINDS.NS,BUY,5087,1330.0,6765710.0,13531.42,-6779241.42,target_rebalance,0.0
2022-09-01,HSCL.NS,BUY,68628,98.5999984741211,6766720.695281982,13533.441390563965,-6780254.136672546,target_rebalance,0.0
2022-09-01,DEEPAKFERT.NS,BUY,7371,918.0,6766578.0,13533.156,-6780111.156,target_rebalance,0.0
2022-09-01,BDL.NS,BUY,894,409.4500122070313,366048.310913086,732.096621826172,-366780.40753491217,target_rebalance,0.0
2022-09-01,ELGIEQUIP.NS,BUY,13479,502.0,6766458.0,13532.916000000001,-6779990.916,target_rebalance,0.0
2022-09-01,ADANIENT.NS,BUY,2114,3200.0,6764800.0,13529.6,-6778329.6,target_rebalance,0.0
2022-09-01,USHAMART.NS,BUY,4179,142.25,594462.75,1188.9255,-595651.6755,target_rebalance,0.0
2022-09-01,SCHAEFFLER.NS,SELL,58,3048.0,176784.0,353.568,176430.432,target_rebalance,0.0
2022-10-03,CHENNPETRO.NS,SELL,23524,237.0,5575188.0,11150.376,5564037.624,rank_or_trend_exit,0.0
2022-10-03,USHAMART.NS,SELL,47259,121.0,5718339.0,11436.678,5706902.322,rank_or_trend_exit,0.0
2022-10-03,ADANIENSOL.NS,SELL,1699,3328.89990234375,5655800.934082031,11311.601868164063,5644489.332213867,rank_or_trend_exit,0.0
2022-10-03,HSCL.NS,SELL,68628,99.5,6828486.0,13656.972,6814829.028,rank_or_trend_exit,0.0
2022-10-03,ELGIEQUIP.NS,SELL,13479,421.0,5674659.0,11349.318000000001,5663309.682,rank_or_trend_exit,0.0
2022-10-03,ADANIPOWER.NS,BUY,3972,75.0,297900.0,595.8000000000001,-298495.8,target_rebalance,0.0
2022-10-03,BLS.NS,SELL,6928,142.39999389648438,986547.1577148438,1973.0943154296876,984574.0633994141,target_rebalance,0.0
2022-10-03,ADANIENT.NS,SELL,259,3440.0,890960.0,1781.92,889178.08,target_rebalance,0.0
2022-10-03,FINEORG.NS,BUY,914,6977.0,6376978.0,12753.956,-6389731.956,target_rebalance,0.0
2022-10-03,ATGL.NS,BUY,80,3329.89990234375,266391.9921875,532.783984375,-266924.776171875,target_rebalance,0.0
2022-10-03,BDL.NS,SELL,1819,434.0,789446.0,1578.892,787867.108,target_rebalance,0.0
2022-10-03,SCHAEFFLER.NS,SELL,212,3177.39990234375,673608.779296875,1347.21755859375,672261.5617382813,target_rebalance,0.0
2022-10-03,ELECON.NS,BUY,1449,170.0,246330.0,492.66,-246822.66,target_rebalance,0.0
2022-10-03,WELCORP.NS,BUY,24137,264.45001220703125,6383029.944641113,12766.059889282227,-6395796.004530395,target_rebalance,0.0
2022-10-03,MAHSEAMLES.NS,BUY,447,383.0499877929688,171223.34454345706,342.44668908691415,-171565.79123254397,target_rebalance,0.0
2022-10-03,APARINDS.NS,SELL,101,1280.0,129280.0,258.56,129021.44,target_rebalance,0.0
2022-10-03,RENUKA.NS,BUY,108096,59.04999923706055,6383068.717529297,12766.137435058594,-6395834.854964355,target_rebalance,0.0
2022-10-03,MAZDOCK.NS,BUY,26251,243.1499938964844,6382930.489776612,12765.860979553225,-6395696.350756166,target_rebalance,0.0
2022-10-03,DEEPAKFERT.NS,SELL,45,871.2000122070312,39204.000549316406,78.40800109863281,39125.59254821777,target_rebalance,0.0
2022-10-03,FLUOROCHEM.NS,BUY,1612,3958.0,6380296.0,12760.592,-6393056.592,target_rebalance,0.0
2022-11-01,ADANIPOWER.NS,SELL,85107,67.41999816894531,5737913.784164429,11475.827568328858,5726437.9565961,rank_or_trend_exit,0.0
2022-11-01,SCHAEFFLER.NS,SELL,2008,2754.60009765625,5531236.99609375,11062.4739921875,5520174.5221015625,rank_or_trend_exit,0.0
2022-11-01,BDL.NS,SELL,14707,479.75,7055683.25,14111.3665,7041571.8835,rank_or_trend_exit,0.0
2022-11-01,MAHSEAMLES.NS,SELL,16663,391.1749877929688,6518148.821594239,13036.297643188478,6505112.523951051,rank_or_trend_exit,0.0
2022-11-01,FINEORG.NS,SELL,914,5694.9501953125,5205184.478515625,10410.36895703125,5194774.1095585935,rank_or_trend_exit,0.0
2022-11-01,WELCORP.NS,SELL,24137,221.5,5346345.5,10692.691,5335652.809,rank_or_trend_exit,0.0
2022-11-01,RENUKA.NS,SELL,108096,54.25,5864208.0,11728.416000000001,5852479.584,rank_or_trend_exit,0.0
2022-11-01,FLUOROCHEM.NS,SELL,1612,3795.0,6117540.0,12235.08,6105304.92,rank_or_trend_exit,0.0
2022-11-01,BLS.NS,SELL,4965,163.64999389648438,812522.2196960449,1625.0444393920898,810897.1752566529,target_rebalance,0.0
2022-11-01,ELECON.NS,SELL,3115,189.4499969482422,590136.7404937744,1180.273480987549,588956.4670127869,target_rebalance,0.0
2022-11-01,MAZDOCK.NS,SELL,5783,318.70001220703125,1843042.1705932617,3686.0843411865235,1839356.0862520752,target_rebalance,0.0
2022-11-01,APARINDS.NS,SELL,667,1510.0,1007170.0,2014.3400000000001,1005155.66,target_rebalance,0.0
2022-11-01,SAFARI.NS,BUY,7023,928.7249755859376,6522435.50354004,13044.87100708008,-6535480.37454712,target_rebalance,0.0
2022-11-01,RAYMOND.NS,BUY,5451,1196.5999755859375,6522666.466918945,13045.332933837892,-6535711.799852783,target_rebalance,0.0
2022-11-01,DEEPAKFERT.NS,SELL,582,967.25,562939.5,1125.8790000000001,561813.621,target_rebalance,0.0
2022-11-01,KARURVYSYA.NS,BUY,74943,87.04166412353516,6523163.434410095,13046.326868820192,-6536209.761278915,target_rebalance,0.0
2022-11-01,ATGL.NS,SELL,115,3620.89990234375,416403.48876953125,832.8069775390625,415570.68179199216,target_rebalance,0.0
2022-11-01,ELGIEQUIP.NS,BUY,13358,488.2999877929688,6522711.2369384775,13045.422473876955,-6535756.659412354,target_rebalance,0.0
2022-11-01,GRSE.NS,BUY,14528,449.0,6523072.0,13046.144,-6536118.144,target_rebalance,0.0
2022-11-01,ADANIENT.NS,BUY,85,3361.89990234375,285761.49169921875,571.5229833984375,-286333.0146826172,target_rebalance,0.0
2022-11-01,HSCL.NS,BUY,62542,104.3000030517578,6523130.790863036,13046.261581726072,-6536177.052444763,target_rebalance,0.0
2022-11-01,HAL.NS,BUY,5140,1269.0,6522660.0,13045.32,-6535705.32,target_rebalance,0.0
2022-11-01,TIINDIA.NS,BUY,2385,2735.0,6522975.0,13045.95,-6536020.95,target_rebalance,0.0
2022-12-01,ATGL.NS,SELL,1801,3650.949951171875,6575360.862060547,13150.721724121095,6562210.140336426,rank_or_trend_exit,0.0
2022-12-01,DEEPAKFERT.NS,SELL,6744,814.9000244140625,5495685.7646484375,10991.371529296875,5484694.3931191405,rank_or_trend_exit,0.0
2022-12-01,SAFARI.NS,SELL,7023,826.7999877929688,5806616.3142700195,11613.23262854004,5795003.081641479,rank_or_trend_exit,0.0
2022-12-01,ELGIEQUIP.NS,SELL,13358,482.9500122070313,6451246.263061524,12902.49252612305,6438343.770535401,rank_or_trend_exit,0.0
2022-12-01,HAL.NS,SELL,5140,1380.0,7093200.0,14186.4,7079013.6,rank_or_trend_exit,0.0
2022-12-01,TIINDIA.NS,SELL,2385,2778.800048828125,6627438.116455078,13254.876232910157,6614183.240222168,rank_or_trend_exit,0.0
2022-12-01,MAZDOCK.NS,SELL,5256,457.7999877929688,2406196.735839844,4812.393471679688,2401384.3423681646,target_rebalance,0.0
2022-12-01,BLS.NS,SELL,2797,187.8999938964844,525556.2829284669,1051.1125658569338,524505.17036261,target_rebalance,0.0
2022-12-01,ELECON.NS,SELL,4414,232.0,1024048.0,2048.096,1021999.904,target_rebalance,0.0
2022-12-01,ADANIENT.NS,SELL,172,3937.5,677250.0,1354.5,675895.5,target_rebalance,0.0
2022-12-01,RVNL.NS,BUY,94622,73.5999984741211,6964179.055618286,13928.358111236572,-6978107.413729522,target_rebalance,0.0
2022-12-01,GRSE.NS,SELL,978,513.9500122070312,502643.11193847656,1005.2862238769532,501637.82571459963,target_rebalance,0.0
2022-12-01,APARINDS.NS,BUY,358,1489.0,533062.0,1066.124,-534128.124,target_rebalance,0.0
2022-12-01,GESHIP.NS,BUY,10410,668.9500122070312,6963769.627075195,13927.539254150392,-6977697.166329346,target_rebalance,0.0
2022-12-01,KARURVYSYA.NS,BUY,7595,84.375,640828.125,1281.65625,-642109.78125,target_rebalance,0.0
2022-12-01,COCHINSHIP.NS,BUY,20807,334.70001220703125,6964103.153991699,13928.206307983399,-6978031.360299682,target_rebalance,0.0
2022-12-01,HSCL.NS,BUY,5071,103.0,522313.0,1044.626,-523357.626,target_rebalance,0.0
2022-12-01,VBL.NS,BUY,27310,255.0,6964050.0,13928.1,-6977978.1,target_rebalance,0.0
2022-12-01,UNIONBANK.NS,BUY,84825,82.0999984741211,6964132.370567322,13928.264741134644,-6978060.635308457,target_rebalance,0.0
2022-12-01,LEMONTREE.NS,BUY,64179,102.9000015258789,6604019.197929382,13208.038395858764,-6617227.236325241,target_rebalance,0.0
2022-12-01,RAYMOND.NS,SELL,350,1365.0,477750.0,955.5,476794.5,target_rebalance,0.0
2023-01-02,ELECON.NS,SELL,30018,184.625,5542073.25,11084.1465,5530989.1035,rank_or_trend_exit,0.0
2023-01-02,ADANIENT.NS,SELL,1768,3870.0,6842160.0,13684.32,6828475.68,rank_or_trend_exit,0.0
2023-01-02,COCHINSHIP.NS,SELL,20807,265.4750061035156,5523738.45199585,11047.4769039917,5512690.975091858,rank_or_trend_exit,0.0
2023-01-02,VBL.NS,SELL,27310,267.8900146484375,7316076.300048828,14632.152600097657,7301444.147448731,rank_or_trend_exit,0.0
2023-01-02,UNIONBANK.NS,SELL,84825,80.9000015258789,6862342.629432678,13724.685258865356,6848617.944173813,rank_or_trend_exit,0.0
2023-01-02,LEMONTREE.NS,SELL,64179,86.0,5519394.0,11038.788,5508355.212,rank_or_trend_exit,0.0
2023-01-02,FACT.NS,BUY,17506,383.3999938964844,6711800.2931518555,13423.600586303712,-6725223.893738159,target_rebalance,0.0
2023-01-02,MAZDOCK.NS,BUY,1610,399.0,642390.0,1284.78,-643674.78,target_rebalance,0.0
2023-01-02,KARURVYSYA.NS,SELL,11761,94.83333587646484,1115334.863243103,2230.669726486206,1113104.1935166167,target_rebalance,0.0
2023-01-02,UCOBANK.NS,BUY,211070,31.799999237060547,6712025.83896637,13424.051677932739,-6725449.890644303,target_rebalance,0.0
2023-01-02,TITAGARH.NS,BUY,29542,227.1999969482422,6711942.309844971,13423.884619689941,-6725366.19446466,target_rebalance,0.0
2023-01-02,BLS.NS,BUY,3419,165.8000030517578,566870.21043396,1133.74042086792,-568003.9508548279,target_rebalance,0.0
2023-01-02,GRSE.NS,BUY,232,487.0,112984.0,225.96800000000002,-113209.968,target_rebalance,0.0
2023-01-02,BANKBARODA.NS,BUY,35970,186.6000061035156,6712002.219543456,13424.004439086912,-6725426.223982543,target_rebalance,0.0
2023-01-02,APARINDS.NS,SELL,949,1800.0,1708200.0,3416.4,1704783.6,target_rebalance,0.0
2023-01-02,GESHIP.NS,SELL,406,670.9000244140625,272385.4099121094,544.7708198242187,271840.6390922851,target_rebalance,0.0
2023-01-02,RVNL.NS,BUY,3722,68.25,254026.5,508.053,-254534.553,target_rebalance,0.0
2023-01-02,RAYMOND.NS,SELL,551,1475.0,812725.0,1625.45,811099.55,target_rebalance,0.0
2023-01-02,INDIANB.NS,BUY,23386,287.0,6711782.0,13423.564,-6725205.564,target_rebalance,0.0
2023-01-02,HSCL.NS,SELL,1158,101.0,116958.0,233.916,116724.084,target_rebalance,0.0
2023-01-02,RHIM.NS,BUY,7981,841.0,6712021.0,13424.042,-6725445.042,target_rebalance,0.0
2023-02-01,HSCL.NS,SELL,66455,93.3000030517578,6200251.7028045645,12400.50340560913,6187851.199398955,rank_or_trend_exit,0.0
2023-02-01,BANKBARODA.NS,SELL,35970,169.5,6096915.0,12193.83,6084721.17,rank_or_trend_exit,0.0
2023-02-01,RHIM.NS,SELL,7981,783.0999755859375,6249920.905151367,12499.841810302734,6237421.063341064,rank_or_trend_exit,0.0
2023-02-01,MAZDOCK.NS,SELL,185,399.0,73815.0,147.63,73667.37,target_rebalance,0.0
2023-02-01,KARURVYSYA.NS,BUY,2982,90.0,268380.0,536.76,-268916.76,target_rebalance,0.0
2023-02-01,UCOBANK.NS,BUY,8743,30.200000762939453,264038.60667037964,528.0772133407593,-264566.6838837204,target_rebalance,0.0
2023-02-01,RVNL.NS,SELL,13128,77.9000015258789,1022671.2200317383,2045.3424400634767,1020625.8775916748,target_rebalance,0.0
2023-02-01,INDIANB.NS,SELL,1692,306.0,517752.0,1035.5040000000001,516716.496,target_rebalance,0.0
2023-02-01,GRSE.NS,SELL,694,507.2000122070313,351996.80847167975,703.9936169433595,351292.8148547364,target_rebalance,0.0
2023-02-01,FACT.NS,BUY,3984,308.8999938964844,1230657.5756835938,2461.3151513671874,-1233118.8908349609,target_rebalance,0.0
2023-02-01,BLS.NS,SELL,4590,184.9499969482422,848920.4859924316,1697.8409719848632,847222.6450204467,target_rebalance,0.0
2023-02-01,TITAGARH.NS,SELL,554,229.0,126866.0,253.732,126612.268,target_rebalance,0.0
2023-02-01,UNIONBANK.NS,BUY,83817,79.19999694824219,6638306.144210815,13276.612288421631,-6651582.756499237,target_rebalance,0.0
2023-02-01,APARINDS.NS,BUY,22,1770.0,38940.0,77.88,-39017.88,target_rebalance,0.0
2023-02-01,DATAPATTNS.NS,BUY,4695,1413.9000244140625,6638260.614624023,13276.521229248046,-6651537.135853272,target_rebalance,0.0
2023-02-01,RAYMOND.NS,SELL,240,1539.949951171875,369587.98828125,739.1759765625001,368848.8123046875,target_rebalance,0.0
2023-02-01,GESHIP.NS,BUY,54,660.0,35640.0,71.28,-35711.28,target_rebalance,0.0
2023-02-01,GODFRYPHLP.NS,BUY,10339,642.0166625976562,6637810.274597168,13275.620549194336,-6651085.8951463625,target_rebalance,0.0
2023-03-01,RAYMOND.NS,SELL,4310,1279.0,5512490.0,11024.98,5501465.02,rank_or_trend_exit,0.0
2023-03-01,GESHIP.NS,SELL,10058,545.2999877929688,5484627.27722168,10969.25455444336,5473658.022667237,rank_or_trend_exit,0.0
2023-03-01,INDIANB.NS,SELL,21694,257.8999938964844,5594882.467590332,11189.764935180665,5583692.7026551515,rank_or_trend_exit,0.0
2023-03-01,UNIONBANK.NS,SELL,83817,67.19999694824219,5632502.144210815,11265.004288421631,5621237.1399223935,rank_or_trend_exit,0.0
2023-03-01,APARINDS.NS,SELL,1220,2320.0,2830400.0,5660.8,2824739.2,target_rebalance,0.0
2023-03-01,MAZDOCK.NS,SELL,383,361.2000122070313,138339.604675293,276.679209350586,138062.92546594242,target_rebalance,0.0
2023-03-01,CIEINDIA.NS,BUY,13759,426.7000122070313,5870965.467956544,11741.930935913088,-5882707.398892457,target_rebalance,0.0
2023-03-01,UCOBANK.NS,BUY,5993,26.0,155818.0,311.636,-156129.636,target_rebalance,0.0
2023-03-01,BLS.NS,BUY,1887,155.39999389648438,293239.788482666,586.4795769653321,-293826.26805963134,target_rebalance,0.0
2023-03-01,FACT.NS,BUY,3492,235.0,820620.0,1641.24,-822261.24,target_rebalance,0.0
2023-03-01,KARURVYSYA.NS,SELL,3728,83.83333587646484,312530.67614746094,625.0613522949219,311905.614795166,target_rebalance,0.0
2023-03-01,RVNL.NS,BUY,16887,57.5,971002.5,1942.005,-972944.505,target_rebalance,0.0
2023-03-01,KALYANKJIL.NS,BUY,51364,114.3000030517578,5870905.356750487,11741.810713500974,-5882647.167463988,target_rebalance,0.0
2023-03-01,TITAGARH.NS,SELL,938,209.3000030517578,196323.40286254883,392.6468057250977,195930.75605682374,target_rebalance,0.0
2023-03-01,GRSE.NS,BUY,1099,413.7999877929688,454766.1865844727,909.5323731689455,-455675.7189576417,target_rebalance,0.0
2023-03-01,GODFRYPHLP.NS,SELL,420,591.8333129882812,248569.99145507812,497.1399829101563,248072.85147216797,target_rebalance,0.0
2023-03-01,VBL.NS,BUY,22374,262.3999938964844,5870937.463439941,11741.874926879884,-5882679.338366821,target_rebalance,0.0
2023-03-01,TRITURBINE.NS,BUY,17831,320.29998779296875,5711269.082336426,11422.538164672851,-5722691.620501098,target_rebalance,0.0
2023-03-01,DATAPATTNS.NS,SELL,214,1309.949951171875,280329.28955078125,560.6585791015625,279768.6309716797,target_rebalance,0.0
2023-04-03,FACT.NS,SELL,24982,208.0,5196256.0,10392.512,5185863.488,rank_or_trend_exit,0.0
2023-04-03,DATAPATTNS.NS,SELL,4481,1382.8499755859375,6196550.740600586,12393.101481201173,6184157.639119385,rank_or_trend_exit,0.0
2023-04-03,GODFRYPHLP.NS,SELL,9919,607.6666870117188,6027445.868469238,12054.891736938476,6015390.9767323,rank_or_trend_exit,0.0
2023-04-03,CIEINDIA.NS,SELL,13759,353.6000061035156,4865182.4839782715,9730.364967956542,4855452.119010315,rank_or_trend_exit,0.0
2023-04-03,KALYANKJIL.NS,SELL,51364,106.5,5470266.0,10940.532000000001,5459325.468,rank_or_trend_exit,0.0
2023-04-03,TRITURBINE.NS,SELL,17831,337.5,6017962.5,12035.925000000001,6005926.575,rank_or_trend_exit,0.0
2023-04-03,APARINDS.NS,SELL,153,2549.0,389997.0,779.994,389217.006,target_rebalance,0.0
2023-04-03,TITAGARH.NS,SELL,5165,264.79998779296875,1367691.9369506836,2735.383873901367,1364956.5530767823,target_rebalance,0.0
2023-04-03,MAZDOCK.NS,BUY,1971,332.5,655357.5,1310.715,-656668.215,target_rebalance,0.0
2023-04-03,UCOBANK.NS,BUY,22557,24.39999961853028,550390.7913951875,1100.781582790375,-551491.5729779779,target_rebalance,0.0
2023-04-03,FINCABLES.NS,BUY,7360,823.2999877929688,6059487.91015625,12118.9758203125,-6071606.885976562,target_rebalance,0.0
2023-04-03,RVNL.NS,SELL,15531,70.0,1087170.0,2174.34,1084995.66,target_rebalance,0.0
2023-04-03,VBL.NS,SELL,654,279.0,182466.0,364.932,182101.068,target_rebalance,0.0
2023-04-03,INDIANB.NS,BUY,20969,289.0,6060041.0,12120.082,-6072161.082,target_rebalance,0.0
2023-04-03,GRSE.NS,SELL,880,455.3999938964844,400751.99462890625,801.5039892578125,399950.49063964846,target_rebalance,0.0
2023-04-03,KARURVYSYA.NS,SELL,376,87.0,32712.0,65.424,32646.576,target_rebalance,0.0
2023-04-03,BLS.NS,SELL,1686,167.89999389648438,283079.38970947266,566.1587794189453,282513.2309300537,target_rebalance,0.0
2023-04-03,SAFARI.NS,BUY,5841,1037.5,6060037.5,12120.075,-6072157.575,target_rebalance,0.0
2023-04-03,AEGISLOG.NS,BUY,15882,381.5499877929688,6059776.906127931,12119.553812255861,-6071896.459940187,target_rebalance,0.0
2023-04-03,ACE.NS,BUY,14620,414.5,6059990.0,12119.98,-6072109.98,target_rebalance,0.0
2023-04-03,UNIONBANK.NS,BUY,90448,67.0,6060016.0,12120.032000000001,-6072136.032,target_rebalance,0.0
2023-05-02,BLS.NS,SELL,36093,179.39999389648438,6475083.979705811,12950.167959411621,6462133.811746399,rank_or_trend_exit,0.0
2023-05-02,MAZDOCK.NS,SELL,18225,379.2000122070313,6910920.222473145,13821.84044494629,6897098.382028199,rank_or_trend_exit,0.0
2023-05-02,KARURVYSYA.NS,SELL,69655,82.04166412353516,5714612.114524841,11429.224229049683,5703182.890295791,rank_or_trend_exit,0.0
2023-05-02,GRSE.NS,SELL,13307,465.7000122070313,6197070.062438966,12394.140124877931,6184675.922314088,rank_or_trend_exit,0.0
2023-05-02,AEGISLOG.NS,SELL,15882,396.0,6289272.0,12578.544,6276693.456,rank_or_trend_exit,0.0
2023-05-02,ACE.NS,SELL,14620,419.8500061035156,6138207.089233398,12276.414178466797,6125930.675054932,rank_or_trend_exit,0.0
2023-05-02,RVNL.NS,SELL,25343,112.5,2851087.5,5702.175,2845385.325,target_rebalance,0.0
2023-05-02,APARINDS.NS,BUY,48,2840.0,136320.0,272.64,-136592.64,target_rebalance,0.0
2023-05-02,TITAGARH.NS,SELL,2228,333.45001220703125,742926.6271972656,1485.8532543945312,741440.7739428711,target_rebalance,0.0
2023-05-02,FACT.NS,BUY,19969,344.95001220703125,6888306.793762207,13776.613587524414,-6902083.407349732,target_rebalance,0.0
2023-05-02,UCOBANK.NS,SELL,23989,30.700000762939453,736462.3183021545,1472.9246366043092,734989.3936655503,target_rebalance,0.0
2023-05-02,FINCABLES.NS,BUY,255,904.5,230647.5,461.295,-231108.795,target_rebalance,0.0
2023-05-02,SAFARI.NS,SELL,244,1230.5,300242.0,600.484,299641.516,target_rebalance,0.0
2023-05-02,UNIONBANK.NS,SELL,874,76.9000015258789,67210.60133361816,134.42120266723634,67076.18013095093,target_rebalance,0.0
2023-05-02,IRCON.NS,BUY,91844,75.0,6888300.0,13776.6,-6902076.6,target_rebalance,0.0
2023-05-02,J&KBANK.NS,BUY,116751,59.0,6888309.0,13776.618,-6902085.618,target_rebalance,0.0
2023-05-02,VBL.NS,BUY,1870,292.0,546040.0,1092.08,-547132.08,target_rebalance,0.0
2023-05-02,INDIANB.NS,BUY,51,327.70001220703125,16712.700622558594,33.425401245117186,-16746.12602380371,target_rebalance,0.0
2023-05-02,BANKINDIA.NS,BUY,81230,84.80000305175781,6888304.247894287,13776.608495788574,-6902080.856390076,target_rebalance,0.0
2023-05-02,NCC.NS,BUY,56975,120.9000015258789,6888277.586936951,13776.555173873901,-6902054.142110825,target_rebalance,0.0
2023-05-02,CIEINDIA.NS,BUY,17075,403.3999938964844,6888054.895782471,13776.109791564942,-6901831.005574035,target_rebalance,0.0
2023-06-01,UCOBANK.NS,SELL,224374,26.299999237060547,5901036.028816223,11802.072057632446,5889233.95675859,rank_or_trend_exit,0.0
2023-06-01,FINCABLES.NS,SELL,7615,800.9500122070312,6099234.342956543,12198.468685913087,6087035.87427063,rank_or_trend_exit,0.0
2023-06-01,INDIANB.NS,SELL,21020,269.8999938964844,5673297.871704102,11346.595743408203,5661951.275960693,rank_or_trend_exit,0.0
2023-06-01,UNIONBANK.NS,SELL,89574,71.1500015258789,6373190.236679077,12746.380473358155,6360443.856205719,rank_or_trend_exit,0.0
2023-06-01,IRCON.NS,SELL,91844,81.1500015258789,7453140.740142822,14906.281480285645,7438234.458662537,rank_or_trend_exit,0.0
2023-06-01,J&KBANK.NS,SELL,116751,57.59999847412109,6724857.421852111,13449.714843704221,6711407.7070084065,rank_or_trend_exit,0.0
2023-06-01,BANKINDIA.NS,SELL,81230,73.80000305175781,5994774.247894287,11989.548495788575,5982784.699398499,rank_or_trend_exit,0.0
2023-06-01,NCC.NS,SELL,56975,119.1999969482422,6791419.8261261,13582.8396522522,6777836.986473847,rank_or_trend_exit,0.0
2023-06-01,APARINDS.NS,BUY,4,2789.0,11156.0,22.312,-11178.312,target_rebalance,0.0
2023-06-01,TITAGARH.NS,SELL,1519,354.1000061035156,537877.9092712402,1075.7558185424805,536802.1534526978,target_rebalance,0.0
2023-06-01,RVNL.NS,SELL,6111,122.9499969482422,751347.4313507081,1502.6948627014162,749844.7364880067,target_rebalance,0.0
2023-06-01,JINDALSAW.NS,BUY,55776,121.5,6776784.0,13553.568000000001,-6790337.568,target_rebalance,0.0
2023-06-01,SAFARI.NS,SELL,553,1343.425048828125,742914.0520019531,1485.8281040039062,741428.2238979492,target_rebalance,0.0
2023-06-01,FACT.NS,BUY,2616,300.04998779296875,784930.7680664062,1569.8615361328125,-786500.6296025391,target_rebalance,0.0
2023-06-01,JSL.NS,BUY,22898,295.95001220703125,6776663.379516602,13553.326759033203,-6790216.7062756345,target_rebalance,0.0
2023-06-01,RKFORGE.NS,BUY,17385,389.7999877929688,6776672.787780763,13553.345575561525,-6790226.133356324,target_rebalance,0.0
2023-06-01,CIEINDIA.NS,SELL,2079,451.8999938964844,939500.087310791,1879.0001746215821,937621.0871361694,target_rebalance,0.0
2023-06-01,ACE.NS,BUY,14357,472.0,6776504.0,13553.008,-6790057.008,target_rebalance,0.0
2023-06-01,VBL.NS,SELL,3550,338.1600036621094,1200468.0130004883,2400.9360260009767,1198067.0769744874,target_rebalance,0.0
2023-06-01,JWL.NS,BUY,51613,131.3000030517578,6776787.057510376,13553.574115020752,-6790340.631625397,target_rebalance,0.0
2023-06-01,SCHNEIDER.NS,BUY,27331,247.9499969482422,6776721.366592407,13553.442733184815,-6790274.809325592,target_rebalance,0.0
2023-06-01,CGPOWER.NS,BUY,17254,392.75,6776508.5,13553.017,-6790061.517,target_rebalance,0.0
2023-06-01,KPITTECH.NS,BUY,6393,1060.0,6776580.0,13553.16,-6790133.16,target_rebalance,0.0
2023-07-03,VBL.NS,SELL,20040,321.0199890136719,6433240.579833984,12866.481159667968,6420374.098674316,rank_or_trend_exit,0.0
2023-07-03,ACE.NS,SELL,14357,492.8999938964844,7076565.212371826,14153.130424743653,7062412.081947083,rank_or_trend_exit,0.0
2023-07-03,CGPOWER.NS,SELL,17254,379.9500122070313,6555657.510620118,13111.315021240236,6542546.195598878,rank_or_trend_exit,0.0
2023-07-03,KPITTECH.NS,SELL,6393,1096.050048828125,7007047.962158203,14014.095924316407,6993033.866233887,rank_or_trend_exit,0.0
2023-07-03,TITAGARH.NS,SELL,3887,506.3999938964844,1968376.7762756348,3936.7535525512694,1964440.0227230834,target_rebalance,0.0
2023-07-03,APARINDS.NS,SELL,231,3512.85009765625,811468.3725585938,1622.9367451171875,809845.4358134766,target_rebalance,0.0
2023-07-03,RVNL.NS,BUY,7724,122.9000015258789,949279.6117858887,1898.5592235717775,-951178.1710094605,target_rebalance,0.0
2023-07-03,JINDALSAW.NS,BUY,4304,128.5500030517578,553279.2131347656,1106.5584262695313,-554385.7715610352,target_rebalance,0.0
2023-07-03,JBMA.NS,BUY,11484,672.5250244140625,7723277.380371094,15446.554760742189,-7738723.935131836,target_rebalance,0.0
2023-07-03,FACT.NS,SELL,4896,436.6000061035156,2137593.6298828125,4275.187259765625,2133318.4426230467,target_rebalance,0.0
2023-07-03,JWL.NS,SELL,7656,175.6999969482422,1345159.1766357422,2690.3183532714843,1342468.8582824706,target_rebalance,0.0
2023-07-03,SAFARI.NS,BUY,115,1497.0,172155.0,344.31,-172499.31,target_rebalance,0.0
2023-07-03,MAZDOCK.NS,BUY,12067,640.0,7722880.0,15445.76,-7738325.76,target_rebalance,0.0
2023-07-03,DATAPATTNS.NS,BUY,4103,1882.0,7721846.0,15443.692000000001,-7737289.692,target_rebalance,0.0
2023-07-03,RKFORGE.NS,SELL,107,447.0,47829.0,95.658,47733.342,target_rebalance,0.0
2023-07-03,SCHNEIDER.NS,BUY,2147,262.0,562514.0,1125.028,-563639.028,target_rebalance,0.0
2023-07-03,JSL.NS,BUY,239,333.79998779296875,79778.19708251953,159.55639416503905,-79937.75347668456,target_rebalance,0.0
2023-07-03,USHAMART.NS,BUY,28520,270.79998779296875,7723215.651855469,15446.431303710939,-7738662.083159179,target_rebalance,0.0
2023-07-03,CIEINDIA.NS,SELL,14,515.5,7217.0,14.434000000000001,7202.566,target_rebalance,0.0
2023-08-01,SAFARI.NS,SELL,5159,1448.4749755859375,7472682.399047852,14945.364798095703,7457737.034249756,rank_or_trend_exit,0.0
2023-08-01,FACT.NS,SELL,17689,476.8500061035156,8434999.757965088,16869.999515930176,8418129.758449158,rank_or_trend_exit,0.0
2023-08-01,CIEINDIA.NS,SELL,14982,508.9500122070313,7625089.082885743,15250.178165771487,7609838.904719972,rank_or_trend_exit,0.0
2023-08-01,JSL.NS,SELL,23137,402.9500122070313,9323054.432434084,18646.10886486817,9304408.323569216,rank_or_trend_exit,0.0
2023-08-01,SCHNEIDER.NS,SELL,29478,284.0,8371752.0,16743.504,8355008.496,rank_or_trend_exit,0.0
2023-08-01,DATAPATTNS.NS,SELL,4103,2044.449951171875,8388378.149658203,16776.756299316407,8371601.393358887,rank_or_trend_exit,0.0
2023-08-01,USHAMART.NS,SELL,28520,338.5,9654020.0,19308.04,9634711.96,rank_or_trend_exit,0.0
2023-08-01,MAZDOCK.NS,SELL,2755,955.0,2631025.0,5262.05,2625762.95,target_rebalance,0.0
2023-08-01,TITAGARH.NS,SELL,1653,654.0,1081062.0,2162.1240000000003,1078899.876,target_rebalance,0.0
2023-08-01,JINDALSAW.NS,SELL,6407,165.6999969482422,1061639.8804473877,2123.2797608947753,1059516.6006864929,target_rebalance,0.0
2023-08-01,JAIBALAJI.NS,BUY,272813,32.599998474121094,8893703.383720398,17787.406767440796,-8911490.790487839,target_rebalance,0.0
2023-08-01,APARINDS.NS,BUY,141,3801.949951171875,536074.9431152344,1072.1498862304688,-537147.0930014648,target_rebalance,0.0
2023-08-01,JBMA.NS,BUY,1130,705.0250244140625,796678.2775878906,1593.3565551757813,-798271.6341430664,target_rebalance,0.0
2023-08-01,RKFORGE.NS,SELL,1621,568.0,920728.0,1841.4560000000001,918886.544,target_rebalance,0.0
2023-08-01,ACE.NS,BUY,12191,729.5,8893334.5,17786.669,-8911121.169,target_rebalance,0.0
2023-08-01,JWL.NS,BUY,926,198.1499938964844,183486.89434814456,366.97378869628915,-183853.86813684084,target_rebalance,0.0
2023-08-01,RVNL.NS,BUY,7799,125.9000015258789,981894.1119003296,1963.7882238006591,-983857.9001241303,target_rebalance,0.0
2023-08-01,SUZLON.NS,BUY,454921,19.549999237060547,8893705.202922821,17787.410405845643,-8911492.613328667,target_rebalance,0.0
2023-08-01,UJJIVANSFB.NS,BUY,180766,49.20000076293945,8893687.337913513,17787.374675827028,-8911474.71258934,target_rebalance,0.0
2023-08-01,INOXWIND.NS,BUY,167726,53.025001525878906,8893671.405929565,17787.342811859133,-8911458.748741424,target_rebalance,0.0
2023-08-01,FINCABLES.NS,BUY,8401,1058.550048828125,8892878.960205078,17785.757920410157,-8910664.718125489,target_rebalance,0.0
2023-08-01,NCC.NS,BUY,55585,160.0,8893600.0,17787.2,-8911387.2,target_rebalance,0.0
2023-09-01,UJJIVANSFB.NS,SELL,180766,49.0,8857534.0,17715.068,8839818.932,rank_or_trend_exit,0.0
2023-09-01,INOXWIND.NS,SELL,167726,51.53749847412109,8644178.469070433,17288.356938140867,8626890.112132292,rank_or_trend_exit,0.0
2023-09-01,FINCABLES.NS,SELL,8401,1103.25,9268403.25,18536.8065,9249866.4435,rank_or_trend_exit,0.0
2023-09-01,NCC.NS,SELL,55585,174.89999389648438,9721816.160736084,19443.632321472167,9702372.528414613,rank_or_trend_exit,0.0
2023-09-01,JAIBALAJI.NS,SELL,85245,56.77000045776367,4839358.689022064,9678.717378044128,4829679.97164402,target_rebalance,0.0
2023-09-01,TITAGARH.NS,SELL,587,818.4000244140625,480400.8143310547,960.8016286621094,479440.0127023926,target_rebalance,0.0
2023-09-01,MAZDOCK.NS,BUY,2076,935.0,1941060.0,3882.12,-1944942.12,target_rebalance,0.0
2023-09-01,JWL.NS,SELL,15346,360.5,5532233.0,11064.466,5521168.534,target_rebalance,0.0
2023-09-01,RKFORGE.NS,SELL,1025,727.7000122070312,745892.512512207,1491.7850250244142,744400.7274871826,target_rebalance,0.0
2023-09-01,JINDALSAW.NS,BUY,6317,177.5,1121267.5,2242.535,-1123510.035,target_rebalance,0.0
2023-09-01,JBMA.NS,BUY,1490,754.9500122070312,1124875.5181884766,2249.7510363769534,-1127125.2692248535,target_rebalance,0.0
2023-09-01,RVNL.NS,BUY,10150,131.8000030517578,1337770.0309753418,2675.5400619506836,-1340445.5710372925,target_rebalance,0.0
2023-09-01,APARINDS.NS,SELL,215,5010.9501953125,1077354.2919921875,2154.708583984375,1075199.5834082032,target_rebalance,0.0
2023-09-01,SUZLON.NS,SELL,21184,24.549999237060547,520067.1838378906,1040.1343676757813,519027.0494702149,target_rebalance,0.0
2023-09-01,HBLENGINE.NS,BUY,39569,269.1000061035156,10648018.14151001,21296.03628302002,-10669314.17779303,target_rebalance,0.0
2023-09-01,FACT.NS,BUY,22869,465.6000061035156,10647806.539581299,21295.6130791626,-10669102.152660461,target_rebalance,0.0
2023-09-01,KALYANKJIL.NS,BUY,41602,255.9499969482422,10648031.773040771,21296.063546081543,-10669327.836586853,target_rebalance,0.0
2023-09-01,ACE.NS,BUY,1726,765.0999755859375,1320562.5578613281,2641.125115722656,-1323203.6829770508,target_rebalance,0.0
2023-09-01,IRCON.NS,BUY,92916,114.5999984741211,10648173.458221436,21296.34691644287,-10669469.805137878,target_rebalance,0.0
2023-10-03,ACE.NS,SELL,13917,688.5,9581854.5,19163.709,9562690.791,rank_or_trend_exit,0.0
2023-10-03,KALYANKJIL.NS,SELL,41602,228.0,9485256.0,18970.512,9466285.488,rank_or_trend_exit,0.0
2023-10-03,JAIBALAJI.NS,SELL,57572,87.4000015258789,5031792.8878479,10063.585775695801,5021729.302072205,target_rebalance,0.0
2023-10-03,TITAGARH.NS,BUY,1536,781.0,1199616.0,2399.232,-1202015.232,target_rebalance,0.0
2023-10-03,MAZDOCK.NS,SELL,1035,1097.3499755859375,1135757.2247314453,2271.5144494628908,1133485.7102819823,target_rebalance,0.0
2023-10-03,JWL.NS,BUY,5213,326.95001220703125,1704390.413635254,3408.780827270508,-1707799.1944625245,target_rebalance,0.0
2023-10-03,RVNL.NS,SELL,14290,170.85000610351562,2441446.5872192383,4882.893174438476,2436563.6940448,target_rebalance,0.0
2023-10-03,FACT.NS,SELL,1829,540.0,987660.0,1975.32,985684.68,target_rebalance,0.0
2023-10-03,IRCON.NS,SELL,14560,145.0,2111200.0,4222.4,2106977.6,target_rebalance,0.0
2023-10-03,IRFC.NS,BUY,147842,76.8499984741211,11361657.47441101,22723.314948822022,-11384380.789359832,target_rebalance,0.0
2023-10-03,APARINDS.NS,SELL,56,5494.0,307664.0,615.328,307048.672,target_rebalance,0.0
2023-10-03,JINDALSAW.NS,BUY,5335,173.9250030517578,927889.8912811279,1855.7797825622558,-929745.6710636902,target_rebalance,0.0
2023-10-03,SUZLON.NS,BUY,4094,25.950000762939453,106239.30312347412,212.47860624694826,-106451.78172972107,target_rebalance,0.0
2023-10-03,RECLTD.NS,BUY,39457,287.95001220703125,11361643.631652832,22723.287263305665,-11384366.918916138,target_rebalance,0.0
2023-10-03,RKFORGE.NS,BUY,2928,647.0,1894416.0,3788.832,-1898204.832,target_rebalance,0.0
2023-10-03,HBLENGINE.NS,BUY,2519,269.95001220703125,680004.0807495117,1360.0081614990236,-681364.0889110108,target_rebalance,0.0
2023-10-03,JBMA.NS,BUY,2460,685.9249877929688,1687375.4699707031,3374.750939941406,-1690750.2209106446,target_rebalance,0.0
2023-11-01,RVNL.NS,SELL,66501,155.0,10307655.0,20615.31,10287039.69,rank_or_trend_exit,0.0
2023-11-01,RKFORGE.NS,SELL,17560,640.1500244140625,11241034.428710938,22482.068857421877,11218552.359853515,rank_or_trend_exit,0.0
2023-11-01,JBMA.NS,SELL,16564,600.0,9938400.0,19876.8,9918523.2,rank_or_trend_exit,0.0
2023-11-01,HBLENGINE.NS,SELL,42088,294.0,12373872.0,24747.744,12349124.256,rank_or_trend_exit,0.0
2023-11-01,JAIBALAJI.NS,SELL,22899,111.1999969482422,2546368.7301177983,5092.737460235597,2541275.9926575627,target_rebalance,0.0
2023-11-01,JINDALSAW.NS,SELL,12016,223.3999938964844,2684374.3266601567,5368.748653320314,2679005.5780068366,target_rebalance,0.0
2023-11-01,JWL.NS,BUY,3069,314.8999938964844,966428.0812683105,1932.8561625366212,-968360.9374308472,target_rebalance,0.0
2023-11-01,FACT.NS,SELL,5674,775.0,4397350.0,8794.7,4388555.3,target_rebalance,0.0
2023-11-01,TITAGARH.NS,BUY,1010,765.5,773155.0,1546.31,-774701.31,target_rebalance,0.0
2023-11-01,SUZLON.NS,SELL,49907,30.700000762939453,1532144.9380760193,3064.2898761520387,1529080.6481998672,target_rebalance,0.0
2023-11-01,IRFC.NS,BUY,15410,72.94999694824219,1124159.452972412,2248.318905944824,-1126407.771878357,target_rebalance,0.0
2023-11-01,BSE.NS,BUY,19024,626.0,11909024.0,23818.048,-11932842.048,target_rebalance,0.0
2023-11-01,RECLTD.NS,BUY,1758,288.95001220703125,507974.12145996094,1015.9482429199219,-508990.06970288086,target_rebalance,0.0
2023-11-01,MAZDOCK.NS,BUY,1719,986.5,1695793.5,3391.587,-1699185.087,target_rebalance,0.0
2023-11-01,APARINDS.NS,BUY,227,5187.89990234375,1177653.2778320312,2355.3065556640627,-1180008.5843876954,target_rebalance,0.0
2023-11-01,KALYANKJIL.NS,BUY,41208,289.0,11909112.0,23818.224000000002,-11932930.224,target_rebalance,0.0
2023-11-01,IRCON.NS,BUY,6923,139.64999389648438,966796.9077453613,1933.5938154907226,-968730.501560852,target_rebalance,0.0
2023-11-01,ACE.NS,BUY,14144,841.9500122070312,11908540.97265625,23817.0819453125,-11932358.054601563,target_rebalance,0.0
2023-11-01,ANANDRATHI.NS,BUY,24952,477.2749938964844,11908965.647705078,23817.931295410155,-11932783.579000488,target_rebalance,0.0
2023-12-01,MAZDOCK.NS,SELL,12072,1011.0499877929688,12205395.452636719,24410.79090527344,12180984.661731446,rank_or_trend_exit,0.0
2023-12-01,IRCON.NS,SELL,85279,167.5,14284232.5,28568.465,14255664.035,rank_or_trend_exit,0.0
2023-12-01,IRFC.NS,SELL,163252,74.94999694824219,12235736.901794434,24471.47380358887,12211265.427990844,rank_or_trend_exit,0.0
2023-12-01,ACE.NS,SELL,14144,844.9500122070312,11950972.97265625,23901.945945312502,11927071.026710937,rank_or_trend_exit,0.0
2023-12-01,JAIBALAJI.NS,BUY,6649,119.8000030517578,796550.2202911376,1593.1004405822753,-798143.3207317198,target_rebalance,0.0
2023-12-01,TITAGARH.NS,SELL,1638,979.0,1603602.0,3207.204,1600394.796,target_rebalance,0.0
2023-12-01,SUZLON.NS,SELL,47254,40.0,1890160.0,3780.32,1886379.68,target_rebalance,0.0
2023-12-01,BSE.NS,SELL,2672,833.3333129882812,2226666.6123046875,4453.333224609375,2222213.279080078,target_rebalance,0.0
2023-12-01,JINDALSAW.NS,BUY,5566,231.4499969482422,1288250.683013916,2576.501366027832,-1290827.1843799439,target_rebalance,0.0
2023-12-01,JWL.NS,BUY,458,356.0,163048.0,326.096,-163374.096,target_rebalance,0.0
2023-12-01,FACT.NS,BUY,3756,712.5999755859375,2676525.5083007812,5353.051016601563,-2681878.559317383,target_rebalance,0.0
2023-12-01,RECLTD.NS,SELL,2819,354.8999938964844,1000463.0827941895,2000.926165588379,998462.156628601,target_rebalance,0.0
2023-12-01,ANANDRATHI.NS,SELL,4765,675.0,3216375.0,6432.75,3209942.25,target_rebalance,0.0
2023-12-01,HBLENGINE.NS,BUY,37436,364.0,13626704.0,27253.408,-13653957.408,target_rebalance,0.0
2023-12-01,KALYANKJIL.NS,BUY,733,324.8999938964844,238151.69552612305,476.3033910522461,-238627.99891717528,target_rebalance,0.0
2023-12-01,PFC.NS,BUY,40078,340.0,13626520.0,27253.04,-13653773.04,target_rebalance,0.0
2023-12-01,APARINDS.NS,BUY,121,5640.0,682440.0,1364.88,-683804.88,target_rebalance,0.0
2023-12-01,GMDCLTD.NS,BUY,32994,413.0,13626522.0,27253.044,-13653775.044,target_rebalance,0.0
2023-12-01,RKFORGE.NS,BUY,16854,808.5,13626459.0,27252.918,-13653711.918,target_rebalance,0.0
2024-01-02,APARINDS.NS,SELL,2416,6058.0,14636128.0,29272.256,14606855.744,rank_or_trend_exit,0.0
2024-01-02,JINDALSAW.NS,SELL,58875,213.0,12540375.0,25080.75,12515294.25,rank_or_trend_exit,0.0
2024-01-02,JWL.NS,SELL,38277,320.54998779296875,12269691.882751465,24539.38376550293,12245152.498985961,rank_or_trend_exit,0.0
2024-01-02,FACT.NS,SELL,19122,827.0,15813894.0,31627.788,15782266.212,rank_or_trend_exit,0.0
2024-01-02,RKFORGE.NS,SELL,16854,711.7000122070312,11994992.005737305,23989.98401147461,11971002.02172583,rank_or_trend_exit,0.0
2024-01-02,JAIBALAJI.NS,SELL,21027,155.0,3259185.0,6518.37,3252666.63,target_rebalance,0.0
2024-01-02,INOXWIND.NS,BUY,109706,131.0,14371486.0,28742.972,-14400228.972,target_rebalance,0.0
2024-01-02,HBLENGINE.NS,SELL,4666,438.5499877929688,2046274.2430419924,4092.5484860839847,2042181.6945559084,target_rebalance,0.0
2024-01-02,BSE.NS,BUY,3119,738.066650390625,2302029.8825683594,4604.059765136719,-2306633.942333496,target_rebalance,0.0
2024-01-02,RECLTD.NS,SELL,4661,426.0,1985586.0,3971.172,1981614.828,target_rebalance,0.0
2024-01-02,ANANDRATHI.NS,BUY,2137,643.75,1375693.75,2751.3875000000003,-1378445.1375,target_rebalance,0.0
2024-01-02,SUZLON.NS,BUY,30687,38.70000076293945,1187586.923412323,2375.1738468246463,-1189962.0972591476,target_rebalance,0.0
2024-01-02,TITAGARH.NS,SELL,167,1045.0,174515.0,349.03000000000003,174165.97,target_rebalance,0.0
2024-01-02,PFC.NS,SELL,3695,395.0,1459525.0,2919.05,1456605.95,target_rebalance,0.0
2024-01-02,HSCL.NS,BUY,43203,332.6499938964844,14371477.686309814,28742.955372619628,-14400220.641682435,target_rebalance,0.0
2024-01-02,IRFC.NS,BUY,142292,101.0,14371492.0,28742.984,-14400234.984,target_rebalance,0.0
2024-01-02,GMDCLTD.NS,BUY,6,435.5,2613.0,5.226,-2618.226,target_rebalance,0.0
2024-01-02,NLCINDIA.NS,BUY,57245,251.0500030517578,14371357.424697876,28742.714849395754,-14400100.139547272,target_rebalance,0.0
2024-01-02,CHENNPETRO.NS,BUY,19614,704.25,13813159.5,27626.319,-13840785.819,target_rebalance,0.0
2024-01-02,KALYANKJIL.NS,SELL,2269,362.25,821945.25,1643.8905,820301.3595,target_rebalance,0.0
2024-02-01,TITAGARH.NS,SELL,13752,1099.0,15113448.0,30226.896,15083221.104,rank_or_trend_exit,0.0
2024-02-01,KALYANKJIL.NS,SELL,39672,358.5,14222412.0,28444.824,14193967.176,rank_or_trend_exit,0.0
2024-02-01,ANANDRATHI.NS,SELL,22324,772.0,17234128.0,34468.256,17199659.744,rank_or_trend_exit,0.0
2024-02-01,GMDCLTD.NS,SELL,33000,455.9500122070313,15046350.402832033,30092.700805664066,15016257.702026369,rank_or_trend_exit,0.0
2024-02-01,NLCINDIA.NS,SELL,57245,260.8999938964844,14935220.150604248,29870.440301208495,14905349.71030304,rank_or_trend_exit,0.0
2024-02-01,JAIBALAJI.NS,SELL,17005,222.75,3787863.75,7575.7275,3780288.0225,target_rebalance,0.0
2024-02-01,HBLENGINE.NS,SELL,1654,542.0,896468.0,1792.9360000000001,894675.064,target_rebalance,0.0
2024-02-01,IRFC.NS,SELL,48596,180.0,8747280.0,17494.56,8729785.44,target_rebalance,0.0
2024-02-01,IFCI.NS,BUY,268556,62.79999923706055,16865316.595108032,33730.63319021607,-16899047.228298247,target_rebalance,0.0
2024-02-01,BSE.NS,BUY,2126,780.9000244140625,1660193.4519042969,3320.3869038085936,-1663513.8388081056,target_rebalance,0.0
2024-02-01,SUZLON.NS,SELL,14796,47.29999923706055,699850.7887115479,1399.7015774230958,698451.0871341247,target_rebalance,0.0
2024-02-01,RECLTD.NS,SELL,236,503.4500122070313,118814.20288085939,237.6284057617188,118576.57447509767,target_rebalance,0.0
2024-02-01,IRCON.NS,BUY,70345,239.75,16865213.75,33730.4275,-16898944.1775,target_rebalance,0.0
2024-02-01,RVNL.NS,BUY,54055,312.0,16865160.0,33730.32,-16898890.32,target_rebalance,0.0
2024-02-01,INOXWIND.NS,BUY,31235,119.6624984741211,3737658.1398391724,7475.3162796783445,-3745133.4561188505,target_rebalance,0.0
2024-02-01,HSCL.NS,BUY,1538,376.9500122070313,579749.1187744142,1159.4982375488285,-580908.617011963,target_rebalance,0.0
2024-02-01,SJVN.NS,BUY,127429,132.35000610351562,16865228.927764893,33730.457855529785,-16898959.385620423,target_rebalance,0.0
2024-02-01,PFC.NS,BUY,1347,447.0,602109.0,1204.218,-603313.218,target_rebalance,0.0
2024-02-01,COCHINSHIP.NS,BUY,18282,922.5,16865145.0,33730.29,-16898875.29,target_rebalance,0.0
2024-02-01,CHENNPETRO.NS,BUY,88,856.0,75328.0,150.656,-75478.656,target_rebalance,0.0
2024-03-01,RECLTD.NS,SELL,33499,446.3500061035156,14952278.85446167,29904.55770892334,14922374.296752747,rank_or_trend_exit,0.0
2024-03-01,PFC.NS,SELL,37730,401.5,15148595.0,30297.190000000002,15118297.81,rank_or_trend_exit,0.0
2024-03-01,HSCL.NS,SELL,44741,368.2999877929688,16478109.753845217,32956.21950769043,16445153.534337526,rank_or_trend_exit,0.0
2024-03-01,RVNL.NS,SELL,54055,245.3999938964844,13265096.670074465,26530.19334014893,13238566.476734316,rank_or_trend_exit,0.0
2024-03-01,COCHINSHIP.NS,SELL,18282,878.9000244140625,16068050.24633789,32136.10049267578,16035914.145845216,rank_or_trend_exit,0.0
2024-03-01,JAIBALAJI.NS,SELL,13330,259.0,3452470.0,6904.9400000000005,3445565.06,target_rebalance,0.0
2024-03-01,INOXWIND.NS,SELL,34998,152.5124969482422,5337632.36819458,10675.264736389161,5326957.103458191,target_rebalance,0.0
2024-03-01,IRFC.NS,BUY,15477,148.0,2290596.0,4581.192,-2295177.192,target_rebalance,0.0
2024-03-01,BSE.NS,SELL,1145,790.0,904550.0,1809.1000000000001,902740.9,target_rebalance,0.0
2024-03-01,HUDCO.NS,BUY,83761,192.8999938964844,16157496.38876343,32314.99277752686,-16189811.381540956,target_rebalance,0.0
2024-03-01,SUZLON.NS,SELL,2226,45.59999847412109,101505.59660339354,203.01119320678708,101302.58541018676,target_rebalance,0.0
2024-03-01,ANANDRATHI.NS,BUY,17472,924.75,16157232.0,32314.464,-16189546.464,target_rebalance,0.0
2024-03-01,MRPL.NS,BUY,70128,230.3999938964844,16157490.771972658,32314.981543945316,-16189805.753516603,target_rebalance,0.0
2024-03-01,IRCON.NS,SELL,156,230.1999969482422,35911.19952392578,71.82239904785156,35839.37712487793,target_rebalance,0.0
2024-03-01,NBCC.NS,BUY,175881,91.86666870117188,16157601.55783081,32315.20311566162,-16189916.760946471,target_rebalance,0.0
2024-03-01,IFCI.NS,BUY,75224,47.0,3535528.0,7071.0560000000005,-3542599.056,target_rebalance,0.0
2024-03-01,RAILTEL.NS,BUY,33546,455.0,15263430.0,30526.86,-15293956.86,target_rebalance,0.0
2024-03-01,HBLENGINE.NS,SELL,401,526.0499877929688,210946.04510498047,421.89209020996094,210524.1530147705,target_rebalance,0.0
2024-03-01,SJVN.NS,BUY,1710,122.9000015258789,210159.00260925293,420.31800521850585,-210579.32061447145,target_rebalance,0.0
2024-03-01,CHENNPETRO.NS,SELL,1649,895.0,1475855.0,2951.71,1472903.29,target_rebalance,0.0
2024-04-01,SUZLON.NS,SELL,354335,39.95000076293945,14155683.520336151,28311.367040672303,14127372.15329548,rank_or_trend_exit,0.0
2024-04-01,CHENNPETRO.NS,SELL,18053,910.0,16428230.0,32856.46,16395373.54,rank_or_trend_exit,0.0
2024-04-01,IRCON.NS,SELL,70189,221.6999969482422,15560901.08580017,31121.802171600342,15529779.28362857,rank_or_trend_exit,0.0
2024-04-01,RAILTEL.NS,SELL,33546,368.0,12344928.0,24689.856,12320238.144,rank_or_trend_exit,0.0
2024-04-01,JAIBALAJI.NS,BUY,17473,186.6000061035156,3260461.906646728,6520.923813293456,-3266982.8304600217,target_rebalance,0.0
2024-04-01,INOXWIND.NS,BUY,7591,131.25,996318.75,1992.6375,-998311.3875,target_rebalance,0.0
2024-04-01,BSE.NS,SELL,2972,852.4666748046875,2533530.9575195312,5067.061915039063,2528463.895604492,target_rebalance,0.0
2024-04-01,ANANDRATHI.NS,SELL,1573,937.25,1474294.25,2948.5885,1471345.6615,target_rebalance,0.0
2024-04-01,SCHNEIDER.NS,BUY,19252,774.0,14901048.0,29802.096,-14930850.096,target_rebalance,0.0
2024-04-01,HUDCO.NS,SELL,4519,188.0500030517578,849797.9637908936,1699.5959275817872,848098.3678633118,target_rebalance,0.0
2024-04-01,IRFC.NS,SELL,6546,145.1999969482422,950479.1800231934,1900.9583600463868,948578.221663147,target_rebalance,0.0
2024-04-01,HBLENGINE.NS,BUY,2107,454.0,956578.0,1913.156,-958491.156,target_rebalance,0.0
2024-04-01,MRPL.NS,SELL,2085,219.0,456615.0,913.23,455701.77,target_rebalance,0.0
2024-04-01,ACE.NS,BUY,10347,1440.050048828125,14900197.85522461,29800.39571044922,-14929998.250935059,target_rebalance,0.0
2024-04-01,IFCI.NS,BUY,26903,40.20000076293945,1081500.62052536,2163.00124105072,-1083663.6217664108,target_rebalance,0.0
2024-04-01,RECLTD.NS,BUY,32895,453.0,14901435.0,29802.87,-14931237.87,target_rebalance,0.0
2024-04-01,KALYANKJIL.NS,BUY,34025,437.9500122070313,14901249.16534424,29802.498330688482,-14931051.663674928,target_rebalance,0.0
2024-04-01,NBCC.NS,BUY,1080,80.5999984741211,87047.99835205078,174.09599670410157,-87222.09434875488,target_rebalance,0.0
2024-04-01,SJVN.NS,SELL,7693,122.6999969482422,943931.0765228273,1887.8621530456546,942043.2143697817,target_rebalance,0.0
2024-05-02,SJVN.NS,SELL,121446,135.0,16395210.0,32790.42,16362419.58,rank_or_trend_exit,0.0
2024-05-02,NBCC.NS,SELL,176961,93.43333435058594,16534056.280014038,33068.11256002808,16500988.16745401,rank_or_trend_exit,0.0
2024-05-02,ACE.NS,SELL,10347,1523.949951171875,15768310.14477539,31536.62028955078,15736773.52448584,rank_or_trend_exit,0.0
2024-05-02,KALYANKJIL.NS,SELL,34025,414.8500061035156,14115271.45767212,28230.54291534424,14087040.914756775,rank_or_trend_exit,0.0
2024-05-02,INOXWIND.NS,SELL,8399,157.9250030517578,1326412.1006317139,2652.8242012634278,1323759.2764304504,target_rebalance,0.0
2024-05-02,COCHINSHIP.NS,BUY,12647,1312.800048828125,16602982.217529297,33205.964435058595,-16636188.181964355,target_rebalance,0.0
2024-05-02,HUDCO.NS,SELL,5694,225.75,1285420.5,2570.841,1282849.659,target_rebalance,0.0
2024-05-02,IRFC.NS,BUY,2193,158.39999389648438,347371.18661499023,694.7423732299804,-348065.9289882202,target_rebalance,0.0
2024-05-02,SCHNEIDER.NS,BUY,1244,810.0499877929688,1007702.1848144531,2015.4043696289064,-1009717.589184082,target_rebalance,0.0
2024-05-02,MRPL.NS,SELL,1999,251.3999938964844,502548.5877990723,1005.0971755981446,501543.4906234742,target_rebalance,0.0
2024-05-02,ANANDRATHI.NS,BUY,585,1007.2249755859376,589226.6107177736,1178.4532214355472,-590405.0639392091,target_rebalance,0.0
2024-05-02,BSE.NS,SELL,137,957.3333129882812,131154.66387939453,262.3093277587891,130892.35455163574,target_rebalance,0.0
2024-05-02,SOBHA.NS,BUY,9275,1790.0,16602250.0,33204.5,-16635454.5,target_rebalance,0.0
2024-05-02,HINDCOPPER.NS,BUY,43014,386.0,16603404.0,33206.808,-16636610.808,target_rebalance,0.0
2024-05-02,IFCI.NS,SELL,32870,49.150001525878906,1615560.5501556396,3231.1211003112794,1612329.4290553285,target_rebalance,0.0
2024-05-02,HBLENGINE.NS,SELL,536,514.25,275638.0,551.2760000000001,275086.724,target_rebalance,0.0
2024-05-02,JAIBALAJI.NS,BUY,966,205.42999267578125,198445.3729248047,396.8907458496094,-198842.2636706543,target_rebalance,0.0
2024-05-02,BHEL.NS,BUY,58649,283.1000061035156,16603532.257965088,33207.06451593018,-16636739.322481018,target_rebalance,0.0
2024-05-02,RECLTD.NS,SELL,530,513.0,271890.0,543.78,271346.22,target_rebalance,0.0
2024-06-03,JAIBALAJI.NS,SELL,80823,178.02000427246094,14388110.80531311,28776.22161062622,14359334.583702484,rank_or_trend_exit,0.0
2024-06-03,BSE.NS,SELL,17343,933.0,16181019.0,32362.038,16148656.962,rank_or_trend_exit,0.0
2024-06-03,HBLENGINE.NS,SELL,32286,525.0,16950150.0,33900.3,16916249.7,rank_or_trend_exit,0.0
2024-06-03,MRPL.NS,SELL,66044,211.1000061035156,13941888.803100584,27883.77760620117,13914005.025494384,rank_or_trend_exit,0.0
2024-06-03,RECLTD.NS,SELL,32365,578.0,18706970.0,37413.94,18669556.06,rank_or_trend_exit,0.0
2024-06-03,COCHINSHIP.NS,SELL,3985,2100.0,8368500.0,16737.0,8351763.0,target_rebalance,0.0
2024-06-03,IRFC.NS,SELL,13863,200.0,2772600.0,5545.2,2767054.8,target_rebalance,0.0
2024-06-03,INOXWIND.NS,BUY,10733,157.0,1685081.0,3370.1620000000003,-1688451.162,target_rebalance,0.0
2024-06-03,HUDCO.NS,SELL,12809,299.5,3836295.5,7672.591,3828622.909,target_rebalance,0.0
2024-06-03,IFCI.NS,SELL,49061,63.0,3090843.0,6181.686,3084661.314,target_rebalance,0.0
2024-06-03,JWL.NS,BUY,27353,665.0499877929688,18191112.316101074,36382.224632202146,-18227494.540733278,target_rebalance,0.0
2024-06-03,SOBHA.NS,SELL,111,1984.949951171875,220329.44458007812,440.65888916015626,219888.78569091798,target_rebalance,0.0
2024-06-03,BHEL.NS,SELL,1801,320.0,576320.0,1152.64,575167.36,target_rebalance,0.0
2024-06-03,NBCC.NS,BUY,176045,103.33333587646484,18191317.114372253,36382.63422874451,-18227699.748600997,target_rebalance,0.0
2024-06-03,SCHNEIDER.NS,BUY,4780,719.7000122070312,3440166.0583496094,6880.332116699219,-3447046.3904663087,target_rebalance,0.0
2024-06-03,HINDCOPPER.NS,BUY,5626,374.0,2104124.0,4208.2480000000005,-2108332.248,target_rebalance,0.0
2024-06-03,ANANDRATHI.NS,BUY,477,1072.5,511582.5,1023.1650000000001,-512605.665,target_rebalance,0.0
2024-06-03,RVNL.NS,BUY,42803,425.0,18191275.0,36382.55,-18227657.55,target_rebalance,0.0
2024-06-03,HAL.NS,BUY,3341,5444.0,18188404.0,36376.808,-18224780.808,target_rebalance,0.0
2024-06-03,SJVN.NS,BUY,118898,153.0,18191394.0,36382.788,-18227776.788,target_rebalance,0.0
2024-07-01,INOXWIND.NS,SELL,115868,144.0,16684992.0,33369.984000000004,16651622.016,rank_or_trend_exit,0.0
2024-07-01,HINDCOPPER.NS,SELL,48640,320.0,15564800.0,31129.600000000002,15533670.4,rank_or_trend_exit,0.0
2024-07-01,HAL.NS,SELL,3341,5270.0,17607070.0,35214.14,17571855.86,rank_or_trend_exit,0.0
2024-07-01,SJVN.NS,SELL,118898,132.4499969482422,15748039.7371521,31496.0794743042,15716543.657677796,rank_or_trend_exit,0.0
2024-07-01,COCHINSHIP.NS,SELL,897,2273.949951171875,2039733.1062011719,4079.466212402344,2035653.6399887695,target_rebalance,0.0
2024-07-01,HUDCO.NS,BUY,2022,281.3500061035156,568889.7123413086,1137.7794246826172,-570027.4917659912,target_rebalance,0.0
2024-07-01,IFCI.NS,SELL,3026,61.79999923706055,187006.79769134521,374.0135953826904,186632.78409596253,target_rebalance,0.0
2024-07-01,JWL.NS,SELL,1862,692.7000122070312,1289807.4227294922,2579.6148454589843,1287227.8078840333,target_rebalance,0.0
2024-07-01,IRFC.NS,BUY,10647,173.7899932861328,1850342.058517456,3700.684117034912,-1854042.742634491,target_rebalance,0.0
2024-07-01,NBCC.NS,SELL,7318,104.65333557128906,765853.1097106934,1531.7062194213868,764321.403491272,target_rebalance,0.0
2024-07-01,GRSE.NS,BUY,8299,2127.699951171875,17657781.89477539,35315.56378955078,-17693097.45856494,target_rebalance,0.0
2024-07-01,TITAGARH.NS,BUY,9529,1853.0,17657237.0,35314.474,-17692551.474,target_rebalance,0.0
2024-07-01,MAZDOCK.NS,BUY,8247,2141.050048828125,17657239.752685547,35314.47950537109,-17692554.23219092,target_rebalance,0.0
2024-07-01,SCHNEIDER.NS,SELL,5163,877.9000244140625,4532597.826049805,9065.19565209961,4523532.630397705,target_rebalance,0.0
2024-07-01,SOBHA.NS,SELL,155,1960.0,303800.0,607.6,303192.4,target_rebalance,0.0
2024-07-01,RVNL.NS,SELL,458,417.0,190986.0,381.972,190604.028,target_rebalance,0.0
2024-07-01,POWERINDIA.NS,BUY,1355,13029.900390625,17655515.029296875,35311.03005859375,-17690826.059355468,target_rebalance,0.0
2024-07-01,ANANDRATHI.NS,BUY,1068,979.4000244140624,1045999.2260742186,2091.9984521484375,-1048091.224526367,target_rebalance,0.0
2024-07-01,BHEL.NS,BUY,1631,301.95001220703125,492480.46990966797,984.960939819336,-493465.4308494873,target_rebalance,0.0
2024-08-01,IRFC.NS,SELL,101604,194.6499938964844,19777217.979858402,39554.43595971681,19737663.543898687,rank_or_trend_exit,0.0
2024-08-01,ANANDRATHI.NS,SELL,18029,932.0,16803028.0,33606.056000000004,16769421.944,rank_or_trend_exit,0.0
2024-08-01,SCHNEIDER.NS,SELL,20113,803.7999877929688,16166829.15447998,32333.658308959963,16134495.49617102,rank_or_trend_exit,0.0
2024-08-01,SOBHA.NS,SELL,9009,1786.0,16090074.0,32180.148,16057893.852,rank_or_trend_exit,0.0
2024-08-01,BHEL.NS,SELL,58479,314.70001220703125,18403342.01385498,36806.68402770996,18366535.32982727,rank_or_trend_exit,0.0
2024-08-01,JWL.NS,SELL,25491,610.0,15549510.0,31099.02,15518410.98,rank_or_trend_exit,0.0
2024-08-01,TITAGARH.NS,SELL,9529,1625.0,15484625.0,30969.25,15453655.75,rank_or_trend_exit,0.0
2024-08-01,POWERINDIA.NS,SELL,1355,11751.7001953125,15923553.764648438,31847.107529296874,15891706.65711914,rank_or_trend_exit,0.0
2024-08-01,COCHINSHIP.NS,SELL,528,2649.0,1398672.0,2797.344,1395874.656,target_rebalance,0.0
2024-08-01,IFCI.NS,SELL,68862,88.4000015258789,6087400.905075073,12174.801810150148,6075226.103264923,target_rebalance,0.0
2024-08-01,HUDCO.NS,SELL,1902,315.0,599130.0,1198.26,597931.74,target_rebalance,0.0
2024-08-01,RVNL.NS,SELL,10671,605.25,6458622.75,12917.2455,6445705.5045,target_rebalance,0.0
2024-08-01,GRSE.NS,SELL,468,2448.0,1145664.0,2291.328,1143372.672,target_rebalance,0.0
2024-08-01,NBCC.NS,SELL,11332,121.8000030517578,1380237.6345825193,2760.4752691650388,1377477.1593133542,target_rebalance,0.0
2024-08-01,OIL.NS,BUY,32860,583.4000244140625,19170524.802246094,38341.04960449219,-19208865.851850584,target_rebalance,0.0
2024-08-01,INOXWIND.NS,BUY,103968,184.38999938964844,19170659.45654297,38341.31891308594,-19209000.775456056,target_rebalance,0.0
2024-08-01,SUZLON.NS,BUY,274143,69.93000030517578,19170820.073661804,38341.64014732361,-19209161.71380913,target_rebalance,0.0
2024-08-01,TRENT.NS,BUY,3252,5894.0,19167288.0,38334.576,-19205622.576,target_rebalance,0.0
2024-08-01,MAZDOCK.NS,SELL,970,2634.375,2555343.75,5110.6875,2550233.0625,target_rebalance,0.0
2024-08-01,TORNTPOWER.NS,BUY,10279,1865.0,19170335.0,38340.67,-19208675.67,target_rebalance,0.0
2024-08-01,RECLTD.NS,BUY,29954,640.0,19170560.0,38341.12,-19208901.12,target_rebalance,0.0
2024-08-01,KALYANKJIL.NS,BUY,32787,584.7000122070312,19170559.300231934,38341.118600463866,-19208900.4188324,target_rebalance,0.0
2024-08-01,DIXON.NS,BUY,1571,12199.9501953125,19166121.756835938,38332.24351367188,-19204454.00034961,target_rebalance,0.0
2024-09-02,NBCC.NS,SELL,157395,126.33333587646484,19884235.400276184,39768.47080055237,19844466.92947563,rank_or_trend_exit,0.0
2024-09-02,GRSE.NS,SELL,7831,1818.0,14236758.0,28473.516,14208284.484,rank_or_trend_exit,0.0
2024-09-02,MAZDOCK.NS,SELL,7277,2125.0,15463625.0,30927.25,15432697.75,rank_or_trend_exit,0.0
2024-09-02,TORNTPOWER.NS,SELL,10279,1743.5,17921436.5,35842.873,17885593.627,rank_or_trend_exit,0.0
2024-09-02,RECLTD.NS,SELL,29954,619.9000244140625,18568485.331298828,37136.970662597654,18531348.36063623,rank_or_trend_exit,0.0
2024-09-02,RVNL.NS,SELL,682,610.5,416361.0,832.722,415528.278,target_rebalance,0.0
2024-09-02,COCHINSHIP.NS,BUY,2822,1881.0,5308182.0,10616.364,-5318798.364,target_rebalance,0.0
2024-09-02,OIL.NS,SELL,6775,725.3499755859375,4914246.084594727,9828.492169189454,4904417.592425537,target_rebalance,0.0
2024-09-02,TRENT.NS,SELL,617,7179.25,4429597.25,8859.1945,4420738.0555,target_rebalance,0.0
2024-09-02,IFCI.NS,BUY,35451,74.98999786376953,2658470.4142684937,5316.940828536987,-2663787.3550970308,target_rebalance,0.0
2024-09-02,GODFRYPHLP.NS,BUY,8666,2183.333251953125,18920765.96142578,37841.531922851565,-18958607.493348632,target_rebalance,0.0
2024-09-02,SUZLON.NS,SELL,24655,75.83999633789062,1869835.1097106934,3739.6702194213867,1866095.439491272,target_rebalance,0.0
2024-09-02,INOXWIND.NS,SELL,18738,222.0,4159836.0,8319.672,4151516.328,target_rebalance,0.0
2024-09-02,INDUSTOWER.NS,BUY,41132,460.0,18920720.0,37841.44,-18958561.44,target_rebalance,0.0
2024-09-02,PCBL.NS,BUY,38508,491.3500061035156,18920906.03503418,37841.81207006836,-18958747.847104248,target_rebalance,0.0
2024-09-02,POWERINDIA.NS,BUY,1561,12120.0,18919320.0,37838.64,-18957158.64,target_rebalance,0.0
2024-09-02,DIXON.NS,SELL,134,13160.0,1763440.0,3526.88,1759913.12,target_rebalance,0.0
2024-09-02,HUDCO.NS,BUY,6728,279.95001220703125,1883503.6821289062,3767.0073642578127,-1887270.689493164,target_rebalance,0.0
2024-09-02,KALYANKJIL.NS,SELL,2143,617.4500122070312,1323195.376159668,2646.390752319336,1320548.9854073487,target_rebalance,0.0
2024-09-02,PRESTIGE.NS,BUY,10572,1789.699951171875,18920707.883789062,37841.415767578124,-18958549.29955664,target_rebalance,0.0
2024-10-01,HUDCO.NS,SELL,67587,240.7100067138672,16268867.223770142,32537.734447540282,16236329.4893226,rank_or_trend_exit,0.0
2024-10-01,OIL.NS,SELL,26085,572.5,14933662.5,29867.325,14903795.175,rank_or_trend_exit,0.0
2024-10-01,INDUSTOWER.NS,SELL,41132,389.0499877929688,16002404.097900392,32004.808195800786,15970399.289704591,rank_or_trend_exit,0.0
2024-10-01,PRESTIGE.NS,SELL,10572,1832.5,19373190.0,38746.38,19334443.62,rank_or_trend_exit,0.0
2024-10-01,PCBL.NS,SELL,5615,576.4500122070312,3236766.8185424805,6473.533637084961,3230293.2849053955,target_rebalance,0.0
2024-10-01,GODFRYPHLP.NS,SELL,428,2301.683349609375,985120.4736328125,1970.240947265625,983150.2326855469,target_rebalance,0.0
2024-10-01,TRENT.NS,SELL,141,7600.0,1071600.0,2143.2,1069456.8,target_rebalance,0.0
2024-10-01,POWERINDIA.NS,SELL,263,14600.0,3839800.0,7679.6,3832120.4,target_rebalance,0.0
2024-10-01,INOXWIND.NS,SELL,5712,238.4499969482422,1362026.3825683594,2724.052765136719,1359302.3298032226,target_rebalance,0.0
2024-10-01,SUZLON.NS,SELL,13358,80.30000305175781,1072647.4407653809,2145.294881530762,1070502.14588385,target_rebalance,0.0
2024-10-01,COCHINSHIP.NS,BUY,866,1735.5,1502943.0,3005.886,-1505948.886,target_rebalance,0.0
2024-10-01,RVNL.NS,BUY,4750,530.5,2519875.0,5039.75,-2524914.75,target_rebalance,0.0
2024-10-01,IFCI.NS,BUY,34976,66.0,2308416.0,4616.832,-2313032.832,target_rebalance,0.0
2024-10-01,KALYANKJIL.NS,SELL,4709,731.0999755859375,3442749.7850341797,6885.499570068359,3435864.2854641112,target_rebalance,0.0
2024-10-01,MCX.NS,BUY,16632,1140.0,18960480.0,37920.96,-18998400.96,target_rebalance,0.0
2024-10-01,HSCL.NS,BUY,28556,664.0,18961184.0,37922.368,-18999106.368,target_rebalance,0.0
2024-10-01,DIXON.NS,SELL,69,13855.0,955995.0,1911.99,954083.01,target_rebalance,0.0
2024-10-01,ABREL.NS,BUY,6652,2850.050048828125,18958532.924804688,37917.065849609375,-18996449.990654297,target_rebalance,0.0
2024-10-01,JUBLPHARMA.NS,BUY,16549,1145.699951171875,18960188.49194336,37920.37698388672,-18998108.868927248,target_rebalance,0.0
2024-11-01,IFCI.NS,SELL,287291,58.09999847412109,16691606.661628721,33383.21332325744,16658223.448305463,rank_or_trend_exit,0.0
2024-11-01,COCHINSHIP.NS,SELL,10925,1523.0,16638775.0,33277.55,16605497.45,rank_or_trend_exit,0.0
2024-11-01,SUZLON.NS,SELL,236130,67.30000305175781,15891549.720611572,31783.099441223145,15859766.62117035,rank_or_trend_exit,0.0
2024-11-01,KALYANKJIL.NS,SELL,25935,670.0,17376450.0,34752.9,17341697.1,rank_or_trend_exit,0.0
2024-11-01,PCBL.NS,SELL,32893,416.7000122070313,13706513.50152588,27413.02700305176,13679100.474522829,rank_or_trend_exit,0.0
2024-11-01,HSCL.NS,SELL,28556,573.0499877929688,16364015.451416016,32728.030902832033,16331287.420513183,rank_or_trend_exit,0.0
2024-11-01,JUBLPHARMA.NS,SELL,2241,1235.0,2767635.0,5535.27,2762099.73,target_rebalance,0.0
2024-11-01,GODFRYPHLP.NS,SELL,324,2232.716552734375,723400.1630859375,1446.800326171875,721953.3627597656,target_rebalance,0.0
2024-11-01,TRENT.NS,SELL,24,7153.9501953125,171694.8046875,343.389609375,171351.415078125,target_rebalance,0.0
2024-11-01,RVNL.NS,BUY,1777,471.0,836967.0,1673.934,-838640.934,target_rebalance,0.0
2024-11-01,BSE.NS,BUY,11827,1494.0999755859375,17670720.411254883,35341.440822509765,-17706061.85207739,target_rebalance,0.0
2024-11-01,PPLPHARMA.NS,BUY,64766,272.8500061035156,17671403.495300293,35342.806990600584,-17706746.302290894,target_rebalance,0.0
2024-11-01,DIXON.NS,SELL,119,14140.0,1682660.0,3365.32,1679294.68,target_rebalance,0.0
2024-11-01,INOXWIND.NS,SELL,720,224.259994506836,161467.1960449219,322.9343920898438,161144.26165283207,target_rebalance,0.0
2024-11-01,MCX.NS,SELL,3122,1308.010009765625,4083607.2504882812,8167.214500976563,4075440.0359873045,target_rebalance,0.0
2024-11-01,POWERINDIA.NS,SELL,18,13800.0,248400.0,496.8,247903.2,target_rebalance,0.0
2024-11-01,OFSS.NS,BUY,1623,10886.5,17668789.5,35337.579,-17704127.079,target_rebalance,0.0
2024-11-01,KAYNES.NS,BUY,3224,5480.0,17667520.0,35335.04,-17702855.04,target_rebalance,0.0
2024-11-01,NUVAMA.NS,BUY,12532,1410.0,17670120.0,35340.24,-17705460.24,target_rebalance,0.0
2024-11-01,ABREL.NS,SELL,247,2758.800048828125,681423.6120605469,1362.8472241210939,680060.7648364258,target_rebalance,0.0
2024-11-01,CDSL.NS,BUY,11335,1559.0,17671265.0,35342.53,-17706607.53,target_rebalance,0.0
2024-12-02,RVNL.NS,SELL,37519,437.5,16414562.5,32829.125,16381733.375,rank_or_trend_exit,0.0
2024-12-02,POWERINDIA.NS,SELL,1280,11980.0,15334400.0,30668.8,15303731.2,rank_or_trend_exit,0.0
2024-12-02,ABREL.NS,SELL,6405,2750.0,17613750.0,35227.5,17578522.5,rank_or_trend_exit,0.0
2024-12-02,BSE.NS,SELL,11827,1553.3333740234375,18371273.814575195,36742.547629150395,18334531.266946044,rank_or_trend_exit,0.0
2024-12-02,NUVAMA.NS,SELL,12532,1318.030029296875,16517552.327148438,33035.104654296876,16484517.22249414,rank_or_trend_exit,0.0
2024-12-02,CDSL.NS,SELL,11335,1647.0,18668745.0,37337.49,18631407.51,rank_or_trend_exit,0.0
2024-12-02,DIXON.NS,SELL,170,16025.0,2724250.0,5448.5,2718801.5,target_rebalance,0.0
2024-12-02,JUBLPHARMA.NS,SELL,189,1225.0,231525.0,463.05,231061.95,target_rebalance,0.0
2024-12-02,OFSS.NS,SELL,145,11695.0,1695775.0,3391.55,1692383.45,target_rebalance,0.0
2024-12-02,KAYNES.NS,SELL,349,6015.5498046875,2099426.8818359375,4198.853763671875,2095228.0280722657,target_rebalance,0.0
2024-12-02,GODFRYPHLP.NS,BUY,1232,1891.0,2329712.0,4659.424,-2334371.424,target_rebalance,0.0
2024-12-02,KALYANKJIL.NS,BUY,23939,722.5,17295927.5,34591.855,-17330519.355,target_rebalance,0.0
2024-12-02,DEEPAKFERT.NS,BUY,12606,1372.050048828125,17296062.915527344,34592.12583105469,-17330655.0413584,target_rebalance,0.0
2024-12-02,PPLPHARMA.NS,SELL,1013,271.29998779296875,274826.88763427734,549.6537752685547,274277.23385900876,target_rebalance,0.0
2024-12-02,TRENT.NS,BUY,82,6777.0498046875,555718.083984375,1111.43616796875,-556829.5201523438,target_rebalance,0.0
2024-12-02,FSL.NS,BUY,47257,366.0,17296062.0,34592.124,-17330654.124,target_rebalance,0.0
2024-12-02,INOXWIND.NS,BUY,12750,188.92999267578125,2408857.406616211,4817.714813232422,-2413675.1214294434,target_rebalance,0.0
2024-12-02,ETERNAL.NS,BUY,61356,281.8999938964844,17296256.025512695,34592.51205102539,-17330848.53756372,target_rebalance,0.0
2024-12-02,POLICYBZR.NS,BUY,9159,1888.4000244140625,17295855.8236084,34591.7116472168,-17330447.535255615,target_rebalance,0.0
2024-12-02,MCX.NS,BUY,382,1245.0,475590.0,951.1800000000001,-476541.18,target_rebalance,0.0
2024-12-02,KFINTECH.NS,BUY,14785,1169.800048828125,17295493.721923828,34590.987443847655,-17330084.709367678,target_rebalance,0.0
2025-01-02,INOXWIND.NS,SELL,91548,188.38999938964844,17246727.664123535,34493.45532824707,17212234.208795287,rank_or_trend_exit,0.0
2025-01-02,GODFRYPHLP.NS,SELL,9146,1668.7667236328125,15262540.454345703,30525.08090869141,15232015.373437012,rank_or_trend_exit,0.0
2025-01-02,MCX.NS,SELL,13892,1261.5999755859375,17526146.860839844,35052.293721679685,17491094.567118164,rank_or_trend_exit,0.0
2025-01-02,PPLPHARMA.NS,SELL,63753,260.0,16575780.0,33151.56,16542628.44,rank_or_trend_exit,0.0
2025-01-02,DEEPAKFERT.NS,SELL,12606,1224.4000244140625,15434786.707763672,30869.573415527346,15403917.134348145,rank_or_trend_exit,0.0
2025-01-02,KFINTECH.NS,SELL,3136,1555.0,4876480.0,9752.960000000001,4866727.04,target_rebalance,0.0
2025-01-02,KAYNES.NS,SELL,510,7659.0,3906090.0,7812.18,3898277.82,target_rebalance,0.0
2025-01-02,AMBER.NS,BUY,2371,7640.0,18114440.0,36228.88,-18150668.88,target_rebalance,0.0
2025-01-02,BSE.NS,BUY,9977,1815.4832763671875,18113076.64831543,36226.15329663086,-18149302.80161206,target_rebalance,0.0
2025-01-02,DIXON.NS,SELL,77,18068.0,1391236.0,2782.472,1388453.528,target_rebalance,0.0
2025-01-02,KALYANKJIL.NS,SELL,659,778.0999755859375,512767.8839111328,1025.5357678222656,511742.3481433105,target_rebalance,0.0
2025-01-02,POLICYBZR.NS,SELL,659,2130.949951171875,1404296.0178222656,2808.5920356445313,1401487.4257866212,target_rebalance,0.0
2025-01-02,FSL.NS,SELL,83,384.0,31872.0,63.744,31808.256,target_rebalance,0.0
2025-01-02,BLUESTARCO.NS,BUY,8015,2260.0,18113900.0,36227.8,-18150127.8,target_rebalance,0.0
2025-01-02,LLOYDSME.NS,BUY,14251,1271.050048828125,18113734.24584961,36227.46849169922,-18149961.71434131,target_rebalance,0.0
2025-01-02,JUBLPHARMA.NS,BUY,2562,1085.9000244140625,2782075.862548828,5564.151725097657,-2787640.0142739257,target_rebalance,0.0
2025-01-02,OFSS.NS,SELL,51,12690.0,647190.0,1294.38,645895.62,target_rebalance,0.0
2025-01-02,HSCL.NS,BUY,31125,582.0,18114750.0,36229.5,-18150979.5,target_rebalance,0.0
2025-01-02,ETERNAL.NS,BUY,3828,277.8999938964844,1063801.1766357422,2127.6023532714844,-1065928.7789890138,target_rebalance,0.0
2025-01-02,TRENT.NS,SELL,1,7100.0,7100.0,14.200000000000001,7085.8,target_rebalance,0.0
2025-02-03,JUBLPHARMA.NS,SELL,16681,955.0,15930355.0,31860.71,15898494.29,rank_or_trend_exit,0.0
2025-02-03,OFSS.NS,SELL,1427,8838.099609375,12611968.142578125,25223.93628515625,12586744.206292968,rank_or_trend_exit,0.0
2025-02-03,KAYNES.NS,SELL,2365,4750.0498046875,11233867.788085938,22467.735576171875,11211400.052509766,rank_or_trend_exit,0.0
2025-02-03,KALYANKJIL.NS,SELL,23280,502.4500122070313,11697036.28417969,23394.07256835938,11673642.21161133,rank_or_trend_exit,0.0
2025-02-03,ETERNAL.NS,SELL,65184,233.9900054931641,15252404.518066408,30504.809036132818,15221899.709030276,rank_or_trend_exit,0.0
2025-02-03,HSCL.NS,SELL,31125,485.0,15095625.0,30191.25,15065433.75,rank_or_trend_exit,0.0
2025-02-03,BSE.NS,SELL,1692,1777.0,3006684.0,6013.368,3000670.632,target_rebalance,0.0
2025-02-03,LLOYDSME.NS,SELL,2002,1202.0,2406404.0,4812.808,2401591.192,target_rebalance,0.0
2025-02-03,KFINTECH.NS,BUY,1889,1087.5999755859375,2054476.353881836,4108.952707763672,-2058585.3065895997,target_rebalance,0.0
2025-02-03,DIXON.NS,BUY,7,14580.099609375,102060.697265625,204.12139453125,-102264.81866015625,target_rebalance,0.0
2025-02-03,MCX.NS,BUY,12915,1140.0,14723100.0,29446.2,-14752546.2,target_rebalance,0.0
2025-02-03,BLUESTARCO.NS,SELL,654,2000.0,1308000.0,2616.0,1305384.0,target_rebalance,0.0
2025-02-03,POLYMED.NS,BUY,6107,2410.75,14722450.25,29444.9005,-14751895.1505,target_rebalance,0.0
2025-02-03,POLICYBZR.NS,BUY,355,1662.6500244140625,590240.7586669922,1180.4815173339844,-591421.2401843262,target_rebalance,0.0
2025-02-03,VIJAYA.NS,BUY,13681,1076.199951171875,14723491.531982422,29446.983063964843,-14752938.515046386,target_rebalance,0.0
2025-02-03,AMBER.NS,SELL,106,6500.0,689000.0,1378.0,687622.0,target_rebalance,0.0
2025-02-03,FSL.NS,SELL,2965,333.04998779296875,987493.2138061523,1974.9864276123046,985518.2273785401,target_rebalance,0.0
2025-02-03,ZENSARTECH.NS,BUY,15547,947.0,14723009.0,29446.018,-14752455.018,target_rebalance,0.0
2025-02-03,DEEPAKFERT.NS,BUY,13064,1127.050048828125,14723781.837890625,29447.56367578125,-14753229.401566407,target_rebalance,0.0
2025-02-03,INDHOTEL.NS,BUY,17312,801.4000244140625,13873837.22265625,27747.6744453125,-13901584.897101562,target_rebalance,0.0
2025-02-03,TRENT.NS,SELL,180,6210.0,1117800.0,2235.6,1115564.4,target_rebalance,0.0
2025-03-03,TRENT.NS,SELL,2371,4900.0498046875,11618018.086914062,23236.036173828124,11594782.050740235,rank_or_trend_exit,0.0
2025-03-03,POLICYBZR.NS,SELL,8855,1457.0,12901735.0,25803.47,12875931.53,rank_or_trend_exit,0.0
2025-03-03,KFINTECH.NS,SELL,13538,880.9500122070312,11926301.265258789,23852.60253051758,11902448.662728272,rank_or_trend_exit,0.0
2025-03-03,MCX.NS,SELL,12915,1000.010009765625,12915129.276123047,25830.258552246094,12889299.017570801,rank_or_trend_exit,0.0
2025-03-03,POLYMED.NS,SELL,6107,2055.89990234375,12555380.703613281,25110.761407226564,12530269.942206055,rank_or_trend_exit,0.0
2025-03-03,VIJAYA.NS,SELL,13681,915.75,12528375.75,25056.751500000002,12503318.9985,rank_or_trend_exit,0.0
2025-03-03,ZENSARTECH.NS,SELL,15547,738.4500122070312,11480682.339782715,22961.36467956543,11457720.97510315,rank_or_trend_exit,0.0
2025-03-03,DEEPAKFERT.NS,SELL,13064,953.1500244140624,12451951.91894531,24903.903837890623,12427048.01510742,rank_or_trend_exit,0.0
2025-03-03,INDHOTEL.NS,SELL,17312,716.5,12404048.0,24808.096,12379239.904,rank_or_trend_exit,0.0
2025-03-03,BSE.NS,BUY,74,1538.3333740234375,113836.66967773438,227.67333935546876,-114064.34301708985,target_rebalance,0.0
2025-03-03,LLOYDSME.NS,BUY,231,1030.3499755859375,238010.84436035156,476.02168872070314,-238486.86604907227,target_rebalance,0.0
2025-03-03,PAYTM.NS,BUY,18370,700.0,12859000.0,25718.0,-12884718.0,target_rebalance,0.0
2025-03-03,FSL.NS,SELL,6664,342.5,2282420.0,4564.84,2277855.16,target_rebalance,0.0
2025-03-03,DIXON.NS,SELL,87,13935.849609375,1212418.916015625,2424.83783203125,1209994.0781835937,target_rebalance,0.0
2025-03-03,AMBER.NS,BUY,19,5630.0,106970.0,213.94,-107183.94,target_rebalance,0.0
2025-03-03,MUTHOOTFIN.NS,BUY,6030,2132.35009765625,12858071.088867188,25716.142177734375,-12883787.231044922,target_rebalance,0.0
2025-03-03,BLUESTARCO.NS,SELL,724,1937.4000244140625,1402677.6176757812,2805.3552353515624,1399872.2624404298,target_rebalance,0.0
2025-03-03,DIVISLAB.NS,BUY,2346,5480.25,12856666.5,25713.333,-12882379.833,target_rebalance,0.0
2025-03-03,CHOLAHLDNG.NS,BUY,7715,1666.699951171875,12858590.123291016,25717.180246582033,-12884307.303537598,target_rebalance,0.0
2025-03-03,BAJAJHLDNG.NS,BUY,1109,11594.75,12858577.75,25717.1555,-12884294.9055,target_rebalance,0.0
2025-03-03,FORTIS.NS,BUY,21361,602.0,12859322.0,25718.644,-12885040.644,target_rebalance,0.0
2025-03-03,CHAMBLFERT.NS,BUY,23924,537.5,12859150.0,25718.3,-12884868.3,target_rebalance,0.0
2025-03-03,GODREJIND.NS,BUY,11772,1092.300048828125,12858556.174804688,25717.112349609375,-12884273.287154296,target_rebalance,0.0
2025-03-03,LAURUSLABS.NS,BUY,24357,527.9500122070312,12859278.44732666,25718.55689465332,-12884997.004221313,target_rebalance,0.0
2025-04-01,DIXON.NS,SELL,922,13199.0,12169478.0,24338.956000000002,12145139.044,rank_or_trend_exit,0.0
2025-04-01,FSL.NS,SELL,37545,337.1000061035156,12656419.729156494,25312.83945831299,12631106.889698181,rank_or_trend_exit,0.0
2025-04-01,BLUESTARCO.NS,SELL,6637,2133.25,14158380.25,28316.7605,14130063.4895,rank_or_trend_exit,0.0
2025-04-01,DIVISLAB.NS,SELL,2346,5749.5,13488327.0,26976.654000000002,13461350.346,rank_or_trend_exit,0.0
2025-04-01,CHOLAHLDNG.NS,SELL,7715,1751.0,13508965.0,27017.93,13481947.07,rank_or_trend_exit,0.0
2025-04-01,BAJAJHLDNG.NS,SELL,1109,12499.0,13861391.0,27722.782,13833668.218,rank_or_trend_exit,0.0
2025-04-01,GODREJIND.NS,SELL,11772,1117.0,13149324.0,26298.648,13123025.352,rank_or_trend_exit,0.0
2025-04-01,LAURUSLABS.NS,SELL,24357,611.0,14882127.0,29764.254,14852362.746,rank_or_trend_exit,0.0
2025-04-01,BSE.NS,SELL,657,1848.0,1214136.0,2428.272,1211707.728,target_rebalance,0.0
2025-04-01,MAZDOCK.NS,BUY,5403,2634.0,14231502.0,28463.004,-14259965.004,target_rebalance,0.0
2025-04-01,LLOYDSME.NS,SELL,1148,1256.0,1441888.0,2883.776,1439004.224,target_rebalance,0.0
2025-04-01,AMBER.NS,SELL,302,7180.0,2168360.0,4336.72,2164023.28,target_rebalance,0.0
2025-04-01,COROMANDEL.NS,BUY,7160,1987.9000244140625,14233364.174804688,28466.728349609377,-14261830.903154297,target_rebalance,0.0
2025-04-01,AVANTIFEED.NS,BUY,15641,910.0,14233310.0,28466.62,-14261776.62,target_rebalance,0.0
2025-04-01,CHAMBLFERT.NS,SELL,1098,623.5499877929688,684657.8865966797,1369.3157731933593,683288.5708234863,target_rebalance,0.0
2025-04-01,PAYTM.NS,SELL,122,780.0,95160.0,190.32,94969.68,target_rebalance,0.0
2025-04-01,AEGISLOG.NS,BUY,17681,805.0,14233205.0,28466.41,-14261671.41,target_rebalance,0.0
2025-04-01,DOMS.NS,BUY,4946,2877.25,14230878.5,28461.757,-14259340.257,target_rebalance,0.0
2025-04-01,DEEPAKFERT.NS,BUY,12779,1113.75,14232611.25,28465.2225,-14261076.4725,target_rebalance,0.0
2025-04-01,FORTIS.NS,SELL,1022,699.7999877929688,715195.5875244141,1430.3911750488282,713765.1963493653,target_rebalance,0.0
2025-04-01,ASTRAZEN.NS,BUY,1654,8602.0,14227708.0,28455.416,-14256163.416,target_rebalance,0.0
2025-04-01,WELCORP.NS,BUY,16531,861.0,14233191.0,28466.382,-14261657.382,target_rebalance,0.0
2025-04-01,MUTHOOTFIN.NS,SELL,57,2382.89990234375,135825.29443359375,271.6505888671875,135553.64384472655,target_rebalance,0.0
2025-05-02,AMBER.NS,SELL,1982,6150.0,12189300.0,24378.600000000002,12164921.4,rank_or_trend_exit,0.0
2025-05-02,MUTHOOTFIN.NS,SELL,5973,2169.10009765625,12956034.883300781,25912.069766601562,12930122.81353418,rank_or_trend_exit,0.0
2025-05-02,FORTIS.NS,SELL,20339,686.0,13952554.0,27905.108,13924648.892,rank_or_trend_exit,0.0
2025-05-02,AEGISLOG.NS,SELL,17681,784.0,13861904.0,27723.808,13834180.192,rank_or_trend_exit,0.0
2025-05-02,DOMS.NS,SELL,4946,2750.0,13601500.0,27203.0,13574297.0,rank_or_trend_exit,0.0
2025-05-02,WELCORP.NS,SELL,16531,774.8499755859375,12809044.946411133,25618.089892822267,12783426.856518311,rank_or_trend_exit,0.0
2025-05-02,MAZDOCK.NS,SELL,686,3075.0,2109450.0,4218.9,2105231.1,target_rebalance,0.0
2025-05-02,GODFRYPHLP.NS,BUY,5307,2733.333251953125,14505799.568115234,29011.59913623047,-14534811.167251464,target_rebalance,0.0
2025-05-02,COROMANDEL.NS,SELL,696,2244.0,1561824.0,3123.648,1558700.352,target_rebalance,0.0
2025-05-02,BSE.NS,SELL,860,2120.333251953125,1823486.5966796875,3646.9731933593753,1819839.6234863282,target_rebalance,0.0
2025-05-02,CHAMBLFERT.NS,SELL,1892,693.0,1311156.0,2622.312,1308533.688,target_rebalance,0.0
2025-05-02,AVANTIFEED.NS,BUY,956,874.0499877929688,835591.7883300781,1671.1835766601562,-837262.9719067382,target_rebalance,0.0
2025-05-02,GRSE.NS,BUY,7567,1917.0,14505939.0,29011.878,-14534950.878,target_rebalance,0.0
2025-05-02,KFINTECH.NS,BUY,12190,1190.0999755859375,14507318.702392578,29014.637404785157,-14536333.339797363,target_rebalance,0.0
2025-05-02,DEEPAKFERT.NS,SELL,1445,1279.9000244140625,1849455.5352783203,3698.911070556641,1845756.6242077637,target_rebalance,0.0
2025-05-02,PAYTM.NS,SELL,1496,866.0,1295536.0,2591.072,1292944.928,target_rebalance,0.0
2025-05-02,KIMS.NS,BUY,22082,656.9500122070312,14506770.169555664,29013.54033911133,-14535783.709894774,target_rebalance,0.0
2025-05-02,BDL.NS,BUY,9551,1518.800048828125,14506059.266357422,29012.118532714845,-14535071.384890137,target_rebalance,0.0
2025-05-02,ASTRAZEN.NS,BUY,30,8610.0,258300.0,516.6,-258816.6,target_rebalance,0.0
2025-05-02,LLOYDSME.NS,BUY,658,1209.9000244140625,796114.2160644531,1592.2284321289062,-797706.444496582,target_rebalance,0.0
2025-05-02,DIXON.NS,BUY,881,16452.0,14494212.0,28988.424,-14523200.424,target_rebalance,0.0
2025-06-02,PAYTM.NS,SELL,16752,888.9000244140625,14890853.208984375,29781.70641796875,14861071.502566407,rank_or_trend_exit,0.0
2025-06-02,CHAMBLFERT.NS,SELL,20934,550.0,11513700.0,23027.4,11490672.6,rank_or_trend_exit,0.0
2025-06-02,ASTRAZEN.NS,SELL,1684,8409.0,14160756.0,28321.512,14132434.488,rank_or_trend_exit,0.0
2025-06-02,KFINTECH.NS,SELL,12190,1078.699951171875,13149352.404785156,26298.704809570314,13123053.699975586,rank_or_trend_exit,0.0
2025-06-02,BDL.NS,SELL,9551,2014.0,19235714.0,38471.428,19197242.572,rank_or_trend_exit,0.0
2025-06-02,DIXON.NS,SELL,881,14680.0,12933080.0,25866.16,12907213.84,rank_or_trend_exit,0.0
2025-06-02,BSE.NS,SELL,992,2690.0,2668480.0,5336.96,2663143.04,target_rebalance,0.0
2025-06-02,MAZDOCK.NS,SELL,182,3469.89990234375,631521.7822265625,1263.043564453125,630258.7386621094,target_rebalance,0.0
2025-06-02,GRSE.NS,SELL,2321,3000.0,6963000.0,13926.0,6949074.0,target_rebalance,0.0
2025-06-02,GODFRYPHLP.NS,BUY,96,2912.5,279600.0,559.2,-280159.2,target_rebalance,0.0
2025-06-02,LLOYDSME.NS,SELL,586,1380.0,808680.0,1617.3600000000001,807062.64,target_rebalance,0.0
2025-06-02,POWERINDIA.NS,BUY,816,19280.0,15732480.0,31464.96,-15763944.96,target_rebalance,0.0
2025-06-02,COROMANDEL.NS,BUY,366,2304.0,843264.0,1686.528,-844950.528,target_rebalance,0.0
2025-06-02,AVANTIFEED.NS,BUY,1940,849.0,1647060.0,3294.12,-1650354.12,target_rebalance,0.0
2025-06-02,SOLARINDS.NS,BUY,974,16151.0,15731074.0,31462.148,-15762536.148,target_rebalance,0.0
2025-06-02,BAJAJHLDNG.NS,BUY,1167,13477.0,15727659.0,31455.318,-15759114.318,target_rebalance,0.0
2025-06-02,DEEPAKFERT.NS,SELL,800,1494.0,1195200.0,2390.4,1192809.6,target_rebalance,0.0
2025-06-02,CEATLTD.NS,BUY,4141,3800.0,15735800.0,31471.600000000002,-15767271.6,target_rebalance,0.0
2025-06-02,CHOLAHLDNG.NS,BUY,8366,1881.0,15736446.0,31472.892,-15767918.892,target_rebalance,0.0
2025-06-02,KIMS.NS,BUY,859,686.0,589274.0,1178.548,-590452.548,target_rebalance,0.0
2025-06-02,MFSL.NS,BUY,10473,1502.699951171875,15737776.588623047,31475.553177246093,-15769252.141800294,target_rebalance,0.0
2025-07-01,MAZDOCK.NS,SELL,4535,3270.0,14829450.0,29658.9,14799791.1,rank_or_trend_exit,0.0
2025-07-01,COROMANDEL.NS,SELL,6830,2505.0,17109150.0,34218.3,17074931.7,rank_or_trend_exit,0.0
2025-07-01,AVANTIFEED.NS,SELL,18537,739.5499877929688,13709038.123718262,27418.076247436526,13681620.047470825,rank_or_trend_exit,0.0
2025-07-01,KIMS.NS,SELL,22941,673.0,15439293.0,30878.586,15408414.414,rank_or_trend_exit,0.0
2025-07-01,CEATLTD.NS,SELL,4141,3686.5,15265796.5,30531.593,15235264.907,rank_or_trend_exit,0.0
2025-07-01,BSE.NS,BUY,68,2778.0,188904.0,377.808,-189281.808,target_rebalance,0.0
2025-07-01,GODFRYPHLP.NS,BUY,59,3010.0,177590.0,355.18,-177945.18,target_rebalance,0.0
2025-07-01,DEEPAKFERT.NS,SELL,975,1720.0,1677000.0,3354.0,1673646.0,target_rebalance,0.0
2025-07-01,NH.NS,BUY,7542,2180.0,16441560.0,32883.12,-16474443.12,target_rebalance,0.0
2025-07-01,MCX.NS,BUY,9158,1795.300048828125,16441357.847167969,32882.71569433594,-16474240.562862305,target_rebalance,0.0
2025-07-01,SOLARINDS.NS,SELL,43,17648.0,758864.0,1517.728,757346.272,target_rebalance,0.0
2025-07-01,LLOYDSME.NS,SELL,1115,1598.0,1781770.0,3563.54,1778206.46,target_rebalance,0.0
2025-07-01,JMFINANCIL.NS,BUY,103193,159.33999633789062,16442772.242095947,32885.544484191894,-16475657.78658014,target_rebalance,0.0
2025-07-01,POWERINDIA.NS,BUY,4,20050.0,80200.0,160.4,-80360.4,target_rebalance,0.0
2025-07-01,MFSL.NS,SELL,434,1637.800048828125,710805.2211914062,1421.6104423828126,709383.6107490234,target_rebalance,0.0
2025-07-01,CHOLAHLDNG.NS,SELL,844,2185.699951171875,1844730.7587890625,3689.461517578125,1841041.2972714843,target_rebalance,0.0
2025-07-01,GRSE.NS,BUY,181,3029.300048828125,548303.3088378906,1096.6066176757813,-549399.9154555664,target_rebalance,0.0
2025-07-01,REDINGTON.NS,BUY,50345,326.6000061035156,16442677.307281494,32885.35461456299,-16475562.661896057,target_rebalance,0.0
2025-07-01,BAJAJHLDNG.NS,SELL,31,14473.0,448663.0,897.326,447765.674,target_rebalance,0.0
2025-07-01,LAURUSLABS.NS,BUY,22524,730.0,16442520.0,32885.04,-16475405.04,target_rebalance,0.0
2025-08-01,LLOYDSME.NS,SELL,10289,1497.0,15402633.0,30805.266,15371827.734,rank_or_trend_exit,0.0
2025-08-01,GRSE.NS,SELL,5427,2620.0,14218740.0,28437.48,14190302.52,rank_or_trend_exit,0.0
2025-08-01,SOLARINDS.NS,SELL,931,14198.0,13218338.0,26436.676,13191901.324,rank_or_trend_exit,0.0
2025-08-01,BAJAJHLDNG.NS,SELL,1136,13975.0,15875600.0,31751.2,15843848.8,rank_or_trend_exit,0.0
2025-08-01,CHOLAHLDNG.NS,SELL,7522,1887.699951171875,14199279.032714844,28398.558065429686,14170880.474649414,rank_or_trend_exit,0.0
2025-08-01,MFSL.NS,SELL,10039,1497.300048828125,15031395.190185547,30062.790380371094,15001332.399805175,rank_or_trend_exit,0.0
2025-08-01,REDINGTON.NS,SELL,50345,251.5,12661767.5,25323.535,12636443.965,rank_or_trend_exit,0.0
2025-08-01,GODFRYPHLP.NS,SELL,475,3043.333251953125,1445583.2946777344,2891.1665893554687,1442692.1280883788,target_rebalance,0.0
2025-08-01,LAURUSLABS.NS,SELL,5164,874.2999877929688,4514885.136962891,9029.770273925782,4505855.366688965,target_rebalance,0.0
2025-08-01,BSE.NS,BUY,330,2429.300048828125,801669.0161132812,1603.3380322265625,-803272.3541455078,target_rebalance,0.0
2025-08-01,POWERINDIA.NS,SELL,69,20190.0,1393110.0,2786.2200000000003,1390323.78,target_rebalance,0.0
2025-08-01,PAYTM.NS,BUY,13887,1093.0,15178491.0,30356.982,-15208847.982,target_rebalance,0.0
2025-08-01,ERIS.NS,BUY,8393,1808.4000244140625,15177901.404907227,30355.802809814453,-15208257.20771704,target_rebalance,0.0
2025-08-01,COROMANDEL.NS,BUY,5678,2673.0,15177294.0,30354.588,-15207648.588,target_rebalance,0.0
2025-08-01,DEEPAKFERT.NS,SELL,73,1600.0,116800.0,233.6,116566.4,target_rebalance,0.0
2025-08-01,FORTIS.NS,BUY,17653,859.7999877929688,15178049.184509277,30356.098369018557,-15208405.282878296,target_rebalance,0.0
2025-08-01,MCX.NS,BUY,705,1538.800048828125,1084854.0344238281,2169.7080688476562,-1087023.7424926758,target_rebalance,0.0
2025-08-01,SYRMA.NS,BUY,20016,758.2999877929688,15178132.555664062,30356.265111328124,-15208488.820775392,target_rebalance,0.0
2025-08-01,JMFINANCIL.NS,SELL,7005,157.8000030517578,1105389.0213775635,2210.778042755127,1103178.2433348084,target_rebalance,0.0
2025-08-01,NH.NS,BUY,383,1915.199951171875,733521.5812988281,1467.0431625976562,-734988.6244614258,target_rebalance,0.0
2025-08-01,ANURAS.NS,BUY,13291,1142.0,15178322.0,30356.644,-15208678.644,target_rebalance,0.0
2025-08-01,GLENMARK.NS,BUY,7116,2133.0,15178428.0,30356.856,-15208784.856,target_rebalance,0.0
2025-09-01,BSE.NS,SELL,6248,2130.0,13308240.0,26616.48,13281623.52,rank_or_trend_exit,0.0
2025-09-01,DEEPAKFERT.NS,SELL,9486,1389.0,13176054.0,26352.108,13149701.892,rank_or_trend_exit,0.0
2025-09-01,NH.NS,SELL,7925,1754.0,13900450.0,27800.9,13872649.1,rank_or_trend_exit,0.0
2025-09-01,MCX.NS,SELL,9863,1488.800048828125,14684034.881591797,29368.069763183594,14654666.811828613,rank_or_trend_exit,0.0
2025-09-01,ERIS.NS,SELL,8393,1795.0,15065435.0,30130.87,15035304.13,rank_or_trend_exit,0.0
2025-09-01,COROMANDEL.NS,SELL,5678,2309.0,13110502.0,26221.004,13084280.996,rank_or_trend_exit,0.0
2025-09-01,GLENMARK.NS,SELL,7116,1918.0999755859373,13649199.42626953,27298.39885253906,13621901.027416991,rank_or_trend_exit,0.0
2025-09-01,GODFRYPHLP.NS,SELL,939,3695.666748046875,3470231.0764160156,6940.462152832031,3463290.6142631834,target_rebalance,0.0
2025-09-01,JMFINANCIL.NS,SELL,12361,178.5,2206438.5,4412.877,2202025.623,target_rebalance,0.0
2025-09-01,SYRMA.NS,SELL,276,758.0,209208.0,418.416,208789.584,target_rebalance,0.0
2025-09-01,PAYTM.NS,SELL,1490,1207.0,1798430.0,3596.86,1794833.14,target_rebalance,0.0
2025-09-01,LAURUSLABS.NS,BUY,105,856.75,89958.75,179.9175,-90138.6675,target_rebalance,0.0
2025-09-01,POWERINDIA.NS,BUY,28,19200.0,537600.0,1075.2,-538675.2,target_rebalance,0.0
2025-09-01,FORTIS.NS,SELL,1368,918.7999877929688,1256918.3833007812,2513.8367666015624,1254404.5465341797,target_rebalance,0.0
2025-09-01,JKCEMENT.NS,BUY,2141,6988.0,14961308.0,29922.616,-14991230.616,target_rebalance,0.0
2025-09-01,ANURAS.NS,BUY,67,1120.0999755859375,75046.69836425781,150.09339672851561,-75196.79176098632,target_rebalance,0.0
2025-09-01,KRBL.NS,BUY,34601,432.4500122070313,14963202.87237549,29926.40574475098,-14993129.27812024,target_rebalance,0.0
2025-09-01,MFSL.NS,BUY,9246,1618.199951171875,14961876.748535156,29923.753497070313,-14991800.502032226,target_rebalance,0.0
2025-09-01,ANANDRATHI.NS,BUY,10661,1403.5,14962713.5,29925.427,-14992638.927,target_rebalance,0.0
2025-09-01,ASTERDM.NS,BUY,25005,598.4000244140625,14962992.610473633,29925.985220947266,-14992918.59569458,target_rebalance,0.0
2025-09-01,EIDPARRY.NS,BUY,13541,1105.0,14962805.0,29925.61,-14992730.61,target_rebalance,0.0
2025-09-01,RADICO.NS,BUY,5245,2852.5,14961362.5,29922.725000000002,-14991285.225,target_rebalance,0.0
2025-10-01,POWERINDIA.NS,SELL,779,18050.0,14060950.0,28121.9,14032828.1,rank_or_trend_exit,0.0
2025-10-01,JMFINANCIL.NS,SELL,83827,160.5,13454233.5,26908.467,13427325.033,rank_or_trend_exit,0.0
2025-10-01,JKCEMENT.NS,SELL,2141,6300.0,13488300.0,26976.600000000002,13461323.4,rank_or_trend_exit,0.0
2025-10-01,KRBL.NS,SELL,34601,343.54998779296875,11887173.127624512,23774.346255249024,11863398.781369263,rank_or_trend_exit,0.0
2025-10-01,MFSL.NS,SELL,9246,1566.0,14479236.0,28958.472,14450277.528,rank_or_trend_exit,0.0
2025-10-01,EIDPARRY.NS,SELL,13541,1028.9000244140625,13932335.23059082,27864.670461181642,13904470.560129639,rank_or_trend_exit,0.0
2025-10-01,RADICO.NS,SELL,5245,2884.800048828125,15130776.256103516,30261.552512207032,15100514.70359131,rank_or_trend_exit,0.0
2025-10-01,GMDCLTD.NS,BUY,23652,605.0,14309460.0,28618.920000000002,-14338078.92,target_rebalance,0.0
2025-10-01,SYRMA.NS,SELL,1158,770.0499877929688,891717.8858642578,1783.4357717285156,889934.4500925293,target_rebalance,0.0
2025-10-01,TATAINVEST.NS,BUY,13423,1066.0,14308918.0,28617.836,-14337535.836,target_rebalance,0.0
2025-10-01,FORTIS.NS,SELL,1549,971.0,1504079.0,3008.158,1501070.842,target_rebalance,0.0
2025-10-01,GRSE.NS,BUY,5655,2530.0,14307150.0,28614.3,-14335764.3,target_rebalance,0.0
2025-10-01,ANANDRATHI.NS,SELL,545,1414.5,770902.5,1541.805,769360.695,target_rebalance,0.0
2025-10-01,GODFRYPHLP.NS,BUY,174,3389.0,589686.0,1179.372,-590865.372,target_rebalance,0.0
2025-10-01,LAURUSLABS.NS,SELL,531,845.0,448695.0,897.39,447797.61,target_rebalance,0.0
2025-10-01,PAYTM.NS,BUY,337,1123.699951171875,378686.8835449219,757.3737670898438,-379444.25731201173,target_rebalance,0.0
2025-10-01,ANURAS.NS,SELL,103,1079.5,111188.5,222.377,110966.123,target_rebalance,0.0
2025-10-01,ASTERDM.NS,SELL,2147,626.0,1344022.0,2688.044,1341333.956,target_rebalance,0.0
2025-10-01,INDIANB.NS,BUY,19092,749.5,14309454.0,28618.908,-14338072.908,target_rebalance,0.0
2025-10-01,ECLERX.NS,BUY,7119,2010.0,14309190.0,28618.38,-14337808.38,target_rebalance,0.0
2025-10-01,HBLENGINE.NS,BUY,17544,815.5999755859375,14308885.971679688,28617.771943359374,-14337503.743623046,target_rebalance,0.0
2025-10-01,MUTHOOTFIN.NS,BUY,4615,3100.0,14306500.0,28613.0,-14335113.0,target_rebalance,0.0
2025-11-03,GODFRYPHLP.NS,SELL,4222,3092.89990234375,13058223.387695312,26116.446775390625,13032106.940919923,rank_or_trend_exit,0.0
2025-11-03,ANURAS.NS,SELL,13255,1069.9000244140625,14181524.823608398,28363.049647216798,14153161.77396118,rank_or_trend_exit,0.0
2025-11-03,ASTERDM.NS,SELL,22858,679.0,15520582.0,31041.164,15489540.836,rank_or_trend_exit,0.0
2025-11-03,TATAINVEST.NS,SELL,13423,798.0,10711554.0,21423.108,10690130.892,rank_or_trend_exit,0.0
2025-11-03,GRSE.NS,SELL,5655,2556.10009765625,14454746.052246094,28909.492104492187,14425836.5601416,rank_or_trend_exit,0.0
2025-11-03,SYRMA.NS,SELL,61,813.7999877929688,49641.799255371094,99.2835985107422,49542.51565686035,target_rebalance,0.0
2025-11-03,HBLENGINE.NS,SELL,2535,1004.2000122070312,2545647.030944824,5091.294061889648,2540555.7368829343,target_rebalance,0.0
2025-11-03,RBLBANK.NS,BUY,46024,327.5,15072860.0,30145.72,-15103005.72,target_rebalance,0.0
2025-11-03,LTF.NS,BUY,55722,270.5,15072801.0,30145.602,-15102946.602,target_rebalance,0.0
2025-11-03,LAURUSLABS.NS,SELL,1200,957.9500122070312,1149540.0146484375,2299.080029296875,1147240.9346191406,target_rebalance,0.0
2025-11-03,GMDCLTD.NS,BUY,1657,595.5499877929688,986826.3297729492,1973.6526595458986,-988799.9824324951,target_rebalance,0.0
2025-11-03,INDIANB.NS,SELL,1678,865.5499877929688,1452392.8795166016,2904.7857590332032,1449488.0937575684,target_rebalance,0.0
2025-11-03,ECLERX.NS,SELL,760,2370.0,1801200.0,3602.4,1797597.6,target_rebalance,0.0
2025-11-03,MTARTECH.NS,BUY,5960,2529.0,15072840.0,30145.68,-15102985.68,target_rebalance,0.0
2025-11-03,PAYTM.NS,SELL,1141,1300.0999755859375,1483414.0721435547,2966.8281442871094,1480447.2439992675,target_rebalance,0.0
2025-11-03,FORTIS.NS,SELL,17,1024.0,17408.0,34.816,17373.184,target_rebalance,0.0
2025-11-03,ABCAPITAL.NS,BUY,46285,325.6499938964844,15072709.96749878,30145.41993499756,-15102855.387433777,target_rebalance,0.0
2025-11-03,GPIL.NS,BUY,53242,283.1000061035156,15072810.524963379,30145.621049926758,-15102956.146013306,target_rebalance,0.0
2025-11-03,ANANDRATHI.NS,SELL,427,1555.6500244140625,664262.5604248047,1328.5251208496095,662934.0353039551,target_rebalance,0.0
2025-11-03,MUTHOOTFIN.NS,BUY,124,3180.60009765625,394394.412109375,788.78882421875,-395183.20093359373,target_rebalance,0.0
2025-12-01,PAYTM.NS,SELL,11593,1335.0,15476655.0,30953.31,15445701.69,rank_or_trend_exit,0.0
2025-12-01,FORTIS.NS,SELL,14719,919.0999755859376,13528232.540649416,27056.465081298833,13501176.075568117,rank_or_trend_exit,0.0
2025-12-01,SYRMA.NS,SELL,18521,823.5,15252043.5,30504.087,15221539.413,rank_or_trend_exit,0.0
2025-12-01,ANANDRATHI.NS,SELL,9689,1461.5999755859375,14161442.163452148,28322.8843269043,14133119.279125243,rank_or_trend_exit,0.0
2025-12-01,ECLERX.NS,SELL,6359,2280.0,14498520.0,28997.04,14469522.96,rank_or_trend_exit,0.0
2025-12-01,MTARTECH.NS,SELL,5960,2537.60009765625,15124096.58203125,30248.1931640625,15093848.388867188,rank_or_trend_exit,0.0
2025-12-01,GPIL.NS,SELL,53242,235.8999938964844,12559787.475036623,25119.574950073245,12534667.90008655,rank_or_trend_exit,0.0
2025-12-01,LTF.NS,SELL,7877,313.75,2471408.75,4942.8175,2466465.9325,target_rebalance,0.0
2025-12-01,MUTHOOTFIN.NS,SELL,767,3779.0,2898493.0,5796.986,2892696.014,target_rebalance,0.0
2025-12-01,LAURUSLABS.NS,SELL,1231,1035.0,1274085.0,2548.17,1271536.83,target_rebalance,0.0
2025-12-01,RBLBANK.NS,BUY,1897,313.25,594235.25,1188.4705000000001,-595423.7205,target_rebalance,0.0
2025-12-01,ABCAPITAL.NS,SELL,4354,358.0,1558732.0,3117.464,1555614.536,target_rebalance,0.0
2025-12-01,MCX.NS,BUY,7358,2040.0,15010320.0,30020.64,-15040340.64,target_rebalance,0.0
2025-12-01,GMDCLTD.NS,BUY,2387,542.0,1293754.0,2587.5080000000003,-1296341.508,target_rebalance,0.0
2025-12-01,NAVINFLUOR.NS,BUY,2593,5788.0,15008284.0,30016.568,-15038300.568,target_rebalance,0.0
2025-12-01,AUBANK.NS,BUY,15712,955.4000244140624,15011245.183593748,30022.490367187496,-15041267.673960935,target_rebalance,0.0
2025-12-01,INDIANB.NS,SELL,259,875.0,226625.0,453.25,226171.75,target_rebalance,0.0
2025-12-01,ADANIPOWER.NS,BUY,101284,148.2100067138672,15011302.320007324,30022.604640014648,-15041324.924647339,target_rebalance,0.0
2025-12-01,HBLENGINE.NS,BUY,1933,886.0,1712638.0,3425.2760000000003,-1716063.276,target_rebalance,0.0
2025-12-01,MANAPPURAM.NS,BUY,52478,286.04998779296875,15011331.259399414,30022.66251879883,-15041353.921918213,target_rebalance,0.0
2025-12-01,CUB.NS,BUY,73477,204.3000030517578,15011351.324234009,30022.702648468017,-15041374.026882477,target_rebalance,0.0
2025-12-01,ANURAS.NS,BUY,12247,1225.699951171875,15011147.302001953,30022.294604003906,-15041169.596605957,target_rebalance,0.0
