date,portfolio_value,cash,holdings_value,net_contribution,daily_return,drawdown,benchmark_nifty_50,benchmark_nifty_500
2019-01-01,100000.0,100000.0,0.0,100000.0,0.0,0.0,100000.0,100000.0
2019-01-02,100000.0,100000.0,0.0,0.0,0.0,0.0,98006.52320917614,99741.69485799738
2019-01-03,100000.0,100000.0,0.0,0.0,0.0,0.0,97403.80447823337,99024.5925445803
2019-01-04,100000.0,100000.0,0.0,0.0,0.0,0.0,98156.37302741209,99347.37097960268
2019-01-07,100000.0,100000.0,0.0,0.0,0.0,0.0,99202.28682203629,99223.36803264449
2019-01-08,100000.0,100000.0,0.0,0.0,0.0,0.0,98841.88852501308,98335.02355438037
2019-01-09,100000.0,100000.0,0.0,0.0,0.0,0.0,100215.29056164282,98646.95344808526
2019-01-10,100000.0,100000.0,0.0,0.0,0.0,0.0,100686.65359748634,99259.96469417756
2019-01-11,100000.0,100000.0,0.0,0.0,0.0,0.0,101597.41803072681,99903.25572964335
2019-01-14,100000.0,100000.0,0.0,0.0,0.0,0.0,101030.35976285794,99594.48427201825
2019-01-15,100000.0,100000.0,0.0,0.0,0.0,0.0,100824.45852526915,99962.44207531222
2019-01-16,100000.0,100000.0,0.0,0.0,0.0,0.0,101986.64819151188,101566.37831060746
2019-01-17,100000.0,100000.0,0.0,0.0,0.0,0.0,101534.25348709064,101485.28889734189
2019-01-18,100000.0,100000.0,0.0,0.0,0.0,0.0,100387.52301095707,102847.94808080378
2019-01-21,100000.0,100000.0,0.0,0.0,0.0,0.0,100215.66992827127,102454.17349564032
2019-01-22,100000.0,100000.0,0.0,0.0,0.0,0.0,100186.93290616652,100904.0679970091
2019-01-23,100000.0,100000.0,0.0,0.0,0.0,0.0,99145.57151108368,101445.9457696525
2019-01-24,100000.0,100000.0,0.0,0.0,0.0,0.0,99101.94434881245,100443.07365266953
2019-01-25,100000.0,100000.0,0.0,0.0,0.0,0.0,99521.0496315876,99779.18412103127
2019-01-28,100000.0,100000.0,0.0,0.0,0.0,0.0,100019.63222302205,100021.28511271154
2019-01-29,100000.0,100000.0,0.0,0.0,0.0,0.0,102356.53065424622,100512.97121634806
2019-01-30,100000.0,100000.0,0.0,0.0,0.0,0.0,103092.59675508755,101814.72751279337
2019-01-31,100000.0,100000.0,0.0,0.0,0.0,0.0,102924.5373386862,100811.78673415649
2019-02-01,119542.69263999998,1700.1926399999975,117842.49999999999,20000.0,0.1954269263999997,0.0,123235.90249898283,121238.31292823414
2019-02-04,119306.32264,1700.1926399999975,117606.13,0.0,-0.0019772852257210483,-0.0019772852257210483,123011.05665277594,120542.84528958127
2019-02-05,120168.19263999998,1700.1926399999975,118467.99999999999,0.0,0.007224009431592515,0.0,125722.90587442441,120950.4396481533
2019-02-06,120172.67264,1700.1926399999975,118472.48000000001,0.0,3.72810799729173e-05,0.0,123407.19744626935,119699.78195320057
2019-02-07,120067.33264,1700.1926399999975,118367.14,0.0,-0.0008765719999884736,-0.0008765719999884736,124938.43615218492,119482.95195046617
2019-02-08,119457.29264,1700.1926399999975,117757.1,0.0,-0.00508081579382702,-0.00595293409295361,124527.01127549013,119350.65029161154
2019-02-11,119209.85263999998,1700.1926399999975,117509.65999999999,0.0,-0.0020713678883189646,-0.008011971264751061,125729.47236942945,119437.80986798562
2019-02-12,119416.62263999999,1700.1926399999975,117716.43,0.0,0.0017345042831689028,-0.006291363780057568,126499.33730105427,118781.89294276289
2019-02-13,118428.32264,1700.1926399999975,116728.13,0.0,-0.00827606725220631,-0.014515363282512128,125932.8072837233,118221.60487350529
2019-02-14,118069.66264,1700.1926399999975,116369.47,0.0,-0.0030284985213399063,-0.017499902047614202,125297.21585340833,118235.0077140232
2019-02-15,117833.15263999999,1700.1926399999975,116132.95999999999,0.0,-0.002003139457771974,-0.01946798676108752,124665.24731688923,119517.56910296946
2019-02-18,117521.73264,1700.1926399999975,115821.54000000001,0.0,-0.002642889484179567,-0.02205942450777798,123279.03757824005,120303.07422853708
2019-02-19,117480.01264,1700.1926399999975,115779.82,0.0,-0.0003549981698091065,-0.022406591622259886,124088.8675570507,121982.37614201634
2019-02-20,118109.47263999999,1700.1926399999975,116409.28,0.0,0.005358017809624194,-0.017168628729600788,125341.709517839,122284.80342683133
2019-02-21,117716.43263999998,1700.1926399999975,116016.23999999999,0.0,-0.003327760180574235,-0.020439255831133485,125679.54436430495,123009.21462292163
2019-02-22,116893.10264,1700.1926399999975,115192.91,0.0,-0.006994180689436025,-0.027290480672129025,127438.57251763658,123441.7234641742
2019-02-25,116139.93264,1700.1926399999975,114439.74,0.0,-0.006443237308188854,-0.03355787893709283,126726.33424045247,123488.67451899458
2019-02-26,116469.77264,1700.1926399999975,114769.58,0.0,0.0028400223118985046,-0.030813161750115614,126818.15195509186,124414.53945293065
2019-02-27,115700.89264,1700.1926399999975,114000.70000000001,0.0,-0.006601541177353787,-0.03721128857137146,125893.86117541758,124119.59473552136
2019-02-28,115043.02263999998,1700.1926399999975,113342.82999999999,0.0,-0.005685954403540916,-0.04268566128479856,126582.43742749731,123833.69487981126
2019-03-01,135037.31855999999,1901.878559999996,133135.44,20000.0,0.17379842306966697,0.0,148377.24165706328,143588.579127763
2019-03-04,135253.39855999997,1901.878559999996,133351.52,0.0,0.0016001502570119897,0.0,147649.95868372303,142692.3894443574
2019-03-05,134855.56855999999,1901.878559999996,132953.69,0.0,-0.0029413678638433582,-0.0029413678638433582,147153.10847685492,143628.2250843362
2019-03-06,134460.48856,1901.878559999996,132558.61000000002,0.0,-0.0029296528442888103,-0.0058624035214037695,148538.84555632112,144311.09086165027
2019-03-07,134627.66856,1901.878559999996,132725.79,0.0,0.001243339227682494,-0.004626353249988058,148420.94667921076,143124.57813721817
2019-03-08,135701.74856,1901.878559999996,133799.87000000002,0.0,0.007978151976399506,0.0,148508.74928358485,142046.59024812863
2019-03-11,135160.97855999996,1901.878559999996,133259.09999999998,0.0,-0.003984989182073462,-0.003984989182073462,149849.8653673855,144082.0996377804
2019-03-12,134157.20856,1901.878559999996,132255.33000000002,0.0,-0.007426477750413496,-0.011381872498990697,148805.52470343653,145310.36003214624
2019-03-13,134981.19856,1901.878559999996,133079.32,0.0,0.0061419733523411235,-0.005309806304238052,147441.11672160518,146314.50135634156
2019-03-14,134129.03856,1901.878559999996,132227.16,0.0,-0.006313175531785009,-0.011589460096784632,147106.786387513,146422.26193228032
2019-03-15,134606.02855999998,1901.878559999996,132704.15,0.0,0.003556202334117353,-0.008074472227714624,145641.7521720547,146273.70901066263
2019-03-18,134387.25856000002,1901.878559999996,132485.38000000003,0.0,-0.0016252615305595297,-0.009686610629182857,144680.63424488954,144745.76339757346
2019-03-19,134356.93855999998,1901.878559999996,132455.06,0.0,-0.0002256166270889759,-0.009910041795853641,144245.0234103718,143610.16945592093
2019-03-20,134132.37855999998,1901.878559999996,132230.5,0.0,-0.001671368835928888,-0.011564847296762215,145929.76041680496,143865.1454995207
2019-03-21,133663.20856,1901.878559999996,131761.33000000002,0.0,-0.0034978131681315805,-0.015022208789731817,144844.98606470157,143365.7019791237
2019-03-22,134048.18855999995,1901.878559999996,132146.30999999997,0.0,0.002880224140565435,-0.012185251977567146,144123.8531992683,143781.84122450423
2019-03-25,134691.88856,1901.878559999996,132790.01,0.0,0.004802004465072729,-0.007441761146898651,144554.09904603745,144349.20829941583
2019-03-26,134127.05856,1901.878559999996,132225.18000000002,0.0,-0.004193496772809557,-0.011604050918354702,146080.89604728497,144493.93992401444
2019-03-27,133330.69856,1901.878559999996,131428.82,0.0,-0.0059373552849798505,-0.01747250883028728,146410.77736714657,145736.33911735096
2019-03-28,133116.01855999997,1901.878559999996,131214.13999999998,0.0,-0.0016101318174930324,-0.019054507605381188,144820.38563307366,146665.20089026992
2019-03-29,133335.23855999997,1901.878559999996,131433.36,0.0,0.0016468341103605955,-0.017439053108101232,143021.8062036815,145378.18805423536
2019-04-01,153260.33384,1561.4038400000027,151698.93,20000.0,0.1494360792779763,0.0,161242.46221816866,164749.58469459254
2019-04-02,153570.07384000003,1561.4038400000027,152008.67,0.0,0.0020210056460099324,0.0,161762.76062228013,167037.09077489734
2019-04-03,153262.25384000005,1561.4038400000027,151700.85000000003,0.0,-0.0020044269843920715,-0.0020044269843920715,161422.7666034005,167113.52944656074
2019-04-04,153112.41384,1561.4038400000027,151551.00999999998,0.0,-0.000977670602159364,-0.0029801379172146314,162953.33721739013,167539.86804057512
2019-04-05,153879.96384,1561.4038400000027,152318.56,0.0,0.005012983472405308,0.0,163587.61428424553,167300.6574037907
2019-04-08,153481.85384,1561.4038400000027,151920.44999999998,0.0,-0.002587146435867105,-0.002587146435867105,163705.7756502094,165630.6409627126
2019-04-09,153006.10384000003,1561.4038400000027,151444.7,0.0,-0.0030997149701874616,-0.0056788419895172915,161144.1686924996,166440.912628766
2019-04-10,153344.10383999997,1561.4038400000027,151782.69999999995,0.0,0.0022090621976322833,-0.003482324707050344,162041.65729769674,167370.24595267346
2019-04-11,155017.39384,1561.4038400000027,153455.99,0.0,0.010911994384511514,0.0,162209.86172004224,168279.35510456187
2019-04-12,156045.80384,1561.4038400000027,154484.4,0.0,0.0066341587516396405,0.0,161368.391461541,166569.43397998382
2019-04-15,156595.56384000002,1561.4038400000027,155034.16,0.0,0.003523068140708796,0.0,161716.30274008698,165580.4067289879
2019-04-16,157589.51384,1561.4038400000027,156028.11,0.0,0.006347242384308727,0.0,159845.88748947557,165542.24175921
2019-04-17,158107.95384,1561.4038400000027,156546.55,0.0,0.003289812801417602,0.0,160404.1289870824,167879.547144809
2019-04-18,158637.32384,1561.4038400000027,157075.91999999998,0.0,0.003348155403590347,0.0,161147.903248946,168238.254367878
2019-04-19,158719.91384000002,1561.4038400000027,157158.51,0.0,0.0005206214905852935,0.0,160652.70106415427,166208.7695789775
2019-04-22,159223.78384000002,1561.4038400000027,157662.38,0.0,0.0031745858966880647,0.0,162832.18820626917,167291.41517464223
2019-04-23,159247.08384,1561.4038400000027,157685.68,0.0,0.00014633492207050125,0.0,161058.27389423258,164542.66749377406
2019-04-24,160015.26384000003,1561.4038400000027,158453.86000000002,0.0,0.004823824596824844,0.0,162571.96431308452,164805.7991942369
2019-04-25,159809.26384000003,1561.4038400000027,158247.86000000002,0.0,-0.0012873771855038685,-0.0012873771855038685,163808.2518790984,164793.1862697519
2019-04-26,159802.53384000002,1561.4038400000027,158241.13,0.0,-4.2112702594909734e-05,-0.001329435673166235,163846.64311936733,165955.20630398602
2019-04-29,159605.63384000002,1561.4038400000027,158044.23,0.0,-0.0012321456692115929,-0.0025599432839706893,165899.60348907838,168917.93877266863
2019-04-30,161083.64384000003,1561.4038400000027,159522.24000000002,0.0,0.009260387396360148,0.0,167367.43355476865,169469.53675467195
2019-05-01,180985.30834,1504.3783400000038,179480.93,20000.0,0.12354863613445288,0.0,188542.32501280386,190364.7281967838
2019-05-02,182022.31834,1504.3783400000038,180517.94,0.0,0.005729802101128945,0.0,191141.36564425658,189243.43483596732
2019-05-03,181202.83834000002,1504.3783400000038,179698.46000000002,0.0,-0.0045020852798352,-0.0045020852798352,190697.19088707783,189279.033379116
2019-05-06,181867.64833999999,1504.3783400000038,180363.27,0.0,0.0036688718901440875,-0.000849730963821127,188928.1788556653,187330.83324468185
2019-05-07,180939.20833999998,1504.3783400000038,179434.83,0.0,-0.0051050310952737155,-0.005950424156101919,186094.18348057327,188708.97070179982
2019-05-08,180651.96834,1504.3783400000038,179147.59,0.0,-0.0015874945106438831,-0.007528472401061914,186760.11139906736,190493.3932384031
2019-05-09,180689.53834,1504.3783400000038,179185.16,0.0,0.00020796894905283914,-0.007322069140502263,184665.23752548083,189942.4055483714
2019-05-10,180356.54834,1504.3783400000038,178852.17,0.0,-0.001842884779379994,-0.009151460190109706,183706.5352749411,188576.29626794872
2019-05-13,182385.53834,1504.3783400000038,180881.16,0.0,0.011249882627910157,0.0,183510.68395236265,185767.53476449702
2019-05-14,182427.46833999996,1504.3783400000038,180923.08999999997,0.0,0.00022989761349268,0.0,184038.41302804757,183003.4840592662
2019-05-15,182149.51833999998,1504.3783400000038,180645.13999999998,0.0,-0.001523619236341922,-0.001523619236341922,183006.35008585942,184862.14110052426
2019-05-16,182591.58833999996,1504.3783400000038,181087.20999999996,0.0,0.0024269622232808707,0.0,181625.03009231552,184506.2771657717
2019-05-17,183603.40833999997,1504.3783400000038,182099.02999999997,0.0,0.005541438185618475,0.0,183706.20105766706,185086.54556876872
2019-05-20,182581.37834,1504.3783400000038,181077.0,0.0,-0.005566508864080277,-0.005566508864080277,185116.09662814008,186206.74545897654
2019-05-21,182749.70833999998,1504.3783400000038,181245.33,0.0,0.0009219450610484792,-0.004649695818386368,184791.2374377881,187207.75705284014
2019-05-22,183172.15834,1504.3783400000038,181667.78,0.0,0.0023116315962270484,-0.0023488126059260095,182105.46742372596,185684.30950150435
2019-05-23,181898.74834,1504.3783400000038,180394.37,0.0,-0.006951984469366401,-0.009284468166534499,181755.37482918514,187115.17654130672
2019-05-24,182731.10833999998,1504.3783400000038,181226.72999999998,0.0,0.004575952322905197,-0.004751001127302867,182345.9367523867,187972.09300829543
2019-05-27,182928.66834,1504.3783400000038,181424.29,0.0,0.001081151434995098,-0.003674986243994316,182865.64461349504,186287.9052774862
2019-05-28,183593.59834,1504.3783400000038,182089.22,0.0,0.0036349141227229875,-5.343038067029404e-05,184291.0812872102,184117.12312582205
2019-05-29,183258.57834000004,1504.3783400000038,181754.20000000004,0.0,-0.0018247912946263156,-0.001878124176003082,185647.50209383928,183480.23724464315
2019-05-30,184938.84834,1504.3783400000038,183434.47,0.0,0.009168847729913887,0.0,185503.95577464567,181268.2677000527
2019-05-31,186098.20834,1504.3783400000038,184593.83000000002,0.0,0.006268882987032542,0.0,186580.1353970051,180407.34184083223
2019-06-03,206265.74954,2190.369540000007,204075.37999999998,20000.0,0.10837042107978823,0.0,209231.3139232057,200930.7497721788
2019-06-04,207394.90954,2190.369540000007,205204.53999999998,0.0,0.005474297126489391,0.0,209961.71160945055,201584.33580256088
2019-06-05,207851.29954000004,2190.369540000007,205660.93000000002,0.0,0.002200584387593185,0.0,209104.3766071292,201260.91596052417
2019-06-06,207600.15954,2190.369540000007,205409.78999999998,0.0,-0.001208267644012051,-0.001208267644012051,208928.290344799,202475.79800378598
2019-06-07,207304.20953999998,2190.369540000007,205113.83999999997,0.0,-0.0014255769391303685,-0.002632122104652801,208686.7953344468,203601.6282757736
2019-06-10,206086.00954000003,2190.369540000007,203895.64,0.0,-0.0058763881481379565,-0.008493042881650537,207622.8869414799,204247.5234713638
2019-06-11,204227.59954000005,2190.369540000007,202037.23000000004,0.0,-0.009017642702423556,-0.017434098357910988,207436.26876209534,203431.75527572178
2019-06-12,204467.81954,2190.369540000007,202277.44999999998,0.0,0.0011762367111056715,-0.016278368273318855,208227.27116402157,202952.89961473376
2019-06-13,202618.54953999998,2190.369540000007,200428.17999999996,0.0,-0.009044308312967764,-0.02517545000479071,210165.14390202725,200392.93104445317
2019-06-14,202958.35954,2190.369540000007,200767.99,0.0,0.0016770922542457267,-0.023540579302745224,210495.5135106804,200381.59718265466
2019-06-17,203249.17954,2190.369540000007,201058.81,0.0,0.0014329047626278069,-0.022141405948315263,211126.50468156993,199605.76735715984
2019-06-18,203665.63954,2190.369540000007,201475.27,0.0,0.002049011961290814,-0.020137761992652492,210255.49666412536,199857.54100139867
2019-06-19,204053.94954000003,2190.369540000007,201863.58000000002,0.0,0.001906605360025626,-0.018269551397580908,210459.11372717665,199120.83998449403
2019-06-20,205003.57954,2190.369540000007,202813.21,0.0,0.004653818277669863,-0.013700756292129856,209050.60839900948,201306.92604234917
2019-06-21,203874.97954000003,2190.369540000007,201684.61000000002,0.0,-0.005505269725203821,-0.019130599658506275,207185.90476896052,202733.37350585026
2019-06-24,204534.63954000003,2190.369540000007,202344.27000000002,0.0,0.003235610379892506,-0.015956888445442297,209938.8000705954,201729.7870289754
2019-06-25,203643.13954,2190.369540000007,201452.77,0.0,-0.004358674902231852,-0.020246012458489338,211181.9358239614,201446.57541093824
2019-06-26,204736.32954,2190.369540000007,202545.96,0.0,0.005368165126845792,-0.01498653126968097,212178.21822321072,199248.3459297275
2019-06-27,204057.71954,2190.369540000007,201867.34999999998,0.0,-0.003314555855937762,-0.01825141343063863,211773.94042470225,200266.2346607767
2019-06-28,205084.76954,2190.369540000007,202894.4,0.0,0.005033134753810176,-0.013310140500072398,212601.7121510815,199939.17179173333
2019-07-01,225240.14379999996,2382.183800000006,222857.95999999996,20000.0,0.09827825979085603,0.0,234743.2019521385,221475.7196269916
2019-07-02,226416.8938,2382.183800000006,224034.71,0.0,0.005224423942141065,0.0,233881.55962444056,222198.19019919966
2019-07-03,227211.65379999997,2382.183800000006,224829.46999999997,0.0,0.0035101621025770413,0.0,235364.0853359509,223549.2442830106
2019-07-04,227119.8338,2382.183800000006,224737.65,0.0,-0.000404116595536963,-0.000404116595536963,234062.53279031426,222845.1654888674
2019-07-05,226594.27379999997,2382.183800000006,224212.08999999997,0.0,-0.0023140207141171265,-0.0027172021754809927,238375.5919243186,222881.65240341536
2019-07-08,227350.37380000003,2382.183800000006,224968.19000000003,0.0,0.0033368010026035844,0.0,240326.30491093535,224467.2016575529
2019-07-09,226209.23380000002,2382.183800000006,223827.05000000002,0.0,-0.005019301182253022,-0.005019301182253022,241141.49207328627,225926.52991868104
2019-07-10,226353.63379999998,2382.183800000006,223971.44999999998,0.0,0.0006383470629127697,-0.004384158175507857,244500.20052787827,225065.82436940505
2019-07-11,227185.8638,2382.183800000006,224803.68,0.0,0.0036766805375669787,-0.0007235967869785309,246638.14802874162,224475.6559426311
2019-07-12,226415.46380000003,2382.183800000006,224033.28000000003,0.0,-0.0033910560591841055,-0.004112199088893709,245433.34341441476,222640.03783512817
2019-07-15,226745.54379999996,2382.183800000006,224363.35999999996,0.0,0.0014578509544360685,-0.002660343107824148,245518.78052285739,225037.49509835357
2019-07-16,226672.5938,2382.183800000006,224290.41,0.0,-0.00032172627861781766,-0.0029812134841540328,245114.82256331778,227746.42602235434
2019-07-17,227722.1538,2382.183800000006,225339.97,0.0,0.004630290686689964,0.0,244480.8105458204,228116.18975393198
2019-07-18,228473.71379999997,2382.183800000006,226091.52999999997,0.0,0.0033003376591107525,0.0,245565.2356882044,226573.20856676705
2019-07-19,228569.6038,2382.183800000006,226187.42,0.0,0.0004196981718604942,0.0,249938.28257920037,227945.7691652506
2019-07-22,228568.3438,2382.183800000006,226186.16,0.0,-5.512544008712261e-06,-5.512544008712261e-06,249649.04868017003,228161.87255751237
2019-07-23,230039.7638,2382.183800000006,227657.58,0.0,0.0064375493803616735,0.0,250587.84697814003,226706.69727852792
2019-07-24,229690.3538,2382.183800000006,227308.17,0.0,-0.0015189113144097321,-0.0015189113144097321,253899.4943304457,227441.77511795788
2019-07-25,230861.1238,2382.183800000006,228478.94,0.0,0.005097166601168768,0.0,252583.80325622525,225068.49414364027
2019-07-26,230622.6138,2382.183800000006,228240.43,0.0,-0.0010331319369589753,-0.0010331319369589753,256429.68501002202,223754.07529516812
2019-07-29,229762.73380000002,2382.183800000006,227380.55000000002,0.0,-0.0037285155424769956,-0.004757795430951561,258415.5423391187,223446.16133337302
2019-07-30,230630.90380000003,2382.183800000006,228248.72000000003,0.0,0.0037785500966214247,-0.0009972229027154222,259818.0843746402,222819.50599205113
2019-07-31,230082.7838,2382.183800000006,227700.6,0.0,-0.0023766112475340773,-0.003371464139082514,259791.8271072701,224484.40686929098
2019-08-01,251106.03193999996,2227.311939999983,248878.71999999997,20000.0,0.09137253901741071,0.0,276709.42589700315,245135.09017872985
2019-08-02,251707.63194,2227.311939999983,249480.32,0.0,0.002395800671740833,0.0,280825.98073960823,245353.75704925496
2019-08-05,251373.51194,2227.311939999983,249146.2,0.0,-0.001327413068188732,-0.001327413068188732,281421.6489249989,244273.9884404433
2019-08-06,251425.26193999994,2227.311939999983,249197.94999999995,0.0,0.0002058689461772456,-0.001121817395141056,282238.2978151307,244112.00699942652
2019-08-07,250910.43193999995,2227.311939999983,248683.11999999997,0.0,-0.0020476462708144405,-0.0031671665807497806,281401.83686181525,244602.4732370815
2019-08-08,251599.26194,2227.311939999983,249371.95,0.0,0.002745322283629781,-0.0004305391901101574,278716.7580129762,247206.1270676621
2019-08-09,252816.28193999996,2227.311939999983,250588.96999999997,0.0,0.0048371366061088494,0.0,278334.0150780651,247532.83539784845
2019-08-12,252455.95193999997,2227.311939999983,250228.63999999998,0.0,-0.0014252642165092366,-0.0014252642165092366,281454.9593169451,248046.7186932775
2019-08-13,253579.40194,2227.311939999983,251352.09000000003,0.0,0.00445008323775653,0.0,283964.99532183155,248944.64173620197
2019-08-14,252924.01193999994,2227.311939999983,250696.69999999995,0.0,-0.002584555350261253,-0.002584555350261253,285130.6413249682,248068.8437754503
2019-08-15,252326.41194,2227.311939999983,250099.1,0.0,-0.0023627649878561474,-0.004941213641226683,287937.4228476498,247156.7090009112
2019-08-16,252003.19194,2227.311939999983,249775.88,0.0,-0.0012809598389440513,-0.006215843983940705,285607.2194162767,248888.44079754414
2019-08-19,254914.35194000002,2227.311939999983,252687.04000000004,0.0,0.011552075898678238,0.0,287547.0598884372,249454.81060177722
2019-08-20,255807.71193999998,2227.311939999983,253580.4,0.0,0.003504549638736032,0.0,286270.37924548,250639.71372514716
2019-08-21,256140.97194,2227.311939999983,253913.66,0.0,0.0013027754224945731,0.0,287727.7633218708,254812.47192354323
2019-08-22,255862.46193999995,2227.311939999983,253635.14999999997,0.0,-0.0010873309251956398,-0.0010873309251956398,288818.2976568935,255169.38018341069
2019-08-23,256911.96194000004,2227.311939999983,254684.65000000005,0.0,0.004101813107098895,0.0,292189.39640783996,253578.63522427293
2019-08-26,255741.53194,2227.311939999983,253514.22,0.0,-0.004555762959271625,-0.004555762959271625,288472.56626858923,252188.46947724168
2019-08-27,255470.67194,2227.311939999983,253243.36000000002,0.0,-0.0010591162019922828,-0.005610054078901361,291211.8561474583,250052.83380824295
2019-08-28,255625.64193999997,2227.311939999983,253398.33,0.0,0.0006066058339422309,-0.005006851336491924,289329.27471504844,250188.0067555321
2019-08-29,255807.36193999992,2227.311939999983,253580.04999999993,0.0,0.0007108833003639514,-0.0042995273231306586,291034.63615370536,251479.82085991208
2019-08-30,256182.37193999998,2227.311939999983,253955.06,0.0,0.0014659859558225907,-0.0028398444139804413,297027.24097931903,251618.06224925444
2019-09-02,276884.25418,2758.2141799999736,274126.04000000004,20000.0,0.08080915983106185,0.0,316876.14678317093,270247.27613624313
2019-09-03,276200.27417999995,2758.2141799999736,273442.06,0.0,-0.002470274093504088,-0.002470274093504088,319368.67652092123,270403.36766237975
2019-09-04,275197.63417999994,2758.2141799999736,272439.42,0.0,-0.0036301194956330773,-0.006091426198990724,316594.7321353604,274207.6408016177
2019-09-05,273960.9341799999,2758.2141799999736,271202.72,0.0,-0.004493861306929414,-0.010557913481420433,314789.1237014317,273373.46675747086
2019-09-06,272130.36418,2758.2141799999736,269372.15,0.0,-0.006681865082257321,-0.017169232010244784,314020.86868437007,269934.3954682106
2019-09-09,273528.6741799999,2758.2141799999736,270770.45999999996,0.0,0.0051383828637183715,-0.012119071234071077,311434.6889853749,266063.50002396246
2019-09-10,274131.84417999996,2758.2141799999736,271373.63,0.0,0.0022051435806804687,-0.009940651945526402,317850.52466778655,264654.4905941773
2019-09-11,274416.45417999994,2758.2141799999736,271658.24,0.0,0.001038223052310272,-0.008912749507220985,316547.5585816812,264096.5723907013
2019-09-12,274216.20417999994,2758.2141799999736,271457.99,0.0,-0.0007297302947754103,-0.009635975898671267,315885.966919983,264877.03002138436
2019-09-13,274183.4141799999,2758.2141799999736,271425.19999999995,0.0,-0.00011957717851895922,-0.009754400834380061,316539.1928283194,265832.76361158397
2019-09-16,274610.33417999995,2758.2141799999736,271852.12,0.0,0.001557059901952318,-0.008212529118834522,312706.28349637333,270597.6536513364
2019-09-17,274071.78417999996,2758.2141799999736,271313.57,0.0,-0.00196114250983348,-0.010157565688699854,313372.9875629038,270631.31361172115
2019-09-18,272887.0641799999,2758.2141799999736,270128.85,0.0,-0.004322663142959482,-0.014436321096834681,310667.36349646456,271915.6242245368
2019-09-19,275855.34417999996,2758.2141799999736,273097.13,0.0,0.010877320289693682,-0.0037160292955161767,315104.9308908408,273332.48183161375
2019-09-20,276334.50418,2758.2141799999736,273576.29000000004,0.0,0.0017369973433880581,-0.0019854866851425346,317199.8549618663,274470.46753892256
2019-09-23,277013.61418,2758.2141799999736,274255.4,0.0,0.0024575649791371834,0.0,319921.04862484,272663.9915302935
2019-09-24,276715.23417999997,2758.2141799999736,273957.02,0.0,-0.0010771311759649738,-0.0010771311759649738,320923.07997195714,270916.81286120234
2019-09-25,276934.90417999995,2758.2141799999736,274176.69,0.0,0.0007938485954737118,-0.0002841376595623668,320105.79234491376,272416.3379357527
2019-09-26,279602.54417999997,2758.2141799999736,276844.33,0.0,0.009632733034858232,0.0,319209.26244297076,271037.15157967637
2019-09-27,280371.20417999994,2758.2141799999736,277612.99,0.0,0.002749116615709868,0.0,318887.8780846537,271068.54428884346
2019-09-30,280977.49418,2758.2141799999736,278219.28,0.0,0.002162454599334618,0.0,316930.7565620607,274947.1135064436
2019-10-01,300950.06399999995,2109.9439999999727,298840.12,20000.0,0.07108245405308211,0.0,336269.86204647593,296379.49306416436
2019-10-02,302680.564,2109.9439999999727,300570.62000000005,0.0,0.005750123382595618,0.0,335760.882989439,295126.61558064097
2019-10-03,302409.294,2109.9439999999727,300299.35000000003,0.0,-0.0008962253684713373,-0.0008962253684713373,337435.32525620563,292388.01504455606
2019-10-04,301132.68399999995,2109.9439999999727,299022.74,0.0,-0.00422146417232816,-0.005113906157516168,338667.4993132169,292613.75368056336
2019-10-07,300487.274,2109.9439999999727,298377.33,0.0,-0.002143274490921665,-0.00724622014382148,341391.7726544251,292993.9745977156
2019-10-08,299327.2539999999,2109.9439999999727,297217.30999999994,0.0,-0.0038604629891916264,-0.011078709368336326,337865.7337597776,291480.7589357978
2019-10-09,299978.55399999995,2109.9439999999727,297868.61,0.0,0.002175879380499124,-0.008926935923114221,337364.4140963174,290505.05184047885
2019-10-10,301615.814,2109.9439999999727,299505.87000000005,0.0,0.005457923502091733,-0.003517734954398999,336702.24716774514,290064.9830662244
2019-10-11,301720.68399999995,2109.9439999999727,299610.74,0.0,0.00034769397071454655,-0.0031712640789187674,338995.1236965328,290442.398615075
2019-10-14,303820.664,2109.9439999999727,301710.72000000003,0.0,0.006960013387746544,0.0,339936.73495205113,292181.5399375535
2019-10-15,302909.2839999999,2109.9439999999727,300799.33999999997,0.0,-0.0029997301302721047,-0.0029997301302721047,341066.12488880643,299457.3561401972
2019-10-16,300727.084,2109.9439999999727,298617.14,0.0,-0.007204137064349414,-0.010182256727606975,337355.27223946777,300282.32144544
2019-10-17,301023.144,2109.9439999999727,298913.2,0.0,0.0009844806661976069,-0.009207800296295865,343053.36690615973,299480.1731357174
2019-10-18,302670.7839999999,2109.9439999999727,300560.83999999997,0.0,0.005473466186373788,-0.0037847326934946635,341973.8865662596,298997.2757387242
2019-10-21,302369.10399999993,2109.9439999999727,300259.16,0.0,-0.0009967265291122018,-0.00477768687912572,344122.2229259373,298887.6793504059
2019-10-22,302047.854,2109.9439999999727,299937.91000000003,0.0,-0.0010624432051759003,-0.005835054063340506,343523.3077636764,297270.1039876661
2019-10-23,302774.554,2109.9439999999727,300664.61000000004,0.0,0.002405910157534219,-0.0034431825216469925,345593.3206471013,300082.392197808
2019-10-24,302750.00399999996,2109.9439999999727,300640.06,0.0,-8.108343213031333e-05,-0.0035239867687210102,347131.376292759,300563.41934926674
2019-10-25,302478.474,2109.9439999999727,300368.53,0.0,-0.0008968786008669571,-0.0044177047812653525,349149.9971160559,303594.713311492
2019-10-28,302392.29399999994,2109.9439999999727,300282.35,0.0,-0.00028491283647524845,-0.004701358956940682,351429.03732096305,306445.1545305366
2019-10-29,303281.06399999995,2109.9439999999727,301171.12,0.0,0.0029391291300564504,-0.0017760477279452624,348919.22699990426,305858.83255548874
2019-10-30,303455.66399999993,2109.9439999999727,301345.72,0.0,0.0005757035988240844,-0.0012013666061899686,351304.75748324965,306149.46871154115
2019-10-31,303173.44399999996,2109.9439999999727,301063.5,0.0,-0.000930020538354448,-0.0021302698489265026,352383.49659151334,308217.58622352825
2019-11-01,323992.04368,1973.333679999978,322018.71,20000.0,0.06866894212541919,0.0,369756.07751746936,327026.42684264143
2019-11-04,324432.91368,1973.333679999978,322459.58,0.0,0.001360743291694666,0.0,370102.6975563127,328909.3362717763
2019-11-05,323291.43368,1973.333679999978,321318.10000000003,0.0,-0.0035183853174831636,-0.0035183853174831636,363879.99281978986,332394.2725342906
2019-11-06,322233.54368,1973.333679999978,320260.21,0.0,-0.0032722487817203882,-0.006779121067134741,361702.3204280511,332492.880254077
2019-11-07,324269.65368,1973.333679999978,322296.32,0.0,0.006318740056503902,-0.0005032165144657208,360073.96374218096,329960.75353446923
2019-11-08,323955.90367999993,1973.333679999978,321982.56999999995,0.0,-0.000967558932633561,-0.0014702885554656042,355246.8813625083,331543.0588238914
2019-11-11,324909.68367999996,1973.333679999978,322936.35,0.0,0.002944166132382575,0.0,355176.87821977277,334100.08648283925
2019-11-12,324183.20368,1973.333679999978,322209.87,0.0,-0.0022359444377640925,-0.0022359444377640925,356676.4604677003,333847.4913541741
2019-11-13,325523.95368,1973.333679999978,323550.62,0.0,0.004135778734926321,0.0,353748.08273185015,334187.33937428665
2019-11-14,325418.44367999997,1973.333679999978,323445.11,0.0,-0.00032412361304667847,-0.00032412361304667847,348675.20573533373,334386.7460965215
2019-11-15,324011.62367999996,1973.333679999978,322038.29,0.0,-0.004323110835670385,-0.004645833226413432,350894.1486365956,331762.98392014246
2019-11-18,324393.52368,1973.333679999978,322420.19,0.0,0.0011786614185704813,-0.003472647672223994,352228.1264349175,335018.0347106697
2019-11-19,324029.92368,1973.333679999978,322056.59,0.0,-0.0011208608478837645,-0.00458961616529352,352858.6771310501,336761.10046447103
2019-11-20,324009.47368,1973.333679999978,322036.14,0.0,-6.31114551636891e-05,-0.004652437963102329,355437.3003589791,339307.5701251386
2019-11-21,325923.21368,1973.333679999978,323949.88,0.0,0.00590643223565146,0.0,357495.6017200084,336625.4401469466
2019-11-22,325926.96368000004,1973.333679999978,323953.63000000006,0.0,1.1505777565590236e-05,0.0,359570.3590436957,337034.413174667
2019-11-25,325200.80368,1973.333679999978,323227.47000000003,0.0,-0.002227983815149992,-0.002227983815149992,360850.78966194,336947.3594907343
2019-11-26,325726.59368,1973.333679999978,323753.26,0.0,0.0016168164224998893,-0.0006147696334715125,362540.00728906895,337916.10563481844
2019-11-27,325352.07368,1973.333679999978,323378.74,0.0,-0.0011497986571153973,-0.0017638614292878607,358909.76968556835,339334.6623471406
2019-11-28,326495.81367999996,1973.333679999978,324522.48,0.0,0.0035153917633392595,0.0,360316.8850957035,344288.35561568657
2019-11-29,326744.9536799999,1973.333679999978,324771.61999999994,0.0,0.0007630725711054165,0.0,356853.8191763474,348165.9298897142
2019-12-02,346584.55153999996,2252.8115399999815,344331.74,20000.0,0.06071891129933138,0.0,377308.0559868588,364833.3873759608
2019-12-03,346847.5015399999,2252.8115399999815,344594.68999999994,0.0,0.000758689326548323,0.0,371383.3024251703,367313.2054929998
2019-12-04,348105.47154,2252.8115399999815,345852.66000000003,0.0,0.0036268676995356852,0.0,371302.20942949364,365889.7232932309
2019-12-05,347437.9915399999,2252.8115399999815,345185.17999999993,0.0,-0.0019174648334230326,-0.0019174648334230326,372502.882253238,368827.9473600031
2019-12-06,348552.88154,2252.8115399999815,346300.07,0.0,0.0032088891461132807,0.0,377472.72441685543,369715.88495366997
2019-12-09,348595.97153999994,2252.8115399999815,346343.16,0.0,0.0001236254304068929,0.0,377298.1262322861,369777.00574696774
2019-12-10,349097.56154,2252.8115399999815,346844.75000000006,0.0,0.0014388863927032869,0.0,379957.92132518004,365146.3679899166
2019-12-11,351141.1215399999,2252.8115399999815,348888.30999999994,0.0,0.0058538363630642465,0.0,386020.863971338,368725.51734089025
2019-12-12,350319.37154,2252.8115399999815,348066.56000000006,0.0,-0.002340227189558286,-0.002340227189558286,385913.56745665014,367968.8840721353
2019-12-13,350159.86153999995,2252.8115399999815,347907.05,0.0,-0.0004553273754142051,-0.002794488995468414,389476.9702156563,364851.7236139502
2019-12-16,350986.8115399999,2252.8115399999815,348733.99999999994,0.0,0.002361635615124591,-0.0004394529450815199,386109.1284564284,368941.7584923505
2019-12-17,352242.78154,2252.8115399999815,349989.97000000003,0.0,0.003578396562792019,0.0,384150.4843669708,366173.1973173188
2019-12-18,351114.53154,2252.8115399999815,348861.72000000003,0.0,-0.0032030464756930277,-0.0032030464756930277,391779.5699704503,365695.40132281533
2019-12-19,351865.96153999993,2252.8115399999815,349613.14999999997,0.0,0.002140127885633669,-0.0010697735191410596,387188.43761317356,364048.5120854753
2019-12-20,349946.01153999986,2252.8115399999815,347693.1999999999,0.0,-0.0054564811884534326,-0.006520417508511289,382159.8444016679,363249.9373068368
2019-12-23,349494.54153999995,2252.8115399999815,347241.73,0.0,-0.001290113289227457,-0.007802118720459772,384590.97931287467,364148.2022069575
2019-12-24,351893.96154,2252.8115399999815,349641.15,0.0,0.006865400499324936,-0.0009902828908940897,384858.53103330475,367556.84562076605
2019-12-25,353429.5815399999,2252.8115399999815,351176.76999999996,0.0,0.0043638714153535485,0.0,384533.33157105005,365692.872186541
2019-12-26,352073.15154,2252.8115399999815,349820.34,0.0,-0.0038379073819728715,-0.0038379073819728715,386517.62752648705,366076.036332111
2019-12-27,353361.20154,2252.8115399999815,351108.39,0.0,0.003658472662189549,-0.00019347559902027633,383069.796077646,365297.27312095516
2019-12-30,355136.85153999995,2252.8115399999815,352884.04,0.0,0.005025028192855885,0.0,385814.82156395534,364586.58582785167
2019-12-31,355458.41154000006,2252.8115399999815,353205.6000000001,0.0,0.0009054537669230811,0.0,385965.9744946725,364347.3716885657
2020-01-01,375851.93566,2512.4056599999785,373339.53,20000.0,0.057372461750578196,0.0,405332.9526406653,386571.7470418913
2020-01-02,379360.32566,2512.4056599999785,376847.92,0.0,0.009334500283573632,0.0,408543.96284449624,382858.4424229359
2020-01-03,381656.12566,2512.4056599999785,379143.72000000003,0.0,0.006051766209357545,0.0,413017.9645923116,385919.6350078927
2020-01-06,383312.34566,2512.4056599999785,380799.94,0.0,0.0043395608995817625,0.0,415220.7286175654,387612.3702672429
2020-01-07,382337.0256599999,2512.4056599999785,379824.61999999994,0.0,-0.002544452353395288,-0.002544452353395288,411610.1917985113,390981.61577623576
2020-01-08,382608.22566000005,2512.4056599999785,380095.82000000007,0.0,0.0007093218333535933,-0.0018369353556498824,412333.8079048052,389562.0385570301
2020-01-09,381069.51566,2512.4056599999785,378557.11,0.0,-0.004021633349219789,-0.005851181224382995,410150.7735889451,389418.2360737319
2020-01-10,381254.30566,2512.4056599999785,378741.9,0.0,0.000484924646045215,-0.0053690939603220356,407491.03467699804,391341.6776354987
2020-01-13,380397.84565999993,2512.4056599999785,377885.43999999994,0.0,-0.0022464270889149818,-0.007603459771121535,410428.4402343834,394104.8190147321
2020-01-14,379520.39566,2512.4056599999785,377007.99,0.0,-0.0023066639572513203,-0.00989258510176838,410646.33746607014,393286.67845674005
2020-01-15,379024.7456600001,2512.4056599999785,376512.3400000001,0.0,-0.0013059904175583004,-0.01118565589797893,414572.25949263887,395456.38454941026
2020-01-16,380465.8856599999,2512.4056599999785,377953.4799999999,0.0,0.0038022319558328466,-0.0074259544004484646,411804.58746459667,394276.4040488995
2020-01-17,380240.94565999997,2512.4056599999785,377728.54,0.0,-0.0005912225208043465,-0.008012786529772664,408245.98620409373,393533.3875084573
2020-01-20,380506.7056600001,2512.4056599999785,377994.3000000001,0.0,0.0006989252552453973,-0.007319461613397915,406770.31999855617,397630.75811062654
2020-01-21,381094.78566,2512.4056599999785,378582.38,0.0,0.0015455180979790928,-0.005785255875809914,404967.95301688113,398226.1937408522
2020-01-22,383153.93566,2512.4056599999785,380641.53,0.0,0.00540324894877231,-0.0004132661047668851,401040.2901336012,397037.10056365636
2020-01-23,384001.98566,2512.4056599999785,381489.58,0.0,0.0022133401775952244,0.0,401699.4945415802,397209.79689985845
2020-01-24,385690.3856599999,2512.4056599999785,383177.9799999999,0.0,0.004396852263922391,0.0,401639.7251278286,401233.82156773336
2020-01-27,385648.66565999994,2512.4056599999785,383136.25999999995,0.0,-0.00010816966549109797,-0.00010816966549109797,405163.5092541073,403298.62074832205
2020-01-28,386731.77566,2512.4056599999785,384219.37,0.0,0.0028085407689570907,0.0,402323.5916725498,402961.22945056815
2020-01-29,386399.1956599999,2512.4056599999785,383886.7899999999,0.0,-0.0008599758823346626,-0.0008599758823346626,398757.73684241675,396719.7127025282
2020-01-30,383800.97566000005,2512.4056599999785,381288.57000000007,0.0,-0.0067241858398847665,-0.007578379084568931,402197.3795609869,402528.71069863864
2020-01-31,384747.46566000005,2512.4056599999785,382235.06000000006,0.0,0.0024660958674540545,-0.005130972226457198,395609.1073374043,406797.66633497516
2020-02-03,406576.23529999994,2992.7452999999805,403583.49,20000.0,0.056735317547978115,0.0,415276.31356277753,429413.89358521294
2020-02-04,405148.88529999997,2992.7452999999805,402156.14,0.0,-0.0035106577219073953,-0.0035106577219073953,411665.9865194256,428879.1211246531
2020-02-05,402707.4253,2992.7452999999805,399714.68000000005,0.0,-0.006026081000302219,-0.009515583214413037,408258.06214044266,434217.75413218647
2020-02-06,401259.40529999987,2992.7452999999805,398266.6599999999,0.0,-0.0035957121945825454,-0.013077080110392991,406202.3338746232,435697.8196736402
2020-02-07,399899.61529999995,2992.7452999999805,396906.87,0.0,-0.0033888053016060127,-0.016421569733591324,403281.2122893107,434908.7155851505
2020-02-10,400795.08530000004,2992.7452999999805,397802.34,0.0,0.002239236962827018,-0.014219104556699391,408119.977190203,439257.5299930601
2020-02-11,399317.6852999999,2992.7452999999805,396324.9399999999,0.0,-0.003686172945195354,-0.017852863423373,408390.96509475715,439712.5761321242
2020-02-12,398871.4452999999,2992.7452999999805,395878.6999999999,0.0,-0.0011175062273155456,-0.01895041896463745,408281.22871046077,439601.37889424834
2020-02-13,400012.73530000006,2992.7452999999805,397019.99000000005,0.0,0.002861297827779552,-0.016143343929477028,406767.17143046,438499.43058515224
2020-02-14,399914.09530000004,2992.7452999999805,396921.35000000003,0.0,-0.0002465921489375189,-0.01638595525654396,408486.3747844371,434587.24600227695
2020-02-17,397802.5852999999,2992.7452999999805,394809.83999999997,0.0,-0.005279908922480314,-0.02157934782766191,409954.0989244016,436601.61776849226
2020-02-18,396485.48530000006,2992.7452999999805,393492.74000000005,0.0,-0.0033109387637754173,-0.024818838692217793,405138.1957702377,442503.92985607526
2020-02-19,393930.6652999999,2992.7452999999805,390937.9199999999,0.0,-0.006443665896286421,-0.031102580284037784,407002.79983340757,447587.99811777985
2020-02-20,395750.1953,2992.7452999999805,392757.45,0.0,0.004618909265706517,-0.02662733101459247,407930.07228071225,444660.270422849
2020-02-21,396437.96530000004,2992.7452999999805,393445.22000000003,0.0,0.0017378892244857003,-0.024935717141753688,403914.0254387533,438175.8629411866
2020-02-24,395134.76529999997,2992.7452999999805,392142.01999999996,0.0,-0.0032872734552905625,-0.028141020075995504,408429.9824758403,437780.26186639577
2020-02-25,395708.7052999999,2992.7452999999805,392715.95999999996,0.0,0.0014525170913883834,-0.02672937829723676,411122.18177057896,438434.85692709853
2020-02-26,396154.98530000006,2992.7452999999805,393162.24000000005,0.0,0.0011277992978744322,-0.025631724373438525,412295.4466126814,440985.1667433693
2020-02-27,398122.4353,2992.7452999999805,395129.69000000006,0.0,0.004966364359923592,-0.020792656495926654,411178.87890246545,445986.47815088957
2020-02-28,398092.0553,2992.7452999999805,395099.31000000006,0.0,-7.630818388093541e-05,-0.02086737802995231,410433.89078240865,446822.4389371004
2020-03-02,414877.30296000006,2101.9429599999567,412775.3600000001,20000.0,0.042164236729996585,0.0,432153.3989596755,469951.3473789639
2020-03-03,416234.78296000004,2101.9429599999567,414132.8400000001,0.0,0.0032720035304771855,0.0,434932.7712554521,466799.74465457094
2020-03-04,416831.7229599999,2101.9429599999567,414729.77999999997,0.0,0.0014341425186881196,0.0,438688.5674660859,468557.42543851666
2020-03-05,417938.18296,2101.9429599999567,415836.24000000005,0.0,0.002654452478191738,0.0,439308.30100811797,469781.8854277759
2020-03-06,414321.0629599999,2101.9429599999567,412219.11999999994,0.0,-0.008654677049084736,-0.008654677049084736,446566.4387110608,470349.1933965518
2020-03-09,411032.36295999994,2101.9429599999567,408930.42,0.0,-0.007937564111524464,-0.016523544106667565,445231.0871181727,474005.77325709973
2020-03-10,413852.17295999994,2101.9429599999567,411750.23,0.0,0.006860311386902573,-0.00977658937755188,440409.05516941677,470746.5524545099
2020-03-11,414009.39296,2101.9429599999567,411907.45000000007,0.0,0.0003798941029489189,-0.009400409343254479,442511.8024479258,472736.0260222644
2020-03-12,413049.48296,2101.9429599999567,410947.54000000004,0.0,-0.002318570583959567,-0.011697184414633632,445121.13954805466,474148.9393882758
2020-03-13,412415.23296,2101.9429599999567,410313.29000000004,0.0,-0.0015355303085112793,-0.01321475334195199,442227.0254567187,473056.20197889116
2020-03-16,417016.68295999995,2101.9429599999567,414914.74,0.0,0.011157323086672388,-0.0022048715278265574,440236.7826685631,477176.36740705674
2020-03-17,417587.77296000003,2101.9429599999567,415485.8300000001,0.0,0.0013694655953484514,-0.0008384254281774695,441344.568360509,477179.7761244658
2020-03-18,414554.2729599999,2101.9429599999567,412452.32999999996,0.0,-0.007264341047386713,-0.00809667586731111,439412.49550770666,477937.9722681431
2020-03-19,413678.35296,2101.9429599999567,411576.41000000003,0.0,-0.0021129199652091257,-0.010192488204428307,436854.6164273133,472623.051388139
2020-03-20,413740.06295999995,2101.9429599999567,411638.12,0.0,0.00014917386795421095,-0.010044834789363688,436119.5018596631,473180.62016431795
2020-03-23,416230.56296,2101.9429599999567,414128.62000000005,0.0,0.0060194799173722835,-0.004085819553279357,435817.7852718971,472437.03280953615
2020-03-24,414863.3929599999,2101.9429599999567,412761.44999999995,0.0,-0.0032846458709748783,-0.007357044953928971,431584.8038223496,474398.2627187593
2020-03-25,415600.99295999995,2101.9429599999567,413499.05,0.0,0.0017779346467214907,-0.005592190652328521,428412.94427045365,476630.9726216242
2020-03-26,416021.2529599999,2101.9429599999567,413919.30999999994,0.0,0.0010112102885191376,-0.004586635244532289,431841.7743059977,473975.0948004191
2020-03-27,417486.4429600001,2101.9429599999567,415384.5000000001,0.0,0.0035219114157638565,-0.001080877551796089,429474.3857831346,474192.7657549624
2020-03-30,416700.59296,2101.9429599999567,414598.65,0.0,-0.0018823365722450136,-0.0029611795486953474,431231.9488298774,473094.1848300194
2020-03-31,417834.61296000006,2101.9429599999567,415732.6700000001,0.0,0.0027214264130144272,-0.00024781176791843773,427047.54886480066,474275.30541222205
2020-04-01,438433.19412,3004.034119999971,435429.16000000003,20000.0,0.04929840784150619,0.0,444445.243295319,497572.2655861253
2020-04-02,438544.27412000013,3004.034119999971,435540.24000000017,0.0,0.0002533567291205241,0.0,448348.89710404526,493397.2597373676
2020-04-03,439584.0441199999,3004.034119999971,436580.00999999995,0.0,0.0023709578744044446,0.0,451772.6263961637,494751.891602258
2020-04-06,439216.19412,3004.034119999971,436212.16000000003,0.0,-0.000836813812785886,-0.000836813812785886,460634.83085904707,493010.9106118567
2020-04-07,438266.79412000004,3004.034119999971,435262.76000000007,0.0,-0.0021615778578067957,-0.0029965828323839094,455015.96565031033,493266.1090493249
2020-04-08,437595.45411999995,3004.034119999971,434591.42,0.0,-0.001531806673485403,-0.0045237993202890125,457390.82225411024,497333.55611330474
2020-04-09,439138.24411999993,3004.034119999971,436134.20999999996,0.0,0.003525607922738816,-0.0010141405402747106,459027.3849362666,497798.2912399862
2020-04-10,440537.64412000007,3004.034119999971,437533.6100000001,0.0,0.0031866958041981697,0.0,457331.9193845684,498189.9675694601
2020-04-13,439715.40411999996,3004.034119999971,436711.37,0.0,-0.0018664466271494096,-0.0018664466271494096,453378.06426657346,491818.3779532707
2020-04-14,438072.15411999996,3004.034119999971,435068.12,0.0,-0.0037370762647913613,-0.005596547838550903,452261.25247304473,488829.8165299985
2020-04-15,439164.02411999996,3004.034119999971,436159.99,0.0,0.0024924432875523816,-0.0031180536290922323,449782.64649675647,488316.6292148911
2020-04-16,439383.37411999993,3004.034119999971,436379.33999999997,0.0,0.0004994716961150836,-0.0026201393125118155,453517.28923094505,487913.53744835354
2020-04-17,438356.31411999994,3004.034119999971,435352.27999999997,0.0,-0.002337503102062044,-0.004951517830803054,456535.7266195684,490853.13933044154
2020-04-20,437480.07412,3004.034119999971,434476.04000000004,0.0,-0.0019989218171956313,-0.006940541950978374,457445.37434351543,489160.1031757077
2020-04-21,439499.31412,3004.034119999971,436495.28,0.0,0.004615615931906625,-0.002356960895076754,461617.103143736,490190.28295161034
2020-04-22,439658.59411999997,3004.034119999971,436654.56,0.0,0.0003624123972045812,-0.001995402689720316,460798.82180265785,492336.3851195827
2020-04-23,438747.1041199999,3004.034119999971,435743.06999999995,0.0,-0.0020731768062545175,-0.004064442673399338,466576.9924994736,488747.3717067608
2020-04-24,441171.60412000003,3004.034119999971,438167.57000000007,0.0,0.005525962398915452,0.0,460347.6793700307,489749.90075733134
2020-04-27,440251.71411999996,3004.034119999971,437247.68,0.0,-0.002085107000109332,-0.002085107000109332,460841.6602532337,493539.3185097157
2020-04-28,440902.56412,3004.034119999971,437898.53,0.0,0.0014783588095754752,-0.0006098307268362912,457987.5484836163,488958.17677787016
2020-04-29,443967.04412,3004.034119999971,440963.01,0.0,0.006950469898301392,0.0,454693.0038940157,491718.68313624786
2020-04-30,444283.77411999996,3004.034119999971,441279.74,0.0,0.0007134088085924972,0.0,458767.3421542552,487284.92738071334
2020-05-01,467976.9172599999,3393.5672599999452,464583.35,20000.0,0.0533288508834906,0.0,472469.0858934167,505443.23686777253
2020-05-04,466117.5972599999,3393.5672599999452,462724.02999999997,0.0,-0.003973101944613644,-0.003973101944613644,470836.0187123528,507727.41329899465
2020-05-05,468135.32725999993,3393.5672599999452,464741.76,0.0,0.004328800311039327,0.0,476137.1092472467,509934.99269447976
2020-05-06,468638.57725999993,3393.5672599999452,465245.01,0.0,0.0010750096621536809,0.0,474755.65952185704,513551.4292921085
2020-05-07,468372.1572599999,3393.5672599999452,464978.58999999997,0.0,-0.0005684977996428531,-0.0005684977996428531,472879.01266495284,518877.03629751236
2020-05-08,470673.59725999995,3393.5672599999452,467280.03,0.0,0.004913699425396212,0.0,475559.43750526104,519054.2659905454
2020-05-11,471128.71725999995,3393.5672599999452,467735.15,0.0,0.0009669546000656837,0.0,476741.34060955344,515830.8514245607
2020-05-12,470019.7672599998,3393.5672599999452,466626.1999999999,0.0,-0.0023538153361772896,-0.0023538153361772896,479835.1869082821,521459.1487849808
2020-05-13,471462.17725999985,3393.5672599999452,468068.6099999999,0.0,0.0030688283780246906,0.0,484019.02604624437,520973.41792732384
2020-05-14,471136.04725999985,3393.5672599999452,467742.4799999999,0.0,-0.0006917415982240493,-0.0006917415982240493,479763.1963584642,518084.65316919755
2020-05-15,469979.71725999983,3393.5672599999452,466586.1499999999,0.0,-0.0024543441469293548,-0.003144387973210594,480211.91415441677,523211.3720093943
2020-05-18,470986.63725999993,3393.5672599999452,467593.07,0.0,0.0021424754367496135,-0.001008649310457188,481440.29659427115,527788.44108625
2020-05-19,470757.1372599999,3393.5672599999452,467363.56999999995,0.0,-0.00048727497097411643,-0.0014954327918678123,480855.63547851687,523986.05858117674
2020-05-20,473846.0872599999,3393.5672599999452,470452.51999999996,0.0,0.006561663659480521,0.0,483544.0980986591,525867.4402555055
2020-05-21,475028.5272599999,3393.5672599999452,471634.95999999996,0.0,0.002495409441570784,0.0,481597.5575040676,529121.7577634944
2020-05-22,477692.7572599999,3393.5672599999452,474299.19,0.0,0.0056085684271796055,0.0,483654.530204205,526479.9524136928
2020-05-25,479803.27726,3393.5672599999452,476409.7100000001,0.0,0.004418153651953638,0.0,480551.2482508886,526898.8589608619
2020-05-26,478234.0072599999,3393.5672599999452,474840.44,0.0,-0.0032706529412672714,-0.0032706529412672714,482515.9612172788,526617.2988226007
2020-05-27,480424.70726,3393.5672599999452,477031.1400000001,0.0,0.004580811834255627,0.0,486833.9963316007,526863.2017200878
2020-05-28,480112.8072599999,3393.5672599999452,476719.24,0.0,-0.0006492172348481207,-0.0006492172348481207,489364.14963588124,533873.9435117078
2020-05-29,479023.43725999986,3393.5672599999452,475629.86999999994,0.0,-0.0022689875869320586,-0.0029167317559332107,489888.0031998476,526646.6169983484
2020-06-01,498336.36876000004,2275.6987599999447,496060.6700000001,20000.0,0.0403172997347887,0.0,512729.53310552513,546918.140283651
2020-06-02,501064.9487599999,2275.6987599999447,498789.24999999994,0.0,0.0054753780198488755,0.0,515966.41468279355,545108.4557452358
2020-06-03,501240.68875999993,2275.6987599999447,498964.99,0.0,0.00035073297470700204,0.0,517114.10575771314,541020.0107336639
2020-06-04,499685.8787599999,2275.6987599999447,497410.17999999993,0.0,-0.003101922958103076,-0.003101922958103076,517838.14027297456,540747.2284104215
2020-06-05,498024.59875999985,2275.6987599999447,495748.8999999999,0.0,-0.003324648685535392,-0.006416258839553213,522554.36509890354,539186.474876533
2020-06-08,499733.68875999993,2275.6987599999447,497457.99,0.0,0.003431738119473282,-0.003006539640123984,519954.60480276914,538823.2220340243
2020-06-09,506960.52876,2275.6987599999447,504684.8300000001,0.0,0.014461382457388927,0.0,518096.69805316074,532644.9080274005
2020-06-10,506781.06875999994,2275.6987599999447,504505.37,0.0,-0.0003539920562238841,-0.0003539920562238841,523801.69728742517,532055.2047336372
2020-06-11,507679.1787599999,2275.6987599999447,505403.48,0.0,0.0017721853781900165,0.0,521851.78615189955,539249.5300869308
2020-06-12,507631.45875999995,2275.6987599999447,505355.76,0.0,-9.399637014173567e-05,-9.399637014173567e-05,521205.9371819828,544514.3660020535
2020-06-15,510899.4087599999,2275.6987599999447,508623.70999999996,0.0,0.006437642789086873,0.0,522144.5273798179,549223.4936064101
2020-06-16,512261.42876,2275.6987599999447,509985.73000000004,0.0,0.0026659259663381896,0.0,523887.5195604546,553502.2008615299
2020-06-17,512926.10875999986,2275.6987599999447,510650.4099999999,0.0,0.0012975405968176368,0.0,530794.7579245302,555029.7818716874
2020-06-18,512277.26875999995,2275.6987599999447,510001.57,0.0,-0.0012649775258437579,-0.0012649775258437579,533237.783476276,561574.0902517069
2020-06-19,513112.7587599999,2275.6987599999447,510837.05999999994,0.0,0.0016309331897983448,0.0,539551.90265683,558420.2331194651
2020-06-22,517642.68876000005,2275.6987599999447,515366.9900000001,0.0,0.008828332413614692,0.0,539191.1581871469,562162.148626938
2020-06-23,518746.05876,2275.6987599999447,516470.36000000004,0.0,0.0021315282219922516,0.0,542935.7003286066,565313.8125344703
2020-06-24,518317.63875999994,2275.6987599999447,516041.94,0.0,-0.0008258761541709569,-0.0008258761541709569,538920.2361811852,564963.4448871299
2020-06-25,518214.92876000004,2275.6987599999447,515939.2300000001,0.0,-0.0001981603409169086,-0.0010238728391875895,545520.1871693713,553697.9461668516
2020-06-26,518450.3387599999,2275.6987599999447,516174.63999999996,0.0,0.00045427097317163323,-0.0005700669817270132,542124.7525792179,553400.4900656275
2020-06-29,519081.35876,2275.6987599999447,516805.66000000003,0.0,0.0012171271823435692,0.0,538965.3292398956,548652.1585695888
2020-06-30,516576.7887599999,2275.6987599999447,514301.08999999997,0.0,-0.004825004708285174,-0.004825004708285174,547350.0925841354,547438.208692888
2020-07-01,538105.0590199998,3110.299019999953,534994.7599999999,20000.0,0.04167486950328669,0.0,569538.9242000862,572876.0352069715
2020-07-02,542638.96902,3110.299019999953,539528.67,0.0,0.00842569666276205,0.0,569309.3990638744,577544.16462561
2020-07-03,541086.9890199999,3110.299019999953,537976.69,0.0,-0.002860059982059404,-0.002860059982059404,564823.6713607658,579088.6555675643
2020-07-06,539776.4490199998,3110.299019999953,536666.1499999999,0.0,-0.0024220504772691775,-0.005275183249684012,567643.1747170887,578016.0056141305
2020-07-07,538061.11902,3110.299019999953,534950.8200000001,0.0,-0.0031778526149374153,-0.008436272109737186,565795.2900818727,572901.3174754714
2020-07-08,538804.2290199999,3110.299019999953,535693.9299999999,0.0,0.001381088455812085,-0.007066834891945928,564995.1556579357,577856.0739605862
2020-07-09,541663.61902,3110.299019999953,538553.3200000001,0.0,0.0053069182571208184,-0.0017974197499333044,558946.4710749085,575805.3695077687
2020-07-10,542384.8590199999,3110.299019999953,539274.5599999999,0.0,0.0013315274917389264,-0.0004682855720057333,561355.5427837196,567381.8289703813
2020-07-13,539658.5490199999,3110.299019999953,536548.25,0.0,-0.005026523057678922,-0.005492454781459322,557219.1907805591,569376.8556184125
2020-07-14,539623.5690199999,3110.299019999953,536513.27,0.0,-6.48187637599662e-05,-0.005556917531090333,561793.1104079264,573460.6521572275
2020-07-15,540015.6890199998,3110.299019999953,536905.3899999999,0.0,0.0007266546950719377,-0.004834300796232482,563244.8851611086,576866.0885030341
2020-07-16,537321.9890199999,3110.299019999953,534211.69,0.0,-0.004988188407800465,-0.009798374800841336,567238.0195094898,576301.6405534913
2020-07-17,540879.1290199998,3110.299019999953,537768.8299999998,0.0,0.006620127358806904,-0.0032431139311251966,565643.4039900937,573245.042698897
2020-07-20,543152.95902,3110.299019999953,540042.66,0.0,0.0042039521919066125,0.0,569128.8694411396,572304.4854966142
2020-07-21,547669.12902,3110.299019999953,544558.8300000001,0.0,0.008314729626344164,0.0,570129.5085817674,564405.3389777754
2020-07-22,548177.1890199999,3110.299019999953,545066.89,0.0,0.0009276769003012664,0.0,568528.4859567629,557481.4062539943
2020-07-23,546678.8590200001,3110.299019999953,543568.5600000002,0.0,-0.002733295054977547,-0.002733295054977547,567686.8937906529,556446.5376680942
2020-07-24,545471.2790199999,3110.299019999953,542360.98,0.0,-0.002208938538733607,-0.004936195912926489,568894.8216421453,559071.3484651621
2020-07-27,546217.82902,3110.299019999953,543107.53,0.0,0.001368633012798215,-0.0035743187408122656,563032.6968988962,559533.2469885423
2020-07-28,543005.1690199999,3110.299019999953,539894.87,0.0,-0.005881646166263077,-0.00943494202895645,560482.2919781321,564092.5774315014
2020-07-29,541651.69902,3110.299019999953,538541.4,0.0,-0.002492554541318026,-0.011903979462673187,561758.4366599272,568011.3290489855
2020-07-30,544072.40902,3110.299019999953,540962.1100000001,0.0,0.004469126570413762,-0.007488053283169593,560573.4990109125,573621.7200925022
2020-07-31,547185.8090199999,3110.299019999953,544075.51,0.0,0.005722400085694135,-0.0018085028342247345,559843.0889715389,577422.2984100317
2020-08-03,565560.6842799999,3100.514279999952,562460.1699999999,20000.0,0.033580686774222324,0.0,580454.4022243067,596936.8220407472
2020-08-04,562858.45428,3100.514279999952,559757.94,0.0,-0.0047779664943296,-0.0047779664943296,579906.7580694661,585566.3113387021
2020-08-05,564416.9542800001,3100.514279999952,561316.4400000001,0.0,0.0027689021780683554,-0.0020222940380940635,576189.5696970159,584084.9647549688
2020-08-06,563622.2242800001,3100.514279999952,560521.7100000001,0.0,-0.0014080547970316548,-0.0034275013343044725,570362.9950004328,585582.1829092421
2020-08-07,564890.84428,3100.514279999952,561790.33,0.0,0.0022508338836717545,-0.0011843821867723037,572220.6133417633,581683.9488338343
2020-08-10,564489.6342800001,3100.514279999952,561389.1200000001,0.0,-0.0007102434108509081,-0.001893784397979048,571865.4058001346,579289.693026078
2020-08-11,565363.29428,3100.514279999952,562262.78,0.0,0.0015476989247362738,-0.000349016481319242,570419.9843422765,572416.7151463121
2020-08-12,566301.54428,3100.514279999952,563201.03,0.0,0.0016595523789617594,0.0,562994.5853704066,568274.8230713182
2020-08-13,568095.8742800001,3100.514279999952,564995.3600000001,0.0,0.003168506281015615,0.0,567163.3947600701,571742.4673163352
2020-08-14,568070.14428,3100.514279999952,564969.63,0.0,-4.5291650872636424e-05,-4.5291650872636424e-05,560608.8397721272,569744.1190181599
2020-08-17,565604.9342799999,3100.514279999952,562504.4199999999,0.0,-0.004339622535742715,-0.004384717637946567,560117.7946211725,574060.3044511211
2020-08-18,564900.6642799999,3100.514279999952,561800.1499999999,0.0,-0.0012451624045616283,-0.005624420356950766,557567.716742645,574404.7763154337
2020-08-19,563570.13428,3100.514279999952,560469.62,0.0,-0.0023553344581311864,-0.007966507424008284,555393.9246554694,569578.055363436
2020-08-20,565992.90428,3100.514279999952,562892.39,0.0,0.004298968047863783,-0.0037017871370134126,552119.3795272027,573602.0863312718
2020-08-21,569734.16428,3100.514279999952,566633.65,0.0,0.006610082868016232,0.0,555116.3943674497,569432.5659668193
2020-08-24,569137.3342800001,3100.514279999952,566036.8200000001,0.0,-0.0010475587342637649,-0.0010475587342637649,561607.3242682657,567522.393060533
2020-08-25,569253.6142800001,3100.514279999952,566153.1000000001,0.0,0.0002043092114965006,-0.0008434635486661568,562336.8659114569,567486.5350678315
2020-08-26,572178.70428,3100.514279999952,569078.19,0.0,0.005138465398589531,0.0,563505.147419253,558969.0861293379
2020-08-27,576542.5742800001,3100.514279999952,573442.06,0.0,0.007626760603562488,0.0,561534.3310701508,561077.0658314283
2020-08-28,578974.53428,3100.514279999952,575874.02,0.0,0.004218179382566856,0.0,561789.612094574,559125.1565729812
2020-08-31,577499.81428,3100.514279999952,574399.3,0.0,-0.0025471241180475834,-0.0025471241180475834,561317.3031655954,558403.2940313842
2020-09-01,596208.66942,3180.579419999949,593028.0900000001,20000.0,0.032396296375134526,0.0,587052.9291180032,579879.93792755
2020-09-02,595977.70942,3180.579419999949,592797.13,0.0,-0.00038738115000036544,-0.00038738115000036544,594951.5695006093,582198.0756247435
2020-09-03,597842.0494199999,3180.579419999949,594661.47,0.0,0.003128204244105648,0.0,599934.1867070725,579231.8335076782
2020-09-04,599421.2594199999,3180.579419999949,596240.6799999999,0.0,0.0026415171056168862,0.0,600903.6350994736,578582.5114186284
2020-09-07,601923.97942,3180.579419999949,598743.4,0.0,0.004175227289105132,0.0,603547.6954710786,580987.4080447385
2020-09-08,602789.56942,3180.579419999949,599608.99,0.0,0.001438038738436731,0.0,597746.7652197583,580749.353720483
2020-09-09,605995.86942,3180.579419999949,602815.29,0.0,0.005319103320061025,0.0,593445.0652876574,583897.6373796262
2020-09-10,606839.97942,3180.579419999949,603659.4,0.0,0.0013929302864850168,0.0,596095.5913425798,584294.5975315814
2020-09-11,608170.8694199999,3180.579419999949,604990.2899999999,0.0,0.002193148185905436,0.0,593023.9876616125,582706.4525064655
2020-09-14,608231.3694200001,3180.579419999949,605050.7900000002,0.0,9.947862195036627e-05,0.0,596886.8293385453,586592.0348527527
2020-09-15,608373.18942,3180.579419999949,605192.61,0.0,0.0002331678488320943,0.0,597821.9287883228,596688.3388402927
2020-09-16,606949.30942,3180.579419999949,603768.73,0.0,-0.0023404713172148206,-0.0023404713172148206,598411.11418062,589653.8640002735
2020-09-17,609511.0594199998,3180.579419999949,606330.4799999999,0.0,0.0042206984343517995,0.0,587634.0324061536,592442.6308346778
2020-09-18,606426.40942,3180.579419999949,603245.8300000001,0.0,-0.0050608597700181335,-0.0050608597700181335,583795.437041661,597267.9493689147
2020-09-21,605469.28942,3180.579419999949,602288.7100000001,0.0,-0.0015782953795092647,-0.006631167617936029,583153.71797241,599864.0200559357
2020-09-22,605491.2294199999,3180.579419999949,602310.6499999999,0.0,3.62363548129796e-05,-0.006595171552465584,586075.8027266627,595617.0943811432
2020-09-23,602769.1794200001,3180.579419999949,599588.6000000001,0.0,-0.004495605993512508,-0.011061128253218588,585827.2780241506,599446.3595279581
2020-09-24,602647.42942,3180.579419999949,599466.85,0.0,-0.0002019844480390942,-0.01126087852537283,585038.464659429,601556.8846303405
2020-09-25,604113.62942,3180.579419999949,600933.05,0.0,0.0024329316419904323,-0.008855343831063456,587475.2190596702,596561.7012458039
2020-09-28,608232.68942,3180.579419999949,605052.11,0.0,0.006818353037249869,-0.002097369654319947,581075.4048910766,605680.2168835887
2020-09-29,610352.46942,3180.579419999949,607171.89,0.0,0.0034851464527849707,0.0,582962.5762093398,608883.9044903206
2020-09-30,607534.2594199999,3180.579419999949,604353.6799999999,0.0,-0.00461734840309258,-0.00461734840309258,577072.7428124052,612569.1802568635
2020-10-01,623588.3846199999,3249.5446199999424,620338.84,20000.0,0.02642505332181022,0.0,595313.2687396606,627465.928732799
2020-10-02,621236.26462,3249.5446199999424,617986.7200000001,0.0,-0.0037719111805348815,-0.0037719111805348815,591289.3786968124,631870.6018027046
2020-10-05,621018.56462,3249.5446199999424,617769.02,0.0,-0.00035043028296688483,-0.004121019671599502,589996.4484242897,625399.7446421116
2020-10-06,620356.79462,3249.5446199999424,617107.25,0.0,-0.0010656203174940204,-0.005182248546802604,585826.6228493877,629694.9926528848
2020-10-07,615416.9146199999,3249.5446199999424,612167.37,0.0,-0.00796296589775558,-0.01310394837610629,595852.2684554697,623736.3579673684
2020-10-08,615386.9846199999,3249.5446199999424,612137.44,0.0,-4.863369739926959e-05,-0.013151944780045555,596964.5564648198,617319.8988965164
2020-10-09,617033.05462,3249.5446199999424,613783.51,0.0,0.00267485345179419,-0.01051227085314399,600855.4737306105,614058.2145908246
2020-10-12,610454.9946199999,3249.5446199999424,607205.45,0.0,-0.010660790294372724,-0.021060992032433723,607790.9658069566,611783.5568961003
2020-10-13,611819.08462,3249.5446199999424,608569.54,0.0,0.0022345463826520806,-0.018873507413342594,608732.2290810344,613352.9260631405
2020-10-14,610931.0946199999,3249.5446199999424,607681.5499999999,0.0,-0.0014513931034885186,-0.020297507638332712,610723.0573564164,617575.8529141423
2020-10-15,611181.58462,3249.5446199999424,607932.04,0.0,0.0004100135059517118,-0.019895816384649878,615671.4845378635,619734.7967532323
2020-10-16,615335.05462,3249.5446199999424,612085.51,0.0,0.00679580357870635,-0.013235220866131714,621963.4385516571,624237.8894883922
2020-10-19,612962.3446199999,3249.5446199999424,609712.7999999999,0.0,-0.003855964294875669,-0.017040150621912664,625852.6832038998,616244.5146946976
2020-10-20,614082.3546199999,3249.5446199999424,610832.8099999999,0.0,0.0018272084897716923,-0.015244078040024367,632552.336769993,614835.509838455
2020-10-21,614285.75462,3249.5446199999424,611036.2100000001,0.0,0.0003312259316194943,-0.014917901342355377,633125.2069101469,616871.8221457585
2020-10-22,619073.31462,3249.5446199999424,615823.77,0.0,0.007793701813843201,-0.007240465203262714,639443.0864339329,616937.540069203
2020-10-23,624089.4146199999,3249.5446199999424,620839.87,0.0,0.00810259444485828,0.0,643128.2722333324,610891.8055521359
2020-10-26,620285.98462,3249.5446199999424,617036.4400000001,0.0,-0.0060943671065399885,-0.0060943671065399885,635169.9769724484,608130.0805683424
2020-10-27,622233.3946199999,3249.5446199999424,618983.85,0.0,0.0031395357114072375,-0.002973964878302149,643132.4537672021,612716.4998571519
2020-10-28,620556.12462,3249.5446199999424,617306.5800000001,0.0,-0.0026955640994231755,-0.005661512464766427,650752.8810914113,608217.8092795433
2020-10-29,623965.42462,3249.5446199999424,620715.88,0.0,0.005493943037122806,-0.0001986734546290947,651078.6225798639,613428.0771813378
2020-10-30,624819.9846199999,3249.5446199999424,621570.44,0.0,0.0013695630659669167,0.0,650515.3699676103,619354.6390046946
2020-11-02,642059.44808,2493.148079999979,639566.3,20000.0,0.02759108844843494,0.0,666804.2586582184,639537.3285430737
2020-11-03,641053.02808,2493.148079999979,638559.88,0.0,-0.001567487252168931,-0.001567487252168931,671188.3749533276,637050.6398014888
2020-11-04,645332.47808,2493.148079999979,642839.3300000001,0.0,0.006675656790542384,0.0,667122.8291539988,643097.7630563808
2020-11-05,647843.43808,2493.148079999979,645350.29,0.0,0.0038909555698647402,0.0,676947.21562062,639232.8625412977
2020-11-06,651097.3380799999,2493.148079999979,648604.19,0.0,0.005022664132623422,0.0,681444.2757180219,637026.9446862121
2020-11-09,651627.07808,2493.148079999979,649133.93,0.0,0.0008136110670675656,0.0,693143.443086062,638726.5011737383
2020-11-10,647416.82808,2493.148079999979,644923.68,0.0,-0.006461134200262841,-0.006461134200262841,690360.3698509366,639668.4631536469
2020-11-11,647490.3380799999,2493.148079999979,644997.19,0.0,0.00011354354229231589,-0.006348324278034778,690211.2150585956,635867.182400129
2020-11-12,648069.29808,2493.148079999979,645576.15,0.0,0.0008941600606997557,-0.005459840635356872,694331.9395094264,635719.4936679242
2020-11-13,646370.16808,2493.148079999979,643877.02,0.0,-0.0026218338147385722,-0.008067359655294482,694340.9922569384,634746.6955790938
2020-11-16,650523.7480799999,2493.148079999979,648030.6,0.0,0.0064260081995088925,-0.0016931923750790334,697520.2309665185,640169.6310712826
2020-11-17,649953.63808,2493.148079999979,647460.49,0.0,-0.0008763861452908417,-0.002568094630031048,698980.3098152437,639577.2531893621
2020-11-18,652026.0880799999,2493.148079999979,649532.94,0.0,0.0031886120464255097,0.0,701519.3899507592,648102.6258297127
2020-11-19,652374.4880799998,2493.148079999979,649881.3399999999,0.0,0.00053433444822093,0.0,697142.6020703026,649889.1726034607
2020-11-20,648942.69808,2493.148079999979,646449.55,0.0,-0.005260460153952207,-0.005260460153952207,690802.2301461664,655171.2357664695
2020-11-23,650747.05808,2493.148079999979,648253.91,0.0,0.002780461210733165,-0.002494625448627663,683145.3300838529,653492.4530786381
2020-11-24,654937.66808,2493.148079999979,652444.52,0.0,0.0064396910411923525,0.0,687680.3255041625,656838.982373213
2020-11-25,655897.30808,2493.148079999979,653404.16,0.0,0.0014652386734959055,0.0,688930.8979104664,656005.1090698413
2020-11-26,657572.0880799999,2493.148079999979,655078.94,0.0,0.0025534180112776195,0.0,689374.9136217706,660718.4894662065
2020-11-27,658277.42808,2493.148079999979,655784.28,0.0,0.0010726428520704268,0.0,690166.8134874653,658984.2017823156
2020-11-30,663555.79808,2493.148079999979,661062.65,0.0,0.008018458137620588,0.0,683897.5702937806,658558.0142979532
2020-12-01,681809.82474,2596.284739999959,679213.54,20000.0,0.02750940721611972,0.0,706412.940852479,684851.1772429795
2020-12-02,685190.2647399999,2596.284739999959,682593.98,0.0,0.004958039437593875,0.0,703605.1200157667,680652.3480403636
2020-12-03,688437.38474,2596.284739999959,685841.1000000001,0.0,0.004739004867841068,0.0,700491.6286850594,690366.3618023959
2020-12-04,687567.6447399999,2596.284739999959,684971.36,0.0,-0.0012633538202295735,-0.0012633538202295735,698169.1540318457,693894.4750167615
2020-12-07,680823.76474,2596.284739999959,678227.4800000001,0.0,-0.009808314936852525,-0.011059277384936617,707692.8528628938,694711.9728189908
2020-12-08,680084.8647399999,2596.284739999959,677488.58,0.0,-0.0010853028908036633,-0.012132577610024176,711157.7099864082,697390.4901579107
2020-12-09,678760.23474,2596.284739999959,676163.9500000001,0.0,-0.0019477422137695877,-0.01405668869022092,721772.7722648118,700218.4641502443
2020-12-10,678987.2847399999,2596.284739999959,676391.0,0.0,0.00033450692656877834,-0.013726883823383718,724021.158423835,700259.9241614821
2020-12-11,673196.1347399999,2596.284739999959,670599.85,0.0,-0.008529099336841872,-0.022138905204510673,721429.8357018826,708132.3109727254
2020-12-14,671928.92474,2596.284739999959,669332.6400000001,0.0,-0.0018823786035094825,-0.023979610006558016,716970.7730964479,696788.6512851039
2020-12-15,670145.87474,2596.284739999959,667549.5900000001,0.0,-0.0026536288800039776,-0.026569605900917392,716300.8711429901,697698.096692901
2020-12-16,666153.7047399998,2596.284739999959,663557.4199999999,0.0,-0.005957165671651721,-0.032368492028386875,722205.7684943315,704387.2014092199
2020-12-17,666321.22474,2596.284739999959,663724.9400000001,0.0,0.00025147349449250456,-0.03212515835169605,723582.8384701817,693852.6806505943
2020-12-18,666751.2947399999,2596.284739999959,664155.01,0.0,0.0006454394427668486,-0.031500453753234514,737837.9971248254,689101.8314596427
2020-12-21,658794.3847399999,2596.284739999959,656198.1,0.0,-0.011933850091888965,-0.04305838215220592,741797.516949072,691675.0269958214
2020-12-22,655799.6647399998,2596.284739999959,653203.3799999999,0.0,-0.004545758235601771,-0.04740840739252761,742721.6267299019,684851.5115979089
2020-12-23,654811.1747399998,2596.284739999959,652214.8899999999,0.0,-0.0015073048266834865,-0.04884425329792297,746286.747324596,684125.2926913886
2020-12-24,654567.88474,2596.284739999959,651971.6000000001,0.0,-0.00037154222375079815,-0.04919764781918601,760966.9166225595,679893.6967056977
2020-12-25,646855.56474,2596.284739999959,644259.28,0.0,-0.0117823073508464,-0.06040029336248809,762796.5031497522,683783.2475986767
2020-12-28,648317.3647399999,2596.284739999959,645721.08,0.0,0.002259855336619765,-0.05827693395115685,759229.1643366689,687423.7040692996
2020-12-29,647393.7647399999,2596.284739999959,644797.48,0.0,-0.0014246109239575144,-0.05961852291839287,761871.0624378889,681286.6193413163
2020-12-30,647314.1447399999,2596.284739999959,644717.86,0.0,-0.00012298542917221766,-0.0597341761379373,763150.530804626,679070.849224599
2020-12-31,646578.6147399999,2596.284739999959,643982.33,0.0,-0.0011362798202030344,-0.06080258121921833,769266.1589029161,675871.7412607011
2021-01-01,670973.28844,2254.598439999958,668718.6900000001,20000.0,0.037728859482631716,-0.025367733779587787,793084.6000376266,697103.1704654497
2021-01-04,668392.25844,2254.598439999958,666137.66,0.0,-0.0038466956054254986,-0.029116847434963677,801105.1958819856,698003.6786835195
2021-01-05,665201.79844,2254.598439999958,662947.2000000001,0.0,-0.0047733347592121556,-0.03375119773423585,792285.4077149408,698030.528699196
2021-01-06,666753.39844,2254.598439999958,664498.8,0.0,0.002332525263218921,-0.031497397992395926,783899.3497776906,701278.3479031285
2021-01-07,668334.4084399999,2254.598439999958,666079.8099999999,0.0,0.002371206511581292,-0.02920087831603202,791969.0986806203,699755.4700909189
2021-01-08,666291.06844,2254.598439999958,664036.47,0.0,-0.0030573616653517544,-0.032168962335425766,790627.8573509189,699882.4913189264
2021-01-11,666432.60844,2254.598439999958,664178.01,0.0,0.00021242968231804937,-0.03196336629555718,788574.3517928558,696010.5813660028
2021-01-12,662677.1884399999,2254.598439999958,660422.59,0.0,-0.005635108415224188,-0.037418357676390346,782037.4501238704,701504.5076505565
2021-01-13,664619.66844,2254.598439999958,662365.0700000001,0.0,0.0029312613047278724,-0.03459677935560568,783724.1282263045,702486.598608566
2021-01-14,663595.5184399999,2254.598439999958,661340.9199999999,0.0,-0.0015409565028432493,-0.03608442372632348,771024.434278566,700085.5875913503
2021-01-15,672506.57844,2254.598439999958,670251.98,0.0,0.013428451145885534,-0.023140530501574386,768230.4469955541,693963.095555193
2021-01-18,677971.83844,2254.598439999958,675717.24,0.0,0.008126701173210238,-0.015201885504739887,774760.9769717617,693667.7453827526
2021-01-19,681604.0284399999,2254.598439999958,679349.4299999999,0.0,0.005357434916998249,-0.009925893699949007,780838.6616398415,692483.5908452299
2021-01-20,680862.2684399999,2254.598439999958,678607.6699999999,0.0,-0.0010882564789085336,-0.011003348260729573,783263.5458626607,695836.0562641063
2021-01-21,676865.66844,2254.598439999958,674611.0700000001,0.0,-0.005869909650239369,-0.016808669250828467,779478.7603527198,690142.1317858605
2021-01-22,682333.2384399999,2254.598439999958,680078.6399999999,0.0,0.008077777105464978,-0.008866668829011215,786766.6115276458,686057.8313243173
2021-01-25,691402.28844,2254.598439999958,689147.6900000001,0.0,0.013291232918294371,0.0,781215.0466346373,682935.6564245113
2021-01-26,693935.73844,2254.598439999958,691681.14,0.0,0.003664219864987883,0.0,774043.7064133602,682981.094912579
2021-01-27,692897.2384399999,2254.598439999958,690642.6399999999,0.0,-0.0014965362676588878,-0.0014965362676588878,778573.0697364642,686359.7218851915
2021-01-28,697418.99844,2254.598439999958,695164.4,0.0,0.0065258738946347705,0.0,784550.627803752,684192.0994657783
2021-01-29,695785.7784399999,2254.598439999958,693531.1799999999,0.0,-0.0023418060070822255,-0.0023418060070822255,790636.9597691728,683511.5548376729
2021-02-01,715222.70512,2298.755119999929,712923.9500000001,20000.0,0.027935216962294174,0.0,817641.7257364048,696372.2045155148
2021-02-02,718478.9651199998,2298.755119999929,716180.21,0.0,0.004552791706260884,0.0,812544.8573512918,690699.1682228576
2021-02-03,721817.8151199999,2298.755119999929,719519.0599999999,0.0,0.0046471089093644835,0.0,805391.0468416972,686680.5164753448
2021-02-04,720537.3651199997,2298.755119999929,718238.6099999999,0.0,-0.001773924074992994,-0.001773924074992994,797975.5115573612,683557.1036654998
2021-02-05,724988.2151199998,2298.755119999929,722689.46,0.0,0.006177125872242284,0.0,798712.1664937543,686349.4978024303
2021-02-08,729365.3251199999,2298.755119999929,727066.5700000001,0.0,0.006037491242910198,0.0,803904.2075242277,688662.375596263
2021-02-09,730222.5651199999,2298.755119999929,727923.81,0.0,0.00117532321660474,0.0,810046.1088780044,702665.4578077439
2021-02-10,731776.7751199999,2298.755119999929,729478.02,0.0,0.0021284058782058413,0.0,805028.5510306918,696394.1779177852
2021-02-11,730575.9851200001,2298.755119999929,728277.2300000001,0.0,-0.0016409239003286613,-0.0016409239003286613,806158.4929280598,705436.2329521179
2021-02-12,727374.4351199998,2298.755119999929,725075.6799999999,0.0,-0.004382227263430294,-0.006015960262305664,807831.9452756478,702866.0537058912
2021-02-15,723191.60512,2298.755119999929,720892.8500000001,0.0,-0.005750587040235677,-0.011731951999422341,822156.828000123,704982.234108431
2021-02-16,722958.6951199998,2298.755119999929,720659.94,0.0,-0.00032205849508093465,-0.012050232119698023,820667.6560197771,702664.3945786018
2021-02-17,722738.91512,2298.755119999929,720440.16,0.0,-0.0003040007700070291,-0.012350569609862028,814232.7722087142,706906.6788556747
2021-02-18,723668.66512,2298.755119999929,721369.91,0.0,0.0012864258178841848,-0.011080031883589414,816787.0380584617,706333.243938356
2021-02-19,725410.7451199999,2298.755119999929,723111.99,0.0,0.0024072895289877216,-0.008699415199336036,829444.0668262525,709600.5470921018
2021-02-22,721073.40512,2298.755119999929,718774.65,0.0,-0.005979150473270689,-0.014626550560100426,825282.5962546087,716240.7674943772
2021-02-23,720502.2051199998,2298.755119999929,718203.4499999998,0.0,-0.0007921523605562975,-0.015407116464103754,823652.9979690985,719655.8594988779
2021-02-24,716231.9951199999,2298.755119999929,713933.24,0.0,-0.005926713297551567,-0.02124251619963058,829818.6924842155,722401.8259632691
2021-02-25,713200.59512,2298.755119999929,710901.8400000001,0.0,-0.004232427510435399,-0.025385036300111796,818875.7043980637,729073.5888300942
2021-02-26,714037.4251199998,2298.755119999929,711738.6699999999,0.0,0.0011733445060559955,-0.0242414771869347,823119.7512355348,720403.6639955048
2021-03-01,733620.3550599999,3033.4350599999234,730586.9199999999,20000.0,0.027425635199316067,0.0,839755.1183024973,733678.0308521454
2021-03-02,730704.49506,3033.4350599999234,727671.06,0.0,-0.003974617088918442,-0.003974617088918442,850148.8097588397,733520.9996071655
2021-03-03,731327.5450599998,3033.4350599999234,728294.1099999999,0.0,0.0008526702712410295,-0.0031253358555086708,857441.3119628276,731791.4698625723
2021-03-04,735062.8750599998,3033.4350599999234,732029.4399999998,0.0,0.0051076019565126085,0.0,857623.3975083889,734958.6917015758
2021-03-05,735893.22506,3033.4350599999234,732859.79,0.0,0.0011296312576423162,0.0,854440.9627370175,735329.5914867022
2021-03-08,744064.02506,3033.4350599999234,741030.5900000001,0.0,0.011103241233582306,0.0,851916.1387548647,736221.1354692216
2021-03-09,745205.6150599999,3033.4350599999234,742172.1799999999,0.0,0.001534263129987723,0.0,855590.8257885147,730475.4678744806
2021-03-10,746534.1850599999,3033.4350599999234,743500.75,0.0,0.0017828233888079748,0.0,852176.1244157187,729661.528660362
2021-03-11,744596.7550599999,3033.4350599999234,741563.32,0.0,-0.002595232795460478,-0.002595232795460478,852082.4531114404,739044.7831457749
2021-03-12,749149.08506,3033.4350599999234,746115.65,0.0,0.006113819284148336,0.0,850077.1225361777,740859.9331747538
2021-03-15,751302.7750599999,3033.4350599999234,748269.34,0.0,0.0028748483351981324,0.0,852387.3627651625,743881.7827011193
2021-03-16,749585.18506,3033.4350599999234,746551.7500000001,0.0,-0.0022861488830021592,-0.0022861488830021592,848704.0732647931,734514.1949060409
2021-03-17,752273.9150599999,3033.4350599999234,749240.48,0.0,0.003586957231264787,0.0,836413.0599819988,735000.2266480437
2021-03-18,750720.2150599998,3033.4350599999234,747686.7799999999,0.0,-0.002065338128700356,-0.002065338128700356,845397.8585556255,741754.3918903588
2021-03-19,746005.1750599999,3033.4350599999234,742971.74,0.0,-0.0062806887378450416,-0.008333055120620547,848549.7067786612,737255.1370312937
2021-03-22,747911.67506,3033.4350599999234,744878.2400000001,0.0,0.002555612298328569,-0.005798738880440801,838807.4132189068,741521.2132435208
2021-03-23,745469.2450600001,3033.4350599999234,742435.8100000002,0.0,-0.003265666363349684,-0.00904546849727883,840753.9602715867,745349.7151512911
2021-03-24,745212.5950600001,3033.4350599999234,742179.1600000001,0.0,-0.0003442797965184097,-0.009386634121743564,842002.2737755395,751239.2976921275
2021-03-25,745729.7350599997,3033.4350599999234,742696.2999999998,0.0,0.000693949623808976,-0.008699198349152115,853857.4287445495,750864.3901490084
2021-03-26,748697.04506,3033.4350599999234,745663.6100000001,0.0,0.003979068904583105,-0.0047547441542148405,842044.3302795012,759804.2408637934
2021-03-29,750660.0450599999,3033.4350599999234,747626.61,0.0,0.0026218882696973367,-0.00214532229244091,841535.8289134194,751195.9410374811
2021-03-30,751697.8150599999,3033.4350599999234,748664.38,0.0,0.0013824766708039338,-0.0007658114796577076,837090.7431935627,753977.6894259305
2021-03-31,747580.6350599999,3033.4350599999234,744547.2,0.0,-0.0054771743611778945,-0.006238791357833673,829648.6536516203,756755.794398023
2021-04-01,765448.7337799999,5675.013779999907,759773.72,20000.0,0.023901232699220287,0.0,842209.4315985843,776078.1189556504
2021-04-02,770732.9737799998,5675.013779999907,765057.9599999998,0.0,0.00690345383929869,0.0,856179.4332548924,778603.6012186274
2021-04-05,772350.8037799998,5675.013779999907,766675.7899999999,0.0,0.0020990797786495374,0.0,856855.4879308344,773017.0983244542
2021-04-06,771400.32378,5675.013779999907,765725.31,0.0,-0.0012306324993099915,-0.0012306324993099915,846274.0818334487,771026.0324917738
2021-04-07,778001.54378,5675.013779999907,772326.53,0.0,0.008557450387955301,0.0,845172.6169378153,766211.0489087988
2021-04-08,778753.5137799999,5675.013779999907,773078.5,0.0,0.0009665404985528259,0.0,852494.6660240331,769736.1778604976
2021-04-09,779565.3037800001,5675.013779999907,773890.2900000002,0.0,0.0010424222628027113,0.0,867436.4044882666,777540.0040683377
2021-04-12,775285.2437799998,5675.013779999907,769610.2299999999,0.0,-0.005490316179089683,-0.005490316179089683,849139.3591819566,774187.6535566647
2021-04-13,774355.2337799999,5675.013779999907,768680.22,0.0,-0.0011995713931888252,-0.0066833015460504575,853534.448885511,778084.1439606273
2021-04-14,778906.88378,5675.013779999907,773231.8700000001,0.0,0.0058779870031759884,-0.0008445989025004375,842767.0176057518,782285.8014794408
2021-04-15,779135.3237799999,5675.013779999907,773460.3099999999,0.0,0.0002932828105091101,-0.0005515637983313226,821215.0211478565,777982.0476097029
2021-04-16,782082.7637799998,5675.013779999907,776407.7499999999,0.0,0.0037829628692744866,0.0,810154.3554358816,778570.3170602674
2021-04-19,782528.90378,5675.013779999907,776853.8900000001,0.0,0.0005704511346649177,0.0,817998.254112653,787212.9788546405
2021-04-20,783281.8037800001,5675.013779999907,777606.7900000002,0.0,0.0009621369847978567,0.0,811429.6070150484,789470.691933508
2021-04-21,779298.2237800001,5675.013779999907,773623.2100000002,0.0,-0.005085755829863259,-0.005085755829863259,815909.3871305783,787089.9396625008
2021-04-22,778384.39378,5675.013779999907,772709.3800000001,0.0,-0.0011726319554118403,-0.006252424065471551,815827.144418371,794017.1583737589
2021-04-23,778667.21378,5675.013779999907,772992.2000000001,0.0,0.000363342330935712,-0.005891353504869801,817191.4922690956,796796.1986071636
2021-04-26,781758.18378,5675.013779999907,776083.17,0.0,0.003969564847857265,-0.0019451747667919017,808648.5305385623,801189.333531374
2021-04-27,780075.98378,5675.013779999907,774400.9700000001,0.0,-0.002151816296781295,-0.0040928054048099405,808004.2959596051,790659.9461310896
2021-04-28,776551.9037800002,5675.013779999907,770876.8900000002,0.0,-0.00451761119849281,-0.008591926899772728,803416.81705428,792490.5748408885
2021-04-29,779021.99378,5675.013779999907,773346.9800000001,0.0,0.003180843402709188,-0.0054384130710593,794732.378277152,793902.3467263822
2021-04-30,778608.4837799999,5675.013779999907,772933.47,0.0,-0.000530806579662424,-0.005966332905280591,783733.8841392864,794118.5067660685
2021-05-03,800991.2702,4048.4301999999143,796942.8400000001,20000.0,0.02874716482838191,0.0,813884.0055375374,806015.8710916035
2021-05-04,803358.5401999999,4048.4301999999143,799310.11,0.0,0.0029554254685058012,0.0,808876.3193727902,803762.0702232823
2021-05-05,800414.6202000001,4048.4301999999143,796366.1900000002,0.0,-0.003664515720797512,-0.003664515720797512,811291.8328535407,808301.5020555637
2021-05-06,801728.7302,4048.4301999999143,797680.3,0.0,0.001641786602637918,-0.0020287454709750907,817128.1109062411,811202.2592051266
2021-05-07,799393.0602000001,4048.4301999999143,795344.6300000001,0.0,-0.002913292129891998,-0.004936127272652913,831794.3378848349,807007.9729882083
2021-05-10,802944.5202,4048.4301999999143,798896.0900000001,0.0,0.00444269556094401,-0.0005153614224314707,834235.948747883,800111.5800981249
2021-05-11,801495.6101999999,4048.4301999999143,797447.1799999999,0.0,-0.0018044957821484742,-0.002318927237066837,826095.5729619339,798349.0364890039
2021-05-12,800191.0602,4048.4301999999143,796142.63,0.0,-0.0016276445976720622,-0.0039427974453492,827044.1124339096,788003.1049209302
2021-05-13,797530.9602,4048.4301999999143,793482.53,0.0,-0.0033243310658020997,-0.007254021347117501,836289.1101128841,795376.5657504711
2021-05-14,800546.9902000001,4048.4301999999143,796498.5600000002,0.0,0.003781708987502963,-0.003499744957338513,830693.2291009647,796207.2161981118
2021-05-17,806691.9501999998,4048.4301999999143,802643.5199999999,0.0,0.007675951662081015,0.0,835788.2411218621,794210.3570656719
2021-05-18,809510.9502,4048.4301999999143,805462.52,0.0,0.0034945185696984016,0.0,838183.1778204163,797954.4200021054
2021-05-19,810896.6401999999,4048.4301999999143,806848.21,0.0,0.001711761897300601,0.0,848830.9097978944,802006.0460313404
2021-05-20,808069.2101999999,4048.4301999999143,804020.7799999999,0.0,-0.003486794567680862,-0.003486794567680862,847174.2278947242,811029.686397445
2021-05-21,808741.3701999999,4048.4301999999143,804692.94,0.0,0.0008318099384503341,-0.002657884979605396,849329.7712979703,809487.6524870283
2021-05-24,810515.6301999999,4048.4301999999143,806467.2,0.0,0.002193853394146572,-0.0004698625954425717,855178.5961690833,808800.4292173275
2021-05-25,811421.1202,4048.4301999999143,807372.6900000001,0.0,0.0011171777153473617,0.0,861864.0428919332,809009.4340621863
2021-05-26,811489.6601999999,4048.4301999999143,807441.23,0.0,8.446908552617316e-05,0.0,859567.4732497322,821324.2296183426
2021-05-27,809381.4001999999,4048.4301999999143,805332.97,0.0,-0.0025980121539446177,-0.0025980121539446177,865836.3656012913,825100.8896406714
2021-05-28,807068.8301999999,4048.4301999999143,803020.3999999999,0.0,-0.0028572067500298726,-0.005447795846111547,866297.0847733937,812608.9193352954
2021-05-31,807350.9001999999,4048.4301999999143,803302.47,0.0,0.0003494993108954514,-0.0051002005361102665,876068.045080215,814279.0406185248
2021-06-01,824126.0068,4245.696799999916,819880.31,20000.0,0.020777962340593703,0.0,896625.625690461,832763.8513670806
2021-06-02,824723.3967999999,4245.696799999916,820477.7,0.0,0.0007248770152510353,0.0,888838.5181976134,825942.5528236378
2021-06-03,825488.3467999999,4245.696799999916,821242.65,0.0,0.0009275230980085869,0.0,899148.0941294756,814969.1424306235
2021-06-04,833503.8068,4245.696799999916,829258.1100000001,0.0,0.009709961419894109,0.0,904352.6744109511,813800.5628299207
2021-06-07,837367.3968,4245.696799999916,833121.7000000001,0.0,0.004635359752984458,0.0,911628.512354499,826696.9821556314
2021-06-08,841534.3167999999,4245.696799999916,837288.62,0.0,0.004976214760598285,0.0,924062.7315238627,828497.3963218788
2021-06-09,838908.0268,4245.696799999916,834662.3300000001,0.0,-0.003120835297586666,-0.003120835297586666,930280.0977699647,826222.3203675854
2021-06-10,843503.2967999998,4245.696799999916,839257.5999999999,0.0,0.005477680333478618,0.0,931523.8790128896,820056.8252382558
2021-06-11,841542.7868,4245.696799999916,837297.0900000001,0.0,-0.002324246991609158,-0.002324246991609158,947660.6958319506,824686.7423314232
2021-06-14,837505.6167999998,4245.696799999916,833259.9199999999,0.0,-0.0047973437160000465,-0.007110440495909587,943651.1311235372,831516.2924456848
2021-06-15,839264.4567999998,4245.696799999916,835018.7599999999,0.0,0.0021000933781438746,-0.005025279706766805,937023.619927746,824784.9753173599
2021-06-16,834623.7067999999,4245.696799999916,830378.01,0.0,-0.0055295443079936835,-0.01052703650796194,944682.3967104278,829447.8986938022
2021-06-17,836264.5367999999,4245.696799999916,832018.84,0.0,0.001965951825513068,-0.008581780329088962,944468.8544087122,827036.8682869724
2021-06-18,834750.1268,4245.696799999916,830504.43,0.0,-0.0018109221823453536,-0.010377161575072402,940344.3053839905,819481.9658045544
2021-06-21,834485.5068,4245.696799999916,830239.81,0.0,-0.0003170050431910987,-0.010690877005710142,936292.6482026427,817090.9749268556
2021-06-22,835872.4367999999,4245.696799999916,831626.74,0.0,0.0016620180802400242,-0.009046627356347092,943514.587247921,817697.6618480006
2021-06-23,831688.3167999998,4245.696799999916,827442.6199999999,0.0,-0.005005692035998099,-0.014007034761834958,953951.9805671083,812319.2094019955
2021-06-24,831831.8167999998,4245.696799999916,827586.1199999999,0.0,0.00017254059856486315,-0.013836910945432157,948398.3407539824,819156.2252231883
2021-06-25,829917.5167999999,4245.696799999916,825671.82,0.0,-0.0023013065397812227,-0.01610637451156427,957282.9324801661,818905.1417111342
2021-06-28,826543.6268,4245.696799999916,822297.93,0.0,-0.004065331712733267,-0.0201062284692185,942044.4306322641,811404.0709050096
2021-06-29,828348.5167999999,4245.696799999916,824102.82,0.0,0.0021836596901576577,-0.017966473939690086,942530.5473623713,811392.675878641
2021-06-30,825303.2268,4245.696799999916,821057.53,0.0,-0.0036763390508190996,-0.02157676214075921,934646.9351754792,823687.1234665316
2021-07-01,843682.9497599999,3614.0597599999173,840068.8899999999,20000.0,0.022270266688844575,0.0,955691.0338333865,849607.4290629632
2021-07-02,846057.08976,3614.0597599999173,842443.03,0.0,0.0028140191770800183,0.0,956518.3711843526,853704.7133491035
2021-07-05,843327.3597599999,3614.0597599999173,839713.2999999999,0.0,-0.0032264134808851486,-0.0032264134808851486,955706.2383854638,858696.1407980606
2021-07-06,845083.34976,3614.0597599999173,841469.29,0.0,0.0020822163299669683,-0.001150915241755368,956309.1775195645,867540.1904976077
2021-07-07,842613.69976,3614.0597599999173,838999.64,0.0,-0.0029223744624733428,-0.00406992629891767,963928.2309950007,859578.6142256294
2021-07-08,841235.9097599998,3614.0597599999173,837621.8499999999,0.0,-0.0016351383800103925,-0.0056984097862329275,969807.1496999323,872830.6046117191
2021-07-09,842059.9297599999,3614.0597599999173,838445.8699999999,0.0,0.0009795349799499586,-0.004724456597998583,967411.122010506,876227.7047829621
2021-07-12,840154.39976,3614.0597599999173,836540.34,0.0,-0.0022629386967065734,-0.006976704139048717,974621.7497594513,882767.5853779679
2021-07-13,841766.8197600002,3614.0597599999173,838152.7600000002,0.0,0.0019191948533041625,-0.00507089894042112,971679.9310799391,887674.1054428773
2021-07-14,836809.97976,3614.0597599999173,833195.92,0.0,-0.005888614143063409,-0.010929652516265875,975891.5920053574,885668.5205988268
2021-07-15,834733.03976,3614.0597599999173,831118.98,0.0,-0.002481973267808968,-0.01338449867870306,967496.0577841792,889552.9328178515
2021-07-16,834904.91976,3614.0597599999173,831290.86,0.0,0.00020591014349857772,-0.013181344539248019,977446.650676438,892271.9811307025
2021-07-19,835870.02976,3614.0597599999173,832255.97,0.0,0.0011559519858590495,-0.012040629554785465,987135.0961190877,882518.4968911165
2021-07-20,838106.00976,3614.0597599999173,834491.9500000001,0.0,0.0026750331037017627,-0.009397805533732262,986245.3676751147,891003.6016306127
2021-07-21,836579.5197599999,3614.0597599999173,832965.46,0.0,-0.0018213567045500811,-0.011202045482165413,977429.873239663,910103.3365900859
2021-07-22,840611.6097599999,3614.0597599999173,836997.5499999999,0.0,0.004819733097406909,-0.0064363032541276954,983428.8554765155,909096.5201214232
2021-07-23,841524.3797599999,3614.0597599999173,837910.32,0.0,0.0010858403445803688,-0.005357451707290628,979776.0929136636,910491.6570905893
2021-07-26,840670.8797599999,3614.0597599999173,837056.82,0.0,-0.0010142308654722543,-0.006366248879881131,970754.02628792,914460.5742889983
2021-07-27,843276.5497599998,3614.0597599999173,839662.4899999999,0.0,0.003099512618712108,-0.003286468529906106,968489.5966181974,912717.3572857024
2021-07-28,845366.9597599999,3614.0597599999173,841752.8999999999,0.0,0.002478913946551753,-0.0008157014560280507,965148.265225481,916267.3712291641
2021-07-29,845876.7097599999,3614.0597599999173,842262.6499999999,0.0,0.0006029925751354082,-0.00021320074281427903,963290.6883975517,930639.2537944259
2021-07-30,843041.9397599999,3614.0597599999173,839427.8799999999,0.0,-0.0033512803547981473,-0.003563766602151408,971043.9613671877,935579.9782557525
2021-08-02,864794.43554,3367.365539999897,861427.0700000001,20000.0,0.025802388652446773,0.0,992309.6092538999,953419.0652115005
2021-08-03,862634.7455399999,3367.365539999897,859267.38,0.0,-0.0024973449310545792,-0.0024973449310545792,985598.1080269597,953323.7069872143
2021-08-04,859236.28554,3367.365539999897,855868.92,0.0,-0.0039396280031273045,-0.00642713432415809,972989.496457828,951042.0970604342
2021-08-05,859780.8455399999,3367.365539999897,856413.48,0.0,0.0006337721173608202,-0.005797435545326413,980216.814250404,959884.1062020113
2021-08-06,855722.65554,3367.365539999897,852355.29,0.0,-0.004720028389852193,-0.010490099874816305,976205.858881103,952646.3347733188
2021-08-09,858069.73554,3367.365539999897,854702.3700000001,0.0,0.002742804558001355,-0.007776067610565596,978899.4487062179,958195.6079892187
2021-08-10,860549.98554,3367.365539999897,857182.6200000001,0.0,0.002890499335044261,-0.004908044993778948,979468.238134922,948804.8780311666
2021-08-11,859746.15554,3367.365539999897,856378.79,0.0,-0.0009340886799221737,-0.005837549124431796,984845.7863555031,952903.6375681603
2021-08-12,865109.6855400001,3367.365539999897,861742.3200000002,0.0,0.006238504197359607,0.0,998124.8524440766,960604.2252061041
2021-08-13,865764.2755400001,3367.365539999897,862396.9100000001,0.0,0.0007566554980729112,0.0,1004537.7793519038,965741.2385126972
2021-08-16,870250.80554,3367.365539999897,866883.4400000001,0.0,0.005182161157205822,0.0,1006937.6105727305,959889.449550786
2021-08-17,868226.95554,3367.365539999897,864859.5900000001,0.0,-0.0023255939404090986,-0.0023255939404090986,1016326.1141626127,958690.0732642891
2021-08-18,868265.2455399998,3367.365539999897,864897.8799999999,0.0,4.4101372061122746e-05,-0.0022815951302316284,1021519.0599815918,966014.5713538626
2021-08-19,870034.6455399999,3367.365539999897,866667.28,0.0,0.0020378565295444684,-0.000248388164221125,1017968.2729177334,957553.1730557728
2021-08-20,868282.73554,3367.365539999897,864915.3700000001,0.0,-0.0020136094682903227,-0.0022614974757521056,1011016.5210289981,946996.7710111871
2021-08-23,871427.7455399999,3367.365539999897,868060.38,0.0,0.003622103574412172,0.0,1010775.7352877781,941739.3268437497
2021-08-24,870200.7455399998,3367.365539999897,866833.3799999999,0.0,-0.001408034121337054,-0.001408034121337054,1016260.299393346,948464.1367900748
2021-08-25,875280.5555399999,3367.365539999897,871913.19,0.0,0.005837515109054392,0.0,1008745.1088701556,935536.1099431975
2021-08-26,878347.7555399997,3367.365539999897,874980.3899999998,0.0,0.0035042478444040626,0.0,1012280.913710116,941257.1923735437
2021-08-27,878620.3655399999,3367.365539999897,875253.0,0.0,0.00031036682029506046,0.0,1026561.6484821646,951846.0655376061
2021-08-30,881072.6055399998,3367.365539999897,877705.2399999999,0.0,0.002791012018589667,0.0,1033977.3142323173,951263.6405211682
2021-08-31,878278.6655399998,3367.365539999897,874911.2999999999,0.0,-0.0031710667003289617,-0.0031710667003289617,1029002.1457392861,950994.8289751199
2021-09-01,897497.2647399999,3264.254739999881,894233.01,20000.0,0.021882120053757337,0.0,1040638.8543275762,973458.5237870673
2021-09-02,900621.4847399996,3264.254739999881,897357.2299999997,0.0,0.0034810356785932584,0.0,1040134.207062216,968914.5683447593
2021-09-03,906198.1447399999,3264.254739999881,902933.89,0.0,0.006192013064856283,0.0,1042152.7961236567,967535.6029233126
2021-09-06,901488.22474,3264.254739999881,898223.9700000001,0.0,-0.005197450499472511,-0.005197450499472511,1045502.5628364257,961369.7054986884
2021-09-07,912857.6847399998,3264.254739999881,909593.4299999999,0.0,0.012611878544812827,0.0,1065546.0610873082,960700.3659225451
2021-09-08,916470.4147399999,3264.254739999881,913206.16,0.0,0.003957604849466945,0.0,1061685.1003338448,964687.8672720842
2021-09-09,916173.4147399999,3264.254739999881,912909.16,0.0,-0.0003240693809895001,-0.0003240693809895001,1077605.2212532766,958549.6666575073
2021-09-10,910640.4647399999,3264.254739999881,907376.21,0.0,-0.006039195103222039,-0.00636130736599283,1073480.2072279921,954752.6857892027
2021-09-13,910895.4247399999,3264.254739999881,907631.17,0.0,0.00027997877304164476,-0.006083109623982397,1079161.7170890307,948901.5248423889
2021-09-14,915505.41474,3264.254739999881,912241.1600000001,0.0,0.005060943193688772,-0.0010529527025415764,1083399.1174242224,952441.2610961631
2021-09-15,912197.2947399998,3264.254739999881,908933.0399999999,0.0,-0.0036134357555271945,-0.004662583681124488,1083569.879147528,964606.8750851277
2021-09-16,915675.46474,3264.254739999881,912411.2100000001,0.0,0.0038129580300843013,-0.0008674038869279643,1077098.937294083,961284.5168253611
2021-09-17,919113.7347399999,3264.254739999881,915849.48,0.0,0.003754900215630519,0.0,1070937.3305751882,974652.8438081985
2021-09-20,917277.4447399998,3264.254739999881,914013.19,0.0,-0.00199789202423295,-0.00199789202423295,1073787.360104098,976958.3934203188
2021-09-21,919675.8047399999,3264.254739999881,916411.55,0.0,0.0026146505768271933,0.0,1076596.4722871676,981021.0118758956
2021-09-22,917164.6847399999,3264.254739999881,913900.43,0.0,-0.0027304404302664897,-0.0027304404302664897,1063379.078451621,977134.2261992557
2021-09-23,922594.12474,3264.254739999881,919329.8700000001,0.0,0.005919809266903053,0.0,1073365.6386596402,975249.1645214899
2021-09-24,926101.7047399998,3264.254739999881,922837.45,0.0,0.0038018668295642932,0.0,1063173.94615781,978079.694578598
2021-09-27,922999.3647399999,3264.254739999881,919735.11,0.0,-0.0033498912528953095,-0.0033498912528953095,1080207.5644487015,976319.2685460452
2021-09-28,928643.8447399996,3264.254739999881,925379.5899999997,0.0,0.006115367155848261,0.0,1095763.7937724628,976983.5723385438
2021-09-29,931212.1847399998,3264.254739999881,927947.9299999999,0.0,0.002765688928589416,0.0,1094307.6818251694,977479.1773789357
2021-09-30,931150.4147399999,3264.254739999881,927886.16,0.0,-6.633289492141703e-05,-6.633289492141703e-05,1093961.2482970573,974176.9622537491
2021-10-01,950012.5534999999,3627.67349999987,946384.88,20000.0,0.020256811854899803,0.0,1115692.870373007,991179.4120390828
2021-10-04,950749.8234999999,3627.67349999987,947122.15,0.0,0.0007760634291449353,0.0,1111342.5700700781,990053.0075545276
2021-10-05,955525.0034999999,3627.67349999987,951897.33,0.0,0.005022541032320138,0.0,1105537.9106568103,993307.5884207388
2021-10-06,961308.0834999998,3627.67349999987,957680.4099999999,0.0,0.0060522539743250725,0.0,1090183.8115541874,987069.9629785095
2021-10-07,964758.6035,3627.67349999987,961130.93,0.0,0.0035894007958794383,0.0,1102854.1792350959,983960.144361644
2021-10-08,965530.9435,3627.67349999987,961903.2700000001,0.0,0.0008005525912888611,0.0,1116213.3953869059,974143.7220095501
2021-10-11,957793.2535,3627.67349999987,954165.5800000001,0.0,-0.00801392234199283,-0.00801392234199283,1117340.5514735668,961676.1803573052
2021-10-12,965579.7435,3627.67349999987,961952.0700000001,0.0,0.008129614581796618,0.0,1109867.1010872435,969218.8074970403
2021-10-13,962452.4134999998,3627.67349999987,958824.7399999999,0.0,-0.0032388106948726403,-0.0032388106948726403,1118163.8365008866,975251.7099949283
2021-10-14,964945.5835,3627.67349999987,961317.91,0.0,0.0025904345659373273,-0.0006567660561118682,1112148.6338856253,973967.6945406711
2021-10-15,955288.4535,3627.67349999987,951660.78,0.0,-0.01000795295105883,-0.01065814612338134,1126305.025485616,990282.1430675455
2021-10-18,956998.2935,3627.67349999987,953370.6200000001,0.0,0.0017898677553733755,-0.008887355040086309,1123023.551358506,988848.6541664783
2021-10-19,963658.4835,3627.67349999987,960030.81,0.0,0.006959458595941603,-0.0019897476235737344,1109362.6862391962,986460.9336336282
2021-10-20,972031.2634999998,3627.67349999987,968403.5899999999,0.0,0.008688534520642444,0.0,1107000.0470885953,987585.6249554694
2021-10-21,975325.7435,3627.67349999987,971698.0700000001,0.0,0.0033892737031293585,0.0,1118871.572752442,994726.5154387357
2021-10-22,972899.4535000001,3627.67349999987,969271.7800000001,0.0,-0.0024876714432791047,-0.0024876714432791047,1106667.8443582733,979830.5656391795
2021-10-25,974587.9735,3627.67349999987,970960.3,0.0,0.0017355544747459373,-0.0007564344578381288,1110284.8543534677,986215.5230748259
2021-10-26,977466.9434999999,3627.67349999987,973839.27,0.0,0.002954038094335143,0.0,1101458.7055585594,991521.1880005563
2021-10-27,975014.9735,3627.67349999987,971387.3,0.0,-0.002508494037885556,-0.002508494037885556,1104369.6458710795,996288.4915433642
2021-10-28,970818.4735,3627.67349999987,967190.8,0.0,-0.004304036465138439,-0.006801733853212366,1102359.2082773752,990360.9485523965
2021-10-29,969348.8134999999,3627.67349999987,965721.14,0.0,-0.0015138360467138456,-0.008305273190039042,1104142.9925032347,1003715.0519092154
2021-11-01,983857.66824,4037.59823999989,979820.0700000002,20000.0,0.014967630369931983,0.0,1125431.805771373,1017254.7153141462
2021-11-02,987820.0482399999,4037.59823999989,983782.4500000001,0.0,0.004027391489551668,0.0,1135093.502091877,1015541.271670035
2021-11-03,985820.4882399999,4037.59823999989,981782.89,0.0,-0.0020242148390920978,-0.0020242148390920978,1121988.027225711,1010755.6873565224
2021-11-04,984362.7982399998,4037.59823999989,980325.2,0.0,-0.0014786566290608816,-0.0034998783494624153,1119877.306001797,1014478.7793338599
2021-11-05,985397.8282399998,4037.59823999989,981360.23,0.0,0.0010514720810768097,-0.002452086292757283,1116934.625796003,1011800.7044897999
2021-11-08,988045.3982399999,4037.59823999989,984007.8,0.0,0.002686803161245921,0.0,1124071.6009097672,1023858.5944891558
2021-11-09,988604.27824,4037.59823999989,984566.6800000002,0.0,0.0005656420251494154,0.0,1123873.650098307,1020937.1774447467
2021-11-10,982626.4382399999,4037.59823999989,978588.8400000001,0.0,-0.00604674704689967,-0.00604674704689967,1133421.6660956577,1017554.851923913
2021-11-11,983288.5182399999,4037.59823999989,979250.92,0.0,0.0006737860637922033,-0.005377035196998836,1131110.7317652954,1023533.1188351879
2021-11-12,992417.2182399997,4037.59823999989,988379.6199999999,0.0,0.00928384683708039,0.0,1132478.85465936,1023186.6729377426
2021-11-15,985956.3582399997,4037.59823999989,981918.7599999999,0.0,-0.006510225620085408,-0.006510225620085408,1134574.3053921037,1027182.3780802827
2021-11-16,985304.4482399997,4037.59823999989,981266.8499999999,0.0,-0.0006611955940561964,-0.00716711668164538,1128458.1908917276,1015881.1643663936
2021-11-17,983384.7882399997,4037.59823999989,979347.1899999998,0.0,-0.0019482912143845565,-0.009101444265566694,1144294.8213822984,1014716.4420932675
2021-11-18,983639.65824,4037.59823999989,979602.0600000002,0.0,0.0002591762685859589,-0.008844626875344042,1147129.4770024102,1017246.8514728423
2021-11-19,985463.2582399999,4037.59823999989,981425.66,0.0,0.001853930943840565,-0.007007093258954433,1146725.091773284,1021706.5232523143
2021-11-22,988420.6682399999,4037.59823999989,984383.0700000001,0.0,0.003001035274802444,-0.004027086518195944,1146989.2147131467,1007208.6580483787
2021-11-23,989308.2082399997,4037.59823999989,985270.6099999999,0.0,0.000897937516401992,-0.0031327650738603996,1145803.206565626,1009749.9894297646
2021-11-24,989412.75824,4037.59823999989,985375.1600000001,0.0,0.00010567990756515933,-0.0030274162366187296,1146554.854075428,1012113.0737415948
2021-11-25,992410.3682399999,4037.59823999989,988372.77,0.0,0.0030296860183327556,-6.9023389296374305e-06,1155920.7553262354,1028247.0548168201
2021-11-26,992004.1282399999,4037.59823999989,987966.53,0.0,-0.0004093467914089155,-0.0004162463048882348,1156604.533986394,1025745.0426419537
2021-11-29,990539.9282399997,4037.59823999989,986502.3299999998,0.0,-0.0014760019220867449,-0.0018916338466288263,1160393.312517744,1029804.0953949977
2021-11-30,984153.8182399999,4037.59823999989,980116.2200000001,0.0,-0.006447100028917241,-0.008326538322918742,1177693.0822918802,1020858.5390317074
2021-12-01,1008336.5240799999,25503.644079999907,982832.88,20000.0,0.024572079477623632,0.0,1200010.23793346,1041023.67969909
2021-12-02,1007680.6340799999,25503.644079999907,982176.99,0.0,-0.0006504673631637647,-0.0006504673631637647,1197857.4153276805,1041050.8514024385
2021-12-03,1013628.8140799999,25503.644079999907,988125.17,0.0,0.005902842427284227,0.0,1208118.8388141107,1040564.8788064846
2021-12-06,1016818.53408,25503.644079999907,991314.8900000001,0.0,0.003146832406195177,0.0,1209584.3456267011,1049874.0825487748
2021-12-07,1015781.97408,25503.644079999907,990278.3300000001,0.0,-0.0010194149351712145,-0.0010194149351712145,1217012.5326300783,1060295.544377313
2021-12-08,1020459.5540799999,25503.644079999907,994955.91,0.0,0.004604905500746437,0.0,1223967.9383932867,1067066.19832644
2021-12-09,1027098.7540799999,25503.644079999907,1001595.11,0.0,0.006506088333883664,0.0,1229973.755558541,1072100.5358878241
2021-12-10,1028883.1840799997,25503.644079999907,1003379.5399999998,0.0,0.0017373499801371928,0.0,1227946.892918208,1068420.3291162655
2021-12-13,1026441.7040799999,25503.644079999907,1000938.06,0.0,-0.0023729418827880266,-0.0023729418827880266,1221092.1400954248,1066386.0148672087
2021-12-14,1027949.6140800001,25503.644079999907,1002445.9700000002,0.0,0.0014690654072280207,-0.0009073624823933146,1225101.5780823037,1068832.3590440906
2021-12-15,1029632.5540799999,25503.644079999907,1004128.91,0.0,0.0016371814113729233,0.0,1251183.9183245907,1082747.8346605862
2021-12-16,1030775.0640799997,25503.644079999907,1005271.4199999998,0.0,0.001109628862716594,0.0,1240786.181998842,1090991.1058436488
2021-12-17,1029957.3740799999,25503.644079999907,1004453.73,0.0,-0.0007932768539852253,-0.0007932768539852253,1229960.526886371,1097152.4009373544
2021-12-20,1036857.4440799999,25503.644079999907,1011353.8,0.0,0.006699374336887942,0.0,1249534.9355805968,1096757.297644402
2021-12-21,1036703.1840799998,25503.644079999907,1011199.5399999999,0.0,-0.0001487764792362789,-0.0001487764792362789,1245976.4227668226,1109362.2953715338
2021-12-22,1033977.89408,25503.644079999907,1008474.2500000001,0.0,-0.002628804504365756,-0.002777189879323183,1250397.6750699552,1112800.184001755
2021-12-23,1031539.6840799998,25503.644079999907,1006036.0399999999,0.0,-0.0023580871641067924,-0.005128728187623333,1267750.8171589128,1106016.6123575934
2021-12-24,1035062.5040799999,25503.644079999907,1009558.86,0.0,0.003415108555074209,-0.0017311347960593526,1271948.9075141314,1119964.1594927954
2021-12-27,1035103.0140799999,25503.644079999907,1009599.37,0.0,3.913773307440138e-05,-0.0016920648156765195,1274269.676740506,1111314.6490727854
2021-12-28,1031505.6540800001,25503.644079999907,1006002.0100000002,0.0,-0.0034753642401448293,-0.0051615485142689765,1268722.2618239305,1120744.1210102243
2021-12-29,1031774.7840799998,25503.644079999907,1006271.1399999999,0.0,0.0002609098640760088,-0.004901985349114235,1286215.7428698235,1123271.0894216322
2021-12-30,1037205.4040799998,25503.644079999907,1011701.7599999999,0.0,0.005263377322060059,0.0,1283146.6909263458,1124514.3062092648
2021-12-31,1037706.8440799998,25503.644079999907,1012203.2,0.0,0.0004834529380850494,0.0,1301537.9962008311,1131868.929061504
2022-01-03,1058767.7172399997,4350.5672399998875,1054417.15,20000.0,0.020295590493740745,0.0,1318370.5919555663,1161203.5227561034
2022-01-04,1054279.57724,4350.5672399998875,1049929.01,0.0,-0.004239022334095455,-0.004239022334095455,1328308.2656304368,1150163.4001450574
2022-01-05,1048097.8972400001,4350.5672399998875,1043747.3300000002,0.0,-0.005863416245037167,-0.01007758342671583,1339798.2628024751,1130214.7624703725
2022-01-06,1045293.17724,4350.5672399998875,1040942.6100000001,0.0,-0.0026760095668408868,-0.012726625283896231,1335273.2806895874,1115908.1087952894
2022-01-07,1043131.0772399999,4350.5672399998875,1038780.51,0.0,-0.002068414916577721,-0.014768716258898973,1332382.384786284,1119268.008167803
2022-01-10,1042430.2072399998,4350.5672399998875,1038079.6399999999,0.0,-0.0006718906332026098,-0.015430683929982814,1337868.6627894419,1109325.643047682
2022-01-11,1045853.38724,4350.5672399998875,1041502.8200000001,0.0,0.003283845744516123,-0.012197510171225168,1332721.700042813,1120359.4202397054
2022-01-12,1045518.7772400001,4350.5672399998875,1041168.2100000002,0.0,-0.0003199396818734934,-0.012513547385574753,1365147.0397291372,1109175.1659680011
2022-01-13,1043827.2372399999,4350.5672399998875,1039476.67,0.0,-0.0016178953805742191,-0.014111197155639243,1361809.9530237888,1103972.3756136124
2022-01-14,1040737.1772399999,4350.5672399998875,1036386.61,0.0,-0.002960317464191231,-0.01702974099645005,1356347.035795607,1116370.4178955138
2022-01-17,1043754.87724,4350.5672399998875,1039404.31,0.0,0.0028995793231898492,-0.01417954075813277,1347517.8308933566,1110192.2459884947
2022-01-18,1038783.05724,4350.5672399998875,1034432.4900000001,0.0,-0.004763398100851912,-0.018875396061466376,1348668.9330803084,1098136.8563338185
2022-01-19,1035974.63724,4350.5672399998875,1031624.0700000001,0.0,-0.0027035673911181,-0.021527932547298345,1357197.9520241146,1096975.1914084507
2022-01-20,1027664.5872399999,4350.5672399998875,1023314.02,0.0,-0.008021480161077399,-0.029376726824538624,1361318.7927299142,1087061.3806739317
2022-01-21,1032112.62724,4350.5672399998875,1027762.06,0.0,0.004328299384088075,-0.02517557870907161,1357522.6667962836,1090532.7781235583
2022-01-24,1035097.7072399999,4350.5672399998875,1030747.14,0.0,0.002892203739414123,-0.0223561878725419,1341216.2618435298,1090418.56058115
2022-01-25,1037890.31724,4350.5672399998875,1033539.7500000001,0.0,0.0026979192210234704,-0.019718583840488635,1359821.3670539407,1080732.731687232
2022-01-26,1047031.9872399997,4350.5672399998875,1042681.4199999998,0.0,0.008807934565098874,-0.011084329271573101,1355440.0537071566,1081801.481548339
2022-01-27,1047931.53724,4350.5672399998875,1043580.9700000001,0.0,0.0008591428064881335,-0.010234709486843352,1348887.9403457101,1073711.525538627
2022-01-28,1048510.90724,4350.5672399998875,1044160.3400000001,0.0,0.000552870086843571,-0.00968749786472256,1351397.471597527,1082335.4032346767
2022-01-31,1045330.0072399997,4350.5672399998875,1040979.4399999998,0.0,-0.003033730958863723,-0.012691839561400187,1351478.6502905695,1086780.36926007
2022-02-01,1066106.9923199997,3486.6323199998988,1062620.3599999999,20000.0,0.01987600560215208,0.0,1389261.4562218182,1111099.333393441
2022-02-02,1063316.42232,3486.6323199998988,1059829.79,0.0,-0.002617532780576859,-0.002617532780576859,1397447.531754375,1114981.9108730785
2022-02-03,1059856.0723199998,3486.6323199998988,1056369.44,0.0,-0.003254299404546135,-0.005863313949753812,1388100.058607355,1112233.3672578572
2022-02-04,1066150.69232,3486.6323199998988,1062664.06,0.0,0.0059391271743354235,0.0,1387828.0782476414,1105508.0895051474
2022-02-07,1063266.6023199998,3486.6323199998988,1059779.97,0.0,-0.002705142922830306,-0.002705142922830306,1389189.165145816,1095366.4020396136
2022-02-08,1058350.99232,3486.6323199998988,1054864.36,0.0,-0.004623120851604101,-0.007315757571781378,1424398.4744577603,1105483.6272361958
2022-02-09,1055828.6423199999,3486.6323199998988,1052342.01,0.0,-0.0023832830680027284,-0.009681605118633585,1431065.252294662,1117569.3727550143
2022-02-10,1054546.11232,3486.6323199998988,1051059.4800000002,0.0,-0.0012147141577648624,-0.010884558893590968,1415609.1832254468,1108237.7094783494
2022-02-11,1056527.4323200001,3486.6323199998988,1053040.8000000003,0.0,0.0018788367591069388,-0.009026172443840075,1422866.1406664327,1109506.0550458771
2022-02-14,1061338.95232,3486.6323199998988,1057852.32,0.0,0.004554089040011311,-0.004513189396828543,1409710.9424834223,1116726.116804551
2022-02-15,1064643.69232,3486.6323199998988,1061157.06,0.0,0.0031137460777974635,-0.0014134962448137944,1422882.732060925,1122505.2124563032
2022-02-16,1063511.6223199998,3486.6323199998988,1060024.99,0.0,-0.0010633322755457808,-0.0024753255041811695,1422254.6292694295,1119565.586211913
2022-02-17,1069314.43232,3486.6323199998988,1065827.8,0.0,0.005456273235022513,0.0,1413935.230031131,1121164.8647386539
2022-02-18,1065102.68232,3486.6323199998988,1061616.05,0.0,-0.003938738571836242,-0.003938738571836242,1396472.194778147,1120661.772792291
2022-02-21,1072616.2923199998,3486.6323199998988,1069129.66,0.0,0.007054352716147294,0.0,1384471.876161764,1111706.274594787
2022-02-22,1071996.66232,3486.6323199998988,1068510.03,0.0,-0.0005776809511812697,-0.0005776809511812697,1374540.7414584956,1115841.3211520945
2022-02-23,1077802.0223199998,3486.6323199998988,1074315.39,0.0,0.0054154646222834835,0.0,1374543.704207512,1116970.7394940672
2022-02-24,1077400.0123199997,3486.6323199998988,1073913.38,0.0,-0.00037299057867290486,-0.00037299057867290486,1379658.5941095771,1110035.455470169
2022-02-25,1080634.19232,3486.6323199998988,1077147.56,0.0,0.0030018377232388094,0.0,1366114.0907058003,1112547.684336273
2022-02-28,1087467.1323199996,3486.6323199998988,1083980.4999999998,0.0,0.006323083286241538,0.0,1363331.4768295148,1109827.7569602027
2022-03-01,1107048.84168,4293.261679999894,1102755.58,20000.0,0.018006713746120173,0.0,1393452.8200196412,1132693.9963977383
2022-03-02,1104558.87168,4293.261679999894,1100265.61,0.0,-0.0022491961567128183,-0.0022491961567128183,1384699.0610659188,1133458.9095378143
2022-03-03,1109864.11168,4293.261679999894,1105570.85,0.0,0.0048030395989042685,0.0,1404087.666245268,1128988.7721823575
2022-03-04,1108353.77168,4293.261679999894,1104060.51,0.0,-0.0013608332624738262,-0.0013608332624738262,1408304.9328519823,1122105.0237700387
2022-03-07,1112391.5416799998,4293.261679999894,1108098.2799999998,0.0,0.003643033572105381,0.0,1408802.107404192,1110968.20794742
2022-03-08,1115867.8416799998,4293.261679999894,1111574.5799999998,0.0,0.003125068709844747,0.0,1396548.8888756037,1119210.2879862494
2022-03-09,1117165.81168,4293.261679999894,1112872.55,0.0,0.0011631933025741947,0.0,1413276.0771956628,1119556.0963837286
2022-03-10,1116302.92168,4293.261679999894,1112009.66,0.0,-0.000772392057632465,-0.000772392057632465,1408565.2431072504,1111676.7392835594
2022-03-11,1113018.07168,4293.261679999894,1108724.81,0.0,-0.002942615249144298,-0.0037127344541295626,1407555.2633639462,1099807.429858128
2022-03-14,1113727.9816800002,4293.261679999894,1109434.7200000002,0.0,0.000637824324746683,-0.0030772782017290945,1407036.4463886654,1102102.1692783562
2022-03-15,1118458.61168,4293.261679999894,1114165.35,0.0,0.0042475632091634186,0.0,1410238.3226463075,1116508.1900325778
2022-03-16,1118236.82168,4293.261679999894,1113943.56,0.0,-0.00019829969359963506,-0.00019829969359963506,1407738.0216032108,1109421.9369744528
2022-03-17,1121945.15168,4293.261679999894,1117651.89,0.0,0.0033162295571957934,0.0,1407985.105933269,1120990.5434455546
2022-03-18,1120027.3716799999,4293.261679999894,1115734.1099999999,0.0,-0.0017093348967446298,-0.0017093348967446298,1416110.032261101,1117136.3772981071
2022-03-21,1122941.38168,4293.261679999894,1118648.12,0.0,0.002601731059151957,0.0,1431797.1819169237,1117776.780621156
2022-03-22,1128530.58168,4293.261679999894,1124237.32,0.0,0.004977285627891126,0.0,1435781.1912972082,1128759.956028047
2022-03-23,1131285.8516799998,4293.261679999894,1126992.5899999999,0.0,0.002441466846116125,0.0,1434156.8072100603,1142688.1409939043
2022-03-24,1130664.7616800002,4293.261679999894,1126371.5000000002,0.0,-0.0005490124349007974,-0.0005490124349007974,1435600.837771618,1151171.7230929297
2022-03-25,1137034.18168,4293.261679999894,1132740.92,0.0,0.005633340859173552,0.0,1446453.911763209,1153067.091401939
2022-03-28,1130023.87168,4293.261679999894,1125730.61,0.0,-0.006165434701041139,-0.006165434701041139,1422600.9556470872,1154758.0756716772
2022-03-29,1129857.70168,4293.261679999894,1125564.44,0.0,-0.000147049990858239,-0.006311578064782997,1418403.527928188,1167135.291180906
2022-03-30,1125212.73168,4293.261679999894,1120919.47,0.0,-0.0041111106231283,-0.010396741092280504,1415618.2683146587,1169014.2147971
2022-03-31,1120075.53168,4293.261679999894,1115782.27,0.0,-0.0045655366806326425,-0.014914811070097289,1433072.2813428456,1174239.8683253103
2022-04-01,1133019.36588,4206.045879999874,1128813.32,20000.0,0.011556215481812515,-0.0035309543588812886,1462628.6134854439,1186486.9004356326
2022-04-04,1139559.15588,4206.045879999874,1135353.11,0.0,0.005772001959490458,0.0,1468776.7701572117,1183550.657332884
2022-04-05,1138647.7158799998,4206.045879999874,1134441.67,0.0,-0.0007998180658698173,-0.0007998180658698173,1470262.762619368,1193740.0517329006
2022-04-06,1136113.59588,4206.045879999874,1131907.55,0.0,-0.0022255522622652846,-0.003023590291229117,1467572.982170026,1209449.2390750956
2022-04-07,1138298.60588,4206.045879999874,1134092.56,0.0,0.0019232319795519093,-0.0011061733772185223,1463428.903929583,1219140.657349939
2022-04-08,1142781.7658799998,4206.045879999874,1138575.72,0.0,0.0039384744713220066,0.0,1455902.0290669221,1225381.1297515812
2022-04-11,1146440.62588,4206.045879999874,1142234.58,0.0,0.0032017136685609238,0.0,1451908.5005139904,1229600.5454993297
2022-04-12,1137906.1758799998,4206.045879999874,1133700.13,0.0,-0.007444301787063123,-0.007444301787063123,1450892.4425015154,1229212.965233
2022-04-13,1127635.8558799997,4206.045879999874,1123429.8099999998,0.0,-0.009025629896118215,-0.016402742170416262,1432040.2083528312,1217061.7742937938
2022-04-14,1128450.7358799996,4206.045879999874,1124244.6899999997,0.0,0.0007226446336827674,-0.0156919508903407,1436866.9410467667,1218685.2146941903
2022-04-15,1129476.61588,4206.045879999874,1125270.57,0.0,0.0009091048172344962,-0.014797111701252308,1442134.351570948,1237537.5776364468
2022-04-18,1135045.7858799999,4206.045879999874,1130839.74,0.0,0.004930752812142947,-0.009939319789242007,1431461.1710931722,1228803.401375732
2022-04-19,1139132.8058799999,4206.045879999874,1134926.76,0.0,0.003600753424084502,-0.0063743554049218165,1448088.6831389563,1220491.6923843578
2022-04-20,1140483.15588,4206.045879999874,1136277.11,0.0,0.0011854192882776449,-0.005196492400491359,1447825.9830769426,1223591.856610844
2022-04-21,1149472.5958800002,4206.045879999874,1145266.5500000003,0.0,0.00788213307110519,0.0,1443610.5918266259,1214746.8065871345
2022-04-22,1152487.8958799997,4206.045879999874,1148281.8499999999,0.0,0.002623203033119026,0.0,1421074.461680701,1217354.7295382575
2022-04-25,1162739.7958799999,4206.045879999874,1158533.75,0.0,0.008895451341961458,0.0,1420417.4067692144,1221894.3410670673
2022-04-26,1162646.0458799999,4206.045879999874,1158440.0,0.0,-8.06285295577025e-05,-8.06285295577025e-05,1412307.8375694652,1214906.4265735145
2022-04-27,1170738.06588,4206.045879999874,1166532.02,0.0,0.006960003028157358,0.0,1403876.4455559265,1209977.8010659222
2022-04-28,1169193.5158799998,4206.045879999874,1164987.47,0.0,-0.0013192959595441645,-0.0013192959595441645,1406619.253627995,1218927.990002816
2022-04-29,1170433.93588,4206.045879999874,1166227.8900000001,0.0,0.0010609193287105523,-0.00025977629741735786,1403650.3162682073,1211294.904905632
2022-05-02,1186260.1802799997,4624.600279999868,1181635.5799999998,20000.0,0.013521689618560595,0.0,1425783.0019224668,1224386.322501118
2022-05-03,1182293.0502799999,4624.600279999868,1177668.45,0.0,-0.0033442326278401158,-0.0033442326278401158,1419913.9591093897,1215308.3981476754
2022-05-04,1179480.04028,4624.600279999868,1174855.4400000002,0.0,-0.0023792832067596192,-0.005715558958068856,1416753.800392258,1229205.3715598173
2022-05-05,1177457.17028,4624.600279999868,1172832.57,0.0,-0.0017150523374011017,-0.007420808812719226,1417947.5144929588,1213136.692401896
2022-05-06,1178042.2602799998,4624.600279999868,1173417.66,0.0,0.000496909794061251,-0.006927586491236815,1409815.2985454102,1214880.37292127
2022-05-09,1174296.4302799997,4624.600279999868,1169671.8299999998,0.0,-0.00317970766100506,-0.010085266452403485,1413278.9858091208,1213725.5307383358
2022-05-10,1174200.72028,4624.600279999868,1169576.12,0.0,-8.150412241048066e-05,-0.010165948584022533,1415250.3759008525,1221831.7746686107
2022-05-11,1175570.2602799998,4624.600279999868,1170945.66,0.0,0.0011663593594741783,-0.009011446373827336,1406956.8138216194,1229766.0311639851
2022-05-12,1181044.8002799999,4624.600279999868,1176420.2,0.0,0.00465692284414887,-0.004396489140155446,1407868.6358301814,1229825.3036697982
2022-05-13,1182220.10028,4624.600279999868,1177595.5,0.0,0.0009951358320374748,-0.0034057284119966003,1392738.5723321766,1229546.4313883493
2022-05-16,1181965.8302799999,4624.600279999868,1177341.23,0.0,-0.00021507839355783265,-0.003620074306958765,1388709.8645153637,1229552.261470888
2022-05-17,1183151.15028,4624.600279999868,1178526.55,0.0,0.0010028377890749507,-0.002620866865198135,1403107.9976688686,1219195.6056805572
2022-05-18,1176742.8702799997,4624.600279999868,1172118.2699999998,0.0,-0.005416281764577313,-0.00802295327636604,1374084.8576824402,1229643.5994306658
2022-05-19,1176199.2702799998,4624.600279999868,1171574.67,0.0,-0.00046195308569874083,-0.00848120013404241,1388762.4101904333,1229701.900256056
2022-05-20,1178813.2702799998,4624.600279999868,1174188.67,0.0,0.0022224125333607514,-0.006277636326157521,1385113.2676029473,1218850.1732901211
2022-05-23,1173255.65028,4624.600279999868,1168631.05,0.0,-0.004714588934581432,-0.010962628785980422,1360180.6538745905,1229053.7894138033
2022-05-24,1177014.12028,4624.600279999868,1172389.52,0.0,0.003203453568796366,-0.007794293489491899,1368106.396228336,1223035.2008727037
2022-05-25,1172503.17028,4624.600279999868,1167878.57,0.0,-0.003832536859393665,-0.011596958431794091,1374929.9157744432,1220820.2553480933
2022-05-26,1172342.64028,4624.600279999868,1167718.04,0.0,-0.0001369122097654163,-0.011732282876354083,1377209.1617036422,1219279.1701969495
2022-05-27,1170782.3002799999,4624.600279999868,1166157.7,0.0,-0.0013309590100957225,-0.013047626698846626,1377176.397929775,1206075.9766069495
2022-05-30,1169168.9502799998,4624.600279999868,1164544.3499999999,0.0,-0.0013780102411987682,-0.014407657176831012,1368716.5442435567,1202551.2058719092
2022-05-31,1168614.27028,4624.600279999868,1163989.6700000002,0.0,-0.00047442245183371146,-0.014875244312621771,1370175.4594572561,1209690.6277811325
2022-06-01,1185212.61926,4330.799259999883,1180881.82,20000.0,0.014203445398645487,-0.000883078634361989,1373385.5708114621,1232527.9346167818
2022-06-02,1181745.2792599997,4330.799259999883,1177414.4799999997,0.0,-0.00292550040697781,-0.0038059955944355073,1340525.9328808829,1228582.535920585
2022-06-03,1185090.8392599998,4330.799259999883,1180760.04,0.0,0.002831033098854352,-0.0009857373950830084,1336731.9027897404,1230219.6615530662
2022-06-06,1176611.76926,4330.799259999883,1172280.97,0.0,-0.007154784864672803,-0.008133469520760994,1326352.2695410557,1231317.9925957925
2022-06-07,1181318.72926,4330.799259999883,1176987.9300000002,0.0,0.00400043593220234,-0.004165571012282876,1316849.6293590735,1234849.0478815362
2022-06-08,1192953.70926,4330.799259999883,1188622.9100000001,0.0,0.009849145460758324,0.0,1318234.7514558397,1244321.6592711653
2022-06-09,1192538.5092599997,4330.799259999883,1188207.71,0.0,-0.00034804368080443293,-0.00034804368080443293,1313902.4809847036,1244178.9354980772
2022-06-10,1193144.61926,4330.799259999883,1188813.82,0.0,0.0005082519308969857,0.0,1289332.874081646,1241885.9719048315
2022-06-13,1196668.78926,4330.799259999883,1192337.99,0.0,0.002953682179940298,0.0,1280162.0860686807,1235428.8323438389
2022-06-14,1186594.6792600001,4330.799259999883,1182263.8800000001,0.0,-0.008418461390832688,-0.008418461390832688,1283108.6071232604,1234364.0833653684
2022-06-15,1193455.70926,4330.799259999883,1189124.9100000001,0.0,0.005782117617684435,-0.002685020307070074,1286535.0278173445,1260701.8049659266
2022-06-16,1199766.51926,4330.799259999883,1195435.72,0.0,0.005287846001351015,0.0,1292786.896846499,1257870.540636812
2022-06-17,1205136.8392600003,4330.799259999883,1200806.0400000003,0.0,0.00447613757659493,0.0,1299475.3804496345,1271172.9889132862
2022-06-20,1207078.7592599997,4330.799259999883,1202747.96,0.0,0.0016113688808914173,0.0,1307471.1984955512,1284361.356942067
2022-06-21,1202382.4892599997,4330.799259999883,1198051.69,0.0,-0.00389060777018313,-0.00389060777018313,1300883.086058848,1275388.5256851893
2022-06-22,1200453.76926,4330.799259999883,1196122.97,0.0,-0.0016040819100640036,-0.005488448826703962,1296851.3017672189,1281336.0080357082
2022-06-23,1202318.93926,4330.799259999883,1197988.14,0.0,0.0015537208077156528,-0.003943255536132395,1309206.3650352503,1281790.3536109368
2022-06-24,1211079.7392599997,4330.799259999883,1206748.94,0.0,0.007286585708607296,0.0,1301511.0331688405,1276826.1343476789
2022-06-27,1216090.68926,4330.799259999883,1211759.89,0.0,0.004137588828842853,0.0,1309981.10497615,1276095.230596224
2022-06-28,1215301.8192599998,4330.799259999883,1210971.02,0.0,-0.0006486933967729813,-0.0006486933967729813,1315053.6127997246,1287889.94295838
2022-06-29,1219543.97926,4330.799259999883,1215213.18,0.0,0.0034906226031845566,0.0,1307680.0959856885,1291661.505086663
2022-06-30,1217879.36926,4330.799259999883,1213548.57,0.0,-0.0013649446254574427,-0.0013649446254574427,1285432.8269459594,1278527.9548392415
2022-07-01,1241304.0422999999,4348.052299999877,1236955.99,20000.0,0.01923398460574388,0.0,1297990.304955001,1297258.256498032
2022-07-04,1248754.4123,4348.052299999877,1244406.36,0.0,0.006002050864343689,0.0,1312709.4456799342,1310797.0905655115
2022-07-05,1252907.6823,4348.052299999877,1248559.6300000001,0.0,0.003325930190188675,0.0,1311084.746136666,1315222.0903485327
2022-07-06,1247861.4322999998,4348.052299999877,1243513.38,0.0,-0.004027631142572874,-0.004027631142572874,1301227.5984370974,1320289.6229724118
2022-07-07,1251667.0822999997,4348.052299999877,1247319.0299999998,0.0,0.0030497376563562995,-0.0009901767045780163,1304447.6892181472,1316440.444970269
2022-07-08,1261085.7023,4348.052299999877,1256737.6500000001,0.0,0.007524860350799578,0.0,1309318.6021625723,1324911.2448269522
2022-07-11,1255983.2722999996,4348.052299999877,1251635.2199999997,0.0,-0.004046061255547073,-0.004046061255547073,1315430.0209935636,1321409.6665583886
2022-07-12,1263759.8822999997,4348.052299999877,1259411.8299999998,0.0,0.006191650933184301,0.0,1309650.5505790596,1329296.117656602
2022-07-13,1260107.9223,4348.052299999877,1255759.87,0.0,-0.002889757818038463,-0.002889757818038463,1303212.2804281875,1321378.0665826085
2022-07-14,1267232.1423,4348.052299999877,1262884.09,0.0,0.005653658606475931,0.0,1312339.2690388993,1325090.8129432888
2022-07-15,1259160.7022999998,4348.052299999877,1254812.65,0.0,-0.006369346018441968,-0.006369346018441968,1317236.941740508,1341191.2513966092
2022-07-18,1252675.6423,4348.052299999877,1248327.59,0.0,-0.005150303680979018,-0.011486845633176812,1302354.0567870964,1342407.09808376
2022-07-19,1258685.6623,4348.052299999877,1254337.61,0.0,0.004797746357520838,-0.006744210247451865,1308132.8900645245,1358489.4794080635
2022-07-20,1262017.8323000001,4348.052299999877,1257669.7800000003,0.0,0.002647340872947712,-0.004114723597947845,1305302.0900367834,1336692.5183367685
2022-07-21,1258229.4222999997,4348.052299999877,1253881.3699999999,0.0,-0.003001867250240098,-0.007104238994175449,1304352.1186567785,1335117.0338300276
2022-07-22,1261278.0722999997,4348.052299999877,1256930.0199999998,0.0,0.0024229682965346555,-0.004698484043494822,1319849.2037512527,1332548.9088142638
2022-07-25,1261856.1723,4348.052299999877,1257508.12,0.0,0.00045834460512428343,-0.004242292963184124,1316929.8416699765,1336367.4900144609
2022-07-26,1263038.4722999998,4348.052299999877,1258690.42,0.0,0.0009369530584810715,-0.0033093147340697016,1324450.6077126183,1350740.4631251465
2022-07-27,1264644.6923,4348.052299999877,1260296.6400000001,0.0,0.0012717110644107077,-0.0020418121618220875,1316130.871776934,1333204.4829149675
2022-07-28,1266179.6623,4348.052299999877,1261831.61,0.0,0.0012137559342524362,-0.0008305344891976763,1302726.7819764344,1344465.109204791
2022-07-29,1264576.6722999997,4348.052299999877,1260228.6199999999,0.0,-0.001266005171089546,-0.002095488199329143,1295791.544906445,1342548.5455943937
2022-08-01,1279888.2997,3670.0796999999147,1276218.2200000002,20000.0,0.012108105214491793,0.0,1343139.3796106398,1370966.17723786
2022-08-02,1288177.3497,3670.0796999999147,1284507.27,0.0,0.006476385479844415,0.0,1325780.7796191291,1379004.5029541114
2022-08-03,1289407.0596999999,3670.0796999999147,1285736.98,0.0,0.0009546123445551835,0.0,1318287.3283168585,1388550.0147421602
2022-08-04,1289746.1996999998,3670.0796999999147,1286076.1199999999,0.0,0.0002630201203324134,0.0,1302098.0844408758,1391895.7540362915
2022-08-05,1287008.8597,3670.0796999999147,1283338.78,0.0,-0.0021223865599577785,-0.0021223865599577785,1303544.9039267362,1376784.699354278
2022-08-08,1286860.1597,3670.0796999999147,1283190.08,0.0,-0.00011553922016871443,-0.0022376805612384087,1285091.3261124443,1387567.11156599
2022-08-09,1299173.9096999997,3670.0796999999147,1295503.8299999998,0.0,0.009568833029123036,0.0,1282964.106939894,1387821.6178260029
2022-08-10,1303017.9097,3670.0796999999147,1299347.83,0.0,0.002958803260517895,0.0,1299264.5948711152,1387283.5915923354
2022-08-11,1296585.5596999999,3670.0796999999147,1292915.48,0.0,-0.004936501603021726,-0.004936501603021726,1300097.6317498758,1390693.46646399
2022-08-12,1295298.8397,3670.0796999999147,1291628.76,0.0,-0.0009923911232651017,-0.005923993785916015,1307972.6760323246,1400035.373244028
2022-08-15,1296691.2297,3670.0796999999147,1293021.1500000001,0.0,0.00107495657166079,-0.004855405250305811,1338871.3591425156,1394888.7476540445
2022-08-16,1303986.4697,3670.0796999999147,1300316.3900000001,0.0,0.005626042524933039,0.0,1336607.0252042066,1394855.6618402428
2022-08-17,1301474.2996999999,3670.0796999999147,1297804.22,0.0,-0.0019265307258733433,-0.0019265307258733433,1331838.4064875105,1392301.9460272721
2022-08-18,1290249.9197000002,3670.0796999999147,1286579.8400000003,0.0,-0.008624357778395542,-0.010534273414017914,1309664.620500367,1385359.524266637
2022-08-19,1279615.8097,3670.0796999999147,1275945.7300000002,0.0,-0.008241899369753614,-0.018689350362359747,1308043.820486256,1396762.4227402606
2022-08-22,1288299.5797,3670.0796999999147,1284629.5,0.0,0.006786232191078989,-0.012029948442340177,1300924.200951007,1400061.3328825494
2022-08-23,1289007.2897,3670.0796999999147,1285337.2100000002,0.0,0.000549336513922416,-0.011487220418357591,1319888.725298079,1409279.0406077013
2022-08-24,1285508.3796999997,3670.0796999999147,1281838.2999999998,0.0,-0.0027144221975771154,-0.014170461449842686,1308380.1397230227,1415453.8714881374
2022-08-25,1280526.7196999998,3670.0796999999147,1276856.64,0.0,-0.0038752450615393563,-0.01799079250062885,1315327.7190333102,1419068.8784053624
2022-08-26,1284420.3697,3670.0796999999147,1280750.29,0.0,0.0030406628304580074,-0.015004833604218004,1321942.859713409,1423275.3578708577
2022-08-29,1284814.9896999998,3670.0796999999147,1281144.91,0.0,0.0003072358624240934,-0.014702207764786812,1312095.8205215335,1412844.6733104838
2022-08-30,1292127.0797,3670.0796999999147,1288457.0,0.0,0.005691161808212941,-0.009094718599901186,1296635.4839144666,1400944.4696047946
2022-08-31,1290486.0396999998,3670.0796999999147,1286815.96,0.0,-0.0012700298800184529,-0.010353197915547452,1291745.919626087,1402313.2042711447
2022-09-01,1298322.1606199997,4586.230619999886,1293735.93,20000.0,0.006072224478942401,-0.004343840378423058,1309911.0394824187,1443104.329664129
2022-09-02,1303083.2506199996,4586.230619999886,1298497.0199999998,0.0,0.0036671098625677967,-0.000692659855748512,1303383.802208389,1456246.4340164138
2022-09-05,1309683.7506199996,4586.230619999886,1305097.5199999998,0.0,0.005065294175839785,0.0,1290927.0118945173,1465253.015802008
2022-09-06,1296597.72062,4586.230619999886,1292011.4900000002,0.0,-0.009991748003137957,-0.009991748003137957,1299550.0847633784,1450954.1832829793
2022-09-07,1300330.37062,4586.230619999886,1295744.1400000001,0.0,0.0028788034566458176,-0.007141708825181503,1300505.0659463569,1437000.665865937
2022-09-08,1293416.6106199997,4586.230619999886,1288830.38,0.0,-0.005316925726116639,-0.012420662615917122,1299347.134842099,1434494.1634216225
2022-09-09,1302091.2106199996,4586.230619999886,1297504.9799999997,0.0,0.006706733104225204,-0.00579723158083445,1300180.6087906545,1429908.5440403847
2022-09-12,1310298.0306199999,4586.230619999886,1305711.8,0.0,0.006302799629599454,0.0,1302279.728364794,1420736.2729457654
2022-09-13,1302265.37062,4586.230619999886,1297679.1400000001,0.0,-0.0061304068328631445,-0.0061304068328631445,1323722.7996590715,1425984.133397031
2022-09-14,1298320.5406199996,4586.230619999886,1293734.3099999998,0.0,-0.0030292059429655183,-0.009141042511017772,1324624.5803772486,1428198.4858447474
2022-09-15,1297069.7506199996,4586.230619999886,1292483.5199999998,0.0,-0.0009633907504865702,-0.010095626865699425,1327503.3166392806,1443186.4000695338
2022-09-16,1282646.0306199999,4586.230619999886,1278059.8,0.0,-0.011120234662095219,-0.02110359578798704,1321138.9647389634,1419795.302197004
2022-09-19,1281038.9406199998,4586.230619999886,1276452.71,0.0,-0.0012529489521152515,-0.02233010301187388,1333602.979807314,1407719.080782839
2022-09-20,1279664.7706199999,4586.230619999886,1275078.54,0.0,-0.0010726996318588533,-0.02337884915045252,1343133.0877612457,1426118.3365756806
2022-09-21,1275692.8006199996,4586.230619999886,1271106.5699999998,0.0,-0.003103914471346836,-0.02641019767359787,1345320.8747767212,1431414.716637689
2022-09-22,1280917.0206199999,4586.230619999886,1276330.79,0.0,0.004095202228515449,-0.022423150545450854,1352412.9564918524,1419238.3590056088
2022-09-23,1278212.8606199997,4586.230619999886,1273626.63,0.0,-0.002111112551764882,-0.024486925302649065,1355141.9432974064,1420435.3481259476
2022-09-26,1286862.66062,4586.230619999886,1282276.4300000002,0.0,0.006767104499171284,-0.01788552638586416,1333675.227352106,1432662.2900330573
2022-09-27,1292837.21062,4586.230619999886,1288250.9800000002,0.0,0.004642725430483496,-0.013325838543569946,1350524.6683893332,1450050.8926574541
2022-09-28,1296268.35062,4586.230619999886,1291682.12,0.0,0.002653961358641821,-0.01070724344549423,1349572.3143898018,1463708.1307493239
2022-09-29,1294940.6906199998,4586.230619999886,1290354.46,0.0,-0.001024216937307143,-0.011720493842712565,1346311.3229362336,1453033.3002199025
2022-09-30,1293504.88062,4586.230619999886,1288918.6500000001,0.0,-0.0011087843716706125,-0.012816282713982163,1356422.038431949,1452985.2967752316
2022-10-03,1320723.26724,4497.9772399998765,1316225.29,20000.0,0.021042353243347467,0.0,1362576.1248704852,1466530.640048264
2022-10-04,1325935.20724,4497.9772399998765,1321437.23,0.0,0.0039462771113980555,0.0,1374361.2588334475,1453784.5566899567
2022-10-05,1327118.8772399998,4497.9772399998765,1322620.9,0.0,0.0008927057623455692,0.0,1391522.3602970485,1480295.0704203774
2022-10-06,1323710.80724,4497.9772399998765,1319212.83,0.0,-0.002568021643311713,-0.002568021643311713,1394387.321030805,1488563.7760550869
2022-10-07,1323389.74724,4497.9772399998765,1318891.77,0.0,-0.00024254542475898866,-0.0028099442061704227,1427666.3262966925,1487027.359388831
2022-10-10,1326018.7572399997,4497.9772399998765,1321520.7799999998,0.0,0.0019865727428241,-0.0008289536219151517,1433293.594448012,1478110.8050372195
2022-10-11,1329627.53724,4497.9772399998765,1325129.56,0.0,0.002721515046673728,0.0,1433113.6178546862,1480324.375370415
2022-10-12,1335476.71724,4497.9772399998765,1330978.74,0.0,0.0043991116580974765,0.0,1420243.9582719423,1469729.0660237938
2022-10-13,1336874.72724,4497.9772399998765,1332376.75,0.0,0.0010468246896053746,0.0,1433328.923186702,1477718.3280277879
2022-10-14,1339312.6072399998,4497.9772399998765,1334814.63,0.0,0.001823566524466358,0.0,1432491.6987377494,1478222.268507898
2022-10-17,1348773.95724,4497.9772399998765,1344275.98,0.0,0.007064332814351371,0.0,1443979.5380317364,1470848.9337573727
2022-10-18,1331545.9772400002,4497.9772399998765,1327048.0000000002,0.0,-0.01277306690830049,-0.01277306690830049,1447201.119052268,1445489.685921285
2022-10-19,1331745.56724,4497.9772399998765,1327247.59,0.0,0.00014989343470772631,-0.01262508807246332,1427365.698727841,1437337.6767840467
2022-10-20,1322609.3472399998,4497.9772399998765,1318111.3699999999,0.0,-0.006860334454827366,-0.019398810200591976,1435243.340875708,1437465.3626377818
2022-10-21,1322791.44724,4497.9772399998765,1318293.47,0.0,0.0001376823779297709,-0.019263798696979695,1444456.1427140622,1444611.0607228372
2022-10-24,1321477.60724,4497.9772399998765,1316979.6300000001,0.0,-0.0009932329111600469,-0.0202378981692799,1433959.5078433172,1441286.51880161
2022-10-25,1327044.64724,4497.9772399998765,1322546.6700000002,0.0,0.004212738808058392,-0.016110416340232803,1436169.887041348,1447719.478637537
2022-10-26,1332580.99724,4497.9772399998765,1328083.02,0.0,0.004171939513500478,-0.012005688509241108,1443059.6576658492,1446085.204370263
2022-10-27,1334675.5772399998,4497.9772399998765,1330177.5999999999,0.0,0.0015718219037628156,-0.010452737409646917,1445414.684718516,1449174.78338851
2022-10-28,1341350.29724,4497.9772399998765,1336852.32,0.0,0.005001005573056938,-0.005504006034629416,1444186.1778240735,1437449.1402547255
2022-10-31,1352226.3272399998,4497.9772399998765,1347728.3499999999,0.0,0.008108269720727312,0.0,1466894.55784196,1447396.0775817651
2022-11-01,1381700.3541599999,54165.60415999991,1327534.75,20000.0,0.021796666967843326,0.0,1478312.3406602214,1459986.6349463717
2022-11-02,1386350.8441599999,54165.60415999991,1332185.24,0.0,0.0033657731837430926,0.0,1482934.9533237426,1460457.781851819
2022-11-03,1380961.62416,54165.60415999991,1326796.02,0.0,-0.003887342098648494,-0.003887342098648494,1478231.2540472085,1460039.161459479
2022-11-04,1387021.19416,54165.60415999991,1332855.59,0.0,0.004387935112741381,0.0,1473759.3273395365,1465185.6986023143
2022-11-07,1388233.96416,54165.60415999991,1334068.36,0.0,0.000874370200762753,0.0,1472489.6461241066,1481459.8979613027
2022-11-08,1399424.0341599998,54165.60415999991,1345258.43,0.0,0.008060651366335714,0.0,1475849.334789949,1467814.1465410367
2022-11-09,1403800.85416,54165.60415999991,1349635.2500000002,0.0,0.003127586702216023,0.0,1471857.1705426043,1462772.1318535765
2022-11-10,1406395.2641599996,54165.60415999991,1352229.6599999997,0.0,0.001848132512750178,0.0,1476821.0227025556,1453472.286179389
2022-11-11,1412314.68416,54165.60415999991,1358149.08,0.0,0.004208930555192003,0.0,1488905.6309286065,1462207.604480383
2022-11-14,1417750.72416,54165.60415999991,1363585.12,0.0,0.0038490288750578916,0.0,1474940.489002427,1467361.0390441313
2022-11-15,1410572.40416,54165.60415999991,1356406.8,0.0,-0.005063174983919061,-0.005063174983919061,1482118.681419411,1446669.3068757362
2022-11-16,1418160.1941599997,54165.60415999991,1363994.5899999999,0.0,0.005379227594147107,0.0,1490572.6365478006,1438217.313403018
2022-11-17,1414732.26416,54165.60415999991,1360566.6600000001,0.0,-0.0024171669844605947,-0.0024171669844605947,1484862.1118263537,1431376.1329989235
2022-11-18,1422651.7041600002,54165.60415999991,1368486.1000000003,0.0,0.005597836566413772,0.0,1485299.9795366244,1435747.5061452966
2022-11-21,1421625.4641599995,54165.60415999991,1367459.8599999996,0.0,-0.0007213571649334893,-0.0007213571649334893,1487568.3775356656,1439469.991155001
2022-11-22,1413496.67416,54165.60415999991,1359331.07,0.0,-0.005717954696881189,-0.00643518717422531,1497985.304420747,1431233.9400139463
2022-11-23,1424205.8041599996,54165.60415999991,1370040.1999999997,0.0,0.007576339014991884,0.0,1490632.1000640101,1447411.0449093117
2022-11-24,1417615.2541599998,54165.60415999991,1363449.65,0.0,-0.004627526429641926,-0.004627526429641926,1496689.2700560882,1444568.7769222842
2022-11-25,1414543.5241599998,54165.60415999991,1360377.92,0.0,-0.002166829110356927,-0.006784328481022173,1488583.9873636547,1445993.3596262545
2022-11-28,1418283.7741599998,54165.60415999991,1364118.17,0.0,0.002644139212486296,-0.004158127977502923,1496606.8319995247,1452477.9964262268
2022-11-29,1416530.5641599996,54165.60415999991,1362364.9599999997,0.0,-0.0012361489512481283,-0.005389136863212629,1486871.032663753,1449799.1442577553
2022-11-30,1421743.8241599998,54165.60415999991,1367578.22,0.0,0.003680301810566,-0.001728668702801528,1486581.1480222314,1459222.0823666991
2022-12-01,1446921.81478,5034.734779999875,1441887.08,20000.0,0.017709231573329154,0.0,1512848.4674863683,1470932.443570858
2022-12-02,1453049.30478,5034.734779999875,1448014.57,0.0,0.0042348452676634896,0.0,1497030.8599334185,1480036.6741615671
2022-12-05,1454675.9847799998,5034.734779999875,1449641.25,0.0,0.001119494014861555,0.0,1484177.6414491173,1475665.8258938075
2022-12-06,1451883.9147799998,5034.734779999875,1446849.18,0.0,-0.001919375881098584,-0.001919375881098584,1485173.9884333825,1467982.1478843377
2022-12-07,1439903.3447799997,5034.734779999875,1434868.6099999999,0.0,-0.00825174098152015,-0.010155278670001766,1476515.0141268305,1475915.404234472
2022-12-08,1444552.5347799999,5034.734779999875,1439517.8,0.0,0.0032288208905510984,-0.00695924735536968,1475306.387029079,1488999.4411669427
2022-12-09,1438804.0147799999,5034.734779999875,1433769.28,0.0,-0.003979446826331889,-0.010911000226899614,1453974.2899474092,1489197.3826095387
2022-12-12,1443283.3647799997,5034.734779999875,1438248.63,0.0,0.003113245413542076,-0.00783172343477101,1453961.964005336,1505955.7075701987
2022-12-13,1443584.7847799999,5034.734779999875,1438550.05,0.0,0.00020884325791836744,-0.007624515779489749,1454111.2448593357,1510880.5767234855
2022-12-14,1437111.0047799998,5034.734779999875,1432076.27,0.0,-0.004484516647899284,-0.012074840159443823,1459345.6615931662,1496941.3036667546
2022-12-15,1436256.3847799997,5034.734779999875,1431221.65,0.0,-0.0005946791842506016,-0.012662338687598362,1468435.359097727,1518779.946359262
2022-12-16,1450895.2147799996,5034.734779999875,1445860.4799999997,0.0,0.010192351557234192,-0.002599046137805039,1465527.121542968,1513182.1838780197
2022-12-19,1453918.1947799998,5034.734779999875,1448883.46,0.0,0.002083527445128741,-0.0005209338766355431,1450049.1621715962,1528189.1573791886
2022-12-20,1453144.8847799997,5034.734779999875,1448110.15,0.0,-0.0005318799935075669,-0.0010525367958361675,1441277.8848372642,1535407.0275373312
2022-12-21,1456823.1947799998,5034.734779999875,1451788.46,0.0,0.002531275469174421,0.0,1436954.9030423043,1554548.7180744673
2022-12-22,1465660.7047799996,5034.734779999875,1460625.9699999997,0.0,0.00606628864207126,0.0,1437673.9163299184,1547667.56352248
2022-12-23,1464253.9247799998,5034.734779999875,1459219.19,0.0,-0.0009598265106049997,-0.0009598265106049997,1432114.2316802628,1535722.2277692915
2022-12-26,1459319.6347799997,5034.734779999875,1454284.9,0.0,-0.0033698321831313605,-0.004326424239470605,1433529.6606950231,1527815.8656369012
2022-12-27,1465414.5847799997,5034.734779999875,1460379.8499999999,0.0,0.004176569584030121,-0.00016792426732681331,1446396.5746705167,1533794.9881257543
2022-12-28,1464609.65478,5034.734779999875,1459574.9200000002,0.0,-0.0005492848292625307,-0.0007171168583368637,1434942.3506115447,1534652.9136717888
2022-12-29,1465349.0047799998,5034.734779999875,1460314.27,0.0,0.0005048102732265747,-0.00021266859306734442,1452289.7445307134,1524217.957187105
2022-12-30,1471458.44478,5034.734779999875,1466423.7100000002,0.0,0.004169272971879856,0.0,1421954.2315389963,1527050.9940842611
2023-01-02,1500737.0611,4747.001099999867,1495990.0600000003,20000.0,0.019897684792843373,0.0,1421895.8151382427,1555960.5105385035
2023-01-03,1493028.0510999998,4747.001099999867,1488281.05,0.0,-0.0051368159018807535,-0.0051368159018807535,1419972.6232888782,1553348.8612162478
2023-01-04,1503733.3110999998,4747.001099999867,1498986.31,0.0,0.007170166690513735,0.0,1418355.030722186,1568617.1745187568
2023-01-05,1506554.8610999999,4747.001099999867,1501807.86,0.0,0.0018763633013729741,0.0,1406137.3103097,1558215.8029534454
2023-01-06,1512729.1411,4747.001099999867,1507982.1400000001,0.0,0.004098277573172382,0.0,1409372.4954430843,1564242.2668600066
2023-01-09,1518465.4811,4747.001099999867,1513718.4800000002,0.0,0.00379204699912683,0.0,1416773.5544343553,1564187.2331480207
2023-01-10,1528965.3410999998,4747.001099999867,1524218.34,0.0,0.006914783464418095,0.0,1417479.9055036237,1550121.4881856365
2023-01-11,1525910.2011,4747.001099999867,1521163.2000000002,0.0,-0.0019981747904120883,-0.0019981747904120883,1419976.7905518238,1572315.875874791
2023-01-12,1519589.4210999997,4747.001099999867,1514842.42,0.0,-0.004142301424712724,-0.006132199172843689,1410854.6519640463,1570336.841796253
2023-01-13,1527371.0810999996,4747.001099999867,1522624.0799999998,0.0,0.005120896402639463,-0.0010427051268887544,1399196.7338739103,1584188.990569544
2023-01-16,1542725.4710999997,4747.001099999867,1537978.47,0.0,0.010052822257798688,0.0,1417865.3773260857,1594933.6417244698
2023-01-17,1545089.6610999997,4747.001099999867,1540342.66,0.0,0.0015324761561850142,0.0,1417802.8683819026,1608566.200538055
2023-01-18,1556440.8610999996,4747.001099999867,1551693.8599999999,0.0,0.007346628668732924,0.0,1420568.5418900896,1631670.0066955686
2023-01-19,1554067.9510999995,4747.001099999867,1549320.9499999997,0.0,-0.0015245744694232233,-0.0015245744694232233,1431281.8803792375,1620449.1232210826
2023-01-20,1553618.4210999997,4747.001099999867,1548871.42,0.0,-0.00028926019591457575,-0.001813393666628138,1431279.7967477648,1639953.3976817841
2023-01-23,1549606.5111,4747.001099999867,1544859.5100000002,0.0,-0.0025823007409754295,-0.00439101167979461,1434622.6361739086,1642852.203105193
2023-01-24,1547543.6710999997,4747.001099999867,1542796.67,0.0,-0.0013312024602529782,-0.005716368814496442,1430680.4054274317,1637398.4167362265
2023-01-25,1546966.7511,4747.001099999867,1542219.7500000002,0.0,-0.0003727972339478969,-0.00608703500196206,1425730.3915919599,1624741.2078677358
2023-01-26,1538450.4910999998,4747.001099999867,1533703.49,0.0,-0.005505134479422136,-0.011558659535117366,1437536.2475166623,1621109.527764912
2023-01-27,1538524.1911,4747.001099999867,1533777.1900000002,0.0,4.790534399812252e-05,-0.011511307912680513,1438072.4353489876,1621316.5852951554
2023-01-30,1555418.0111,4747.001099999867,1550671.0100000002,0.0,0.01098053582629821,-0.0006571724153250358,1450540.8860820301,1630161.2111659783
2023-01-31,1557032.1710999997,4747.001099999867,1552285.17,0.0,0.0010377660464777616,0.0,1464985.313995081,1634156.8766114407
2023-02-01,1565696.6911199996,4657.241119999817,1561039.4499999997,20000.0,0.005564766214097405,0.0,1489841.5644142781,1645265.3903521942
2023-02-02,1576082.7411200001,4657.241119999817,1571425.5000000002,0.0,0.0066335006383457795,0.0,1502946.4205179077,1628820.7345538302
2023-02-03,1583914.5011200001,4657.241119999817,1579257.2600000002,0.0,0.0049691299800889155,0.0,1486399.031706959,1609451.5302349243
2023-02-06,1601668.34112,4657.241119999817,1597011.1,0.0,0.011208837337776778,0.0,1495871.276610227,1618385.6894931705
2023-02-07,1599578.3511199998,4657.241119999817,1594921.1099999999,0.0,-0.0013048831311348597,-0.0013048831311348597,1493652.990196983,1613531.1154589774
2023-02-08,1596122.17112,4657.241119999817,1591464.9300000002,0.0,-0.0021606819056907423,-0.0034627455994551415,1478769.8441917812,1615120.2562148587
2023-02-09,1600897.7511199997,4657.241119999817,1596240.5099999998,0.0,0.002991989013377605,-0.00048111708286713295,1479948.3308486426,1634974.862777838
2023-02-10,1605561.1611199998,4657.241119999817,1600903.92,0.0,0.0029129967836718507,0.0,1481733.6606944017,1654731.837298544
2023-02-13,1601559.08112,4657.241119999817,1596901.84,0.0,-0.0024926362800207214,-0.0024926362800207214,1463236.9113381428,1660029.340880454
2023-02-14,1597668.6011199995,4657.241119999817,1593011.3599999996,0.0,-0.002429182941711905,-0.004915764152201185,1470835.8270933176,1664338.3889835237
2023-02-15,1607427.76112,4657.241119999817,1602770.52,0.0,0.006108375662611687,0.0,1467855.8187190674,1670879.735815872
2023-02-16,1602077.85112,4657.241119999817,1597420.61,0.0,-0.003328242879339305,-0.003328242879339305,1465530.525154185,1679588.293349316
2023-02-17,1603456.6811199998,4657.241119999817,1598799.44,0.0,0.0008606510595199346,-0.0024704562755797355,1485106.4979542722,1686714.8808418484
2023-02-20,1601973.90112,4657.241119999817,1597316.6600000001,0.0,-0.0009247396686539178,-0.0033929114153159468,1496571.7510568083,1706819.910835293
2023-02-21,1603302.01112,4657.241119999817,1598644.77,0.0,0.0008290459657747107,-0.002566678329062433,1485139.58569195,1717942.241346084
2023-02-22,1613815.74112,4657.241119999817,1609158.5,0.0,0.006557548064606733,0.0,1501821.4374368656,1702433.0880544796
2023-02-23,1608467.32112,4657.241119999817,1603810.08,0.0,-0.003314145390779344,-0.003314145390779344,1487234.6730819258,1693161.9051926779
2023-02-24,1610017.36112,4657.241119999817,1605360.12,0.0,0.0009636751581130198,-0.002353663992249677,1479376.687380679,1670544.918586153
2023-02-27,1615605.8411199998,4657.241119999817,1610948.5999999999,0.0,0.0034710681604774862,0.0,1483825.932106703,1652424.5218588177
2023-02-28,1621763.9411199999,4657.241119999817,1617106.7,0.0,0.0038116351422270434,0.0,1473333.5992907754,1639158.147572216
2023-03-01,1635895.3069399998,6282.986939999813,1629612.32,20000.0,0.008713577519944504,0.0,1491337.071119414,1673633.6147213278
2023-03-02,1643980.4169399997,6282.986939999813,1637697.43,0.0,0.004942315052619994,0.0,1491608.938953855,1682120.3554363078
2023-03-03,1648198.3769399996,6282.986939999813,1641915.39,0.0,0.0025656996619527472,0.0,1505389.9979736987,1690113.5901131323
2023-03-06,1650971.1869399997,6282.986939999813,1644688.2,0.0,0.0016823278306752343,0.0,1518831.400591459,1696910.4634327535
2023-03-07,1642797.3569399994,6282.986939999813,1636514.3699999996,0.0,-0.004950922259976065,-0.004950922259976065,1517370.735349724,1684828.4977339245
2023-03-08,1642942.8269399998,6282.986939999813,1636659.84,0.0,8.855017898934392e-05,-0.004862810486038871,1519190.3232180306,1690548.4783526382
2023-03-09,1639381.1369399996,6282.986939999813,1633098.15,0.0,-0.002167872150873218,-0.0070201406854843995,1527789.4814144855,1673032.3635866065
2023-03-10,1653907.7869399996,6282.986939999813,1647624.7999999998,0.0,0.008861057183514154,0.0,1516087.0339477307,1676054.8089379354
2023-03-13,1651817.7169399997,6282.986939999813,1645534.73,0.0,-0.0012637161615078885,-0.0012637161615078885,1503043.0864055185,1669800.5689543858
2023-03-14,1656287.0769399998,6282.986939999813,1650004.09,0.0,0.0027057222804702796,0.0,1501412.592962742,1673279.1166056844
2023-03-15,1664721.0469399996,6282.986939999813,1658438.0599999998,0.0,0.005092094309871342,0.0,1499727.155101981,1687170.9766209167
2023-03-16,1669597.67694,6282.986939999813,1663314.6900000002,0.0,0.002929397696367353,0.0,1508016.6265788893,1689518.4798906504
2023-03-17,1679638.8069399998,6282.986939999813,1673355.82,0.0,0.0060141015639187945,0.0,1510327.8599535734,1698544.5043532078
2023-03-20,1679736.1369399996,6282.986939999813,1673453.15,0.0,5.794698217131966e-05,0.0,1509064.8519038076,1708242.6795736153
2023-03-21,1692771.8969399994,6282.986939999813,1686488.9099999997,0.0,0.007760599842631999,0.0,1509298.187289273,1710729.190765861
2023-03-22,1684323.0669399998,6282.986939999813,1678040.08,0.0,-0.004991121376289653,-0.004991121376289653,1512289.4470319948,1703239.510892675
2023-03-23,1685649.03694,6282.986939999813,1679366.0500000003,0.0,0.0007872420832002458,-0.004207808513879141,1505288.6719041695,1710480.762952536
2023-03-24,1689887.8569399999,6282.986939999813,1683604.87,0.0,0.00251465157165498,-0.0017037381145167396,1504099.874496876,1705441.865327657
2023-03-27,1688661.91694,6282.986939999813,1682378.9300000002,0.0,-0.000725456423019577,-0.0024279585497780642,1518314.7803496337,1691350.7047970155
2023-03-28,1691667.13694,6282.986939999813,1685384.1500000004,0.0,0.0017796457478274075,-0.000652633708059791,1524332.9780285733,1694538.954778811
2023-03-29,1691225.8769399994,6282.986939999813,1684942.8899999997,0.0,-0.00026084327724118506,-0.0009133067501857495,1528433.116025157,1683009.6711815363
2023-03-30,1689236.8769399999,6282.986939999813,1682953.8900000001,0.0,-0.0011760699898929472,-0.002088302627418215,1538669.903303088,1674754.0520726608
2023-03-31,1673335.3169399996,6282.986939999813,1667052.3299999998,0.0,-0.009413457767276201,-0.011482102246106018,1553285.118486873,1667547.4124272407
2023-04-03,1693697.02496,5502.0649599998,1688194.9600000002,20000.0,0.012168336981756678,0.0,1575738.3510716723,1686754.118218848
2023-04-04,1697007.19496,5502.0649599998,1691505.1300000001,0.0,0.0019544050389284084,0.0,1568605.6577971675,1682559.26367789
2023-04-05,1696551.8249599999,5502.0649599998,1691049.76,0.0,-0.00026833710626128493,-0.00026833710626128493,1561279.993694383,1680967.7612884114
2023-04-06,1705929.93496,5502.0649599998,1700427.87,0.0,0.005527747435726704,0.0,1562572.9705175757,1690175.5376262611
2023-04-07,1706798.31496,5502.0649599998,1701296.2500000002,0.0,0.0005090361463295778,0.0,1553294.470542088,1684773.3559265113
2023-04-10,1709258.7449599998,5502.0649599998,1703756.68,0.0,0.0014415470055448854,0.0,1533314.4010746968,1688363.699442712
2023-04-11,1707694.2049600002,5502.0649599998,1702192.1400000004,0.0,-0.0009153324530957185,-0.0009153324530957185,1519632.9861708186,1685494.2494476242
2023-04-12,1719967.7449599998,5502.0649599998,1714465.68,0.0,0.007187200123037973,0.0,1539603.6600548103,1684322.5149940287
2023-04-13,1708931.67496,5502.0649599998,1703429.61,0.0,-0.006416440094495157,-0.006416440094495157,1562608.3846396196,1672250.3733332625
2023-04-14,1701207.10496,5502.0649599998,1695705.04,0.0,-0.00452011634706273,-0.010907553385796853,1559013.4898835768,1690015.6529346663
2023-04-17,1710983.3849599997,5502.0649599998,1705481.3199999998,0.0,0.005746672448931234,-0.0052235630733930005,1559533.1379192816,1700199.6863293205
2023-04-18,1721973.6549599997,5502.0649599998,1716471.5899999999,0.0,0.006423364537965437,0.0,1549811.600049653,1704557.8153433204
2023-04-19,1725400.74496,5502.0649599998,1719898.6800000002,0.0,0.00199021047164627,0.0,1542639.156229997,1704705.2708362753
2023-04-20,1730795.8049599999,5502.0649599998,1725293.74,0.0,0.003126844598716705,0.0,1558939.0479535663,1703656.6984419294
2023-04-21,1741775.90496,5502.0649599998,1736273.84,0.0,0.006343960372756863,0.0,1566576.9345200844,1691991.8955184063
2023-04-24,1745737.33496,5502.0649599998,1740235.27,0.0,0.0022743626138810313,0.0,1548914.6832036036,1699714.9475823652
2023-04-25,1751839.4749599996,5502.0649599998,1746337.4099999997,0.0,0.003495451393402016,0.0,1546884.5144521513,1708305.7836968175
2023-04-26,1756540.2749599998,5502.0649599998,1751038.21,0.0,0.0026833508818537855,0.0,1556610.3887448872,1725614.572729993
2023-04-27,1744051.4149599997,5502.0649599998,1738549.3499999999,0.0,-0.007109919526487651,-0.007109919526487651,1549630.1930163265,1704541.9963632333
2023-04-28,1747569.8349600001,5502.0649599998,1742067.7700000003,0.0,0.002017383185966004,-0.005106879772628026,1555925.9566311012,1686613.4422887876
2023-05-01,1769683.6342799999,5589.784279999818,1764093.85,20000.0,0.012654028970754183,0.0,1570569.0286190805,1695944.1051836037
2023-05-02,1775575.1242799996,5589.784279999818,1769985.3399999999,0.0,0.0033291204630463422,0.0,1577267.3721595588,1689753.1051529162
2023-05-03,1769758.25428,5589.784279999818,1764168.4700000002,0.0,-0.003276048374668661,-0.003276048374668661,1591173.572585234,1701184.358787933
2023-05-04,1756287.45428,5589.784279999818,1750697.6700000002,0.0,-0.007611661065810571,-0.010862773270616133,1596848.4970798553,1691638.0185429961
2023-05-05,1759924.1142799996,5589.784279999818,1754334.3299999998,0.0,0.002070651926105338,-0.008814614366906337,1614221.7308397056,1709954.322816998
2023-05-08,1769029.1042799999,5589.784279999818,1763439.32,0.0,0.005173512838492655,-0.0036867040490073943,1590465.6711422126,1728930.9470684163
2023-05-09,1766939.3842799996,5589.784279999818,1761349.5999999999,0.0,-0.0011812807346947007,-0.004863629751234444,1608226.1643264252,1718296.0793455567
2023-05-10,1758993.0842799996,5589.784279999818,1753403.2999999998,0.0,-0.0044972114327724855,-0.00933896841268489,1596549.0847838928,1708507.335922763
2023-05-11,1759466.1142799999,5589.784279999818,1753876.33,0.0,0.00026892089811370035,-0.009072558958344246,1607947.249693756,1692685.3832171322
2023-05-12,1768523.9842799995,5589.784279999818,1762934.1999999997,0.0,0.005148078685053958,-0.003971186520682624,1600452.4255224539,1693082.1469091906
2023-05-15,1774358.2942799996,5589.784279999818,1768768.5099999998,0.0,0.003298971374920523,-0.0006853159764182992,1599923.1465738453,1692201.1485670267
2023-05-16,1773709.9142799997,5589.784279999818,1768120.13,0.0,-0.000365416614045766,-0.0010504821646204476,1602370.4211591806,1695599.3667018875
2023-05-17,1785448.5142799998,5589.784279999818,1779858.73,0.0,0.006618105872608249,0.0,1620450.0922432456,1710122.404265795
2023-05-18,1790325.1642799997,5589.784279999818,1784735.38,0.0,0.0027313305093910056,0.0,1602275.9854961513,1713809.905438381
2023-05-19,1793587.8542799994,5589.784279999818,1787998.0699999996,0.0,0.0018224007934959374,0.0,1607540.9567249073,1722964.6273417328
2023-05-22,1800400.46428,5589.784279999818,1794810.6800000002,0.0,0.0037983140796498116,0.0,1600502.9376212836,1714805.8166077833
2023-05-23,1802878.6642800001,5589.784279999818,1797288.8800000004,0.0,0.0013764715401753946,0.0,1593460.5261612397,1730006.89702296
2023-05-24,1812517.3642799996,5589.784279999818,1806927.5799999998,0.0,0.005346283247435801,0.0,1607628.0717939036,1732273.138053678
2023-05-25,1815300.0542799998,5589.784279999818,1809710.27,0.0,0.0015352625331153114,0.0,1624968.3628806043,1749922.2618829652
2023-05-26,1817671.0842799998,5589.784279999818,1812081.3,0.0,0.001306136687656556,0.0,1627020.3253881407,1755613.019506519
2023-05-29,1822698.3942800001,5589.784279999818,1817108.6100000003,0.0,0.0027657974225803184,0.0,1618844.6859717406,1756154.4247174398
2023-05-30,1824704.4842799997,5589.784279999818,1819114.7,0.0,0.0011006154426289605,0.0,1632212.0906765638,1757764.3477099983
2023-05-31,1828385.3142799998,5589.784279999818,1822795.53,0.0,0.0020172197918681967,0.0,1633430.96958311,1773896.1648552478
2023-06-01,1847606.0568399997,7591.856839999848,1840014.2,20000.0,0.0105124135541248,0.0,1669798.3537227837,1800617.7076903011
2023-06-02,1855378.0468399995,7591.856839999848,1847786.1899999997,0.0,0.004206519009410714,0.0,1680937.5545045717,1789893.4511305196
2023-06-05,1852840.6568399998,7591.856839999848,1845248.8,0.0,-0.0013675865165706513,-0.0013675865165706513,1676034.0537214219,1804957.1292395045
2023-06-06,1855525.8868399998,7591.856839999848,1847934.03,0.0,0.0014492503659648825,0.0,1670354.0541741834,1805434.6621731096
2023-06-07,1857383.6268399998,7591.856839999848,1849791.77,0.0,0.0010011932537161705,0.0,1662733.5486506573,1794701.7337077544
2023-06-08,1861586.2568399997,7591.856839999848,1853994.4,0.0,0.0022626612721625694,0.0,1658121.9758379764,1802516.8550109956
2023-06-09,1864580.6268399996,7591.856839999848,1856988.7699999998,0.0,0.0016085045691531796,0.0,1692467.2274702094,1806108.7582997244
2023-06-12,1865853.3268399995,7591.856839999848,1858261.4699999997,0.0,0.0006825663538920779,0.0,1694446.262011127,1803153.9510071618
2023-06-13,1865400.9468399996,7591.856839999848,1857809.0899999999,0.0,-0.0002424520692448917,-0.0002424520692448917,1698062.7605488352,1801474.491961007
2023-06-14,1876071.0468399995,7591.856839999848,1868479.1899999997,0.0,0.005720003529576356,0.0,1700428.562603927,1815125.805715515
2023-06-15,1869976.1968399999,7591.856839999848,1862384.34,0.0,-0.003248730910412778,-0.003248730910412778,1724459.2729242493,1827020.7695277792
2023-06-16,1879340.33684,7591.856839999848,1871748.4800000002,0.0,0.005007625239200397,0.0,1722979.627855656,1835372.3927225287
2023-06-19,1876324.9268399999,7591.856839999848,1868733.07,0.0,-0.0016045044853719714,-0.0016045044853719714,1739363.159030785,1842084.447636764
2023-06-20,1868699.2168400001,7591.856839999848,1861107.3600000003,0.0,-0.004064173475988753,-0.005662156976789179,1742457.2991441782,1828995.6514904862
2023-06-21,1873414.8368399995,7591.856839999848,1865822.9799999997,0.0,0.00252347727098301,-0.0031529680302418983,1754717.5329699223,1830793.0484524462
2023-06-22,1881117.7168399994,7591.856839999848,1873525.8599999996,0.0,0.004111678763574211,0.0,1754170.7237257455,1821436.6404651955
2023-06-23,1884607.3468399995,7591.856839999848,1877015.4899999998,0.0,0.0018550832671238027,0.0,1737419.6893187573,1810441.8204515069
2023-06-26,1887862.6668399998,7591.856839999848,1880270.81,0.0,0.0017273200199812155,0.0,1742921.864721548,1826000.9534322831
2023-06-27,1879456.8168399995,7591.856839999848,1871864.9599999997,0.0,-0.004452574939717624,-0.004452574939717624,1759349.110998854,1829073.1205136136
2023-06-28,1874906.78684,7591.856839999848,1867314.9300000002,0.0,-0.00242092819543982,-0.006862723770943657,1734003.2429435528,1817375.2980213969
2023-06-29,1885024.9768399997,7591.856839999848,1877433.1199999999,0.0,0.005396636286677969,-0.0015031231083932894,1739874.403446073,1824243.447235963
2023-06-30,1894450.75684,7591.856839999848,1886858.9000000001,0.0,0.005000347536933569,0.0,1757747.952764888,1840332.7227108264
2023-07-03,1916079.98204,7102.722039999848,1908977.26,20000.0,0.011417148279999623,0.0,1798997.1970924719,1851067.080668583
2023-07-04,1916229.75204,7102.722039999848,1909127.03,0.0,7.816479552213984e-05,0.0,1802565.1909669728,1878085.8197408696
2023-07-05,1914044.5720399998,7102.722039999848,1906941.8499999999,0.0,-0.001140353862929988,-0.001140353862929988,1799679.0270852891,1869849.8675235503
2023-07-06,1902975.7120399997,7102.722039999848,1895872.9899999998,0.0,-0.005782968778100472,-0.006916728010245232,1812145.27699792,1867943.418748863
2023-07-07,1906491.9820399997,7102.722039999848,1899389.2599999998,0.0,0.0018477745027185577,-0.005081734061186283,1814913.0572105208,1877376.8919776273
2023-07-10,1900730.8520399996,7102.722039999848,1893628.1299999997,0.0,-0.003021848533470095,-0.008088226364036166,1805333.7204433023,1875880.7212654264
2023-07-11,1903725.86204,7102.722039999848,1896623.1400000001,0.0,0.001575714939748618,-0.006525256163405491,1788090.9142623087,1854467.9468304182
2023-07-12,1909294.14204,7102.722039999848,1902191.4200000002,0.0,0.0029249379393485597,-0.0036194041933731436,1778460.627561561,1847580.8860208178
2023-07-13,1909894.7020400001,7102.722039999848,1902791.9800000002,0.0,0.00031454556255972044,-0.003305997098341451,1776756.8018432462,1846977.7422024617
2023-07-14,1912459.31204,7102.722039999848,1905356.59,0.0,0.0013428017771139888,-0.0019676346200062644,1785598.1138380195,1846992.9376862575
2023-07-17,1924118.9420399999,7102.722039999848,1917016.22,0.0,0.006096668267186578,0.0,1788233.2743706994,1838916.5380487943
2023-07-18,1912500.2820399997,7102.722039999848,1905397.5599999998,0.0,-0.006038431276853218,-0.006038431276853218,1796956.9519601187,1834208.2758388366
2023-07-19,1918810.5920399998,7102.722039999848,1911707.8699999999,0.0,0.003299508010147445,-0.002758847119072594,1807540.302123354,1826466.7612865653
2023-07-20,1913160.5020399997,7102.722039999848,1906057.7799999998,0.0,-0.0029445793260882702,-0.005695302800970192,1811262.6443258994,1823085.1817003172
2023-07-21,1908405.2320400001,7102.722039999848,1901302.5100000002,0.0,-0.002485557272862926,-0.008166704072534947,1800157.8066077179,1824618.7566803233
2023-07-24,1926171.9320399999,7102.722039999848,1919069.21,0.0,0.009309710381063985,0.0,1806388.683772848,1839020.568668627
2023-07-25,1925587.6520399998,7102.722039999848,1918484.93,0.0,-0.00030333740736276926,-0.00030333740736276926,1816669.3313898218,1841277.6824539865
2023-07-26,1931841.6220400003,7102.722039999848,1924738.9000000004,0.0,0.0032478241088504944,0.0,1830014.467655831,1837529.657931586
2023-07-27,1936418.6620399999,7102.722039999848,1929315.94,0.0,0.002369262546049855,0.0,1811916.751560767,1830234.6568262372
2023-07-28,1940207.93204,7102.722039999848,1933105.2100000002,0.0,0.0019568443923216883,0.0,1802421.3323311259,1839104.1438295038
2023-07-31,1950570.6620399996,7102.722039999848,1943467.9399999997,0.0,0.005341040941474695,0.0,1785613.099112587,1829049.99353185
2023-08-01,1974026.4513400001,7617.78133999987,1966408.6700000002,20000.0,0.012025090788287285,0.0,1818430.7537138239,1861413.8573664643
2023-08-02,1974980.6813399997,7617.78133999987,1967362.8999999997,0.0,0.00048339271206399026,0.0,1819361.8393761986,1867952.1240308061
2023-08-03,1981683.0113399997,7617.78133999987,1974065.23,0.0,0.0033936180051405973,0.0,1822254.341458336,1883302.6058903516
2023-08-04,1984484.29134,7617.78133999987,1976866.5100000002,0.0,0.0014135863223181389,0.0,1852344.5451509322,1874012.4420431685
2023-08-07,1971518.7913399995,7617.78133999987,1963901.0099999998,0.0,-0.006533435440421509,-0.006533435440421509,1851209.6661255152,1873230.827622194
2023-08-08,1970111.8813399998,7617.78133999987,1962494.0999999999,0.0,-0.000713617342213313,-0.007242390409800348,1859112.151515451,1879785.0456012494
2023-08-09,1971752.9313399997,7617.78133999987,1964135.15,0.0,0.0008329729979008604,-0.00641545012755107,1846633.0278127359,1879896.114014812
2023-08-10,1966954.16134,7617.78133999987,1959336.3800000004,0.0,-0.002433758268455266,-0.00883359474121248,1830407.5911723124,1874504.56964156
2023-08-11,1972466.25134,7617.78133999987,1964848.47,0.0,0.0028023479694334608,-0.006056001578064851,1831115.9435680169,1886700.826713817
2023-08-14,1977558.83134,7617.78133999987,1969941.05,0.0,0.0025818337812069103,-0.00348980338631133,1813907.1471312041,1890134.4949033132
2023-08-15,1984493.4713399997,7617.78133999987,1976875.69,0.0,0.0035066668511201105,0.0,1799715.0985443315,1878369.5141177615
2023-08-16,1978073.92134,7617.78133999987,1970456.1400000001,0.0,-0.003234855691243488,-0.003234855691243488,1838142.647814173,1873960.4525729902
2023-08-17,1982497.7613399997,7617.78133999987,1974879.9799999997,0.0,0.002236438159501697,-0.0010056520864502039,1844692.824085037,1877013.0615776577
2023-08-18,1980242.9513399997,7617.78133999987,1972625.17,0.0,-0.0011373581569524838,-0.0021418664567991463,1841638.1964278403,1874080.9736174943
2023-08-21,1981207.1513399999,7617.78133999987,1973589.3699999999,0.0,0.0004869099518054476,-0.0016559994010868495,1846442.113584161,1861145.6389634993
2023-08-22,1984543.2613399997,7617.78133999987,1976925.48,0.0,0.001683877426821967,0.0,1853368.8151391589,1875234.7853817898
2023-08-23,1987540.4013399999,7617.78133999987,1979922.62,0.0,0.0015102417056791495,0.0,1854187.0189759082,1878531.3904226345
2023-08-24,1992921.81134,7617.78133999987,1985304.03,0.0,0.0027075726341825312,0.0,1850461.9187302638,1861057.020548423
2023-08-25,2003607.2013399997,7617.78133999987,1995989.4199999997,0.0,0.005361670457515455,0.0,1852145.297364761,1865618.5057671259
2023-08-28,2003565.16134,7617.78133999987,1995947.3800000001,0.0,-2.0982156568094545e-05,-2.0982156568094545e-05,1856642.3880823008,1877170.21156706
2023-08-29,2006443.64134,7617.78133999987,1998825.86,0.0,0.0014366790037787514,0.0,1865507.0205765618,1878374.2404332324
2023-08-30,2001710.96134,7617.78133999987,1994093.18,0.0,-0.002358740560905792,-0.002358740560905792,1872621.605975554,1880607.4244931592
2023-08-31,2006283.6113399998,7617.78133999987,1998665.8299999998,0.0,0.0022843707649673473,-7.975803391790937e-05,1885584.0760188675,1871518.1290534828
2023-09-01,2025939.33772,7847.57771999987,2018091.76,20000.0,0.009797082660149004,0.0,1909616.0027032925,1886921.1964687498
2023-09-04,2028527.03772,7847.57771999987,2020679.46,0.0,0.0012772840488461945,0.0,1908122.2884924416,1896188.4749313018
2023-09-05,2046390.36772,7847.57771999987,2038542.79,0.0,0.008806059602773697,0.0,1891038.3628640817,1886321.092418823
2023-09-06,2032219.7177199998,7847.57771999987,2024372.14,0.0,-0.006924705189943037,-0.006924705189943037,1905581.213420266,1888792.5657149893
2023-09-07,2025458.2977200001,7847.57771999987,2017610.7200000002,0.0,-0.0033271107159542623,-0.010228776645054949,1900597.0619529977,1890914.7247134373
2023-09-08,2024380.93772,7847.57771999987,2016533.36,0.0,-0.0005319092480021714,-0.01075524511216397,1898768.0085190034,1891633.0582179765
2023-09-11,2025633.2277199998,7847.57771999987,2017785.65,0.0,0.0006186039280779987,-0.010143294420959736,1903962.7040190669,1881835.5385650413
2023-09-12,2035440.0077199999,7847.57771999987,2027592.43,0.0,0.004841340409407868,-0.005351061152716663,1895401.6008382693,1867327.9485182525
2023-09-13,2043462.72772,7847.57771999987,2035615.1500000001,0.0,0.003941516315672189,-0.0014306361318840999,1892911.0563339647,1858526.4224526586
2023-09-14,2036605.97772,7847.57771999987,2028758.4000000001,0.0,-0.003355456356989861,-0.004781292051770802,1886532.7205622578,1865971.2953824974
2023-09-15,2041407.98772,7847.57771999987,2033560.4100000001,0.0,0.0023578493103393328,-0.0024347163075982836,1882203.9352479824,1863569.087827417
2023-09-18,2048452.4777199998,7847.57771999987,2040604.9,0.0,0.0034507996649251194,0.0,1896894.5494344556,1854345.399012273
2023-09-19,2054056.8177199997,7847.57771999987,2046209.2399999998,0.0,0.002735889683043835,0.0,1888247.6974112105,1857302.3296144994
2023-09-20,2055946.66772,7847.57771999987,2048099.09,0.0,0.0009200573147232216,0.0,1874896.1432733166,1841833.3788509124
2023-09-21,2040468.1777199998,7847.57771999987,2032620.5999999999,0.0,-0.007528643735280172,-0.007528643735280172,1886629.1880100116,1829802.636166409
2023-09-22,2042480.8577200002,7847.57771999987,2034633.2800000003,0.0,0.0009863814696926543,-0.006549688380259933,1904416.7135152405,1837388.4290522502
2023-09-25,2046021.2777200001,7847.57771999987,2038173.7000000002,0.0,0.001733392010318413,-0.004827649547450075,1906460.139055354,1828710.5065073876
2023-09-26,2037362.61772,7847.57771999987,2029515.04,0.0,-0.004231950124022665,-0.009039169299371652,1890828.5844459508,1811570.8182993275
2023-09-27,2041695.9077199998,7847.57771999987,2033848.3299999998,0.0,0.002126911509179097,-0.00693148330340887,1875114.343452759,1827860.806942168
2023-09-28,2046635.1277199998,7847.57771999987,2038787.5499999998,0.0,0.002419175148132391,-0.004529076627423634,1878729.5758995241,1819089.7339179136
2023-09-29,2050952.3277200002,7847.57771999987,2043104.7500000002,0.0,0.0021094136133634755,-0.0024292167099541073,1847593.55871506,1810596.918094919
2023-10-02,2086660.37824,5724.158239999902,2080936.22,20000.0,0.017410473192078335,0.0,1876734.9978117086,1834272.182201685
2023-10-03,2076094.41824,5724.158239999902,2070370.26,0.0,-0.0050635743651354925,-0.0050635743651354925,1873317.6251765722,1843196.0891261685
2023-10-04,2060171.0582399997,5724.158239999902,2054446.9,0.0,-0.007669863114173392,-0.012694600557059843,1864389.5843949672,1857524.3266410984
2023-10-05,2062926.81824,5724.158239999902,2057202.6600000001,0.0,0.001337636498182082,-0.011373944819912718,1848123.014469568,1844514.571924374
2023-10-06,2072519.2682399997,5724.158239999902,2066795.1099999999,0.0,0.004649922583382482,-0.006776910199410402,1833311.3042710833,1851471.621268018
2023-10-09,2082343.3082399997,5724.158239999902,2076619.15,0.0,0.004740144108934086,-0.0020688896214349217,1843489.9053285893,1859678.3315055657
2023-10-10,2088434.0782399997,5724.158239999902,2082709.92,0.0,0.0029249595760210134,0.0,1857325.7761038614,1885217.8987116457
2023-10-11,2090520.1682399996,5724.158239999902,2084796.0099999998,0.0,0.0009988775905045433,0.0,1860875.4790652222,1873436.0716558874
2023-10-12,2097417.8182399995,5724.158239999902,2091693.6599999997,0.0,0.0032994898134883766,0.0,1868608.6776030203,1844810.989073604
2023-10-13,2088155.52824,5724.158239999902,2082431.3699999999,0.0,-0.0044160442995434535,-0.0044160442995434535,1862114.4314177707,1836478.7090457513
2023-10-16,2094080.7382399999,5724.158239999902,2088356.58,0.0,0.0028375328943979206,-0.0015910420761084954,1827878.7961418584,1820365.9316262905
2023-10-17,2092865.62824,5724.158239999902,2087141.47,0.0,-0.0005802593843736714,-0.002170378243386617,1836720.938290651,1811432.9691880832
2023-10-18,2097968.16824,5724.158239999902,2092244.01,0.0,0.002438063835130677,0.0,1809706.979063446,1815187.385178028
2023-10-19,2106214.4882399994,5724.158239999902,2100490.3299999996,0.0,0.003930622077511048,0.0,1821898.39403037,1801194.201670884
2023-10-20,2118346.0682399995,5724.158239999902,2112621.9099999997,0.0,0.005759897706399952,0.0,1820599.8543379426,1801165.2240269673
2023-10-23,2105554.3282399997,5724.158239999902,2099830.17,0.0,-0.006038550637114559,-0.006038550637114559,1821475.0917587623,1821974.1908636622
2023-10-24,2107940.5482399995,5724.158239999902,2102216.3899999997,0.0,0.0011332977582176884,-0.0049120963547968355,1816318.8522053398,1805002.9507431723
2023-10-25,2108735.98824,5724.158239999902,2103011.83,0.0,0.0003773540959988164,-0.004536595858477432,1800152.1104207765,1803966.9999731537
2023-10-26,2115486.39824,5724.158239999902,2109762.24,0.0,0.003201164127536904,-0.0013499541188637387,1809683.76321674,1790930.6824161725
2023-10-27,2119430.92824,5724.158239999902,2113706.77,0.0,0.0018645971930055794,0.0,1798722.7881252386,1801694.0660284453
2023-10-30,2129082.35824,5724.158239999902,2123358.2,0.0,0.004553783693255209,0.0,1814500.2775466964,1815723.4715904852
2023-10-31,2123414.0782399997,5724.158239999902,2117689.92,0.0,-0.0026623112901493773,-0.0026623112901493773,1836785.1687998709,1818178.7232115022
2023-11-01,2130212.83214,6147.102139999915,2124065.73,20000.0,0.003201803157317107,0.0,1864755.1689740715,1817155.4425500077
2023-11-02,2131092.17214,6147.102139999915,2124945.07,0.0,0.0004127944338390144,0.0,1855793.6967825582,1806398.022873056
2023-11-03,2140677.24214,6147.102139999915,2134530.14,0.0,0.004497726623609699,0.0,1860907.2742717273,1798661.5684109502
2023-11-06,2152603.74214,6147.102139999915,2146456.64,0.0,0.0055713676799205025,0.0,1877599.7371815299,1806247.8597203274
2023-11-07,2157804.6121400003,6147.102139999915,2151657.5100000002,0.0,0.002416083321879592,0.0,1899139.8120999574,1833373.0630446598
2023-11-08,2169958.89214,6147.102139999915,2163811.79,0.0,0.005632706470094062,0.0,1882245.5283255067,1852499.942018592
2023-11-09,2168898.90214,6147.102139999915,2162751.8,0.0,-0.0004884839080775416,-0.0004884839080775416,1903170.753633029,1876376.4937217054
2023-11-10,2157593.83214,6147.102139999915,2151446.73,0.0,-0.005212354521847651,-0.005698292278618067,1893594.4318306106,1880310.035820002
2023-11-13,2155165.28214,6147.102139999915,2149018.1799999997,0.0,-0.0011255825650889895,-0.006817460945267473,1898305.1498418967,1873791.9783206834
2023-11-14,2173561.0421400005,6147.102139999915,2167413.9400000004,0.0,0.008535660885245155,0.0,1910617.7870882668,1862424.139323698
2023-11-15,2171380.6721400004,6147.102139999915,2165233.5700000003,0.0,-0.0010031326278526764,-0.0010031326278526764,1896214.9740653846,1858739.6483079751
2023-11-16,2181696.9221400004,6147.102139999915,2175549.8200000003,0.0,0.004751009407223394,0.0,1884841.8207664662,1867643.8349293051
2023-11-17,2182954.56214,6147.102139999915,2176807.46,0.0,0.0005764503709186908,0.0,1895701.8171382167,1890447.2694677997
2023-11-20,2184930.1721400004,6147.102139999915,2178783.0700000003,0.0,0.0009050165469608462,0.0,1870776.1581027443,1867817.8044355146
2023-11-21,2167990.35214,6147.102139999915,2161843.25,0.0,-0.007753025801922497,-0.007753025801922497,1858544.875003364,1877534.4591718093
2023-11-22,2171374.6921400004,6147.102139999915,2165227.5900000003,0.0,0.0015610493822815208,-0.006204079275779928,1857741.502801838,1883320.6239064075
2023-11-23,2179036.9121399997,6147.102139999915,2172889.8099999996,0.0,0.0035287415054321425,-0.002697230362391223,1851886.3509727984,1870487.1681220215
2023-11-24,2185896.08214,6147.102139999915,2179748.98,0.0,0.0031477989022516972,0.0,1862801.104943485,1867266.5957895245
2023-11-27,2190004.0221400005,6147.102139999915,2183856.9200000004,0.0,0.0018792933632867381,0.0,1869551.9346408276,1874733.8553314952
2023-11-28,2195414.90214,6147.102139999915,2189267.8,0.0,0.0024707169234841064,0.0,1857071.1133405839,1862562.0940900256
2023-11-29,2196456.0121400002,6147.102139999915,2190308.91,0.0,0.00047422015719456034,0.0,1838290.0391570958,1875998.6441626048
2023-11-30,2187026.58214,6147.102139999915,2180879.48,0.0,-0.00429302018701172,-0.00429302018701172,1864334.317713681,1861191.0922972301
2023-12-01,2227035.3513,73257.54129999992,2153777.81,20000.0,0.018293682155820834,0.0,1895646.4554023568,1865550.9284793297
2023-12-04,2213706.6013,73257.54129999992,2140449.06,0.0,-0.005984974595135917,-0.005984974595135917,1901121.3088292144,1852420.4373763746
2023-12-05,2215921.5812999997,73257.54129999992,2142664.04,0.0,0.0010005752337274298,-0.004990387778762928,1891435.7594671303,1854598.5686542618
2023-12-06,2234669.1312999995,73257.54129999992,2161411.59,0.0,0.00846038513195091,0.0,1871394.238258345,1856431.1606925968
2023-12-07,2239743.2813,73257.54129999992,2166485.74,0.0,0.0022706493453232834,0.0,1893782.238163291,1855105.7708951745
2023-12-08,2244020.3312999997,73257.54129999992,2170762.7899999996,0.0,0.0019096161759741825,0.0,1883070.4996679132,1863731.2941624774
2023-12-11,2237632.8813000005,73257.54129999992,2164375.3400000003,0.0,-0.0028464314297450555,-0.0028464314297450555,1884601.0868497754,1858119.9837259047
2023-12-12,2238308.0112999994,73257.54129999992,2165050.4699999997,0.0,0.00030171615980489896,-0.0025455740843003394,1855686.745422994,1835820.9791220662
2023-12-13,2239134.4513,73257.54129999992,2165876.9099999997,0.0,0.0003692253236946552,-0.002177288651020959,1838534.839994016,1824109.6670386975
2023-12-14,2248564.6012999993,73257.54129999992,2175307.0599999996,0.0,0.004211515746419092,0.0,1831895.4437371567,1808290.140210805
2023-12-15,2261879.0412999997,73257.54129999992,2188621.5,0.0,0.005921306415791916,0.0,1792511.2851360976,1821604.5075519495
2023-12-18,2275411.2113000005,73257.54129999992,2202153.6700000004,0.0,0.005982711609646252,0.0,1779321.829580825,1828661.5294854313
2023-12-19,2274647.8913000003,73257.54129999992,2201390.35,0.0,-0.00033546463874734034,-0.00033546463874734034,1777016.4616974003,1828008.7071364217
2023-12-20,2259263.8712999998,73257.54129999992,2186006.33,0.0,-0.006763253362791155,-0.007096449169192276,1793798.3698117547,1850104.7074370238
2023-12-21,2267647.0812999997,73257.54129999992,2194389.54,0.0,0.0037105935727534956,-0.0034121876351154157,1791009.9498786824,1847018.9186209582
2023-12-22,2275811.8812999995,73257.54129999992,2202554.34,0.0,0.0036005602755959654,0.0,1784647.2610152385,1854652.8676776197
2023-12-25,2278926.8213,73257.54129999992,2205669.2800000003,0.0,0.0013687159407134164,0.0,1787642.816197096,1842283.1799360344
2023-12-26,2277522.3213,73257.54129999992,2204264.7800000003,0.0,-0.0006162988591265073,-0.0006162988591265073,1799670.100700025,1853705.719940635
2023-12-27,2271261.7912999997,73257.54129999992,2198004.25,0.0,-0.0027488336520130607,-0.0033634384080958313,1835185.8899411398,1862406.5213994114
2023-12-28,2266608.2413,73257.54129999992,2193350.7,0.0,-0.002048883144085467,-0.005405430259920796,1832822.8088013742,1866148.834770625
2023-12-29,2257843.9113,73257.54129999992,2184586.37,0.0,-0.003866715844540236,-0.009251244841628314,1849633.9688401753,1845659.591933937
2024-01-01,2273331.37778,7927.957779999881,2265403.4200000004,20000.0,0.006859405294798782,-0.002455297584679772,1881292.046621033,1886087.1313349907
2024-01-02,2285612.34778,7927.957779999881,2277684.39,0.0,0.005402190864049361,0.0,1877059.2793564738,1900690.4610048695
2024-01-03,2293726.11778,7927.957779999881,2285798.16,0.0,0.0035499326943524423,0.0,1872991.9232347813,1901742.5543236723
2024-01-04,2282370.28778,7927.957779999881,2274442.33,0.0,-0.004950822119508702,-0.004950822119508702,1878306.6551729692,1912845.3506216248
2024-01-05,2286380.66778,7927.957779999881,2278452.71,0.0,0.0017571119031263294,-0.003202409364858938,1882560.9978039893,1913686.0274406802
2024-01-08,2274993.59778,7927.957779999881,2267065.64,0.0,-0.004980391131043094,-0.008166851244703288,1886238.3991540936,1911263.1569347233
2024-01-09,2273724.81778,7927.957779999881,2265796.8600000003,0.0,-0.0005577070639838366,-0.008720003598057358,1871094.8891615202,1912922.682910618
2024-01-10,2273818.0577799994,7927.957779999881,2265890.0999999996,0.0,4.100760095071543e-05,-0.008679353583534555,1868474.6807679974,1921708.6287762336
2024-01-11,2281294.18778,7927.957779999881,2273366.23,0.0,0.003287919178238674,-0.005419971418397784,1853997.6098727705,1920327.8732292098
2024-01-12,2283139.7677799994,7927.957779999881,2275211.8099999996,0.0,0.0008090056994338735,-0.004615350506732119,1857388.1387577099,1908713.0623404232
2024-01-15,2277182.5877799997,7927.957779999881,2269254.63,0.0,-0.002609205132365622,-0.0072125132428678684,1853212.905803713,1888028.5459772155
2024-01-16,2285430.65778,7927.957779999881,2277502.7,0.0,0.0036220503547943483,-0.0036165869742237344,1856441.2198963726,1899797.3977964965
2024-01-17,2288494.4577800003,7927.957779999881,2280566.5000000005,0.0,0.0013405788487044212,-0.002280856445521562,1876152.3148774717,1904642.5151609178
2024-01-18,2304790.26778,7927.957779999881,2296862.31,0.0,0.007120755719814076,0.0,1884966.2516205502,1904351.2717822094
2024-01-19,2308474.34778,7927.957779999881,2300546.39,0.0,0.0015984447919197287,0.0,1886745.0207221,1916353.3677634539
2024-01-22,2307798.8077799994,7927.957779999881,2299870.8499999996,0.0,-0.00029263483072716756,-0.00029263483072716756,1895678.8206121833,1918234.2885989663
2024-01-23,2302320.8577799997,7927.957779999881,2294392.9,0.0,-0.0023736687884283736,-0.0026656090009914424,1868835.868384305,1916519.881643786
2024-01-24,2299281.26778,7927.957779999881,2291353.31,0.0,-0.001320228668271195,-0.003982318455841072,1880421.0410861322,1899707.5925576657
2024-01-25,2301805.2177799996,7927.957779999881,2293877.26,0.0,0.0010977125919164887,-0.0028889773050386758,1882955.747101458,1910104.4198948091
2024-01-26,2305318.8377799997,7927.957779999881,2297390.88,0.0,0.0015264627835838152,-0.0013669244377936263,1872500.4843320618,1929232.3121182825
2024-01-29,2301820.82778,7927.957779999881,2293892.87,0.0,-0.0015173649486889262,-0.002882215263253163,1850853.9990706607,1943035.5020560788
2024-01-30,2307824.4577799994,7927.957779999881,2299896.4999999995,0.0,0.0026082090871466512,-0.0002815235961471929,1835966.1971250307,1954586.0772532015
2024-01-31,2303334.61778,7927.957779999881,2295406.66,0.0,-0.0019454859250076506,-0.0022264618209609788,1837191.1984874187,1955562.0855779946
2024-02-01,2324021.7696799994,7122.379679999925,2316899.3899999997,20000.0,0.008981392343218486,0.0,1876823.982879141,1963018.6635737978
2024-02-02,2325994.24968,7122.379679999925,2318871.87,0.0,0.0008487355952229159,0.0,1869778.4621522531,1957426.1901346087
2024-02-05,2335694.87968,7122.379679999925,2328572.5,0.0,0.004170530516717452,0.0,1852982.4512023928,1956559.8482036844
2024-02-06,2334518.24968,7122.379679999925,2327395.87,0.0,-0.0005037601487404286,-0.0005037601487404286,1872485.0470377058,1994256.7483689254
2024-02-07,2314110.34968,7122.379679999925,2306987.97,0.0,-0.008741803583157792,-0.009241159959624934,1865946.7585722515,1970694.1380483585
2024-02-08,2312556.3296799995,7122.379679999925,2305433.9499999997,0.0,-0.0006715410093626195,-0.009906495151100536,1884134.4274623191,1983681.0761430592
2024-02-09,2322274.9796799994,7122.379679999925,2315152.5999999996,0.0,0.0042025570902934906,-0.005745570672244238,1875961.3649568304,1978901.388951792
2024-02-12,2321358.9296799996,7122.379679999925,2314236.55,0.0,-0.0003944623302646333,-0.00613776659131271,1867285.9163580108,1963192.5620268416
2024-02-13,2323356.78968,7122.379679999925,2316234.41,0.0,0.0008606424342467722,-0.005282406579445897,1879496.6445878735,1976142.9562437288
2024-02-14,2318563.97968,7122.379679999925,2311441.6,0.0,-0.0020628816121953664,-0.007334391212240443,1897858.7755296445,1969520.953557172
2024-02-15,2335231.9496799996,7122.379679999925,2328109.57,0.0,0.007188919583879683,-0.0001981979769821729,1900489.4371148185,1961285.34964509
2024-02-16,2331768.39968,7122.379679999925,2324646.02,0.0,-0.0014831717253930288,-0.0016810757407397237,1920669.6887898494,1967586.018233631
2024-02-19,2332181.42968,7122.379679999925,2325059.0500000003,0.0,0.00017713165683908016,-0.001504241855631916,1932772.9936267647,1966309.5027775927
2024-02-20,2326363.9896799996,7122.379679999925,2319241.61,0.0,-0.0024944199992187333,-0.003994909643882272,1919110.0303554093,1963486.1731830675
2024-02-21,2325007.63968,7122.379679999925,2317885.2600000002,0.0,-0.0005830342998844884,-0.004575614774419479,1961992.15650833,1957157.1515858779
2024-02-22,2332621.61968,7122.379679999925,2325499.24,0.0,0.0032748193468508102,-0.0013157797393557047,1946447.2646236937,1942494.2356466255
2024-02-23,2327382.65968,7122.379679999925,2320260.2800000003,0.0,-0.0022459536325135643,-0.003558778191584011,1941598.6734367732,1925389.1805624543
2024-02-26,2338787.9496799996,7122.379679999925,2331665.57,0.0,0.004900479064997354,0.0,1937732.2389853676,1914909.278499134
2024-02-27,2330757.7796799997,7122.379679999925,2323635.4,0.0,-0.003433475019015142,-0.003433475019015142,1944262.4505039835,1907076.2873098596
2024-02-28,2343185.92968,7122.379679999925,2336063.5500000003,0.0,0.005332235768277238,0.0,1927361.4392452277,1893285.383903261
2024-02-29,2342147.6796799996,7122.379679999925,2335025.3,0.0,-0.0004430933059341724,-0.0004430933059341724,1940086.668988678,1875657.3733262408
2024-03-01,2379131.31998,8492.779979999937,2370638.54,20000.0,0.015790481796200684,0.0,1949232.8678276185,1911277.360824093
2024-03-04,2371136.3599800006,8492.779979999937,2362643.5800000005,0.0,-0.0033604534280464726,-0.0033604534280464726,1950136.2549985398,1929481.4638020834
2024-03-05,2387361.2699800003,8492.779979999937,2378868.49,0.0,0.006842672683799789,0.0,1949067.2060428879,1897550.741306796
2024-03-06,2396824.2399799996,8492.779979999937,2388331.4599999995,0.0,0.0039637779664905,0.0,1942633.3266792556,1912718.2802028686
2024-03-07,2394370.37998,8492.779979999937,2385877.6,0.0,-0.0010237963881822854,-0.0010237963881822854,1945833.1289350651,1898954.7303612372
2024-03-08,2391433.50998,8492.779979999937,2382940.73,0.0,-0.0012265729749064702,-0.0022491136021073332,1949751.070947343,1897114.5814418108
2024-03-11,2397070.02998,8492.779979999937,2388577.25,0.0,0.002356962874559443,0.0,1946418.249623006,1900314.1483345847
2024-03-12,2389788.34998,8492.779979999937,2381295.57,0.0,-0.003037741871922295,-0.003037741871922295,1940004.7719570007,1888385.65357454
2024-03-13,2404042.78998,8492.779979999937,2395550.01,0.0,0.005964729052311046,0.0,1939777.9050793892,1903600.3104706255
2024-03-14,2418265.14998,8492.779979999937,2409772.37,0.0,0.005916017826004927,0.0,1950578.5638030919,1888427.041006984
2024-03-15,2419481.00998,8492.779979999937,2410988.23,0.0,0.0005027819219947105,0.0,1937289.7140368072,1888483.7099529456
2024-03-18,2416220.7599800006,8492.779979999937,2407727.9800000004,0.0,-0.0013474997268222433,-0.0013474997268222433,1948626.5293741461,1886986.7583579384
2024-03-19,2398076.3499800004,8492.779979999937,2389583.5700000003,0.0,-0.007509417310093136,-0.00884679809914135,1962973.0031454114,1878876.7317881354
2024-03-20,2409869.68998,8492.779979999937,2401376.9099999997,0.0,0.004917833412642514,-0.003972471765785746,1965104.572513474,1892668.297737883
2024-03-21,2398015.19998,8492.779979999937,2389522.42,0.0,-0.004919141499347246,-0.008872072114414986,1952088.2894274853,1880278.173923657
2024-03-22,2419304.9799800003,8492.779979999937,2410812.2,0.0,0.00887808384207811,-7.275527242156521e-05,1956327.7621943639,1888555.660412425
2024-03-25,2422785.5199800003,8492.779979999937,2414292.74,0.0,0.0014386528481533656,0.0,1947589.3070667922,1881868.7247889603
2024-03-26,2410158.67998,8492.779979999937,2401665.9,0.0,-0.005211703593186678,-0.005211703593186678,1947597.467745843,1869758.1253261627
2024-03-27,2425923.78998,8492.779979999937,2417431.01,0.0,0.006541108737342816,0.0,1943961.069160817,1863753.1272434264
2024-03-28,2441299.93998,8492.779979999937,2432807.1599999997,0.0,0.006338265885972749,0.0,1936151.299309224,1875025.1536519388
2024-03-29,2430712.02998,8492.779979999937,2422219.25,0.0,-0.004336996788721681,-0.004336996788721681,1917234.8452695238,1867009.3630821616
2024-04-01,2461667.54336,7321.093359999941,2454346.45,20000.0,0.012735162782838927,0.0,1921278.2695215405,1875313.274673533
2024-04-02,2464448.00336,7321.093359999941,2457126.91,0.0,0.0011295026444573253,0.0,1932279.131446156,1844938.2320107524
2024-04-03,2437419.6433599996,7321.093359999941,2430098.55,0.0,-0.01096730787711897,-0.01096730787711897,1942750.5665824956,1846811.7329259012
2024-04-04,2438871.4233600004,7321.093359999941,2431550.3300000005,0.0,0.000595621687039305,-0.010378218556499785,1956594.8297002204,1855913.4333525694
2024-04-05,2423562.0933599994,7321.093359999941,2416240.9999999995,0.0,-0.006277218984717781,-0.016590291190667128,1960198.560330698,1866246.9718938358
2024-04-08,2427096.413359999,7321.093359999941,2419775.3199999994,0.0,0.0014583162567540775,-0.015156168825260719,1964308.6274845426,1879662.680095922
2024-04-09,2438320.9833599995,7321.093359999941,2430999.8899999997,0.0,0.004624690613118876,-0.010601570803838944,1960523.4733440636,1881594.104433387
2024-04-10,2438197.0133599997,7321.093359999941,2430875.92,0.0,-5.084236277574927e-05,-0.010651874157705854,1935547.2285831315,1879212.808182597
2024-04-11,2428654.88336,7321.093359999941,2421333.79,0.0,-0.003913600889392521,-0.014523787862921078,1929656.7370743211,1889128.654489603
2024-04-12,2437902.6833599997,7321.093359999941,2430581.59,0.0,0.00380778679727678,-0.01077130455331532,1916521.6749502374,1887818.9415516686
2024-04-15,2449981.6133599994,7321.093359999941,2442660.5199999996,0.0,0.004954639938027361,-0.005870032551012372,1921426.7069388141,1874295.753221506
2024-04-16,2456201.5833599996,7321.093359999941,2448880.4899999998,0.0,0.002538782318235455,-0.0033461529676249713,1903486.3957566542,1860705.631158889
2024-04-17,2462462.34336,7321.093359999941,2455141.25,0.0,0.0025489601677708418,-0.0008057220104839002,1916730.3119867386,1847735.93330864
2024-04-18,2446946.76336,7321.093359999941,2439625.6700000004,0.0,-0.006300839499875921,-0.0071014847852901575,1927627.2677192627,1862668.5915818375
2024-04-19,2450335.91336,7321.093359999941,2443014.8200000003,0.0,0.0013850526095411375,-0.005726268105782584,1899961.8317487226,1862770.9229612635
2024-04-22,2444138.3833599994,7321.093359999941,2436817.2899999996,0.0,-0.002529257301502996,-0.00824104220186861,1899013.4815828074,1872341.8031086957
2024-04-23,2446129.03336,7321.093359999941,2438807.94,0.0,0.0008144587939671322,-0.007433295397194173,1882193.8729010636,1876520.0126384601
2024-04-24,2444024.05336,7321.093359999941,2436702.96,0.0,-0.0008605351440142961,-0.008287433929283328,1897238.0051417507,1888442.5837319428
2024-04-25,2443605.9233599994,7321.093359999941,2436284.8299999996,0.0,-0.00017108260429166133,-0.00845709869779554,1896132.97103538,1911852.0130643717
2024-04-26,2454560.1533599994,7321.093359999941,2447239.0599999996,0.0,0.004482813654722806,-0.004012196640594379,1890114.6584172505,1909984.3044914547
2024-04-29,2464183.8933599996,7321.093359999941,2456862.8,0.0,0.003920759483863723,-0.00010716801476040594,1885366.3103691295,1896251.3046537905
2024-04-30,2459417.85336,7321.093359999941,2452096.7600000002,0.0,-0.0019341251328044429,-0.002041085871214099,1893753.8490974102,1883655.5346742736
2024-05-01,2469555.5026999996,9570.332700000026,2459985.1699999995,20000.0,0.004121971110419453,0.0,1929979.708110059,1914251.659396708
2024-05-02,2478611.1427000007,9570.332700000026,2469040.8100000005,0.0,0.003666910903642462,0.0,1951565.1878399688,1919244.043895682
2024-05-03,2496680.6327,9570.332700000026,2487110.3,0.0,0.007290167339567333,0.0,1930849.6602733554,1928884.757213594
2024-05-06,2498104.3927,9570.332700000026,2488534.06,0.0,0.0005702611625022502,0.0,1946468.8014120762,1952977.1098706408
2024-05-07,2492675.4727000003,9570.332700000026,2483105.14,0.0,-0.0021732158255133305,-0.0021732158255133305,1958768.9583875702,1966176.7507521778
2024-05-08,2502504.5927,9570.332700000026,2492934.26,0.0,0.003943200832859706,0.0,1948192.8732759266,1969589.3408337457
2024-05-09,2490056.6727000005,9570.332700000026,2480486.3400000003,0.0,-0.0049741846773472265,-0.0049741846773472265,1969600.8627656235,1975976.8093283293
2024-05-10,2487592.4727000003,9570.332700000026,2478022.14,0.0,-0.0009896160304369017,-0.0059588781748890485,1959785.5691531082,1969994.5330618413
2024-05-13,2492753.3727,9570.332700000026,2483183.04,0.0,0.002074656543078479,-0.0038965842574054665,1969747.5213678651,1968127.2667907944
2024-05-14,2501658.4027000004,9570.332700000026,2492088.0700000003,0.0,0.0035723670450218403,-0.00033813724157305547,1948198.7062885158,1968949.35824555
2024-05-15,2495876.1527000004,9570.332700000026,2486305.8200000003,0.0,-0.0023113667292702367,-0.0026487224116731323,1953280.926828692,1962918.9532071855
2024-05-16,2515876.8127,9570.332700000026,2506306.48,0.0,0.008013482551353146,0.0,1967602.6393100831,1956924.969942133
2024-05-17,2516919.6427,9570.332700000026,2507349.31,0.0,0.00041449962682427177,0.0,1976471.3183081308,1968634.5700619253
2024-05-20,2511493.262700001,9570.332700000026,2501922.9300000006,0.0,-0.002155960765667597,-0.002155960765667597,1982720.1413661372,1957993.558755553
2024-05-21,2515790.7827000003,9570.332700000026,2506220.45,0.0,0.0017111413611277104,-0.00044850855817901714,1962947.061976428,1953348.4818806609
2024-05-22,2516584.5127000003,9570.332700000026,2507014.18,0.0,0.00031549920822437905,-0.00013315085404963511,1957729.015571676,1934829.9613179609
2024-05-23,2512020.3527000006,9570.332700000026,2502450.0200000005,0.0,-0.0018136327140878539,-0.001946542081392777,1964886.1220185643,1919712.9742270734
2024-05-24,2522281.8027,9570.332700000026,2512711.4699999997,0.0,0.004084939036807622,0.0,1949882.7803517552,1932347.427233466
2024-05-27,2537256.2527000005,9570.332700000026,2527685.9200000004,0.0,0.005936866365990889,0.0,1956420.7541766807,1936251.7112547453
2024-05-28,2543997.5127,9570.332700000026,2534427.1799999997,0.0,0.002656909404726404,0.0,1978409.5450627545,1927243.1758593193
2024-05-29,2549327.0627000006,9570.332700000026,2539756.7300000004,0.0,0.0020949509476306805,0.0,1954835.841327457,1936625.0344311928
2024-05-30,2556247.1127,9570.332700000026,2546676.78,0.0,0.002714461436215343,0.0,1946258.8129588668,1934149.0042347892
2024-05-31,2559657.1727,9570.332700000026,2550086.84,0.0,0.0013340103087287059,0.0,1961246.3221629339,1944570.8345124805
2024-06-03,2589258.12366,9786.60366000004,2579471.52,20000.0,0.011564420140208087,0.0,2003929.2415471165,1960056.4857882261
2024-06-04,2604948.89366,9786.60366000004,2595162.29,0.0,0.006059948159135464,0.0,1993134.5943826877,1945379.641950559
2024-06-05,2608622.21366,9786.60366000004,2598835.61,0.0,0.00141013131157397,0.0,1992845.0537491937,1953633.3953282873
2024-06-06,2601283.39366,9786.60366000004,2591496.79,0.0,-0.0028132935315701157,-0.0028132935315701157,1982871.0522756279,1947297.0412305696
2024-06-07,2586316.4836599994,9786.60366000004,2576529.8799999994,0.0,-0.005753663763232719,-0.008550770549754949,1991635.5482540447,1956630.39948049
2024-06-10,2589504.32366,9786.60366000004,2579717.72,0.0,0.001232579237746556,-0.00732873081425478,1973361.6625162736,1929003.553925741
2024-06-11,2587145.2036599996,9786.60366000004,2577358.5999999996,0.0,-0.0009110314968179267,-0.008233085606469293,1964351.3936745417,1926777.3206287313
2024-06-12,2580706.4436600003,9786.60366000004,2570919.8400000003,0.0,-0.0024887509177646816,-0.010701346424874858,1949871.8369361658,1893449.5305389
2024-06-13,2563693.0236600004,9786.60366000004,2553906.4200000004,0.0,-0.006592543697403697,-0.017223341028351546,1967793.897136726,1865971.1881497724
2024-06-14,2557871.16366,9786.60366000004,2548084.56,0.0,-0.002270888108003244,-0.019455116856033405,1972157.207148453,1862806.625116006
2024-06-17,2544254.8636600003,9786.60366000004,2534468.2600000002,0.0,-0.0053232939146616864,-0.02467484546552634,2007393.6288943905,1855214.565047041
2024-06-18,2545330.1136600007,9786.60366000004,2535543.5100000007,0.0,0.0004226188246148066,-0.024262654695099695,2012407.5636435915,1858582.8271132964
2024-06-19,2525814.71366,9786.60366000004,2516028.11,0.0,-0.007667139085522856,-0.031743768632491176,2001091.9116764509,1858645.9081040027
2024-06-20,2517473.46366,9786.60366000004,2507686.86,0.0,-0.0033023997979302333,-0.03494133781530395,2018217.735134902,1870902.6760169684
2024-06-21,2514047.41366,9786.60366000004,2504260.81,0.0,-0.0013609080887863056,-0.03625469395482439,2000716.518878374,1874176.9736908176
2024-06-24,2503871.18366,9786.60366000004,2494084.58,0.0,-0.004047747844653893,-0.04015569194016411,2013585.926686882,1869731.7351269827
2024-06-25,2499866.0536599997,9786.60366000004,2490079.4499999997,0.0,-0.0015995751004035386,-0.04169103499560056,2009911.95905548,1871761.4974216886
2024-06-26,2501434.90366,9786.60366000004,2491648.3,0.0,0.0006275736244760743,-0.0410896255650649,1999928.6990151454,1865747.7763076874
2024-06-27,2499854.7036600006,9786.60366000004,2490068.1000000006,0.0,-0.0006317174185452856,-0.041695385951419195,2044878.198989349,1869072.6701928324
2024-06-28,2498553.05366,9786.60366000004,2488766.45,0.0,-0.0005206902617558296,-0.04219436583175007,2046800.6141256886,1878511.8205209163
2024-07-01,2517306.5225799996,8055.612580000121,2509250.9099999997,20000.0,0.007505731724418929,-0.035005333697546326,2092270.089618524,1910624.0278301802
2024-07-02,2501036.6925799996,8055.612580000121,2492981.0799999996,0.0,-0.006463189863475605,-0.041242277443100384,2090051.2324979506,1903296.9582780248
2024-07-03,2496299.58258,8055.612580000121,2488243.97,0.0,-0.001894058577410429,-0.04305822073116772,2116190.5761102526,1894492.3892013503
2024-07-04,2512495.2525800006,8055.612580000121,2504439.6400000006,0.0,0.0064878711325431215,-0.03684970578592495,2105250.9561511786,1909210.2765997525
2024-07-05,2501978.1425799998,8055.612580000121,2493922.53,0.0,-0.004185922337246684,-0.04088137811660142,2097169.2513573626,1915769.046399158
2024-07-08,2527658.11258,8055.612580000121,2519602.5,0.0,0.010263866643343,-0.031037112486443252,2076081.1856940025,1926021.8970322267
2024-07-09,2523391.1425800007,8055.612580000121,2515335.5300000007,0.0,-0.001688112003266129,-0.03267283036757429,2069795.981839632,1923687.7798058512
2024-07-10,2528930.61258,8055.612580000121,2520875.0,0.0,0.002195248254036164,-0.030549307087356814,2088838.5518732632,1914538.5715142437
2024-07-11,2543192.63258,8055.612580000121,2535137.02,0.0,0.005639545794200229,-0.025082045509456696,2110072.7850681203,1911207.0591032265
2024-07-12,2552796.8025800004,8055.612580000121,2544741.1900000004,0.0,0.0037764225473779778,-0.0214003433642751,2135638.5061004194,1904679.4994061368
2024-07-15,2549977.81258,8055.612580000121,2541922.2,0.0,-0.0011042751217610336,-0.0224809866192619,2142833.0079704984,1905579.2800154507
2024-07-16,2579884.3425799995,8055.612580000121,2571828.7299999995,0.0,0.01172815302645347,-0.011016494044064795,2127036.7168340674,1910312.5908517535
2024-07-17,2591797.95258,8055.612580000121,2583742.34,0.0,0.004617885307248493,-0.0064494816427999035,2125592.0377436904,1933524.938437864
2024-07-18,2598450.21258,8055.612580000121,2590394.6,0.0,0.0025666584053660735,-0.003899376853702452,2128680.251752179,1931166.251556474
2024-07-19,2595731.7625800003,8055.612580000121,2587676.1500000004,0.0,-0.0010461812917710311,-0.0049414786903595465,2130005.9572704076,1929219.2724077592
2024-07-22,2592268.1525799995,8055.612580000121,2584212.5399999996,0.0,-0.0013343481980426786,-0.0062692332352161095,2141388.328880121,1925794.1296897952
2024-07-23,2573284.3725799997,8055.612580000121,2565228.76,0.0,-0.007323231580461997,-0.01354655376886471,2142569.566489312,1931179.5324510767
2024-07-24,2567356.1925799996,8055.612580000121,2559300.5799999996,0.0,-0.002303740722622294,-0.01581908674391852,2172089.459173097,1918098.5153124225
2024-07-25,2565152.86258,8055.612580000121,2557097.25,0.0,-0.000858209704741264,-0.01666372035489594,2182016.1041464475,1932495.6691061764
2024-07-26,2573356.5825800006,8055.612580000121,2565300.9700000007,0.0,0.0031981407890637747,-0.013518872489596823,2200611.6734732916,1947813.8529406083
2024-07-29,2574155.90258,8055.612580000121,2566100.29,0.0,0.0003106137740140902,-0.013212457863587046,2200417.0667017056,1965132.8035468948
2024-07-30,2591324.1725799995,8055.612580000121,2583268.5599999996,0.0,0.0066694756066609795,-0.00663110242235132,2186107.945217134,1953875.253237153
2024-07-31,2586113.78258,8055.612580000121,2578058.17,0.0,-0.002010705590266615,-0.008628474817907739,2191305.3906975733,1971225.4139457552
2024-08-01,2611923.21344,8475.003440000222,2603448.21,20000.0,0.009980005920022572,0.0,2178984.520200916,2000852.0703983195
2024-08-02,2609420.89344,8475.003440000222,2600945.8899999997,0.0,-0.0009580373523709884,-0.0009580373523709884,2151105.5163060324,2008751.4856979938
2024-08-05,2613260.56344,8475.003440000222,2604785.56,0.0,0.001471464419424695,0.0,2169560.293318991,2026937.5132958596
2024-08-06,2626918.11344,8475.003440000222,2618443.11,0.0,0.0052262488444785316,0.0,2165855.95805297,2015692.400151677
2024-08-07,2621995.32344,8475.003440000222,2613520.32,0.0,-0.001873979236282186,-0.001873979236282186,2164259.8089605724,2043751.1876880587
2024-08-08,2627069.69344,8475.003440000222,2618594.69,0.0,0.0019353085623901034,0.0,2133783.739266775,2052804.9626489999
2024-08-09,2630196.26344,8475.003440000222,2621721.26,0.0,0.0011901359175232606,0.0,2148213.4073648374,2067740.5388125258
2024-08-12,2638206.7334400006,8475.003440000222,2629731.7300000004,0.0,0.003045578807690852,0.0,2167446.9610440484,2077357.743242069
2024-08-13,2661611.5934399995,8475.003440000222,2653136.5899999994,0.0,0.008871503397871017,0.0,2170426.5537076644,2076927.792897576
2024-08-14,2663093.5534400004,8475.003440000222,2654618.5500000003,0.0,0.0005567904812457947,0.0,2155498.5714652264,2075643.3078590368
2024-08-15,2676577.83344,8475.003440000222,2668102.83,0.0,0.00506338952402996,0.0,2124127.937825501,2059009.3942972964
2024-08-16,2686768.67344,8475.003440000222,2678293.67,0.0,0.003807414031708589,0.0,2116787.8819777113,2066599.5941386067
2024-08-19,2689540.0634399997,8475.003440000222,2681065.0599999996,0.0,0.0010314955758552458,0.0,2096177.746195707,2062024.4127036845
2024-08-20,2700463.5134400004,8475.003440000222,2691988.5100000002,0.0,0.004061456510162209,0.0,2089468.9454430295,2072182.2411233387
2024-08-21,2684384.9934400003,8475.003440000222,2675909.99,0.0,-0.005953985276963891,-0.005953985276963891,2091673.1921746049,2073093.1187642452
2024-08-22,2671828.4134400003,8475.003440000222,2663353.41,0.0,-0.004677637533619605,-0.010603772225577401,2116123.177224026,2047349.7580440708
2024-08-23,2657819.72344,8475.003440000222,2649344.7199999997,0.0,-0.005243109897900999,-0.015791285380367337,2102781.0518713477,2058957.0758466402
2024-08-26,2645006.92344,8475.003440000222,2636531.92,0.0,-0.004820793482342101,-0.02053595233706995,2097622.0852991985,2032722.7265895412
2024-08-27,2654123.96344,8475.003440000222,2645648.96,0.0,0.003446887007820365,-0.017159850436553548,2101859.04205172,2039345.0350937175
2024-08-28,2656618.7434400003,8475.003440000222,2648143.74,0.0,0.0009399636318292437,-0.01623601644006223,2115178.0099484636,2051476.2081522134
2024-08-29,2657698.08344,8475.003440000222,2649223.08,0.0,0.0004062833640186003,-0.015836329499421042,2114833.2211601003,2054580.4362244636
2024-08-30,2645125.4334400003,8475.003440000222,2636650.43,0.0,-0.0047306539739556674,-0.020492067278297443,2112547.4944909764,2063385.3631701055
2024-09-02,2665560.31002,5893.590020000167,2659666.72,20000.0,0.007725484894462786,-0.012924893540049553,2115495.887770959,2094024.7896355407
2024-09-03,2643481.3200200005,5893.590020000167,2637587.7300000004,0.0,-0.008283057756001022,-0.021100893656368247,2105487.3019276382,2114553.2825431856
2024-09-04,2653800.5400199997,5893.590020000167,2647906.9499999997,0.0,0.0039036477851568385,-0.017279616327998015,2129346.336698181,2106552.635454118
2024-09-05,2657574.2700199997,5893.590020000167,2651680.6799999997,0.0,0.0014220096586352593,-0.01588217845067863,2144379.563397007,2113672.899843356
2024-09-06,2659134.9700200004,5893.590020000167,2653241.3800000004,0.0,0.0005872648669151825,-0.015304240629177568,2177493.877523831,2103987.335710306
2024-09-09,2665516.2700199997,5893.590020000167,2659622.6799999997,0.0,0.002399765364279771,-0.012941201851486173,2192835.3537736763,2101930.6262800116
2024-09-10,2654212.61002,5893.590020000167,2648319.02,0.0,-0.00424070193348125,-0.017127024005254343,2226211.1604971504,2099116.7877278635
2024-09-11,2659330.26002,5893.590020000167,2653436.67,0.0,0.0019281236102488553,-0.015231923414363302,2226598.204174974,2109129.447894773
2024-09-12,2659247.9800200006,5893.590020000167,2653354.3900000006,0.0,-3.094012099069676e-05,-0.015262392257800683,2220173.4522970053,2082688.8465490409
2024-09-13,2637850.62002,5893.590020000167,2631957.03,0.0,-0.008046395131543815,-0.023185980150585594,2233528.623855737,2074145.7482733855
2024-09-16,2627505.0200200006,5893.590020000167,2621611.4300000006,0.0,-0.003921980995239549,-0.027017026172318492,2241367.340668574,2075414.853796063
2024-09-17,2654902.7000200003,5893.590020000167,2649009.1100000003,0.0,0.010427260763060664,-0.016871478986199007,2228889.2949390044,2056527.2587974085
2024-09-18,2663475.3200199995,5893.590020000167,2657581.7299999995,0.0,0.00322897709205483,-0.013696979513299623,2245895.838286064,2061569.8200150486
2024-09-19,2653905.3100199997,5893.590020000167,2648011.7199999997,0.0,-0.003593053755019504,-0.01724081928464649,2265358.853476492,2058175.6060984742
2024-09-20,2681636.80002,5893.590020000167,2675743.21,0.0,0.010449314033661228,-0.006971659985888112,2264476.5324301785,2063730.8209343997
2024-09-23,2712041.54002,5893.590020000167,2706147.95,0.0,0.011338127519645358,0.0,2274931.0410790453,2065352.7567544708
2024-09-24,2712485.83002,5893.590020000167,2706592.24,0.0,0.0001638212370436154,0.0,2234623.948805283,2060063.0111634168
2024-09-25,2716838.47002,5893.590020000167,2710944.88,0.0,0.0016046682905501708,0.0,2234853.4042294957,2051327.5831287217
2024-09-26,2717391.2700199997,5893.590020000167,2711497.6799999997,0.0,0.00020347179491886358,0.0,2261012.1884593223,2040067.4883978993
2024-09-27,2753464.30002,5893.590020000167,2747570.71,0.0,0.013274875207696768,0.0,2263744.872681272,2030383.9559172338
2024-09-30,2759052.8600200005,5893.590020000167,2753159.2700000005,0.0,0.0020296467980209787,0.0,2283974.1824016203,2042193.951226719
2024-10-01,2779596.1850799997,66766.77508000024,2712829.4099999997,20000.0,0.007445788863882141,0.0,2298927.028938456,2086697.0334153643
2024-10-02,2799703.4750800002,66766.77508000024,2732936.7,0.0,0.00723388890369403,0.0,2333360.902099825,2060643.3038596392
2024-10-03,2810437.06508,66766.77508000024,2743670.29,0.0,0.003833831009440347,0.0,2322483.599515518,2062270.679035941
2024-10-04,2793898.6750800004,66766.77508000024,2727131.9000000004,0.0,-0.005884632751784746,-0.005884632751784746,2298476.3192192316,2040849.4985640158
2024-10-07,2779440.93508,66766.77508000024,2712674.16,0.0,-0.0051747545925537874,-0.01102893581398079,2284902.619535611,2043627.6604721309
2024-10-08,2789744.28508,66766.77508000024,2722977.51,0.0,0.0037069864914049955,-0.007362833438652849,2288347.5790949548,2066567.4965182436
2024-10-09,2789391.6250799997,66766.77508000024,2722624.8499999996,0.0,-0.00012641301996252352,-0.0074883157006048195,2269194.1629648115,2081905.849440429
2024-10-10,2785244.0150800003,66766.77508000024,2718477.24,0.0,-0.0014869227980421895,-0.008964103951312863,2298271.0541339256,2070075.9259424473
2024-10-11,2771553.45508,66766.77508000024,2704786.68,0.0,-0.004915389792016778,-0.013835431678272836,2297731.2506329943,2047856.1008461856
2024-10-14,2786823.21508,66766.77508000024,2720056.44,0.0,0.005509458954151336,-0.008402198467065802,2282870.0584568605,2046233.5120674612
2024-10-15,2780157.3950799997,66766.77508000024,2713390.6199999996,0.0,-0.0023919062981571093,-0.010774007493791204,2273632.2561496557,2065011.2335345198
2024-10-16,2798623.9650800005,66766.77508000024,2731857.1900000004,0.0,0.0066422750138825926,-0.0042032964006839535,2292631.0683644833,2044886.483034976
2024-10-17,2793097.0950800003,66766.77508000024,2726330.3200000003,0.0,-0.0019748526665110955,-0.006169848176090009,2288948.5253872536,2050685.5455854868
2024-10-18,2795833.35508,66766.77508000024,2729066.58,0.0,0.0009796508702901718,-0.005196241602935303,2308780.6265015784,2039928.4589159156
2024-10-21,2785035.0950800003,66766.77508000024,2718268.3200000003,0.0,-0.0038622688224172474,-0.009038441143415787,2308162.2108403165,2038673.7389795654
2024-10-22,2775069.8250800003,66766.77508000024,2708303.0500000003,0.0,-0.0035781488059538624,-0.012584249061984631,2287749.2532079997,2032448.0032735872
2024-10-23,2792763.41508,66766.77508000024,2725996.64,0.0,0.0063759080366525556,-0.0062885770400614716,2306203.021111207,2019125.407502552
2024-10-24,2789359.1350799995,66766.77508000024,2722592.3599999994,0.0,-0.00121896469339966,-0.007499876180077525,2314194.3839429603,2023863.2573330542
2024-10-25,2790454.0650799996,66766.77508000024,2723687.2899999996,0.0,0.0003925381949674289,-0.007110281972968369,2312158.328990417,2019800.2895609597
2024-10-28,2791088.7650800003,66766.77508000024,2724321.99,0.0,0.00022745402188961705,-0.006884445213310331,2287900.3632495226,2032857.5821519927
2024-10-29,2786078.81508,66766.77508000024,2719312.04,0.0,-0.0017949805332889701,-0.008667068301458913,2273691.652004127,2018879.2499128594
2024-10-30,2794545.5450799996,66766.77508000024,2727778.7699999996,0.0,0.003038941308541654,-0.005654465704802436,2264629.416854992,2027275.275034628
2024-10-31,2792064.6650799997,66766.77508000024,2725297.8899999997,0.0,-0.0008877579413109071,-0.006537203849280027,2242525.424307135,2014241.2306603994
2024-11-01,2812344.0838200003,6422.243820000207,2805921.8400000003,20000.0,0.007263233904870825,0.0,2275943.646606992,2072368.989990552
2024-11-04,2823323.96382,6422.243820000207,2816901.7199999997,0.0,0.00390417376848351,0.0,2271668.0052253376,2060863.5924854004
2024-11-05,2822343.7938200003,6422.243820000207,2815921.55,0.0,-0.0003471688026455144,-0.0003471688026455144,2269489.648775327,2041387.130758155
2024-11-06,2823935.76382,6422.243820000207,2817513.52,0.0,0.00056405956052763,0.0,2270355.8803248256,2041929.1216991981
2024-11-07,2829349.39382,6422.243820000207,2822927.15,0.0,0.0019170513966213498,0.0,2271184.2197516095,2057001.302900438
2024-11-08,2833511.603820001,6422.243820000207,2827089.3600000003,0.0,0.0014710837795757215,0.0,2273454.2222658596,2053210.8184847343
2024-11-11,2844855.77382,6422.243820000207,2838433.53,0.0,0.00400357280510355,0.0,2287908.745263238,2048727.1380119515
2024-11-12,2855720.2438200004,6422.243820000207,2849298.0,0.0,0.003818987978224442,0.0,2275077.4150574934,2081432.32130657
2024-11-13,2852396.2438200004,6422.243820000207,2845974.0,0.0,-0.0011639795624915905,-0.0011639795624915905,2291341.94782361,2077889.012377355
2024-11-14,2848749.5438200003,6422.243820000207,2842327.3,0.0,-0.001278468939194921,-0.0024409603899699928,2278452.4576155595,2085799.3183793067
2024-11-15,2849759.5438200003,6422.243820000207,2843337.3,0.0,0.00035454152232894387,-0.002087284289453595,2306306.692659401,2071921.5885513213
2024-11-18,2862315.42382,6422.243820000207,2855893.18,0.0,0.004405943661888401,0.0,2303229.4998101145,2086759.7125181488
2024-11-19,2853842.35382,6422.243820000207,2847420.11,0.0,-0.00296021533108759,-0.00296021533108759,2282039.8723032586,2117880.349048826
2024-11-20,2863753.55382,6422.243820000207,2857331.31,0.0,0.0034729318480866134,0.0,2292894.6436427515,2128398.425476663
2024-11-21,2876409.26382,6422.243820000207,2869987.0199999996,0.0,0.004419273433329707,0.0,2320236.894423868,2102244.7734426293
2024-11-22,2863620.4138199994,6422.243820000207,2857198.1699999995,0.0,-0.004446116260596544,-0.004446116260596544,2336867.1302347877,2101448.0122375796
2024-11-25,2867526.5338199995,6422.243820000207,2861104.2899999996,0.0,0.0013640495022135823,-0.003088131481054912,2349987.4980277503,2085993.3304231707
2024-11-26,2877266.7038200004,6422.243820000207,2870844.46,0.0,0.0033967148638813782,0.0,2331476.7554756,2087696.6318901177
2024-11-27,2876362.2838200005,6422.243820000207,2869940.04,0.0,-0.00031433304350936275,-0.00031433304350936275,2307160.587238713,2054766.3670072446
2024-11-28,2884047.8638200006,6422.243820000207,2877625.62,0.0,0.00267197913254269,0.0,2307224.034513956,2067613.278395768
2024-11-29,2890820.7338200007,6422.243820000207,2884398.49,0.0,0.0023483902902461384,0.0,2324018.1757859206,2073212.0102950283
2024-12-02,2903970.16404,9150.76404000021,2894819.4,20000.0,0.004548684069600961,0.0,2361492.612842435,2084863.9689343234
2024-12-03,2886658.154040001,9150.76404000021,2877507.3900000006,0.0,-0.005961497199377219,-0.005961497199377219,2371142.5418033926,2093168.7806463034
2024-12-04,2883405.0340400008,9150.76404000021,2874254.2700000005,0.0,-0.001126950205533439,-0.007081729094416511,2388136.121805463,2064406.9304311706
2024-12-05,2880327.8140400006,9150.76404000021,2871177.0500000003,0.0,-0.0010672173918239158,-0.008141388741786715,2411544.620507127,2086543.3352915938
2024-12-06,2881577.88404,9150.76404000021,2872427.1199999996,0.0,0.00043400268327298264,-0.0077109194430731165,2421206.1030761614,2117395.1565897884
2024-12-09,2876886.3740399997,9150.76404000021,2867735.6099999994,0.0,-0.001628104527725882,-0.009326469787940828,2384607.827646778,2154057.4878870896
2024-12-10,2860077.0640400006,9150.76404000021,2850926.3000000003,0.0,-0.005842882830437879,-0.01511485914818611,2386267.103514351,2146323.6189092747
2024-12-11,2858568.89404,9150.76404000021,2849418.13,0.0,-0.0005273179590028487,-0.015634206770512304,2384413.193787646,2141183.04293646
2024-12-12,2871530.59404,9150.76404000021,2862379.8299999996,0.0,0.004534331856413942,-0.011170765595907683,2396679.5706083444,2136239.7524261223
2024-12-13,2873896.5740400003,9150.76404000021,2864745.81,0.0,0.0008239438593866666,-0.010356025820238313,2364979.1362642287,2152534.9739293153
2024-12-16,2876450.88404,9150.76404000021,2867300.1199999996,0.0,0.0008887967726718404,-0.009476433449893129,2407093.8151805038,2176801.7829357814
2024-12-17,2863173.0640400006,9150.76404000021,2854022.3000000003,0.0,-0.004616042663433406,-0.014048732492224603,2418341.697012322,2169689.7465817463
2024-12-18,2844111.27404,9150.76404000021,2834960.51,0.0,-0.006657575205427424,-0.02061277720454413,2428314.2382603334,2138258.6170880795
2024-12-19,2847325.70404,9150.76404000021,2838174.94,0.0,0.0011302054280859508,-0.019505868449142816,2433358.721294262,2108559.1380848484
2024-12-20,2846409.2640400007,9150.76404000021,2837258.5000000005,0.0,-0.0003218599118109955,-0.01982145020385495,2423011.132153312,2101928.1157559343
2024-12-23,2857181.2440400003,9150.76404000021,2848030.48,0.0,0.0037844101113944095,-0.016112052589034587,2425824.8800894325,2097414.252259328
2024-12-24,2856910.9740400007,9150.76404000021,2847760.2100000004,0.0,-9.459322910065904e-05,-0.016205121727053462,2425927.0850839536,2102660.7907420243
2024-12-25,2879277.7240400007,9150.76404000021,2870126.9600000004,0.0,0.00782899789431335,-0.008502993696618222,2432810.369280179,2115676.0542913126
2024-12-26,2875031.3140399996,9150.76404000021,2865880.5499999993,0.0,-0.0014748177866089618,-0.009965271116883945,2434198.5797275007,2134199.9741108995
2024-12-27,2873282.9740400007,9150.76404000021,2864132.2100000004,0.0,-0.0006081116374145878,-0.01056732275696226,2440275.777575634,2143938.7653151606
2024-12-30,2874550.8440400003,9150.76404000021,2865400.08,0.0,0.00044126179407144583,-0.010130723918689188,2453845.934630788,2136655.237004343
2024-12-31,2875802.9240400004,9150.76404000021,2866652.16,0.0,0.00043557413590233907,-0.009699562464103861,2415664.814894952,2145213.1039208435
2025-01-01,2893138.20974,10406.279740000202,2882731.9299999997,20000.0,0.006027981109236302,-0.0037300501341690495,2460660.601598483,2196439.976734277
2025-01-02,2890522.72974,10406.279740000202,2880116.4499999997,0.0,-0.0009040287087546117,-0.004630706770517357,2464330.7071274007,2175035.845440457
2025-01-03,2889434.6197400005,10406.279740000202,2879028.3400000003,0.0,-0.0003764405617032729,-0.005005404146362857,2454148.3147371123,2172498.924015085
2025-01-06,2900582.52974,10406.279740000202,2890176.25,0.0,0.0038581630897061014,-0.001166552722183356,2469639.636633953,2160330.706329774
2025-01-07,2894673.78974,10406.279740000202,2884267.51,0.0,-0.0020370873572522763,-0.003201263709633695,2477133.067429446,2171680.7211260926
2025-01-08,2912904.84974,10406.279740000202,2902498.57,0.0,0.0062981397298096375,0.0,2523868.671502402,2154309.2114657257
2025-01-09,2928267.0697399997,10406.279740000202,2917860.7899999996,0.0,0.005273848887089816,0.0,2526953.674758277,2137088.2567651565
2025-01-10,2950175.4397400003,10406.279740000202,2939769.16,0.0,0.007481684381317688,0.0,2528749.302560999,2131165.255800041
2025-01-13,2950948.56974,10406.279740000202,2940542.29,0.0,0.0002620623809639344,0.0,2498306.06392562,2159431.5977380867
2025-01-14,2964066.17974,10406.279740000202,2953659.9,0.0,0.004445218101905235,0.0,2512870.0031997976,2168424.0907106614
2025-01-15,2967149.21974,10406.279740000202,2956742.94,0.0,0.001040138719261119,0.0,2506317.395354833,2173608.3874337794
2025-01-16,2966810.60974,10406.279740000202,2956404.33,0.0,-0.00011411963973606554,-0.00011411963973606554,2524845.335327236,2188637.149355242
2025-01-17,2955457.69974,10406.279740000202,2945051.42,0.0,-0.0038266379265089467,-0.003940320871703373,2499031.8416303135,2211056.471335921
2025-01-20,2950054.16974,10406.279740000202,2939647.8899999997,0.0,-0.0018283225642091727,-0.005761439258352596,2457708.2095775395,2205786.3442151607
2025-01-21,2953376.659740001,10406.279740000202,2942970.380000001,0.0,0.001126247115758483,-0.0046416809469413955,2453470.9222127316,2231960.394328731
2025-01-22,2955937.20974,10406.279740000202,2945530.9299999997,0.0,0.0008669906669556138,-0.0037787145740457717,2494944.1899157325,2247165.038212574
2025-01-23,2938422.53974,10406.279740000202,2928016.26,0.0,-0.005925251031140943,-0.00968157577276052,2472701.343321529,2239575.379771944
2025-01-24,2945067.2097400003,10406.279740000202,2934660.93,0.0,0.0022613051425164343,-0.007442163627326637,2441970.481669846,2215945.98989009
2025-01-27,2955304.47974,10406.279740000202,2944898.1999999997,0.0,0.0034760734716485775,-0.003991959663234623,2458940.239631803,2229355.230701956
2025-01-28,2958238.9997400003,10406.279740000202,2947832.72,0.0,0.0009929670597794704,-0.0030029564879047177,2484399.804694955,2230480.875261189
2025-01-29,2942234.94974,10406.279740000202,2931828.67,0.0,-0.005409992228960214,-0.008396702745601448,2504366.7557707373,2225017.2779818107
2025-01-30,2959221.65974,10406.279740000202,2948815.38,0.0,0.005773403650684239,-0.002671776649202262,2496995.183947884,2206957.7180846124
2025-01-31,2952684.9797400003,10406.279740000202,2942278.7,0.0,-0.0022089186791685034,-0.004874793591023829,2482656.146159976,2216147.198855053
2025-02-03,2972721.8402400007,9168.050240000215,2963553.7900000005,20000.0,0.00678597975655526,0.0,2501522.6785100535,2228303.566860746
2025-02-04,2989780.9302400006,9168.050240000215,2980612.8800000004,0.0,0.005738542291135573,0.0,2494550.5426555984,2232559.4144134973
2025-02-05,2988145.7502400004,9168.050240000215,2978977.7,0.0,-0.0005469230148139603,-0.0005469230148139603,2497481.567509557,2292597.7455359013
2025-02-06,2983584.83024,9168.050240000215,2974416.78,0.0,-0.0015263378634171598,-0.0020724260889252166,2526766.525233763,2314028.1918949415
2025-02-07,2984829.560240001,9168.050240000215,2975661.5100000007,0.0,0.0004171927633445094,-0.0016560979267474796,2535686.053872543,2299752.822680885
2025-02-10,2961852.0402400005,9168.050240000215,2952683.99,0.0,-0.007698101193474138,-0.009341450310795252,2558126.2330626044,2292834.851971701
2025-02-11,2950582.6302400003,9168.050240000215,2941414.58,0.0,-0.0038048524527535266,-0.013110759923421478,2551651.784325108,2287563.8481219634
2025-02-12,2946778.7202400006,9168.050240000215,2937610.6700000004,0.0,-0.0012892063963957368,-0.014383063844262356,2527186.533417766,2274809.7935543694
2025-02-13,2970192.55024,9168.050240000215,2961024.4999999995,0.0,0.007945567761563188,-0.0065517776910927195,2515419.981561828,2273953.6547472603
2025-02-14,2958472.7602399997,9168.050240000215,2949304.7099999995,0.0,-0.003945801425922046,-0.010471727103258943,2512584.700508954,2284369.3003342436
2025-02-17,2961797.24024,9168.050240000215,2952629.19,0.0,0.0011237149263900736,-0.009359779412919766,2496750.843593732,2291001.891441058
2025-02-18,2975883.46024,9168.050240000215,2966715.4099999997,0.0,0.004755970398182319,-0.004648323848558733,2502305.7905434533,2261134.289424896
2025-02-19,2982607.8402400003,9168.050240000215,2973439.79,0.0,0.0022596247769253175,-0.002399202539372869,2505186.2337666503,2267293.377559619
2025-02-20,2993605.0302400007,9168.050240000215,2984436.9800000004,0.0,0.003687105576412497,0.0,2482517.533994755,2276598.7403154927
2025-02-21,2993640.6602400006,9168.050240000215,2984472.6100000003,0.0,1.1902037723832137e-05,0.0,2451885.8403515187,2284269.204503562
2025-02-24,2995621.39024,9168.050240000215,2986453.34,0.0,0.0006616458769772571,0.0,2452475.658295937,2286954.7543437714
2025-02-25,2981695.88024,9168.050240000215,2972527.8299999996,0.0,-0.004648621499823258,-0.004648621499823258,2501773.780177049,2331089.9166793986
2025-02-26,2985356.730240001,9168.050240000215,2976188.6800000006,0.0,0.0012277744434843196,-0.0034265545150139465,2508100.096995886,2347406.2469800534
2025-02-27,2999751.6902400004,9168.050240000215,2990583.64,0.0,0.004821855912289008,0.0,2511533.325183836,2350584.4670790806
2025-02-28,3003150.940240001,9168.050240000215,2993982.8900000006,0.0,0.001133177126313667,0.0,2504922.4866919643,2354615.2764876746
2025-03-03,3017970.12632,9947.676320000202,3008022.4499999997,20000.0,0.004934545873613194,0.0,2516997.4290436953,2370573.1086869463
2025-03-04,3023046.94632,9947.676320000202,3013099.27,0.0,0.0016821969030524908,0.0,2533070.0979317236,2384135.1550540854
2025-03-05,3034062.226320001,9947.676320000202,3024114.5500000007,0.0,0.0036437674292189026,0.0,2540840.117548244,2374417.7050545514
2025-03-06,3033695.8363200002,9947.676320000202,3023748.16,0.0,-0.00012075889440310572,-0.00012075889440310572,2551075.711704434,2412678.2403396843
2025-03-07,3029705.98632,9947.676320000202,3019758.31,0.0,-0.0013151779925438811,-0.00143577806750661,2567985.1099137166,2412099.0450954773
2025-03-10,3057772.66632,9947.676320000202,3047824.9899999998,0.0,0.009263829601528606,0.0,2536614.588952009,2411952.277450159
2025-03-11,3069506.5863200002,9947.676320000202,3059558.91,0.0,0.003837407577497176,0.0,2542786.7196035665,2394699.561758066
2025-03-12,3061186.75632,9947.676320000202,3051239.08,0.0,-0.0027104779761931708,-0.0027104779761931708,2517515.4910499994,2380935.6203861474
2025-03-13,3055983.8163199998,9947.676320000202,3046036.1399999997,0.0,-0.001699648016985078,-0.004405519134660918,2534026.0998765733,2378108.374379505
2025-03-14,3058515.69632,9947.676320000202,3048568.02,0.0,0.0008284991518865414,-0.003580669951640969,2541574.873328714,2399779.154165544
2025-03-17,3058317.5563200004,9947.676320000202,3048369.8800000004,0.0,-6.478305808210738e-05,-0.003645221042973601,2547223.4791057114,2375148.67952221
2025-03-18,3062847.04632,9947.676320000202,3052899.37,0.0,0.0014810397928231023,-0.0021695799675687244,2497118.0514590796,2396147.191898717
2025-03-19,3062827.88632,9947.676320000202,3052880.21,0.0,-6.255617636230504e-06,-0.002175822013142259,2500168.1529021715,2391581.6442197203
2025-03-20,3067567.96632,9947.676320000202,3057620.29,0.0,0.0015476155291558324,-0.0006315738199227372,2503485.934889821,2357676.8862717394
2025-03-21,3096684.86632,9947.676320000202,3086737.19,0.0,0.009491851629592318,0.0,2509961.254729602,2357119.1692195297
2025-03-24,3084692.62632,9947.676320000202,3074744.9499999997,0.0,-0.003872605872954571,-0.003872605872954571,2537068.9174953233,2358651.2802487058
2025-03-25,3094763.85632,9947.676320000202,3084816.1799999997,0.0,0.0032649055254541093,-0.0006203440398128146,2530339.574281625,2362158.669001945
2025-03-26,3068104.89632,9947.676320000202,3058157.2199999997,0.0,-0.00861421460172418,-0.009229214864851176,2550423.8094258504,2371597.6184452414
2025-03-27,3076027.4863200006,9947.676320000202,3066079.8100000005,0.0,0.002582242220434905,-0.00667080471270165,2579524.5086270724,2369126.910425762
2025-03-28,3076727.22632,9947.676320000202,3066779.55,0.0,0.00022748171240705162,-0.006444840486373837,2585140.337194532,2390852.101631528
2025-03-31,3069367.3463200005,9947.676320000202,3059419.6700000004,0.0,-0.002392113261467932,-0.008821536959446208,2585854.1519800196,2397281.956375934
2025-04-01,3097266.1087399996,10642.318740000192,3086623.7899999996,20000.0,0.00908941787415829,0.0,2620227.8688403443,2425271.127859379
2025-04-02,3091827.3487400003,10642.318740000192,3081185.0300000003,0.0,-0.001755987315604557,-0.001755987315604557,2644687.9151317435,2432286.48231245
2025-04-03,3087227.2687399997,10642.318740000192,3076584.9499999997,0.0,-0.0014878191700694599,-0.003241193894083505,2625363.9280728744,2445851.570347813
2025-04-04,3087061.95874,10642.318740000192,3076419.64,0.0,-5.354643037569495e-05,-0.0032945667700959858,2686164.483499909,2460847.4499581903
2025-04-07,3104850.8187399996,10642.318740000192,3094208.4999999995,0.0,0.005762391632482711,0.0,2661726.456755059,2427431.0311855352
2025-04-08,3123654.82874,10642.318740000192,3113012.51,0.0,0.006056332847460766,0.0,2664867.9120627013,2427052.037453506
2025-04-09,3128281.7987399995,10642.318740000192,3117639.4799999995,0.0,0.001481268018933557,0.0,2656942.7102673105,2431258.506932622
2025-04-10,3147592.37874,10642.318740000192,3136950.06,0.0,0.006172902967941818,0.0,2650117.568318259,2409240.7758337674
2025-04-11,3158167.47874,10642.318740000192,3147525.16,0.0,0.0033597425357325683,0.0,2666789.117499092,2402051.445210374
2025-04-14,3127479.8887400003,10642.318740000192,3116837.5700000003,0.0,-0.009716897601720342,-0.009716897601720342,2664210.995590659,2429097.1598208193
2025-04-15,3120649.9287400004,10642.318740000192,3110007.6100000003,0.0,-0.0021838541710820225,-0.01187953148544485,2690847.3070659745,2444296.6132072583
2025-04-16,3123871.4787399997,10642.318740000192,3113229.1599999997,0.0,0.0010323330311197143,-0.010859462087071892,2723016.9470928065,2437882.5954756737
2025-04-17,3133220.8587400005,10642.318740000192,3122578.5400000005,0.0,0.0029928824100573514,-0.007899080770077616,2732088.0827898458,2412537.660356012
2025-04-18,3141483.99874,10642.318740000192,3130841.68,0.0,0.0026372670081491467,-0.005282645747038073,2736988.349378081,2428415.692995989
2025-04-21,3145847.91874,10642.318740000192,3135205.6,0.0,0.00138912692273796,-0.003900857089730758,2749453.247686969,2396216.385522766
2025-04-22,3151127.9187399996,10642.318740000192,3140485.5999999996,0.0,0.001678402814244917,-0.002229001485003268,2737915.9227764537,2400678.4050611933
2025-04-23,3136493.93874,10642.318740000192,3125851.62,0.0,-0.004644045045892997,-0.006862694947592507,2708782.2277300507,2379199.927901055
2025-04-24,3139350.5687399996,10642.318740000192,3128708.2499999995,0.0,0.0009107717265817161,-0.005958173569537206,2726073.994138678,2369569.8776433924
2025-04-25,3142489.62874,10642.318740000192,3131847.31,0.0,0.000999907443041792,-0.0049642237485945095,2695962.264233062,2382556.007634779
2025-04-28,3132230.46874,10642.318740000192,3121588.15,0.0,-0.0032646599391049635,-0.008212677185298722,2713311.8319513802,2377194.509639002
2025-04-29,3129546.1387399994,10642.318740000192,3118903.8199999994,0.0,-0.0008570027099826794,-0.009062641608677313,2707993.193978715,2391809.2298388807
2025-04-30,3123284.48874,10642.318740000192,3112642.17,0.0,-0.002000817282253098,-0.01104532620097698,2712384.258553008,2389042.936541477
2025-05-01,3154781.2069400004,11370.126940000308,3143411.08,20000.0,0.010084485839683133,-0.0010722267969622834,2744206.920087553,2416996.0297715124
2025-05-02,3150220.6669400004,11370.126940000308,3138850.54,0.0,-0.0014455962873012318,-0.0025162730771866038,2732356.6113437996,2411290.623101131
2025-05-05,3136164.96694,11370.126940000308,3124794.84,0.0,-0.00446181442065563,-0.006966860354340132,2759742.0815033815,2421696.18425871
2025-05-06,3126576.16694,11370.126940000308,3115206.0399999996,0.0,-0.003057492224127545,-0.01000305145710767,2754645.949666456,2410334.8692151634
2025-05-07,3136950.47694,11370.126940000308,3125580.3499999996,0.0,0.0033181056357098893,-0.006718137002811875,2760005.4833121453,2416552.728844967
2025-05-08,3137075.2469400004,11370.126940000308,3125705.12,0.0,3.9774297017958204e-05,-0.00667862991497048,2774234.7262866287,2384026.524244388
2025-05-09,3132810.536940001,11370.126940000308,3121440.4100000006,0.0,-0.0013594541616939182,-0.008029004785432003,2803549.961276733,2365996.041567001
2025-05-12,3137156.71694,11370.126940000308,3125786.59,0.0,0.0013873101959891443,-0.0066528333096452785,2816488.073279837,2362183.21684903
2025-05-13,3163504.3569400003,11370.126940000308,3152134.23,0.0,0.008398573095736106,0.0,2790772.6630095057,2359778.1819371977
2025-05-14,3174242.6469400004,11370.126940000308,3162872.52,0.0,0.0033944287057618983,0.0,2774208.8482141886,2355761.5407012743
2025-05-15,3163774.2669400005,11370.126940000308,3152404.14,0.0,-0.003297914231633059,-0.003297914231633059,2779012.9275192916,2369118.8017884786
2025-05-16,3167457.4169400004,11370.126940000308,3156087.29,0.0,0.001164163334434809,-0.0021375902080268405,2758460.1927007306,2351499.5917276735
2025-05-19,3161606.96694,11370.126940000308,3150236.84,0.0,-0.0018470492985039888,-0.003980691272036485,2762945.417184699,2348051.4529936085
2025-05-20,3163199.2069400004,11370.126940000308,3151829.08,0.0,0.0005036173112755726,-0.0034790787057964456,2752629.3084498853,2337039.5376951224
2025-05-21,3164701.66694,11370.126940000308,3153331.5399999996,0.0,0.0004749811509510149,-0.0030057500516534885,2796498.1865368453,2318996.6804434317
2025-05-22,3170944.7769400002,11370.126940000308,3159574.65,0.0,0.001972732553345846,-0.0010389470392817568,2816887.334968911,2315857.9060669723
2025-05-23,3145178.88694,11370.126940000308,3133808.76,0.0,-0.008125619275168972,-0.009156124226362472,2774162.637370546,2312848.70076264
2025-05-26,3155232.3169400003,11370.126940000308,3143862.19,0.0,0.003196457295877808,-0.005988934090569997,2789302.233964792,2287171.4590813797
2025-05-27,3141114.146940001,11370.126940000308,3129744.0200000005,0.0,-0.004474526304830584,-0.010436662752274395,2778775.403782968,2302004.934091464
2025-05-28,3149892.63694,11370.126940000308,3138522.51,0.0,0.0027947058239037315,-0.007671124330546619,2763792.924057107,2304962.457350173
2025-05-29,3160081.6069400003,11370.126940000308,3148711.48,0.0,0.003234703900860003,-0.004461234245482615,2767792.010465953,2316671.716306509
2025-05-30,3121724.71694,11370.126940000308,3110354.59,0.0,-0.012137942866969897,-0.01654502690606463,2772636.755313461,2334765.527687688
2025-06-02,3141950.2285,10356.778500000306,3131593.4499999997,20000.0,0.006478954230091594,-0.010173267148033016,2816682.1056945436,2377897.246642956
2025-06-03,3145141.7085000006,10356.778500000306,3134784.93,0.0,0.001015764021673915,-0.009167836765111015,2774086.565493748,2412221.8463900364
2025-06-04,3149082.4585,10356.778500000306,3138725.6799999997,0.0,0.0012529642112306671,-0.007926359525241344,2784026.8590582306,2422013.8784706704
2025-06-05,3155269.638500001,10356.778500000306,3144912.8600000003,0.0,0.0019647564271618734,-0.005977176463900724,2778785.376423002,2417317.167978737
2025-06-06,3142419.5085000005,10356.778500000306,3132062.73,0.0,-0.004072593303344196,-0.010025427158405043,2770535.463335446,2427866.7813703553
2025-06-09,3137620.5885,10356.778500000306,3127263.8099999996,0.0,-0.0015271417412664468,-0.011537258651383886,2744259.169016523,2445346.2083043074
2025-06-10,3139518.638500001,10356.778500000306,3129161.8600000003,0.0,0.000604932924955115,-0.010939304994050714,2744299.194545437,2455510.424226675
2025-06-11,3146213.3585,10356.778500000306,3135856.5799999996,0.0,0.0021324033302116963,-0.008830228674238438,2754673.2531441967,2464921.463380565
2025-06-12,3144621.9885,10356.778500000306,3134265.2099999995,0.0,-0.000505804857671488,-0.009331567159352128,2719154.7849511513,2469425.842183082
2025-06-13,3129508.838500001,10356.778500000306,3119152.0600000005,0.0,-0.004806030758313207,-0.014092750118874231,2735429.3511728407,2465430.922130393
2025-06-16,3123514.6285,10356.778500000306,3113157.8499999996,0.0,-0.0019153836302548966,-0.015981140726246124,2775651.2844264098,2455961.1557430937
2025-06-17,3114339.4285000004,10356.778500000306,3103982.65,0.0,-0.00293746023030661,-0.018871656991234498,2768005.477577579,2478699.606428876
2025-06-18,3134430.0585000003,10356.778500000306,3124073.28,0.0,0.006451008459818608,-0.012542389750317184,2779888.4055337724,2483010.1853611413
2025-06-19,3120270.278500001,10356.778500000306,3109913.5000000005,0.0,-0.004517497514931135,-0.017003227050719993,2794588.0137340077,2457176.809474673
2025-06-20,3109762.5585000003,10356.778500000306,3099405.78,0.0,-0.003367567249671688,-0.020313534789836996,2831094.08858235,2466780.9144083965
2025-06-23,3124833.9185000006,10356.778500000306,3114477.14,0.0,0.004846466479830003,-0.015565517175452959,2866782.8979798434,2497248.6031013005
2025-06-24,3130976.1085000006,10356.778500000306,3120619.33,0.0,0.0019656052642145205,-0.013630507573738626,2871102.862623796,2482764.9991616565
2025-06-25,3127913.138500001,10356.778500000306,3117556.3600000003,0.0,-0.000978279582423025,-0.014595452708904166,2874204.375701505,2479932.1442400604
2025-06-26,3138787.118500001,10356.778500000306,3128430.3400000003,0.0,0.0034764328542751244,-0.011169759965949377,2876607.7690888536,2484645.0047211815
2025-06-27,3150395.6185,10356.778500000306,3140038.8399999994,0.0,0.0036984030970366177,-0.007512667143763974,2859651.8380493727,2475845.4628851693
2025-06-30,3161637.6085000006,10356.778500000306,3151280.83,0.0,0.0035684375428866044,-0.00397103808436039,2855354.213235512,2482873.644543464
2025-07-01,3204112.9227000005,10045.372700000553,3194067.55,20000.0,0.013434592910270826,0.0,2889852.7629649234,2509440.083329076
2025-07-02,3234407.192700001,10045.372700000553,3224361.8200000003,0.0,0.00945480722148595,0.0,2850148.1766300257,2494291.7879089345
2025-07-03,3236611.942700001,10045.372700000553,3226566.5700000003,0.0,0.0006816550510324593,0.0,2840404.80611654,2488592.3999295523
2025-07-04,3226253.5927000004,10045.372700000553,3216208.2199999997,0.0,-0.003200368219416383,-0.003200368219416383,2820305.062269384,2459191.9346206943
2025-07-07,3236343.0027000005,10045.372700000553,3226297.63,0.0,0.0031272836155313843,-8.309306298115438e-05,2803479.3533624494,2441008.208209716
2025-07-08,3234960.902700001,10045.372700000553,3224915.5300000003,0.0,-0.0004270560935125678,-0.0005101136710947696,2782999.060363925,2416960.076483676
2025-07-09,3242246.9327000007,10045.372700000553,3232201.56,0.0,0.0022522776067923633,0.0,2805063.4126378503,2405531.701002817
2025-07-10,3234261.1827000002,10045.372700000553,3224215.8099999996,0.0,-0.002463029548878448,-0.002463029548878448,2787616.2650921047,2417294.5510833487
2025-07-11,3267087.482700001,10045.372700000553,3257042.1100000003,0.0,0.010149551364493359,0.0,2814026.001271804,2431799.056897925
2025-07-14,3295500.172700001,10045.372700000553,3285454.8000000003,0.0,0.008696641932746552,0.0,2823765.622532567,2445223.180156036
2025-07-15,3300132.5527000003,10045.372700000553,3290087.1799999997,0.0,0.0014056682619452143,0.0,2825460.284763292,2425741.5147011946
2025-07-16,3337650.5527000013,10045.372700000553,3327605.1800000006,0.0,0.011368634259646848,0.0,2871277.0903496025,2423247.014976643
2025-07-17,3340408.7327000005,10045.372700000553,3330363.36,0.0,0.0008263836960906712,0.0,2883489.3437810796,2418983.9438069183
2025-07-18,3341129.6827000002,10045.372700000553,3331084.3099999996,0.0,0.00021582688158550134,0.0,2892126.684741327,2437146.2105643777
2025-07-21,3341955.552700001,10045.372700000553,3331910.18,0.0,0.00024718286281344426,0.0,2867549.395829917,2446495.219618066
2025-07-22,3331375.6227000006,10045.372700000553,3321330.25,0.0,-0.0031657901588345583,-0.0031657901588345583,2839872.4122298965,2467907.5139015513
2025-07-23,3339440.3527000006,10045.372700000553,3329394.98,0.0,0.002420840791727885,-0.0007526132410612396,2840282.9554030476,2457671.9991611186
2025-07-24,3330603.9727000003,10045.372700000553,3320558.5999999996,0.0,-0.002646066126875457,-0.003396687903532869,2842674.0413270406,2436381.8029062757
2025-07-25,3315930.6227,10045.372700000553,3305885.2499999995,0.0,-0.0044056123514754075,-0.007787335764826375,2881524.7353543104,2436487.621197765
2025-07-28,3304658.5627000006,10045.372700000553,3294613.19,0.0,-0.003399365451989267,-0.011160229216653605,2912032.404760076,2405330.4242525715
2025-07-29,3322702.6627,10045.372700000553,3312657.2899999996,0.0,0.005460201003415266,-0.005760965308005406,2935417.431305623,2399767.1940748263
2025-07-30,3330355.092700001,10045.372700000553,3320309.72,0.0,0.0023030739662339705,-0.0034711592709926187,2916830.5109321335,2379823.776075303
2025-07-31,3328215.0227000006,10045.372700000553,3318169.65,0.0,-0.000642595140887936,-0.004111523861799804,2890130.207666414,2380635.5429687575
2025-08-01,3344775.7704000003,11173.140400000466,3333602.63,20000.0,0.004975864716386225,0.0,2919973.870690236,2389419.544058929
2025-08-04,3347296.320400001,11173.140400000466,3336123.1800000006,0.0,0.0007535781687688647,0.0,2890964.982662869,2381716.914573401
2025-08-05,3373272.3504000003,11173.140400000466,3362099.21,0.0,0.007760301901474698,0.0,2896174.634285053,2393284.291017421
2025-08-06,3394180.0504,11173.140400000466,3383006.9099999997,0.0,0.0061980468305562475,0.0,2883201.469212854,2396438.6230107676
2025-08-07,3406730.4304000004,11173.140400000466,3395557.29,0.0,0.0036976176318406218,0.0,2897507.248069568,2411996.1137600695
2025-08-08,3377463.8704000004,11173.140400000466,3366290.73,0.0,-0.008590805934875156,-0.008590805934875156,2879568.869739342,2426093.970400313
2025-08-11,3384533.1703999997,11173.140400000466,3373360.0299999993,0.0,0.002093079384787755,-0.006515707788888436,2892353.279317984,2377399.2034512092
2025-08-12,3369738.3104000003,11173.140400000466,3358565.17,0.0,-0.004371314818064187,-0.010858540396945005,2887956.2200955646,2371841.9973110496
2025-08-13,3375473.6004000003,11173.140400000466,3364300.46,0.0,0.0017019986336326287,-0.00917502298423123,2883636.550625504,2346746.8871609992
2025-08-14,3380266.7504,11173.140400000466,3369093.6099999994,0.0,0.0014199933305452106,-0.007768058125131261,2884415.167036428,2372007.6613050224
2025-08-15,3399049.9204000006,11173.140400000466,3387876.7800000003,0.0,0.005556712350520243,-0.0022545106391343994,2883664.8639495373,2362208.8599317935
2025-08-18,3412401.900399999,11173.140400000466,3401228.759999999,0.0,0.0039281506046333625,0.0,2852546.633281667,2359076.168730452
2025-08-19,3398767.7904000003,11173.140400000466,3387594.65,0.0,-0.00399545844772875,-0.00399545844772875,2885239.084765806,2359018.7086965065
2025-08-20,3391119.0304,11173.140400000466,3379945.8899999997,0.0,-0.002250450890350475,-0.006236917755058191,2840385.1168317646,2383357.8835947807
2025-08-21,3402753.630400001,11173.140400000466,3391580.4900000007,0.0,0.003430902865898089,-0.0028274131481602627,2819625.787650324,2393540.249350451
2025-08-22,3395682.7904000008,11173.140400000466,3384509.6500000004,0.0,-0.0020779758889476474,-0.0048995137407580325,2795986.049637197,2372964.333558505
2025-08-25,3391170.0804000003,11173.140400000466,3379996.94,0.0,-0.0013289551111070885,-0.006221957618037344,2797596.1339972415,2350589.247093278
2025-08-26,3381359.6204000004,11173.140400000466,3370186.48,0.0,-0.002892942485162142,-0.009096900337665415,2761714.6584494505,2369565.9829794415
2025-08-27,3403848.840400001,11173.140400000466,3392675.7000000007,0.0,0.006650940013692042,-0.002506463262429759,2707037.8546306835,2388926.2832480464
2025-08-28,3391667.7404,11173.140400000466,3380494.5999999996,0.0,-0.003578625424085935,-0.006076118993360247,2736792.3268576018,2434531.640579819
2025-08-29,3376022.6204000004,11173.140400000466,3364849.48,0.0,-0.004612810333288864,-0.010660901342170348,2724905.4496508255,2435265.9350395906
2025-09-01,3383306.4129400006,11808.932940000494,3371497.48,20000.0,0.0021575070309030053,-0.008526395280868848,2744224.0423190836,2491297.8537286744
2025-09-02,3389956.7129400005,11808.932940000494,3378147.78,0.0,0.001965621551321739,-0.0065775333958663085,2766889.82997516,2506645.7359628235
2025-09-03,3393799.2629400003,11808.932940000494,3381990.3299999996,0.0,0.0011335100490612593,-0.00545147904700749,2742288.404398368,2504819.2161086663
2025-09-04,3388221.052940001,11808.932940000494,3376412.12,0.0,-0.001643647596047626,-0.007086166332624488,2740099.8786157127,2501786.049695173
2025-09-05,3406892.1629400006,11808.932940000494,3395083.23,0.0,0.005510593821438814,-0.0016146214955959914,2721263.535726159,2492953.6075173896
2025-09-08,3407725.1829400007,11808.932940000494,3395916.25,0.0,0.0002445102340078442,-0.001370506053067877,2740828.119601601,2491019.512564738
2025-09-09,3390817.862940001,11808.932940000494,3379008.93,0.0,-0.004961468161999272,-0.006325174492919028,2787045.753136792,2498763.4151095045
2025-09-10,3381439.9029400004,11808.932940000494,3369630.9699999997,0.0,-0.002765692637902162,-0.00907337364229266,2787584.803579349,2494585.288556791
2025-09-11,3367292.162940001,11808.932940000494,3355483.2300000004,0.0,-0.004183939506864687,-0.01321935070271485,2765610.179365493,2496903.7952250415
2025-09-12,3366003.322940001,11808.932940000494,3354194.39,0.0,-0.0003827526503892287,-0.013597043611586201,2747463.098505663,2504911.7457388397
2025-09-15,3354381.002940001,11808.932940000494,3342572.0700000003,0.0,-0.003452854582997933,-0.01700294958023474,2771175.613740673,2507984.782643383
2025-09-16,3353915.1929400004,11808.932940000494,3342106.26,0.0,-0.00013886615730063223,-0.01713945460326438,2758768.8972056364,2495956.682994241
2025-09-17,3368471.692940001,11808.932940000494,3356662.7600000002,0.0,0.004340151483448906,-0.012873690949137262,2773003.821855376,2489084.6653386704
2025-09-18,3363483.02294,11808.932940000494,3351674.0899999994,0.0,-0.0014809891412941312,-0.014335614293927379,2816238.1391846715,2477877.2959864326
2025-09-19,3355118.0229400005,11808.932940000494,3343309.09,0.0,-0.0024870052689274225,-0.01678696681457248,2864732.714183573,2495168.300454226
2025-09-22,3350065.6729400004,11808.932940000494,3338256.7399999998,0.0,-0.001505863568868726,-0.018267551501683243,2866624.619616885,2495484.2552889646
2025-09-23,3347708.2329400005,11808.932940000494,3335899.3,0.0,-0.0007036996376047489,-0.018958396269916356,2912484.787602868,2507446.154877495
2025-09-24,3362045.79294,11808.932940000494,3350236.8599999994,0.0,0.004282798560198309,-0.014756792701966504,2879616.971200625,2525792.5989479986
2025-09-25,3356346.062940001,11808.932940000494,3344537.1300000004,0.0,-0.0016953159924139038,-0.01642709126771602,2862890.2454751516,2544895.0778016276
2025-09-26,3350768.2229400002,11808.932940000494,3338959.2899999996,0.0,-0.001661878690517038,-0.018061670125308016,2838833.574578404,2566920.8911500075
2025-09-29,3344166.2429400007,11808.932940000494,3332357.31,0.0,-0.0019702884714022373,-0.019996371896288112,2869901.704053381,2547210.575376214
2025-09-30,3341314.7429400003,11808.932940000494,3329505.8099999996,0.0,-0.0008526789019596137,-0.020832000313815935,2872546.568835026,2547102.248004304
2025-10-01,3361769.30842,10475.508420000504,3351293.8,20000.0,0.006121711677482322,-0.014837816135919946,2914987.9898165995,2559302.6772267497
2025-10-02,3386766.9984200005,10475.508420000504,3376291.49,0.0,0.00743587310925542,-0.007512275144669789,2941649.990666614,2578189.4007509984
2025-10-03,3392258.378420001,10475.508420000504,3381782.8700000006,0.0,0.00162142243696195,-0.00590303327918007,2949895.9505733363,2553227.233003554
2025-10-06,3388818.8884199997,10475.508420000504,3378343.3799999994,0.0,-0.0010139233561575756,-0.006910971412023681,2924232.386707616,2535856.9063901245
2025-10-07,3384245.48842,10475.508420000504,3373769.9799999995,0.0,-0.0013495557451086437,-0.008251200415958948,2944323.657490328,2548147.303352311
2025-10-08,3359010.7784200003,10475.508420000504,3348535.27,0.0,-0.0074565246777593686,-0.01564619981419546,2939359.2335204813,2572915.37229517
2025-10-09,3350799.7884200006,10475.508420000504,3340324.2800000003,0.0,-0.002444466702146708,-0.018052419901881334,2929701.2941776766,2588455.407837242
2025-10-10,3371523.29842,10475.508420000504,3361047.7899999996,0.0,0.006184645848318793,-0.011979421877360785,2898699.969406468,2604338.149081158
2025-10-13,3369442.0484200004,10475.508420000504,3358966.54,0.0,-0.0006173025709105273,-0.012589329520348413,2895964.0797601463,2614845.2632762217
2025-10-14,3373990.65842,10475.508420000504,3363515.15,0.0,0.0013499594100847556,-0.011256365194116325,2894635.383178938,2646942.0784890684
2025-10-15,3395501.27842,10475.508420000504,3385025.7699999996,0.0,0.006375423697845273,-0.004952705593681217,2856778.0606306284,2622506.858668134
2025-10-16,3409550.8784200004,10475.508420000504,3399075.37,0.0,0.0041377101193547094,-0.0008354883343795194,2807033.3071417944,2635808.6923698364
2025-10-17,3446791.0684200004,10475.508420000504,3436315.56,0.0,0.010922315380510472,0.0,2833385.151152968,2629090.2958564535
2025-10-20,3443674.1284200004,10475.508420000504,3433198.62,0.0,-0.0009043019835340838,-0.0009043019835340838,2825351.7061173036,2615287.2929757256
2025-10-21,3439644.8984200004,10475.508420000504,3429169.39,0.0,-0.0011700381190971054,-0.0020732820348393632,2819614.7618729356,2629226.7715784274
2025-10-22,3430035.518420001,10475.508420000504,3419560.0100000007,0.0,-0.002793712805764792,-0.004861202686033406,2839568.1851717187,2654919.084438431
2025-10-23,3438090.0084200003,10475.508420000504,3427614.5,0.0,0.0023482234970293447,-0.002524394379375239,2851594.4208703656,2641850.0176625387
2025-10-24,3424532.5384199996,10475.508420000504,3414057.0299999993,0.0,-0.003943314446916202,-0.006457754345465472,2856851.770743563,2638267.529960729
2025-10-27,3428192.2584200003,10475.508420000504,3417716.75,0.0,0.001068677245417371,-0.005395978355173581,2867165.442909226,2642066.1042223303
2025-10-28,3428866.8484200006,10475.508420000504,3418391.3400000003,0.0,0.00019677717850963283,-0.00520026298206,2870289.985878293,2661949.100516987
2025-10-29,3449758.59842,10475.508420000504,3439283.09,0.0,0.00609290209377078,0.0,2868845.459119616,2667339.1333364923
2025-10-30,3455061.6684200005,10475.508420000504,3444586.16,0.0,0.001537229301328269,0.0,2870726.502910736,2668069.2784490515
2025-10-31,3446830.758420001,10475.508420000504,3436355.2500000005,0.0,-0.002382275857832572,-0.002382275857832572,2854859.683145944,2633886.6592853735
2025-11-03,3475053.0278000003,11508.207800000602,3463544.82,20000.0,0.008187889501408696,0.0,2886646.600296103,2656786.0101788593
2025-11-04,3482505.3978000004,11508.207800000602,3470997.19,0.0,0.0021445341813153274,0.0,2927142.26153569,2645101.40434446
2025-11-05,3495259.9878000002,11508.207800000602,3483751.78,0.0,0.0036624752995522147,0.0,2906184.961583063,2651321.4802322453
2025-11-06,3507192.337800001,11508.207800000602,3495684.1300000004,0.0,0.0034138662192939595,0.0,2899869.1421962082,2640257.9652473633
2025-11-07,3490935.607800001,11508.207800000602,3479427.4000000004,0.0,-0.00463525476626625,-0.00463525476626625,2900729.9521340076,2631364.0665141772
2025-11-10,3480470.5778000006,11508.207800000602,3468962.37,0.0,-0.0029977722810520246,-0.007619131609064356,2921546.5149635454,2621005.676811096
2025-11-11,3464258.0378000005,11508.207800000602,3452749.83,0.0,-0.004658145971240479,-0.012241786553095713,2943351.129513402,2627285.340750865
2025-11-12,3468988.6578000006,11508.207800000602,3457480.45,0.0,0.0013655507033201175,-0.010892952630013109,2921867.5112785366,2639311.4319600915
2025-11-13,3464455.707800001,11508.207800000602,3452947.5000000005,0.0,-0.001306706492051335,-0.012185425230145097,2857271.099686363,2628827.7545579686
2025-11-14,3475060.7478000005,11508.207800000602,3463552.54,0.0,0.0030610984507963845,-0.009161627565642982,2868194.613925044,2653521.654459318
2025-11-17,3484486.7178000007,11508.207800000602,3472978.5100000002,0.0,0.002712461934936794,-0.006474016196740151,2844925.754923321,2641206.790382788
2025-11-18,3501374.0278000003,11508.207800000602,3489865.82,0.0,0.004846426853554409,-0.001658965189132,2795926.10121871,2666864.79440725
2025-11-19,3503900.0078000007,11508.207800000602,3492391.8000000003,0.0,0.0007214253547163096,-0.0009387366539655995,2815067.313911747,2672683.7968682256
2025-11-20,3507052.2378000002,11508.207800000602,3495544.03,0.0,0.0008996346907681474,-3.9946483256891874e-05,2775225.2127369167,2689225.592888641
2025-11-21,3507573.1878000004,11508.207800000602,3496064.98,0.0,0.00014854355301152644,0.0,2783239.5171298217,2704621.4648324563
2025-11-24,3517978.0878000003,11508.207800000602,3506469.88,0.0,0.002966409948676141,0.0,2780098.958588556,2697723.765840708
2025-11-25,3515363.0278000007,11508.207800000602,3503854.8200000003,0.0,-0.0007433417533407871,-0.0007433417533407871,2808048.772862344,2710882.793987
2025-11-26,3520817.7078000004,11508.207800000602,3509309.5,0.0,0.0015516690472259231,0.0,2834510.2438618178,2725383.317252298
2025-11-27,3518287.8978000004,11508.207800000602,3506779.69,0.0,-0.0007185291060072263,-0.0007185291060072263,2824323.1896371106,2728646.1450730707
2025-11-28,3517721.3578000003,11508.207800000602,3506213.15,0.0,-0.00016102718607946542,-0.0008794405893666202,2818720.695394681,2719772.1090238793
2025-12-01,3548177.0823800005,9626.052380000416,3538551.0300000003,20000.0,0.008657799035864278,0.0,2823167.315387522,2758007.5808295095
2025-12-02,3559166.6023800005,9626.052380000416,3549540.5500000003,0.0,0.003097229857712991,0.0,2821135.367159636,2791515.2132129665
2025-12-03,3577291.70238,9626.052380000416,3567665.65,0.0,0.005092512384185621,0.0,2843207.1984835654,2816465.675164803
2025-12-04,3571174.2523800004,9626.052380000416,3561548.2,0.0,-0.0017100786038583005,-0.0017100786038583005,2824616.7653178773,2867018.390737144
2025-12-05,3585355.7923799995,9626.052380000416,3575729.7399999993,0.0,0.00397111398037997,0.0,2813196.8861947907,2835801.6483154614
2025-12-08,3598168.85238,9626.052380000416,3588542.8,0.0,0.003573720640844602,0.0,2777690.702468815,2828194.0775522417
2025-12-09,3590037.2223800006,9626.052380000416,3580411.1700000004,0.0,-0.0022599356321537645,-0.0022599356321537645,2773973.3925000736,2836264.9052039357
2025-12-10,3580663.9623800004,9626.052380000416,3571037.91,0.0,-0.0026109088623282872,-0.0048649440085117845,2751135.575914892,2835319.1531841103
2025-12-11,3624578.62238,9626.052380000416,3614952.57,0.0,0.012264390197289199,0.0,2729500.6183141107,2880988.4331845925
2025-12-12,3628554.2423800007,9626.052380000416,3618928.1900000004,0.0,0.0010968502588006857,0.0,2719323.4022257556,2870155.763385499
2025-12-15,3607022.21238,9626.052380000416,3597396.1599999997,0.0,-0.00593405212150766,-0.00593405212150766,2726526.964505217,2882887.6325213946
2025-12-16,3616886.60238,9626.052380000416,3607260.55,0.0,0.002734773843682925,-0.0032155065683536765,2746111.528098691,2878569.801290116
2025-12-17,3600380.7523800004,9626.052380000416,3590754.7,0.0,-0.004563551975651725,-0.007764384412652703,2722852.371078295,2862334.2633614894
2025-12-18,3599799.31238,9626.052380000416,3590173.26,0.0,-0.00016149403076770596,-0.007924624541685188,2741171.942535632,2866309.653869561
2025-12-19,3612749.19238,9626.052380000416,3603123.1399999997,0.0,0.003597389430978648,-0.004355743071277396,2744291.220918908,2893882.6730903685
2025-12-22,3582560.5923800003,9626.052380000416,3572934.54,0.0,-0.008356129471614904,-0.012675475389843593,2753031.607873354,2877257.753125915
2025-12-23,3576985.66238,9626.052380000416,3567359.61,0.0,-0.0015561299959190311,-0.014211880698296042,2738286.6343018636,2855995.6470984267
2025-12-24,3571289.9723799997,9626.052380000416,3561663.9199999995,0.0,-0.0015923155800995348,-0.01578156647933715,2723935.817911702,2876025.7360520815
2025-12-25,3580132.3023800002,9626.052380000416,3570506.25,0.0,0.002475948485949342,-0.01334469233901825,2713572.2023681374,2864430.46230535
2025-12-26,3585583.65238,9626.052380000416,3575957.5999999996,0.0,0.0015226671920407497,-0.01184234467218992,2699439.8228395497,2866829.85595695
2025-12-29,3567197.7223800006,9626.052380000416,3557571.6700000004,0.0,-0.00512773701090341,-0.016909357254021873,2675430.2138458355,2841257.613995334
2025-12-30,3592069.5723800003,9626.052380000416,3582443.52,0.0,0.006972377741765623,-0.010054877938401652,2663258.9119189344,2842685.0916167963
2025-12-31,3621828.39238,9626.052380000416,3612202.34,0.0,0.008284588981466223,-0.0018535894879138093,2692890.6003143145,2868164.220482888
