date,symbol,side,shares,price,gross_value,transaction_cost,net_cash_flow,reason,pnl
2019-02-01,OMICRON.NS,BUY,26,411.69,10703.94,21.407880000000002,-10725.347880000001,target_rebalance,0.0
2019-02-01,SIGMA.NS,BUY,26,408.17,10612.42,21.22484,-10633.64484,target_rebalance,0.0
2019-02-01,IOTA.NS,BUY,32,331.06,10593.92,21.18784,-10615.10784,target_rebalance,0.0
2019-02-01,MU.NS,BUY,35,309.08,10817.8,21.6356,-10839.435599999999,target_rebalance,0.0
2019-02-01,DELTA.NS,BUY,54,198.79,10734.66,21.46932,-10756.12932,target_rebalance,0.0
2019-02-01,ZETA.NS,BUY,48,226.44,10869.119999999999,21.738239999999998,-10890.85824,target_rebalance,0.0
2019-02-01,ETA.NS,BUY,47,230.39,10828.33,21.65666,-10849.98666,target_rebalance,0.0
2019-02-01,RHO.NS,BUY,41,261.3,10713.300000000001,21.426600000000004,-10734.726600000002,target_rebalance,0.0
2019-02-01,NU.NS,BUY,43,249.81,10741.83,21.48366,-10763.31366,target_rebalance,0.0
2019-02-01,XI.NS,BUY,38,279.7,10628.6,21.2572,-10649.8572,target_rebalance,0.0
2019-02-01,THETA.NS,BUY,56,193.21,10819.76,21.63952,-10841.39952,target_rebalance,0.0
2019-03-01,IOTA.NS,BUY,2,321.79,643.58,1.28716,-644.86716,target_rebalance,0.0
2019-03-01,OMICRON.NS,BUY,4,363.74,1454.96,2.90992,-1457.86992,target_rebalance,0.0
2019-03-01,SIGMA.NS,BUY,2,397.04,794.08,1.58816,-795.6681600000001,target_rebalance,0.0
2019-03-01,MU.NS,BUY,2,302.07,604.14,1.20828,-605.3482799999999,target_rebalance,0.0
2019-03-01,ETA.NS,BUY,3,223.6,670.8,1.3416,-672.1415999999999,target_rebalance,0.0
2019-03-01,ZETA.NS,BUY,4,215.26,861.04,1.72208,-862.76208,target_rebalance,0.0
2019-03-01,NU.NS,SELL,1,264.65,264.65,0.5293,264.1207,target_rebalance,0.0
2019-03-01,DELTA.NS,BUY,10,173.07,1730.6999999999998,3.4614,-1734.1613999999997,target_rebalance,0.0
2019-03-01,LAMBDA.NS,BUY,49,226.25,11086.25,22.1725,-11108.4225,target_rebalance,0.0
2019-03-01,RHO.NS,BUY,7,230.41,1612.87,3.22574,-1616.09574,target_rebalance,0.0
2019-03-01,THETA.NS,BUY,3,187.99,563.97,1.1279400000000002,-565.09794,target_rebalance,0.0
2019-04-01,DELTA.NS,SELL,64,163.34,10453.76,20.90752,10432.85248,rank_or_trend_exit,0.0
2019-04-01,RHO.NS,SELL,48,221.52,10632.960000000001,21.26592,10611.694080000001,rank_or_trend_exit,0.0
2019-04-01,XI.NS,SELL,38,259.31,9853.78,19.70756,9834.07244,rank_or_trend_exit,0.0
2019-04-01,OMICRON.NS,BUY,9,386.67,3480.03,6.96006,-3486.99006,target_rebalance,0.0
2019-04-01,MU.NS,BUY,11,316.49,3481.3900000000003,6.96278,-3488.35278,target_rebalance,0.0
2019-04-01,IOTA.NS,BUY,15,308.65,4629.75,9.259500000000001,-4639.0095,target_rebalance,0.0
2019-04-01,ZETA.NS,BUY,14,229.83,3217.6200000000003,6.435240000000001,-3224.05524,target_rebalance,0.0
2019-04-01,ETA.NS,BUY,16,231.71,3707.36,7.41472,-3714.7747200000003,target_rebalance,0.0
2019-04-01,SIGMA.NS,BUY,13,372.58,4843.54,9.68708,-4853.22708,target_rebalance,0.0
2019-04-01,NU.NS,BUY,15,264.32,3964.7999999999997,7.9296,-3972.7295999999997,target_rebalance,0.0
2019-04-01,EPSILON.NS,BUY,74,204.33,15120.42,30.240840000000002,-15150.66084,target_rebalance,0.0
2019-04-01,LAMBDA.NS,BUY,20,221.02,4420.400000000001,8.840800000000002,-4429.2408000000005,target_rebalance,0.0
2019-04-01,THETA.NS,BUY,23,184.85,4251.55,8.5031,-4260.0531,target_rebalance,0.0
2019-05-01,OMICRON.NS,SELL,39,353.17,13773.630000000001,27.54726,13746.082740000002,rank_or_trend_exit,0.0
2019-05-01,IOTA.NS,BUY,5,303.78,1518.8999999999999,3.0378,-1521.9378,target_rebalance,0.0
2019-05-01,MU.NS,SELL,2,352.95,705.9,1.4118,704.4882,target_rebalance,0.0
2019-05-01,ETA.NS,SELL,2,254.74,509.48,1.01896,508.46104,target_rebalance,0.0
2019-05-01,ZETA.NS,BUY,2,240.6,481.2,0.9624,-482.1624,target_rebalance,0.0
2019-05-01,SIGMA.NS,SELL,2,417.52,835.04,1.67008,833.36992,target_rebalance,0.0
2019-05-01,DELTA.NS,BUY,85,191.91,16312.35,32.624700000000004,-16344.9747,target_rebalance,0.0
2019-05-01,EPSILON.NS,SELL,4,232.33,929.32,1.85864,927.46136,target_rebalance,0.0
2019-05-01,RHO.NS,BUY,70,233.68,16357.6,32.7152,-16390.3152,target_rebalance,0.0
2019-05-01,THETA.NS,SELL,1,200.85,200.85,0.4017,200.4483,target_rebalance,0.0
2019-05-01,NU.NS,BUY,8,250.05,2000.4,4.0008,-2004.4008000000001,target_rebalance,0.0
2019-05-01,LAMBDA.NS,BUY,1,233.08,233.08,0.46616,-233.54616000000001,target_rebalance,0.0
2019-06-03,ETA.NS,SELL,64,214.03,13697.92,27.39584,13670.52416,rank_or_trend_exit,0.0
2019-06-03,ZETA.NS,SELL,3,239.95,719.8499999999999,1.4396999999999998,718.4102999999999,target_rebalance,0.0
2019-06-03,SIGMA.NS,SELL,4,445.87,1783.48,3.56696,1779.91304,target_rebalance,0.0
2019-06-03,IOTA.NS,SELL,3,304.51,913.53,1.82706,911.70294,target_rebalance,0.0
2019-06-03,MU.NS,SELL,5,378.53,1892.6499999999999,3.7853,1888.8646999999999,target_rebalance,0.0
2019-06-03,NU.NS,SELL,9,279.7,2517.2999999999997,5.034599999999999,2512.2653999999998,target_rebalance,0.0
2019-06-03,DELTA.NS,SELL,4,195.17,780.68,1.5613599999999999,779.1186399999999,target_rebalance,0.0
2019-06-03,EPSILON.NS,SELL,4,238.59,954.36,1.90872,952.45128,target_rebalance,0.0
2019-06-03,THETA.NS,SELL,2,199.45,398.9,0.7978,398.1022,target_rebalance,0.0
2019-06-03,RHO.NS,SELL,9,255.8,2302.2000000000003,4.604400000000001,2297.5956,target_rebalance,0.0
2019-06-03,PI.NS,BUY,70,224.65,15725.5,31.451,-15756.951,target_rebalance,0.0
2019-06-03,LAMBDA.NS,SELL,8,254.31,2034.48,4.06896,2030.41104,target_rebalance,0.0
2019-06-03,XI.NS,BUY,57,274.71,15658.47,31.31694,-15689.78694,target_rebalance,0.0
2019-06-03,BETA.NS,BUY,141,111.88,15775.08,31.55016,-15806.63016,target_rebalance,0.0
2019-07-01,XI.NS,SELL,57,265.09,15110.13,30.22026,15079.90974,rank_or_trend_exit,0.0
2019-07-01,SIGMA.NS,BUY,1,436.94,436.94,0.87388,-437.81388,target_rebalance,0.0
2019-07-01,ZETA.NS,SELL,1,248.97,248.97,0.49794,248.47206,target_rebalance,0.0
2019-07-01,IOTA.NS,BUY,2,301.45,602.9,1.2058,-604.1057999999999,target_rebalance,0.0
2019-07-01,MU.NS,BUY,4,352.69,1410.76,2.82152,-1413.58152,target_rebalance,0.0
2019-07-01,NU.NS,SELL,3,300.75,902.25,1.8045,900.4455,target_rebalance,0.0
2019-07-01,OMICRON.NS,BUY,41,385.44,15803.039999999999,31.60608,-15834.646079999999,target_rebalance,0.0
2019-07-01,DELTA.NS,SELL,2,201.26,402.52,0.80504,401.71495999999996,target_rebalance,0.0
2019-07-01,THETA.NS,BUY,1,198.55,198.55,0.3971,-198.9471,target_rebalance,0.0
2019-07-01,PI.NS,BUY,3,218.41,655.23,1.31046,-656.54046,target_rebalance,0.0
2019-07-01,EPSILON.NS,BUY,7,219.78,1538.46,3.0769200000000003,-1541.53692,target_rebalance,0.0
2019-07-01,BETA.NS,SELL,2,114.73,229.46,0.45892000000000005,229.00108,target_rebalance,0.0
2019-07-01,GAMMA.NS,BUY,138,115.57,15948.66,31.89732,-15980.55732,target_rebalance,0.0
2019-08-01,MU.NS,SELL,45,324.19,14588.55,29.1771,14559.372899999998,rank_or_trend_exit,0.0
2019-08-01,OMICRON.NS,SELL,41,374.13,15339.33,30.67866,15308.65134,rank_or_trend_exit,0.0
2019-08-01,ZETA.NS,BUY,4,281.04,1124.16,2.24832,-1126.40832,target_rebalance,0.0
2019-08-01,SIGMA.NS,BUY,4,469.25,1877.0,3.754,-1880.754,target_rebalance,0.0
2019-08-01,NU.NS,BUY,14,283.87,3974.1800000000003,7.948360000000001,-3982.12836,target_rebalance,0.0
2019-08-01,IOTA.NS,BUY,3,339.0,1017.0,2.0340000000000003,-1019.034,target_rebalance,0.0
2019-08-01,LAMBDA.NS,BUY,12,258.76,3105.12,6.21024,-3111.33024,target_rebalance,0.0
2019-08-01,THETA.NS,BUY,13,206.25,2681.25,5.3625,-2686.6125,target_rebalance,0.0
2019-08-01,DELTA.NS,BUY,10,214.61,2146.1000000000004,4.292200000000001,-2150.3922000000002,target_rebalance,0.0
2019-08-01,EPSILON.NS,BUY,9,231.55,2083.9500000000003,4.1679,-2088.1179,target_rebalance,0.0
2019-08-01,RHO.NS,BUY,13,257.66,3349.5800000000004,6.699160000000001,-3356.2791600000005,target_rebalance,0.0
2019-08-01,XI.NS,BUY,67,284.66,19072.22,38.14444,-19110.36444,target_rebalance,0.0
2019-08-01,BETA.NS,BUY,26,116.33,3024.58,6.04916,-3030.62916,target_rebalance,0.0
2019-08-01,PI.NS,BUY,15,216.49,3247.3500000000004,6.494700000000001,-3253.8447000000006,target_rebalance,0.0
2019-08-01,GAMMA.NS,BUY,28,115.02,3220.56,6.44112,-3227.00112,target_rebalance,0.0
2019-09-02,DELTA.NS,SELL,89,186.47,16595.829999999998,33.19166,16562.638339999998,rank_or_trend_exit,0.0
2019-09-02,ZETA.NS,SELL,5,309.71,1548.55,3.0971,1545.4529,target_rebalance,0.0
2019-09-02,SIGMA.NS,BUY,3,450.82,1352.46,2.70492,-1355.16492,target_rebalance,0.0
2019-09-02,MU.NS,BUY,54,358.92,19381.68,38.76336,-19420.44336,target_rebalance,0.0
2019-09-02,XI.NS,SELL,9,333.82,3004.38,6.0087600000000005,2998.37124,target_rebalance,0.0
2019-09-02,IOTA.NS,BUY,1,340.74,340.74,0.6814800000000001,-341.42148000000003,target_rebalance,0.0
2019-09-02,EPSILON.NS,SELL,2,243.15,486.3,0.9726,485.3274,target_rebalance,0.0
2019-09-02,NU.NS,BUY,2,285.13,570.26,1.14052,-571.40052,target_rebalance,0.0
2019-09-02,RHO.NS,BUY,2,257.44,514.88,1.02976,-515.90976,target_rebalance,0.0
2019-09-02,LAMBDA.NS,BUY,5,247.88,1239.4,2.4788,-1241.8788000000002,target_rebalance,0.0
2019-09-02,PI.NS,SELL,5,236.95,1184.75,2.3695,1182.3805,target_rebalance,0.0
2019-09-02,THETA.NS,SELL,3,217.51,652.53,1.3050599999999999,651.22494,target_rebalance,0.0
2019-09-02,BETA.NS,BUY,3,116.58,349.74,0.69948,-350.43948,target_rebalance,0.0
2019-09-02,GAMMA.NS,SELL,4,121.2,484.8,0.9696,483.8304,target_rebalance,0.0
2019-09-02,ALPHA.NS,BUY,131,149.18,19542.58,39.08516,-19581.66516,target_rebalance,0.0
2019-10-01,SIGMA.NS,SELL,43,417.38,17947.34,35.89468,17911.44532,rank_or_trend_exit,0.0
2019-10-01,ZETA.NS,BUY,12,304.76,3657.12,7.31424,-3664.43424,target_rebalance,0.0
2019-10-01,MU.NS,BUY,1,418.17,418.17,0.8363400000000001,-419.00634,target_rebalance,0.0
2019-10-01,XI.NS,BUY,10,337.29,3372.9,6.7458,-3379.6458000000002,target_rebalance,0.0
2019-10-01,NU.NS,BUY,8,299.4,2395.2,4.7904,-2399.9903999999997,target_rebalance,0.0
2019-10-01,RHO.NS,BUY,9,270.5,2434.5,4.869,-2439.369,target_rebalance,0.0
2019-10-01,THETA.NS,BUY,9,232.55,2092.9500000000003,4.185900000000001,-2097.1359,target_rebalance,0.0
2019-10-01,IOTA.NS,BUY,14,324.16,4538.240000000001,9.076480000000002,-4547.31648,target_rebalance,0.0
2019-10-01,PI.NS,BUY,20,223.06,4461.2,8.9224,-4470.1224,target_rebalance,0.0
2019-10-01,EPSILON.NS,BUY,20,229.19,4583.8,9.1676,-4592.9676,target_rebalance,0.0
2019-10-01,LAMBDA.NS,BUY,14,247.45,3464.2999999999997,6.928599999999999,-3471.2286,target_rebalance,0.0
2019-10-01,BETA.NS,BUY,19,123.38,2344.22,4.68844,-2348.9084399999997,target_rebalance,0.0
2019-10-01,ALPHA.NS,BUY,6,168.19,1009.14,2.01828,-1011.15828,target_rebalance,0.0
2019-10-01,GAMMA.NS,BUY,31,119.71,3711.0099999999998,7.42202,-3718.4320199999997,target_rebalance,0.0
2019-11-01,IOTA.NS,SELL,71,310.1,22017.100000000002,44.034200000000006,21973.065800000004,rank_or_trend_exit,0.0
2019-11-01,PI.NS,SELL,103,197.27,20318.81,40.637620000000005,20278.17238,rank_or_trend_exit,0.0
2019-11-01,SIGMA.NS,BUY,47,523.3,24595.1,49.1902,-24644.2902,target_rebalance,0.0
2019-11-01,ZETA.NS,BUY,9,293.62,2642.58,5.28516,-2647.86516,target_rebalance,0.0
2019-11-01,RHO.NS,SELL,4,304.43,1217.72,2.4354400000000003,1215.28456,target_rebalance,0.0
2019-11-01,MU.NS,SELL,1,458.46,458.46,0.91692,457.54308,target_rebalance,0.0
2019-11-01,EPSILON.NS,SELL,8,269.32,2154.56,4.30912,2150.25088,target_rebalance,0.0
2019-11-01,THETA.NS,BUY,7,231.98,1623.86,3.2477199999999997,-1627.10772,target_rebalance,0.0
2019-11-01,LAMBDA.NS,SELL,4,276.77,1107.08,2.2141599999999997,1104.86584,target_rebalance,0.0
2019-11-01,XI.NS,BUY,11,312.46,3437.06,6.8741200000000005,-3443.93412,target_rebalance,0.0
2019-11-01,GAMMA.NS,BUY,18,117.43,2113.7400000000002,4.227480000000001,-2117.9674800000003,target_rebalance,0.0
2019-11-01,NU.NS,BUY,12,277.83,3333.96,6.6679200000000005,-3340.62792,target_rebalance,0.0
2019-11-01,OMICRON.NS,BUY,61,403.9,24637.899999999998,49.2758,-24687.175799999997,target_rebalance,0.0
2019-11-01,BETA.NS,BUY,17,121.15,2059.55,4.1191,-2063.6691,target_rebalance,0.0
2019-11-01,ALPHA.NS,BUY,17,161.04,2737.68,5.47536,-2743.1553599999997,target_rebalance,0.0
2019-12-02,ALPHA.NS,SELL,154,151.11,23270.940000000002,46.541880000000006,23224.39812,rank_or_trend_exit,0.0
2019-12-02,THETA.NS,SELL,12,262.26,3147.12,6.29424,3140.8257599999997,target_rebalance,0.0
2019-12-02,RHO.NS,SELL,3,315.95,947.8499999999999,1.8957,945.9542999999999,target_rebalance,0.0
2019-12-02,ZETA.NS,BUY,3,282.28,846.8399999999999,1.6936799999999999,-848.5336799999999,target_rebalance,0.0
2019-12-02,LAMBDA.NS,SELL,9,307.01,2763.09,5.52618,2757.5638200000003,target_rebalance,0.0
2019-12-02,XI.NS,SELL,3,323.71,971.1299999999999,1.9422599999999999,969.1877399999998,target_rebalance,0.0
2019-12-02,NU.NS,SELL,4,289.29,1157.16,2.3143200000000004,1154.8456800000001,target_rebalance,0.0
2019-12-02,MU.NS,BUY,2,437.84,875.68,1.75136,-877.4313599999999,target_rebalance,0.0
2019-12-02,GAMMA.NS,SELL,6,120.47,722.8199999999999,1.4456399999999998,721.3743599999999,target_rebalance,0.0
2019-12-02,BETA.NS,SELL,3,122.97,368.90999999999997,0.7378199999999999,368.17217999999997,target_rebalance,0.0
2019-12-02,ETA.NS,BUY,106,232.52,24647.120000000003,49.29424000000001,-24696.414240000002,target_rebalance,0.0
2019-12-02,DELTA.NS,BUY,129,191.14,24657.059999999998,49.314119999999996,-24706.374119999997,target_rebalance,0.0
2019-12-02,OMICRON.NS,BUY,5,374.07,1870.35,3.7407,-1874.0907,target_rebalance,0.0
2020-01-01,NU.NS,SELL,85,256.46,21799.1,43.5982,21755.5018,rank_or_trend_exit,0.0
2020-01-01,GAMMA.NS,SELL,205,112.57,23076.85,46.1537,23030.6963,rank_or_trend_exit,0.0
2020-01-01,LAMBDA.NS,SELL,6,334.82,2008.92,4.0178400000000005,2004.90216,target_rebalance,0.0
2020-01-01,THETA.NS,SELL,5,278.93,1394.65,2.7893000000000003,1391.8607000000002,target_rebalance,0.0
2020-01-01,MU.NS,SELL,5,488.83,2444.15,4.8883,2439.2617,target_rebalance,0.0
2020-01-01,ZETA.NS,SELL,7,309.26,2164.8199999999997,4.3296399999999995,2160.49036,target_rebalance,0.0
2020-01-01,RHO.NS,SELL,4,337.63,1350.52,2.70104,1347.81896,target_rebalance,0.0
2020-01-01,PI.NS,BUY,113,220.19,24881.47,49.76294,-24931.23294,target_rebalance,0.0
2020-01-01,BETA.NS,BUY,4,121.89,487.56,0.97512,-488.53512,target_rebalance,0.0
2020-01-01,EPSILON.NS,BUY,8,248.26,1986.08,3.97216,-1990.05216,target_rebalance,0.0
2020-01-01,OMICRON.NS,SELL,10,439.9,4399.0,8.798,4390.202,target_rebalance,0.0
2020-01-01,ALPHA.NS,BUY,154,162.12,24966.48,49.93296,-25016.412959999998,target_rebalance,0.0
2020-01-01,DELTA.NS,BUY,1,192.22,192.22,0.38444,-192.60444,target_rebalance,0.0
2020-01-01,ETA.NS,BUY,3,228.64,685.92,1.37184,-687.29184,target_rebalance,0.0
2020-01-01,KAPPA.NS,BUY,152,163.85,24905.2,49.8104,-24955.0104,target_rebalance,0.0
2020-02-03,ETA.NS,SELL,109,206.02,22456.18,44.91236,22411.267640000002,rank_or_trend_exit,0.0
2020-02-03,LAMBDA.NS,BUY,8,326.01,2608.08,5.21616,-2613.29616,target_rebalance,0.0
2020-02-03,ZETA.NS,SELL,4,350.23,1400.92,2.8018400000000003,1398.11816,target_rebalance,0.0
2020-02-03,MU.NS,BUY,5,478.59,2392.95,4.7859,-2397.7358999999997,target_rebalance,0.0
2020-02-03,THETA.NS,BUY,4,286.96,1147.84,2.29568,-1150.1356799999999,target_rebalance,0.0
2020-02-03,EPSILON.NS,BUY,5,254.73,1273.6499999999999,2.5473,-1276.1972999999998,target_rebalance,0.0
2020-02-03,SIGMA.NS,BUY,6,506.45,3038.7,6.0774,-3044.7774,target_rebalance,0.0
2020-02-03,OMICRON.NS,BUY,1,468.62,468.62,0.9372400000000001,-469.55724,target_rebalance,0.0
2020-02-03,ALPHA.NS,SELL,7,182.9,1280.3,2.5606,1277.7394,target_rebalance,0.0
2020-02-03,PI.NS,SELL,2,241.57,483.14,0.96628,482.17372,target_rebalance,0.0
2020-02-03,RHO.NS,BUY,18,291.61,5248.9800000000005,10.49796,-5259.47796,target_rebalance,0.0
2020-02-03,BETA.NS,BUY,6,127.51,765.0600000000001,1.5301200000000001,-766.5901200000001,target_rebalance,0.0
2020-02-03,DELTA.NS,SELL,10,223.48,2234.7999999999997,4.4696,2230.3304,target_rebalance,0.0
2020-02-03,XI.NS,BUY,7,321.14,2247.98,4.49596,-2252.47596,target_rebalance,0.0
2020-02-03,KAPPA.NS,BUY,7,169.29,1185.03,2.37006,-1187.40006,target_rebalance,0.0
2020-02-03,NU.NS,BUY,95,282.61,26847.95,53.6959,-26901.6459,target_rebalance,0.0
2020-03-02,RHO.NS,SELL,92,277.33,25514.359999999997,51.02871999999999,25463.33128,rank_or_trend_exit,0.0
2020-03-02,XI.NS,SELL,83,298.7,24792.1,49.584199999999996,24742.515799999997,rank_or_trend_exit,0.0
2020-03-02,SIGMA.NS,SELL,53,464.91,24640.23,49.28046,24590.949539999998,rank_or_trend_exit,0.0
2020-03-02,NU.NS,SELL,95,277.2,26334.0,52.668,26281.332,rank_or_trend_exit,0.0
2020-03-02,MU.NS,BUY,16,482.41,7718.56,15.437120000000002,-7733.99712,target_rebalance,0.0
2020-03-02,THETA.NS,BUY,32,276.25,8840.0,17.68,-8857.68,target_rebalance,0.0
2020-03-02,ALPHA.NS,BUY,20,208.07,4161.4,8.322799999999999,-4169.7228,target_rebalance,0.0
2020-03-02,ZETA.NS,BUY,22,353.21,7770.62,15.54124,-7786.161239999999,target_rebalance,0.0
2020-03-02,OMICRON.NS,BUY,19,455.36,8651.84,17.30368,-8669.143680000001,target_rebalance,0.0
2020-03-02,LAMBDA.NS,BUY,37,290.58,10751.46,21.50292,-10772.96292,target_rebalance,0.0
2020-03-02,DELTA.NS,BUY,36,221.85,7986.599999999999,15.973199999999999,-8002.5732,target_rebalance,0.0
2020-03-02,EPSILON.NS,BUY,35,246.75,8636.25,17.2725,-8653.5225,target_rebalance,0.0
2020-03-02,PI.NS,BUY,36,235.18,8466.48,16.932959999999998,-8483.41296,target_rebalance,0.0
2020-03-02,KAPPA.NS,BUY,31,182.45,5655.95,11.3119,-5667.2618999999995,target_rebalance,0.0
2020-03-02,BETA.NS,BUY,68,124.18,8444.24,16.88848,-8461.12848,target_rebalance,0.0
2020-03-02,ETA.NS,BUY,162,213.84,34642.08,69.28416,-34711.364160000005,target_rebalance,0.0
2020-04-01,EPSILON.NS,SELL,140,228.77,32027.800000000003,64.05560000000001,31963.744400000003,rank_or_trend_exit,0.0
2020-04-01,ETA.NS,SELL,162,223.7,36239.4,72.4788,36166.921200000004,rank_or_trend_exit,0.0
2020-04-01,ALPHA.NS,SELL,28,209.1,5854.8,11.7096,5843.0904,target_rebalance,0.0
2020-04-01,MU.NS,SELL,18,534.48,9620.64,19.24128,9601.39872,target_rebalance,0.0
2020-04-01,DELTA.NS,SELL,28,226.6,6344.8,12.6896,6332.1104000000005,target_rebalance,0.0
2020-04-01,THETA.NS,SELL,21,278.51,5848.71,11.697420000000001,5837.01258,target_rebalance,0.0
2020-04-01,ZETA.NS,SELL,6,316.1,1896.6000000000001,3.7932000000000006,1892.8068,target_rebalance,0.0
2020-04-01,PI.NS,SELL,30,247.69,7430.7,14.8614,7415.8386,target_rebalance,0.0
2020-04-01,LAMBDA.NS,SELL,17,284.18,4831.06,9.662120000000002,4821.39788,target_rebalance,0.0
2020-04-01,SIGMA.NS,BUY,56,510.89,28609.84,57.219680000000004,-28667.05968,target_rebalance,0.0
2020-04-01,KAPPA.NS,SELL,33,185.38,6117.54,12.23508,6105.30492,target_rebalance,0.0
2020-04-01,OMICRON.NS,SELL,9,431.81,3886.29,7.7725800000000005,3878.51742,target_rebalance,0.0
2020-04-01,RHO.NS,BUY,99,291.75,28883.25,57.7665,-28941.0165,target_rebalance,0.0
2020-04-01,XI.NS,BUY,88,327.69,28836.72,57.67344000000001,-28894.39344,target_rebalance,0.0
2020-04-01,BETA.NS,SELL,44,123.74,5444.5599999999995,10.889119999999998,5433.67088,target_rebalance,0.0
2020-04-01,NU.NS,BUY,100,289.42,28942.0,57.884,-28999.884,target_rebalance,0.0
2020-04-01,IOTA.NS,BUY,91,316.81,28829.71,57.65942,-28887.36942,target_rebalance,0.0
2020-05-01,OMICRON.NS,SELL,67,368.87,24714.29,49.428580000000004,24664.86142,rank_or_trend_exit,0.0
2020-05-01,IOTA.NS,SELL,91,281.04,25574.640000000003,51.149280000000005,25523.49072,rank_or_trend_exit,0.0
2020-05-01,ALPHA.NS,BUY,6,226.97,1361.82,2.72364,-1364.5436399999999,target_rebalance,0.0
2020-05-01,THETA.NS,BUY,12,284.74,3416.88,6.833760000000001,-3423.71376,target_rebalance,0.0
2020-05-01,MU.NS,BUY,8,526.5,4212.0,8.424,-4220.424,target_rebalance,0.0
2020-05-01,ZETA.NS,BUY,8,329.95,2639.6,5.2792,-2644.8792,target_rebalance,0.0
2020-05-01,KAPPA.NS,BUY,11,196.08,2156.88,4.31376,-2161.19376,target_rebalance,0.0
2020-05-01,LAMBDA.NS,BUY,2,315.88,631.76,1.26352,-633.02352,target_rebalance,0.0
2020-05-01,XI.NS,BUY,12,328.79,3945.4800000000005,7.8909600000000015,-3953.3709600000007,target_rebalance,0.0
2020-05-01,BETA.NS,BUY,6,137.32,823.92,1.64784,-825.5678399999999,target_rebalance,0.0
2020-05-01,PI.NS,BUY,15,249.21,3738.15,7.4763,-3745.6263,target_rebalance,0.0
2020-05-01,RHO.NS,BUY,10,302.29,3022.9,6.045800000000001,-3028.9458,target_rebalance,0.0
2020-05-01,SIGMA.NS,BUY,5,534.72,2673.6000000000004,5.347200000000001,-2678.9472000000005,target_rebalance,0.0
2020-05-01,NU.NS,BUY,4,317.44,1269.76,2.53952,-1272.29952,target_rebalance,0.0
2020-05-01,DELTA.NS,BUY,33,204.36,6743.88,13.48776,-6757.36776,target_rebalance,0.0
2020-05-01,ETA.NS,BUY,149,221.63,33022.87,66.04574000000001,-33088.915740000004,target_rebalance,0.0
2020-06-01,XI.NS,SELL,100,318.14,31814.0,63.628,31750.372,rank_or_trend_exit,0.0
2020-06-01,MU.NS,SELL,2,635.53,1271.06,2.54212,1268.5178799999999,target_rebalance,0.0
2020-06-01,ALPHA.NS,BUY,31,217.18,6732.58,13.465160000000001,-6746.04516,target_rebalance,0.0
2020-06-01,PI.NS,SELL,2,294.46,588.92,1.17784,587.74216,target_rebalance,0.0
2020-06-01,THETA.NS,BUY,16,290.09,4641.44,9.282879999999999,-4650.722879999999,target_rebalance,0.0
2020-06-01,ZETA.NS,BUY,11,344.81,3792.91,7.58582,-3800.4958199999996,target_rebalance,0.0
2020-06-01,KAPPA.NS,BUY,27,195.5,5278.5,10.557,-5289.057,target_rebalance,0.0
2020-06-01,SIGMA.NS,BUY,4,587.69,2350.76,4.70152,-2355.4615200000003,target_rebalance,0.0
2020-06-01,RHO.NS,BUY,11,316.88,3485.68,6.97136,-3492.65136,target_rebalance,0.0
2020-06-01,BETA.NS,BUY,55,129.27,7109.85,14.219700000000001,-7124.0697,target_rebalance,0.0
2020-06-01,NU.NS,BUY,16,318.71,5099.36,10.19872,-5109.55872,target_rebalance,0.0
2020-06-01,LAMBDA.NS,BUY,19,309.83,5886.7699999999995,11.773539999999999,-5898.54354,target_rebalance,0.0
2020-06-01,ETA.NS,BUY,22,223.88,4925.36,9.850719999999999,-4935.21072,target_rebalance,0.0
2020-06-01,DELTA.NS,BUY,26,204.31,5312.06,10.624120000000001,-5322.684120000001,target_rebalance,0.0
2020-07-01,ETA.NS,SELL,171,197.61,33791.310000000005,67.58262,33723.727380000004,rank_or_trend_exit,0.0
2020-07-01,MU.NS,BUY,1,724.84,724.84,1.44968,-726.28968,target_rebalance,0.0
2020-07-01,ALPHA.NS,BUY,37,208.64,7719.679999999999,15.439359999999999,-7735.11936,target_rebalance,0.0
2020-07-01,THETA.NS,BUY,13,306.62,3986.06,7.97212,-3994.03212,target_rebalance,0.0
2020-07-01,SIGMA.NS,BUY,2,657.94,1315.88,2.6317600000000003,-1318.51176,target_rebalance,0.0
2020-07-01,ZETA.NS,BUY,9,371.01,3339.09,6.67818,-3345.76818,target_rebalance,0.0
2020-07-01,PI.NS,BUY,21,293.94,6172.74,12.34548,-6185.08548,target_rebalance,0.0
2020-07-01,KAPPA.NS,BUY,23,204.15,4695.45,9.3909,-4704.8409,target_rebalance,0.0
2020-07-01,RHO.NS,BUY,12,335.83,4029.96,8.05992,-4038.01992,target_rebalance,0.0
2020-07-01,DELTA.NS,BUY,9,227.38,2046.42,4.09284,-2050.51284,target_rebalance,0.0
2020-07-01,LAMBDA.NS,BUY,12,328.88,3946.56,7.89312,-3954.45312,target_rebalance,0.0
2020-07-01,BETA.NS,BUY,41,132.32,5425.12,10.85024,-5435.97024,target_rebalance,0.0
2020-07-01,NU.NS,BUY,32,293.18,9381.76,18.76352,-9400.52352,target_rebalance,0.0
2020-08-03,LAMBDA.NS,SELL,135,304.7,41134.5,82.269,41052.231,rank_or_trend_exit,0.0
2020-08-03,MU.NS,SELL,2,798.15,1596.3,3.1926,1593.1073999999999,target_rebalance,0.0
2020-08-03,PI.NS,SELL,10,332.9,3329.0,6.658,3322.342,target_rebalance,0.0
2020-08-03,ALPHA.NS,BUY,4,216.55,866.2,1.7324000000000002,-867.9324,target_rebalance,0.0
2020-08-03,SIGMA.NS,BUY,7,630.83,4415.81,8.831620000000001,-4424.64162,target_rebalance,0.0
2020-08-03,DELTA.NS,SELL,14,258.75,3622.5,7.245,3615.255,target_rebalance,0.0
2020-08-03,KAPPA.NS,BUY,10,206.12,2061.2,4.1224,-2065.3224,target_rebalance,0.0
2020-08-03,THETA.NS,BUY,16,293.1,4689.6,9.3792,-4698.979200000001,target_rebalance,0.0
2020-08-03,RHO.NS,BUY,14,322.57,4515.98,9.03196,-4525.01196,target_rebalance,0.0
2020-08-03,NU.NS,SELL,4,317.04,1268.16,2.5363200000000004,1265.6236800000001,target_rebalance,0.0
2020-08-03,ZETA.NS,BUY,16,346.77,5548.32,11.096639999999999,-5559.4166399999995,target_rebalance,0.0
2020-08-03,BETA.NS,BUY,12,134.9,1618.8000000000002,3.2376000000000005,-1622.0376,target_rebalance,0.0
2020-08-03,IOTA.NS,BUY,150,313.34,47000.99999999999,94.00199999999998,-47095.00199999999,target_rebalance,0.0
2020-09-01,THETA.NS,SELL,161,265.14,42687.54,85.37508,42602.16492,rank_or_trend_exit,0.0
2020-09-01,RHO.NS,SELL,146,281.89,41155.939999999995,82.31187999999999,41073.628119999994,rank_or_trend_exit,0.0
2020-09-01,MU.NS,BUY,4,932.18,3728.72,7.45744,-3736.17744,target_rebalance,0.0
2020-09-01,SIGMA.NS,BUY,17,651.84,11081.28,22.162560000000003,-11103.442560000001,target_rebalance,0.0
2020-09-01,PI.NS,BUY,39,330.24,12879.36,25.75872,-12905.11872,target_rebalance,0.0
2020-09-01,ALPHA.NS,BUY,36,234.74,8450.64,16.90128,-8467.54128,target_rebalance,0.0
2020-09-01,DELTA.NS,BUY,53,253.14,13416.42,26.83284,-13443.25284,target_rebalance,0.0
2020-09-01,KAPPA.NS,BUY,70,199.74,13981.800000000001,27.963600000000003,-14009.7636,target_rebalance,0.0
2020-09-01,BETA.NS,BUY,77,139.8,10764.6,21.5292,-10786.129200000001,target_rebalance,0.0
2020-09-01,NU.NS,BUY,33,328.34,10835.22,21.67044,-10856.89044,target_rebalance,0.0
2020-09-01,IOTA.NS,BUY,19,350.63,6661.97,13.32394,-6675.2939400000005,target_rebalance,0.0
2020-09-01,ZETA.NS,BUY,33,351.18,11588.94,23.177880000000002,-11612.11788,target_rebalance,0.0
2020-10-01,MU.NS,SELL,7,1004.24,7029.68,14.059360000000002,7015.62064,target_rebalance,0.0
2020-10-01,PI.NS,SELL,5,324.07,1620.35,3.2407,1617.1092999999998,target_rebalance,0.0
2020-10-01,DELTA.NS,SELL,21,265.43,5574.03,11.14806,5562.881939999999,target_rebalance,0.0
2020-10-01,KAPPA.NS,SELL,25,208.11,5202.75,10.4055,5192.3445,target_rebalance,0.0
2020-10-01,NU.NS,SELL,31,379.4,11761.4,23.5228,11737.877199999999,target_rebalance,0.0
2020-10-01,ALPHA.NS,SELL,4,228.14,912.56,1.8251199999999999,910.73488,target_rebalance,0.0
2020-10-01,ZETA.NS,SELL,15,368.22,5523.3,11.0466,5512.2534000000005,target_rebalance,0.0
2020-10-01,BETA.NS,SELL,5,135.09,675.45,1.3509000000000002,674.0991,target_rebalance,0.0
2020-10-01,IOTA.NS,BUY,4,328.21,1312.84,2.62568,-1315.46568,target_rebalance,0.0
2020-10-01,ETA.NS,BUY,257,220.72,56725.04,113.45008,-56838.49008,target_rebalance,0.0
2020-11-02,BETA.NS,SELL,421,123.79,52115.590000000004,104.23118000000001,52011.35882,rank_or_trend_exit,0.0
2020-11-02,PI.NS,SELL,175,276.77,48434.75,96.8695,48337.8805,rank_or_trend_exit,0.0
2020-11-02,IOTA.NS,SELL,173,298.57,51652.61,103.30522,51549.30478,rank_or_trend_exit,0.0
2020-11-02,MU.NS,BUY,15,1006.06,15090.9,30.1818,-15121.0818,target_rebalance,0.0
2020-11-02,DELTA.NS,BUY,16,309.98,4959.68,9.919360000000001,-4969.59936,target_rebalance,0.0
2020-11-02,KAPPA.NS,BUY,53,218.74,11593.220000000001,23.18644,-11616.40644,target_rebalance,0.0
2020-11-02,NU.NS,BUY,25,407.36,10184.0,20.368000000000002,-10204.368,target_rebalance,0.0
2020-11-02,ALPHA.NS,BUY,78,218.39,17034.42,34.068839999999994,-17068.488839999998,target_rebalance,0.0
2020-11-02,ZETA.NS,BUY,37,373.5,13819.5,27.639,-13847.139,target_rebalance,0.0
2020-11-02,SIGMA.NS,BUY,21,635.98,13355.58,26.71116,-13382.29116,target_rebalance,0.0
2020-11-02,XI.NS,BUY,224,319.29,71520.96,143.04192,-71664.00192000001,target_rebalance,0.0
2020-11-02,ETA.NS,BUY,67,220.18,14752.060000000001,29.504120000000004,-14781.564120000001,target_rebalance,0.0
2020-12-01,ETA.NS,SELL,324,203.93,66073.32,132.14664000000002,65941.17336,rank_or_trend_exit,0.0
2020-12-01,MU.NS,SELL,7,1064.2,7449.400000000001,14.898800000000001,7434.501200000001,target_rebalance,0.0
2020-12-01,DELTA.NS,SELL,13,314.24,4085.12,8.17024,4076.94976,target_rebalance,0.0
2020-12-01,NU.NS,SELL,16,428.66,6858.56,13.717120000000001,6844.84288,target_rebalance,0.0
2020-12-01,ALPHA.NS,SELL,31,230.22,7136.82,14.27364,7122.546359999999,target_rebalance,0.0
2020-12-01,ZETA.NS,SELL,28,416.57,11663.96,23.32792,11640.63208,target_rebalance,0.0
2020-12-01,KAPPA.NS,SELL,22,223.85,4924.7,9.8494,4914.8506,target_rebalance,0.0
2020-12-01,SIGMA.NS,SELL,4,628.23,2512.92,5.0258400000000005,2507.8941600000003,target_rebalance,0.0
2020-12-01,THETA.NS,BUY,225,302.05,67961.25,135.9225,-68097.1725,target_rebalance,0.0
2020-12-01,XI.NS,SELL,18,330.99,5957.82,11.91564,5945.9043599999995,target_rebalance,0.0
2020-12-01,EPSILON.NS,BUY,320,212.79,68092.8,136.18560000000002,-68228.9856,target_rebalance,0.0
2021-01-01,ALPHA.NS,SELL,296,217.7,64439.2,128.8784,64310.321599999996,rank_or_trend_exit,0.0
2021-01-01,SIGMA.NS,SELL,108,584.24,63097.92,126.19584,62971.72416,rank_or_trend_exit,0.0
2021-01-01,XI.NS,SELL,206,299.09,61612.53999999999,123.22507999999999,61489.31492,rank_or_trend_exit,0.0
2021-01-01,EPSILON.NS,SELL,320,205.07,65622.4,131.2448,65491.155199999994,rank_or_trend_exit,0.0
2021-01-01,MU.NS,BUY,48,984.07,47235.36,94.47072,-47329.83072,target_rebalance,0.0
2021-01-01,NU.NS,BUY,124,391.19,48507.56,97.01512,-48604.575119999994,target_rebalance,0.0
2021-01-01,DELTA.NS,BUY,149,302.2,45027.799999999996,90.0556,-45117.855599999995,target_rebalance,0.0
2021-01-01,KAPPA.NS,BUY,199,220.32,43843.68,87.68736,-43931.367360000004,target_rebalance,0.0
2021-01-01,ZETA.NS,BUY,125,384.65,48081.25,96.16250000000001,-48177.4125,target_rebalance,0.0
2021-01-01,THETA.NS,BUY,134,308.66,41360.44,82.72088000000001,-41443.16088,target_rebalance,0.0
2021-02-01,NU.NS,SELL,101,434.34,43868.34,87.73667999999999,43780.603319999995,target_rebalance,0.0
2021-02-01,MU.NS,SELL,30,961.97,28859.100000000002,57.7182,28801.381800000003,target_rebalance,0.0
2021-02-01,KAPPA.NS,SELL,174,240.42,41833.079999999994,83.66615999999999,41749.413839999994,target_rebalance,0.0
2021-02-01,DELTA.NS,SELL,110,309.74,34071.4,68.14280000000001,34003.2572,target_rebalance,0.0
2021-02-01,THETA.NS,SELL,123,334.65,41161.95,82.3239,41079.626099999994,target_rebalance,0.0
2021-02-01,IOTA.NS,BUY,248,319.78,79305.43999999999,158.61087999999998,-79464.05087999998,target_rebalance,0.0
2021-02-01,ZETA.NS,SELL,77,374.55,28840.350000000002,57.68070000000001,28782.6693,target_rebalance,0.0
2021-02-01,EPSILON.NS,BUY,377,209.86,79117.22,158.23444,-79275.45444,target_rebalance,0.0
2021-02-01,OMICRON.NS,BUY,227,349.14,79254.78,158.50956,-79413.28956,target_rebalance,0.0
2021-03-01,EPSILON.NS,SELL,377,207.05,78057.85,156.1157,77901.73430000001,rank_or_trend_exit,0.0
2021-03-01,NU.NS,SELL,31,402.63,12481.53,24.963060000000002,12456.56694,target_rebalance,0.0
2021-03-01,DELTA.NS,SELL,50,295.27,14763.5,29.527,14733.973,target_rebalance,0.0
2021-03-01,MU.NS,SELL,18,944.72,17004.96,34.00992,16970.95008,target_rebalance,0.0
2021-03-01,KAPPA.NS,SELL,69,234.55,16183.95,32.3679,16151.582100000001,target_rebalance,0.0
2021-03-01,ZETA.NS,SELL,50,378.71,18935.5,37.871,18897.629,target_rebalance,0.0
2021-03-01,ALPHA.NS,BUY,237,256.99,60906.630000000005,121.81326000000001,-61028.44326000001,target_rebalance,0.0
2021-03-01,THETA.NS,SELL,54,333.94,18032.76,36.06552,17996.69448,target_rebalance,0.0
2021-03-01,SIGMA.NS,BUY,95,642.79,61065.049999999996,122.1301,-61187.1801,target_rebalance,0.0
2021-03-01,XI.NS,BUY,183,333.38,61008.54,122.01708,-61130.55708,target_rebalance,0.0
2021-03-01,IOTA.NS,SELL,59,321.92,18993.280000000002,37.986560000000004,18955.29344,target_rebalance,0.0
2021-03-01,OMICRON.NS,SELL,77,405.34,31211.179999999997,62.42236,31148.757639999996,target_rebalance,0.0
2021-03-01,GAMMA.NS,BUY,710,85.93,61010.3,122.0206,-61132.32060000001,target_rebalance,0.0
2021-04-01,DELTA.NS,SELL,33,315.31,10405.23,20.81046,10384.419539999999,target_rebalance,0.0
2021-04-01,MU.NS,SELL,8,965.88,7727.04,15.45408,7711.5859199999995,target_rebalance,0.0
2021-04-01,NU.NS,SELL,20,415.52,8310.4,16.6208,8293.779199999999,target_rebalance,0.0
2021-04-01,KAPPA.NS,SELL,33,240.86,7948.38,15.89676,7932.4832400000005,target_rebalance,0.0
2021-04-01,ALPHA.NS,SELL,31,264.99,8214.69,16.429380000000002,8198.260620000001,target_rebalance,0.0
2021-04-01,THETA.NS,SELL,20,336.89,6737.799999999999,13.475599999999998,6724.3243999999995,target_rebalance,0.0
2021-04-01,OMICRON.NS,SELL,25,434.54,10863.5,21.727,10841.773,target_rebalance,0.0
2021-04-01,ZETA.NS,SELL,16,377.07,6033.12,12.06624,6021.05376,target_rebalance,0.0
2021-04-01,SIGMA.NS,SELL,9,629.38,5664.42,11.32884,5653.09116,target_rebalance,0.0
2021-04-01,XI.NS,SELL,24,342.25,8214.0,16.428,8197.572,target_rebalance,0.0
2021-04-01,EPSILON.NS,BUY,246,221.99,54609.54,109.21908,-54718.75908,target_rebalance,0.0
2021-04-01,IOTA.NS,SELL,16,315.37,5045.92,10.09184,5035.82816,target_rebalance,0.0
2021-04-01,ETA.NS,BUY,255,208.3,53116.5,106.233,-53222.733,target_rebalance,0.0
2021-04-01,GAMMA.NS,SELL,66,84.85,5600.099999999999,11.200199999999999,5588.899799999999,target_rebalance,0.0
2021-05-03,IOTA.NS,SELL,173,296.21,51244.329999999994,102.48866,51141.84133999999,rank_or_trend_exit,0.0
2021-05-03,MU.NS,SELL,6,1047.1,6282.599999999999,12.565199999999999,6270.034799999999,target_rebalance,0.0
2021-05-03,OMICRON.NS,SELL,2,431.58,863.16,1.72632,861.43368,target_rebalance,0.0
2021-05-03,DELTA.NS,SELL,6,317.58,1905.48,3.81096,1901.66904,target_rebalance,0.0
2021-05-03,NU.NS,SELL,7,425.18,2976.26,5.952520000000001,2970.3074800000004,target_rebalance,0.0
2021-05-03,ZETA.NS,SELL,17,414.35,7043.950000000001,14.087900000000001,7029.8621,target_rebalance,0.0
2021-05-03,ALPHA.NS,SELL,8,268.23,2145.84,4.29168,2141.5483200000003,target_rebalance,0.0
2021-05-03,KAPPA.NS,SELL,13,247.99,3223.87,6.44774,3217.42226,target_rebalance,0.0
2021-05-03,THETA.NS,BUY,6,315.39,1892.34,3.78468,-1896.12468,target_rebalance,0.0
2021-05-03,EPSILON.NS,SELL,14,228.41,3197.74,6.39548,3191.3445199999996,target_rebalance,0.0
2021-05-03,SIGMA.NS,SELL,4,642.82,2571.28,5.1425600000000005,2566.1374400000004,target_rebalance,0.0
2021-05-03,XI.NS,BUY,5,323.91,1619.5500000000002,3.2391000000000005,-1622.7891000000002,target_rebalance,0.0
2021-05-03,GAMMA.NS,SELL,48,89.12,4277.76,8.555520000000001,4269.20448,target_rebalance,0.0
2021-05-03,RHO.NS,BUY,175,303.0,53025.0,106.05,-53131.05,target_rebalance,0.0
2021-05-03,LAMBDA.NS,BUY,203,261.29,53041.87,106.08374,-53147.953740000004,target_rebalance,0.0
2021-05-03,ETA.NS,SELL,12,217.98,2615.7599999999998,5.23152,2610.52848,target_rebalance,0.0
2021-06-01,DELTA.NS,SELL,167,298.18,49796.06,99.59212,49696.46788,rank_or_trend_exit,0.0
2021-06-01,XI.NS,SELL,164,314.03,51500.92,103.00184,51397.91816,rank_or_trend_exit,0.0
2021-06-01,GAMMA.NS,SELL,596,76.7,45713.200000000004,91.42640000000002,45621.77360000001,rank_or_trend_exit,0.0
2021-06-01,ALPHA.NS,BUY,38,290.33,11032.539999999999,22.06508,-11054.60508,target_rebalance,0.0
2021-06-01,MU.NS,BUY,8,1166.37,9330.96,18.66192,-9349.62192,target_rebalance,0.0
2021-06-01,KAPPA.NS,BUY,57,253.23,14434.109999999999,28.868219999999997,-14462.978219999999,target_rebalance,0.0
2021-06-01,NU.NS,BUY,44,409.44,18015.36,36.03072,-18051.39072,target_rebalance,0.0
2021-06-01,THETA.NS,BUY,27,352.25,9510.75,19.0215,-9529.7715,target_rebalance,0.0
2021-06-01,OMICRON.NS,BUY,45,407.7,18346.5,36.693,-18383.193,target_rebalance,0.0
2021-06-01,ZETA.NS,BUY,37,414.97,15353.890000000001,30.707780000000003,-15384.597780000002,target_rebalance,0.0
2021-06-01,SIGMA.NS,BUY,20,673.0,13460.0,26.92,-13486.92,target_rebalance,0.0
2021-06-01,ETA.NS,BUY,81,212.27,17193.870000000003,34.38774000000001,-17228.25774,target_rebalance,0.0
2021-06-01,EPSILON.NS,BUY,70,227.53,15927.1,31.854200000000002,-15958.9542,target_rebalance,0.0
2021-06-01,RHO.NS,BUY,40,319.28,12771.199999999999,25.542399999999997,-12796.7424,target_rebalance,0.0
2021-06-01,LAMBDA.NS,BUY,38,284.48,10810.240000000002,21.620480000000004,-10831.860480000001,target_rebalance,0.0
2021-07-01,NU.NS,SELL,168,389.86,65496.48,130.99296,65365.48704,rank_or_trend_exit,0.0
2021-07-01,DELTA.NS,BUY,191,367.47,70186.77,140.37354000000002,-70327.14354,target_rebalance,0.0
2021-07-01,KAPPA.NS,SELL,23,282.71,6502.33,13.00466,6489.32534,target_rebalance,0.0
2021-07-01,ALPHA.NS,BUY,27,267.24,7215.4800000000005,14.43096,-7229.91096,target_rebalance,0.0
2021-07-01,MU.NS,BUY,9,1038.35,9345.15,18.6903,-9363.8403,target_rebalance,0.0
2021-07-01,OMICRON.NS,BUY,2,412.56,825.12,1.6502400000000002,-826.7702400000001,target_rebalance,0.0
2021-07-01,THETA.NS,SELL,12,384.25,4611.0,9.222,4601.778,target_rebalance,0.0
2021-07-01,EPSILON.NS,SELL,11,241.13,2652.43,5.30486,2647.1251399999996,target_rebalance,0.0
2021-07-01,ETA.NS,BUY,9,210.81,1897.29,3.79458,-1901.08458,target_rebalance,0.0
2021-07-01,SIGMA.NS,BUY,5,656.17,3280.85,6.5617,-3287.4117,target_rebalance,0.0
2021-07-01,ZETA.NS,BUY,10,401.47,4014.7000000000003,8.0294,-4022.7294,target_rebalance,0.0
2021-07-01,RHO.NS,BUY,6,317.99,1907.94,3.8158800000000004,-1911.7558800000002,target_rebalance,0.0
2021-07-01,LAMBDA.NS,BUY,3,287.66,862.98,1.7259600000000002,-864.70596,target_rebalance,0.0
2021-08-02,ZETA.NS,SELL,175,373.8,65415.0,130.83,65284.17,rank_or_trend_exit,0.0
2021-08-02,MU.NS,SELL,67,906.77,60753.59,121.50717999999999,60632.082819999996,rank_or_trend_exit,0.0
2021-08-02,KAPPA.NS,SELL,7,297.52,2082.64,4.16528,2078.4747199999997,target_rebalance,0.0
2021-08-02,DELTA.NS,SELL,10,394.37,3943.7,7.8873999999999995,3935.8125999999997,target_rebalance,0.0
2021-08-02,THETA.NS,SELL,4,400.85,1603.4,3.2068000000000003,1600.1932000000002,target_rebalance,0.0
2021-08-02,OMICRON.NS,SELL,5,433.83,2169.15,4.3383,2164.8117,target_rebalance,0.0
2021-08-02,ALPHA.NS,SELL,2,273.96,547.92,1.09584,546.82416,target_rebalance,0.0
2021-08-02,EPSILON.NS,BUY,5,242.37,1211.85,2.4236999999999997,-1214.2737,target_rebalance,0.0
2021-08-02,SIGMA.NS,BUY,4,643.02,2572.08,5.14416,-2577.2241599999998,target_rebalance,0.0
2021-08-02,RHO.NS,BUY,17,300.45,5107.65,10.2153,-5117.8652999999995,target_rebalance,0.0
2021-08-02,ETA.NS,BUY,13,206.85,2689.0499999999997,5.3781,-2694.4280999999996,target_rebalance,0.0
2021-08-02,IOTA.NS,BUY,229,313.2,71722.8,143.4456,-71866.24560000001,target_rebalance,0.0
2021-08-02,LAMBDA.NS,BUY,4,288.61,1154.44,2.3088800000000003,-1156.74888,target_rebalance,0.0
2021-08-02,BETA.NS,BUY,678,105.78,71718.84,143.43768,-71862.27768,target_rebalance,0.0
2021-09-01,SIGMA.NS,SELL,111,535.51,59441.61,118.88322000000001,59322.72678,rank_or_trend_exit,0.0
2021-09-01,RHO.NS,SELL,238,297.27,70750.26,141.50052,70608.75948,rank_or_trend_exit,0.0
2021-09-01,LAMBDA.NS,SELL,248,246.9,61231.200000000004,122.46240000000002,61108.73760000001,rank_or_trend_exit,0.0
2021-09-01,THETA.NS,SELL,6,429.32,2575.92,5.15184,2570.76816,target_rebalance,0.0
2021-09-01,DELTA.NS,BUY,1,409.38,409.38,0.81876,-410.19876,target_rebalance,0.0
2021-09-01,KAPPA.NS,BUY,1,308.31,308.31,0.6166200000000001,-308.92662,target_rebalance,0.0
2021-09-01,ALPHA.NS,SELL,14,301.8,4225.2,8.4504,4216.7496,target_rebalance,0.0
2021-09-01,OMICRON.NS,SELL,15,497.81,7467.15,14.9343,7452.2157,target_rebalance,0.0
2021-09-01,ZETA.NS,BUY,170,437.97,74454.90000000001,148.90980000000002,-74603.8098,target_rebalance,0.0
2021-09-01,EPSILON.NS,BUY,32,227.57,7282.24,14.56448,-7296.80448,target_rebalance,0.0
2021-09-01,XI.NS,BUY,200,373.15,74630.0,149.26,-74779.26,target_rebalance,0.0
2021-09-01,ETA.NS,SELL,31,236.58,7333.9800000000005,14.66796,7319.312040000001,target_rebalance,0.0
2021-09-01,NU.NS,BUY,179,415.07,74297.53,148.59506,-74446.12506,target_rebalance,0.0
2021-09-01,BETA.NS,BUY,14,107.88,1510.32,3.0206399999999998,-1513.34064,target_rebalance,0.0
2021-09-01,IOTA.NS,SELL,2,328.7,657.4,1.3148,656.0852,target_rebalance,0.0
2021-10-01,NU.NS,SELL,179,404.19,72350.01,144.70002,72205.30997999999,rank_or_trend_exit,0.0
2021-10-01,THETA.NS,SELL,16,503.42,8054.72,16.10944,8038.61056,target_rebalance,0.0
2021-10-01,KAPPA.NS,SELL,5,332.74,1663.7,3.3274000000000004,1660.3726000000001,target_rebalance,0.0
2021-10-01,DELTA.NS,BUY,2,429.49,858.98,1.7179600000000002,-860.69796,target_rebalance,0.0
2021-10-01,ALPHA.NS,SELL,7,329.65,2307.5499999999997,4.6151,2302.9348999999997,target_rebalance,0.0
2021-10-01,OMICRON.NS,BUY,6,504.41,3026.46,6.05292,-3032.51292,target_rebalance,0.0
2021-10-01,ZETA.NS,SELL,4,474.46,1897.84,3.79568,1894.04432,target_rebalance,0.0
2021-10-01,XI.NS,BUY,12,373.34,4480.08,8.96016,-4489.04016,target_rebalance,0.0
2021-10-01,ETA.NS,BUY,12,241.99,2903.88,5.80776,-2909.6877600000003,target_rebalance,0.0
2021-10-01,EPSILON.NS,BUY,16,229.86,3677.76,7.35552,-3685.1155200000003,target_rebalance,0.0
2021-10-01,IOTA.NS,BUY,18,322.14,5798.5199999999995,11.59704,-5810.117039999999,target_rebalance,0.0
2021-10-01,RHO.NS,BUY,256,308.8,79052.8,158.1056,-79210.9056,target_rebalance,0.0
2021-10-01,BETA.NS,BUY,54,106.08,5728.32,11.45664,-5739.77664,target_rebalance,0.0
2021-11-01,THETA.NS,SELL,12,523.71,6284.52,12.569040000000001,6271.95096,target_rebalance,0.0
2021-11-01,KAPPA.NS,SELL,34,372.76,12673.84,25.34768,12648.49232,target_rebalance,0.0
2021-11-01,ALPHA.NS,SELL,12,331.78,3981.3599999999997,7.962719999999999,3973.3972799999997,target_rebalance,0.0
2021-11-01,OMICRON.NS,SELL,5,500.46,2502.2999999999997,5.0046,2497.2953999999995,target_rebalance,0.0
2021-11-01,ZETA.NS,SELL,22,526.32,11579.04,23.15808,11555.881920000002,target_rebalance,0.0
2021-11-01,XI.NS,SELL,13,381.75,4962.75,9.9255,4952.8245,target_rebalance,0.0
2021-11-01,DELTA.NS,BUY,9,392.91,3536.19,7.07238,-3543.26238,target_rebalance,0.0
2021-11-01,EPSILON.NS,SELL,25,238.04,5951.0,11.902000000000001,5939.098,target_rebalance,0.0
2021-11-01,ETA.NS,SELL,13,241.61,3140.9300000000003,6.281860000000001,3134.6481400000002,target_rebalance,0.0
2021-11-01,IOTA.NS,SELL,12,325.47,3905.6400000000003,7.811280000000001,3897.8287200000004,target_rebalance,0.0
2021-11-01,RHO.NS,SELL,10,307.9,3079.0,6.158,3072.842,target_rebalance,0.0
2021-11-01,BETA.NS,SELL,17,104.11,1769.87,3.5397399999999997,1766.33026,target_rebalance,0.0
2021-11-01,NU.NS,BUY,173,437.03,75606.19,151.21238,-75757.40238,target_rebalance,0.0
2021-12-01,KAPPA.NS,SELL,26,402.44,10463.44,20.92688,10442.51312,target_rebalance,0.0
2021-12-01,ALPHA.NS,SELL,24,349.97,8399.28,16.798560000000002,8382.481440000001,target_rebalance,0.0
2021-12-01,THETA.NS,BUY,9,464.21,4177.889999999999,8.35578,-4186.245779999999,target_rebalance,0.0
2021-12-01,OMICRON.NS,BUY,9,445.82,4012.38,8.02476,-4020.40476,target_rebalance,0.0
2021-12-01,DELTA.NS,SELL,19,409.5,7780.5,15.561,7764.939,target_rebalance,0.0
2021-12-01,ETA.NS,SELL,29,250.13,7253.7699999999995,14.507539999999999,7239.26246,target_rebalance,0.0
2021-12-01,XI.NS,SELL,2,361.34,722.68,1.44536,721.2346399999999,target_rebalance,0.0
2021-12-01,SIGMA.NS,BUY,69,727.29,50183.009999999995,100.36601999999999,-50283.376019999996,target_rebalance,0.0
2021-12-01,NU.NS,SELL,18,458.58,8254.44,16.50888,8237.931120000001,target_rebalance,0.0
2021-12-01,RHO.NS,SELL,18,313.53,5643.539999999999,11.287079999999998,5632.252919999999,target_rebalance,0.0
2021-12-01,ZETA.NS,BUY,10,463.45,4634.5,9.269,-4643.769,target_rebalance,0.0
2021-12-01,EPSILON.NS,SELL,23,241.3,5549.900000000001,11.099800000000002,5538.800200000001,target_rebalance,0.0
2021-12-01,BETA.NS,SELL,66,107.87,7119.42,14.23884,7105.18116,target_rebalance,0.0
2021-12-01,IOTA.NS,SELL,11,322.03,3542.33,7.08466,3535.24534,target_rebalance,0.0
2022-01-03,BETA.NS,SELL,663,96.0,63648.0,127.296,63520.704,rank_or_trend_exit,0.0
2022-01-03,KAPPA.NS,SELL,4,435.19,1740.76,3.48152,1737.27848,target_rebalance,0.0
2022-01-03,OMICRON.NS,SELL,5,484.51,2422.55,4.8451,2417.7049,target_rebalance,0.0
2022-01-03,ALPHA.NS,BUY,14,344.38,4821.32,9.64264,-4830.96264,target_rebalance,0.0
2022-01-03,XI.NS,SELL,22,429.07,9439.539999999999,18.87908,9420.660919999998,target_rebalance,0.0
2022-01-03,ETA.NS,SELL,10,273.69,2736.9,5.473800000000001,2731.4262,target_rebalance,0.0
2022-01-03,DELTA.NS,BUY,4,423.16,1692.64,3.3852800000000003,-1696.02528,target_rebalance,0.0
2022-01-03,ZETA.NS,SELL,8,513.54,4108.32,8.21664,4100.10336,target_rebalance,0.0
2022-01-03,THETA.NS,BUY,18,437.39,7873.0199999999995,15.746039999999999,-7888.7660399999995,target_rebalance,0.0
2022-01-03,SIGMA.NS,BUY,30,760.16,22804.8,45.6096,-22850.4096,target_rebalance,0.0
2022-01-03,IOTA.NS,SELL,10,354.26,3542.6,7.0852,3535.5148,target_rebalance,0.0
2022-01-03,EPSILON.NS,BUY,11,245.02,2695.2200000000003,5.390440000000001,-2700.6104400000004,target_rebalance,0.0
2022-01-03,RHO.NS,BUY,15,309.07,4636.05,9.2721,-4645.3221,target_rebalance,0.0
2022-01-03,NU.NS,BUY,20,429.79,8595.800000000001,17.1916,-8612.991600000001,target_rebalance,0.0
2022-01-03,PI.NS,BUY,315,238.86,75240.90000000001,150.48180000000002,-75391.3818,target_rebalance,0.0
2022-02-01,RHO.NS,SELL,243,301.7,73313.09999999999,146.62619999999998,73166.47379999999,rank_or_trend_exit,0.0
2022-02-01,NU.NS,SELL,175,405.73,71002.75,142.0055,70860.7445,rank_or_trend_exit,0.0
2022-02-01,PI.NS,SELL,315,209.64,66036.59999999999,132.07319999999999,65904.52679999999,rank_or_trend_exit,0.0
2022-02-01,KAPPA.NS,BUY,49,434.86,21308.14,42.61628,-21350.756279999998,target_rebalance,0.0
2022-02-01,ALPHA.NS,BUY,64,342.02,21889.28,43.77856,-21933.058559999998,target_rebalance,0.0
2022-02-01,ETA.NS,BUY,106,253.65,26886.9,53.7738,-26940.6738,target_rebalance,0.0
2022-02-01,XI.NS,BUY,44,440.38,19376.72,38.753440000000005,-19415.47344,target_rebalance,0.0
2022-02-01,DELTA.NS,BUY,46,430.89,19820.94,39.64188,-19860.581879999998,target_rebalance,0.0
2022-02-01,THETA.NS,BUY,41,453.87,18608.670000000002,37.21734000000001,-18645.88734,target_rebalance,0.0
2022-02-01,OMICRON.NS,BUY,45,482.03,21691.35,43.3827,-21734.732699999997,target_rebalance,0.0
2022-02-01,ZETA.NS,BUY,48,496.6,23836.800000000003,47.67360000000001,-23884.4736,target_rebalance,0.0
2022-02-01,SIGMA.NS,BUY,32,738.03,23616.96,47.23392,-23664.193919999998,target_rebalance,0.0
2022-02-01,IOTA.NS,BUY,30,398.46,11953.8,23.9076,-11977.7076,target_rebalance,0.0
2022-02-01,EPSILON.NS,BUY,87,245.35,21345.45,42.6909,-21388.140900000002,target_rebalance,0.0
2022-03-01,KAPPA.NS,SELL,9,432.26,3890.34,7.78068,3882.5593200000003,target_rebalance,0.0
2022-03-01,THETA.NS,SELL,36,519.31,18695.159999999996,37.390319999999996,18657.769679999998,target_rebalance,0.0
2022-03-01,ALPHA.NS,SELL,27,360.22,9725.94,19.451880000000003,9706.48812,target_rebalance,0.0
2022-03-01,XI.NS,SELL,20,462.46,9249.199999999999,18.498399999999997,9230.701599999999,target_rebalance,0.0
2022-03-01,DELTA.NS,SELL,26,465.31,12098.06,24.19612,12073.863879999999,target_rebalance,0.0
2022-03-01,IOTA.NS,SELL,14,402.62,5636.68,11.27336,5625.40664,target_rebalance,0.0
2022-03-01,ZETA.NS,SELL,4,483.1,1932.4,3.8648000000000002,1928.5352,target_rebalance,0.0
2022-03-01,SIGMA.NS,SELL,3,718.57,2155.71,4.31142,2151.39858,target_rebalance,0.0
2022-03-01,OMICRON.NS,SELL,5,470.93,2354.65,4.709300000000001,2349.9407,target_rebalance,0.0
2022-03-01,EPSILON.NS,SELL,29,251.82,7302.78,14.60556,7288.17444,target_rebalance,0.0
2022-03-01,RHO.NS,BUY,294,312.6,91904.40000000001,183.80880000000002,-92088.20880000001,target_rebalance,0.0
2022-04-01,ETA.NS,SELL,381,241.48,92003.87999999999,184.00776,91819.87224,rank_or_trend_exit,0.0
2022-04-01,RHO.NS,SELL,294,284.94,83772.36,167.54472,83604.81528,rank_or_trend_exit,0.0
2022-04-01,KAPPA.NS,BUY,39,409.04,15952.560000000001,31.905120000000004,-15984.46512,target_rebalance,0.0
2022-04-01,XI.NS,BUY,11,491.9,5410.9,10.8218,-5421.721799999999,target_rebalance,0.0
2022-04-01,DELTA.NS,BUY,25,462.46,11561.5,23.123,-11584.623,target_rebalance,0.0
2022-04-01,ALPHA.NS,BUY,23,371.16,8536.68,17.07336,-8553.75336,target_rebalance,0.0
2022-04-01,IOTA.NS,BUY,34,392.9,13358.599999999999,26.7172,-13385.317199999998,target_rebalance,0.0
2022-04-01,SIGMA.NS,BUY,8,756.16,6049.28,12.098559999999999,-6061.37856,target_rebalance,0.0
2022-04-01,ZETA.NS,BUY,28,473.29,13252.12,26.504240000000003,-13278.624240000001,target_rebalance,0.0
2022-04-01,OMICRON.NS,BUY,17,486.22,8265.74,16.53148,-8282.27148,target_rebalance,0.0
2022-04-01,EPSILON.NS,BUY,37,256.6,9494.2,18.988400000000002,-9513.188400000001,target_rebalance,0.0
2022-04-01,PI.NS,BUY,446,231.48,103240.08,206.48016,-103446.56016000001,target_rebalance,0.0
2022-05-02,THETA.NS,SELL,38,607.81,23096.78,46.19356,23050.58644,target_rebalance,0.0
2022-05-02,DELTA.NS,SELL,56,505.69,28318.64,56.63728,28262.00272,target_rebalance,0.0
2022-05-02,KAPPA.NS,SELL,52,424.1,22053.2,44.1064,22009.0936,target_rebalance,0.0
2022-05-02,XI.NS,SELL,39,495.91,19340.49,38.680980000000005,19301.80902,target_rebalance,0.0
2022-05-02,ALPHA.NS,SELL,56,381.09,21341.039999999997,42.68207999999999,21298.35792,target_rebalance,0.0
2022-05-02,IOTA.NS,SELL,45,389.75,17538.75,35.0775,17503.6725,target_rebalance,0.0
2022-05-02,SIGMA.NS,SELL,34,826.64,28105.76,56.21152,28049.548479999998,target_rebalance,0.0
2022-05-02,ETA.NS,BUY,308,274.72,84613.76000000001,169.22752000000003,-84782.98752000001,target_rebalance,0.0
2022-05-02,OMICRON.NS,SELL,42,496.35,20846.7,41.693400000000004,20805.0066,target_rebalance,0.0
2022-05-02,EPSILON.NS,SELL,77,261.01,20097.77,40.19554,20057.57446,target_rebalance,0.0
2022-05-02,LAMBDA.NS,BUY,341,248.52,84745.32,169.49064,-84914.81064000001,target_rebalance,0.0
2022-05-02,ZETA.NS,SELL,41,479.27,19650.07,39.30014,19610.76986,target_rebalance,0.0
2022-05-02,PI.NS,SELL,68,223.99,15231.32,30.46264,15200.85736,target_rebalance,0.0
2022-05-02,GAMMA.NS,BUY,1220,69.56,84863.2,169.72639999999998,-85032.9264,target_rebalance,0.0
2022-06-01,OMICRON.NS,SELL,170,466.43,79293.1,158.58620000000002,79134.5138,rank_or_trend_exit,0.0
2022-06-01,ALPHA.NS,SELL,222,336.58,74720.76,149.44152,74571.31848,rank_or_trend_exit,0.0
2022-06-01,PI.NS,SELL,378,215.7,81534.59999999999,163.0692,81371.5308,rank_or_trend_exit,0.0
2022-06-01,GAMMA.NS,SELL,1220,62.5,76250.0,152.5,76097.5,rank_or_trend_exit,0.0
2022-06-01,KAPPA.NS,BUY,32,464.45,14862.4,29.7248,-14892.1248,target_rebalance,0.0
2022-06-01,THETA.NS,BUY,54,555.71,30008.340000000004,60.01668000000001,-30068.356680000004,target_rebalance,0.0
2022-06-01,XI.NS,BUY,59,466.68,27534.12,55.068239999999996,-27589.18824,target_rebalance,0.0
2022-06-01,DELTA.NS,BUY,51,493.22,25154.22,50.308440000000004,-25204.528440000002,target_rebalance,0.0
2022-06-01,SIGMA.NS,BUY,24,854.2,20500.800000000003,41.0016,-20541.801600000003,target_rebalance,0.0
2022-06-01,ZETA.NS,BUY,27,527.2,14234.400000000001,28.468800000000005,-14262.868800000002,target_rebalance,0.0
2022-06-01,ETA.NS,BUY,118,252.86,29837.480000000003,59.674960000000006,-29897.154960000003,target_rebalance,0.0
2022-06-01,IOTA.NS,BUY,79,363.03,28679.37,57.35874,-28736.72874,target_rebalance,0.0
2022-06-01,EPSILON.NS,BUY,60,279.4,16764.0,33.528,-16797.528,target_rebalance,0.0
2022-06-01,LAMBDA.NS,BUY,58,269.83,15650.14,31.30028,-15681.440279999999,target_rebalance,0.0
2022-06-01,RHO.NS,BUY,346,310.93,107581.78,215.16356,-107796.94356,target_rebalance,0.0
2022-07-01,XI.NS,SELL,230,422.11,97085.3,194.1706,96891.1294,rank_or_trend_exit,0.0
2022-07-01,ETA.NS,SELL,426,222.62,94836.12,189.67224,94646.44776,rank_or_trend_exit,0.0
2022-07-01,DELTA.NS,SELL,4,575.39,2301.56,4.60312,2296.9568799999997,target_rebalance,0.0
2022-07-01,THETA.NS,BUY,38,534.16,20298.079999999998,40.59616,-20338.67616,target_rebalance,0.0
2022-07-01,SIGMA.NS,BUY,19,847.22,16097.18,32.19436,-16129.37436,target_rebalance,0.0
2022-07-01,ZETA.NS,BUY,27,533.37,14400.99,28.80198,-14429.79198,target_rebalance,0.0
2022-07-01,IOTA.NS,BUY,38,368.81,14014.78,28.029560000000004,-14042.809560000002,target_rebalance,0.0
2022-07-01,EPSILON.NS,BUY,51,283.04,14435.04,28.87008,-14463.910080000001,target_rebalance,0.0
2022-07-01,LAMBDA.NS,BUY,11,301.03,3311.33,6.62266,-3317.95266,target_rebalance,0.0
2022-07-01,OMICRON.NS,BUY,246,501.87,123460.02,246.92004,-123706.94004,target_rebalance,0.0
2022-07-01,RHO.NS,BUY,22,335.14,7373.08,14.74616,-7387.82616,target_rebalance,0.0
2022-08-01,KAPPA.NS,SELL,58,566.46,32854.68,65.70936,32788.97064,target_rebalance,0.0
2022-08-01,DELTA.NS,SELL,52,607.34,31581.68,63.163360000000004,31518.51664,target_rebalance,0.0
2022-08-01,SIGMA.NS,SELL,28,840.23,23526.440000000002,47.05288000000001,23479.387120000003,target_rebalance,0.0
2022-08-01,THETA.NS,SELL,40,515.98,20639.2,41.278400000000005,20597.9216,target_rebalance,0.0
2022-08-01,ZETA.NS,SELL,48,537.42,25796.159999999996,51.592319999999994,25744.567679999996,target_rebalance,0.0
2022-08-01,LAMBDA.NS,SELL,100,318.13,31813.0,63.626000000000005,31749.374,target_rebalance,0.0
2022-08-01,EPSILON.NS,SELL,84,280.09,23527.559999999998,47.055119999999995,23480.504879999997,target_rebalance,0.0
2022-08-01,OMICRON.NS,SELL,64,541.44,34652.16,69.30432,34582.85568,target_rebalance,0.0
2022-08-01,IOTA.NS,SELL,76,382.0,29032.0,58.064,28973.936,target_rebalance,0.0
2022-08-01,RHO.NS,SELL,69,329.03,22703.07,45.40614,22657.66386,target_rebalance,0.0
2022-08-01,GAMMA.NS,BUY,1297,76.05,98636.84999999999,197.2737,-98834.1237,target_rebalance,0.0
2022-08-01,BETA.NS,BUY,1024,96.3,98611.2,197.2224,-98808.4224,target_rebalance,0.0
2022-08-01,MU.NS,BUY,126,781.05,98412.29999999999,196.82459999999998,-98609.1246,target_rebalance,0.0
2022-09-01,THETA.NS,SELL,191,497.96,95110.36,190.22072,94920.13928,rank_or_trend_exit,0.0
2022-09-01,RHO.NS,SELL,299,305.69,91401.31,182.80262,91218.50738,rank_or_trend_exit,0.0
2022-09-01,KAPPA.NS,BUY,46,538.34,24763.640000000003,49.527280000000005,-24813.16728,target_rebalance,0.0
2022-09-01,DELTA.NS,BUY,39,591.1,23052.9,46.1058,-23099.005800000003,target_rebalance,0.0
2022-09-01,SIGMA.NS,BUY,28,817.17,22880.76,45.76152,-22926.52152,target_rebalance,0.0
2022-09-01,ZETA.NS,BUY,12,607.51,7290.12,14.58024,-7304.70024,target_rebalance,0.0
2022-09-01,EPSILON.NS,BUY,24,315.31,7567.4400000000005,15.13488,-7582.57488,target_rebalance,0.0
2022-09-01,GAMMA.NS,BUY,136,82.88,11271.68,22.54336,-11294.22336,target_rebalance,0.0
2022-09-01,IOTA.NS,BUY,54,380.3,20536.2,41.0724,-20577.2724,target_rebalance,0.0
2022-09-01,MU.NS,BUY,5,903.9,4519.5,9.039,-4528.539,target_rebalance,0.0
2022-09-01,LAMBDA.NS,BUY,143,262.21,37496.03,74.99206,-37571.022059999996,target_rebalance,0.0
2022-09-01,OMICRON.NS,BUY,50,510.7,25535.0,51.07,-25586.07,target_rebalance,0.0
2022-09-01,BETA.NS,BUY,206,96.6,19899.6,39.7992,-19939.3992,target_rebalance,0.0
2022-10-03,DELTA.NS,SELL,201,514.31,103376.30999999998,206.75261999999998,103169.55737999998,rank_or_trend_exit,0.0
2022-10-03,IOTA.NS,SELL,312,382.53,119349.35999999999,238.69871999999998,119110.66127999999,rank_or_trend_exit,0.0
2022-10-03,LAMBDA.NS,SELL,453,256.54,116212.62000000001,232.42524000000003,115980.19476000001,rank_or_trend_exit,0.0
2022-10-03,SIGMA.NS,BUY,38,891.65,33882.7,67.7654,-33950.465399999994,target_rebalance,0.0
2022-10-03,KAPPA.NS,BUY,90,527.27,47454.299999999996,94.90859999999999,-47549.2086,target_rebalance,0.0
2022-10-03,EPSILON.NS,BUY,113,335.25,37883.25,75.76650000000001,-37959.0165,target_rebalance,0.0
2022-10-03,ZETA.NS,BUY,73,610.84,44591.32,89.18264,-44680.50264,target_rebalance,0.0
2022-10-03,OMICRON.NS,BUY,62,556.12,34479.44,68.95888000000001,-34548.39888,target_rebalance,0.0
2022-10-03,GAMMA.NS,BUY,885,70.73,62596.05,125.19210000000001,-62721.2421,target_rebalance,0.0
2022-10-03,MU.NS,BUY,66,830.2,54793.200000000004,109.58640000000001,-54902.786400000005,target_rebalance,0.0
2022-10-03,BETA.NS,BUY,423,99.18,41953.14,83.90628,-42037.04628,target_rebalance,0.0
2022-11-01,EPSILON.NS,SELL,101,352.0,35552.0,71.104,35480.896,target_rebalance,0.0
2022-11-01,KAPPA.NS,SELL,56,537.5,30100.0,60.2,30039.8,target_rebalance,0.0
2022-11-01,SIGMA.NS,SELL,38,943.28,35844.64,71.68928,35772.95072,target_rebalance,0.0
2022-11-01,OMICRON.NS,SELL,61,585.84,35736.240000000005,71.47248000000002,35664.76752000001,target_rebalance,0.0
2022-11-01,ZETA.NS,SELL,45,611.3,27508.499999999996,55.016999999999996,27453.482999999997,target_rebalance,0.0
2022-11-01,MU.NS,SELL,41,874.54,35856.14,71.71228,35784.42772,target_rebalance,0.0
2022-11-01,IOTA.NS,BUY,351,389.02,136546.02,273.09204,-136819.11203999998,target_rebalance,0.0
2022-11-01,ALPHA.NS,BUY,240,364.0,87360.0,174.72,-87534.72,target_rebalance,0.0
2022-11-01,GAMMA.NS,SELL,436,72.71,31701.559999999998,63.403119999999994,31638.15688,target_rebalance,0.0
2022-11-01,BETA.NS,SELL,231,96.24,22231.44,44.46288,22186.97712,target_rebalance,0.0
2022-12-01,EPSILON.NS,SELL,96,409.43,39305.28,78.61055999999999,39226.66944,target_rebalance,0.0
2022-12-01,KAPPA.NS,SELL,32,539.29,17257.28,34.514559999999996,17222.76544,target_rebalance,0.0
2022-12-01,SIGMA.NS,SELL,14,913.12,12783.68,25.56736,12758.112640000001,target_rebalance,0.0
2022-12-01,ZETA.NS,SELL,27,609.58,16458.66,32.917320000000004,16425.74268,target_rebalance,0.0
2022-12-01,MU.NS,SELL,38,1007.31,38277.78,76.55556,38201.22444,target_rebalance,0.0
2022-12-01,DELTA.NS,BUY,216,553.47,119549.52,239.09904,-119788.61904,target_rebalance,0.0
2022-12-01,GAMMA.NS,SELL,384,79.97,30708.48,61.41696,30647.06304,target_rebalance,0.0
2022-12-01,IOTA.NS,SELL,60,411.87,24712.2,49.424400000000006,24662.7756,target_rebalance,0.0
2022-12-01,OMICRON.NS,SELL,4,522.65,2090.6,4.1812,2086.4188,target_rebalance,0.0
2022-12-01,BETA.NS,SELL,217,99.47,21584.989999999998,43.169979999999995,21541.82002,target_rebalance,0.0
2022-12-01,LAMBDA.NS,BUY,450,266.09,119740.49999999999,239.48099999999997,-119979.98099999999,target_rebalance,0.0
2022-12-01,ALPHA.NS,BUY,88,364.44,32070.72,64.14144,-32134.86144,target_rebalance,0.0
2023-01-02,BETA.NS,SELL,1205,87.02,104859.09999999999,209.7182,104649.38179999999,rank_or_trend_exit,0.0
2023-01-02,EPSILON.NS,BUY,26,424.19,11028.94,22.05788,-11050.99788,target_rebalance,0.0
2023-01-02,ZETA.NS,BUY,10,655.83,6558.3,13.1166,-6571.4166000000005,target_rebalance,0.0
2023-01-02,GAMMA.NS,BUY,20,89.13,1782.6,3.5652,-1786.1652,target_rebalance,0.0
2023-01-02,KAPPA.NS,BUY,24,549.42,13186.079999999998,26.372159999999997,-13212.452159999999,target_rebalance,0.0
2023-01-02,IOTA.NS,BUY,35,414.78,14517.3,29.034599999999998,-14546.3346,target_rebalance,0.0
2023-01-02,MU.NS,BUY,20,977.5,19550.0,39.1,-19589.1,target_rebalance,0.0
2023-01-02,LAMBDA.NS,BUY,20,287.62,5752.4,11.5048,-5763.904799999999,target_rebalance,0.0
2023-01-02,SIGMA.NS,BUY,22,883.18,19429.96,38.85992,-19468.819919999998,target_rebalance,0.0
2023-01-02,OMICRON.NS,BUY,26,530.07,13781.820000000002,27.563640000000003,-13809.383640000002,target_rebalance,0.0
2023-01-02,ALPHA.NS,BUY,54,353.71,19100.34,38.20068,-19138.540680000002,target_rebalance,0.0
2023-02-01,SIGMA.NS,SELL,153,847.85,129721.05,259.44210000000004,129461.6079,rank_or_trend_exit,0.0
2023-02-01,EPSILON.NS,SELL,28,416.87,11672.36,23.344720000000002,11649.015280000001,target_rebalance,0.0
2023-02-01,DELTA.NS,SELL,39,682.79,26628.809999999998,53.257619999999996,26575.552379999997,target_rebalance,0.0
2023-02-01,GAMMA.NS,SELL,301,99.42,29925.420000000002,59.850840000000005,29865.569160000003,target_rebalance,0.0
2023-02-01,ZETA.NS,SELL,20,648.04,12960.8,25.921599999999998,12934.8784,target_rebalance,0.0
2023-02-01,MU.NS,SELL,22,1041.11,22904.42,45.80884,22858.611159999997,target_rebalance,0.0
2023-02-01,KAPPA.NS,SELL,42,592.53,24886.26,49.77252,24836.48748,target_rebalance,0.0
2023-02-01,OMICRON.NS,SELL,53,598.4,31715.199999999997,63.4304,31651.769599999996,target_rebalance,0.0
2023-02-01,PI.NS,BUY,522,231.65,120921.3,241.8426,-121163.1426,target_rebalance,0.0
2023-02-01,LAMBDA.NS,SELL,55,291.67,16041.85,32.0837,16009.766300000001,target_rebalance,0.0
2023-02-01,ALPHA.NS,SELL,51,365.68,18649.68,37.29936,18612.38064,target_rebalance,0.0
2023-02-01,IOTA.NS,SELL,44,428.03,18833.32,37.66664,18795.65336,target_rebalance,0.0
2023-02-01,ETA.NS,BUY,524,230.73,120902.51999999999,241.80504,-121144.32504,target_rebalance,0.0
2023-02-01,RHO.NS,BUY,400,301.98,120792.0,241.584,-121033.584,target_rebalance,0.0
2023-03-01,KAPPA.NS,SELL,204,533.75,108885.0,217.77,108667.23,rank_or_trend_exit,0.0
2023-03-01,LAMBDA.NS,SELL,415,255.71,106119.65000000001,212.23930000000001,105907.41070000001,rank_or_trend_exit,0.0
2023-03-01,GAMMA.NS,SELL,32,115.18,3685.76,7.37152,3678.38848,target_rebalance,0.0
2023-03-01,OMICRON.NS,SELL,10,708.75,7087.5,14.175,7073.325,target_rebalance,0.0
2023-03-01,EPSILON.NS,BUY,55,395.6,21758.0,43.516,-21801.516,target_rebalance,0.0
2023-03-01,DELTA.NS,BUY,9,730.9,6578.099999999999,13.156199999999998,-6591.2562,target_rebalance,0.0
2023-03-01,IOTA.NS,BUY,2,480.63,961.26,1.92252,-963.18252,target_rebalance,0.0
2023-03-01,ZETA.NS,BUY,21,657.46,13806.66,27.61332,-13834.27332,target_rebalance,0.0
2023-03-01,PI.NS,BUY,29,247.52,7178.08,14.356160000000001,-7192.43616,target_rebalance,0.0
2023-03-01,MU.NS,BUY,20,998.0,19960.0,39.92,-19999.92,target_rebalance,0.0
2023-03-01,ALPHA.NS,BUY,9,400.57,3605.13,7.210260000000001,-3612.34026,target_rebalance,0.0
2023-03-01,XI.NS,BUY,288,473.54,136379.52000000002,272.75904,-136652.27904000002,target_rebalance,0.0
2023-03-01,RHO.NS,BUY,47,304.82,14326.539999999999,28.65308,-14355.19308,target_rebalance,0.0
2023-03-01,ETA.NS,BUY,83,224.83,18660.89,37.32178,-18698.211779999998,target_rebalance,0.0
2023-04-03,RHO.NS,SELL,447,290.77,129974.18999999999,259.94838,129714.24161999999,rank_or_trend_exit,0.0
2023-04-03,GAMMA.NS,SELL,45,113.91,5125.95,10.2519,5115.6981,target_rebalance,0.0
2023-04-03,DELTA.NS,SELL,2,705.84,1411.68,2.82336,1408.85664,target_rebalance,0.0
2023-04-03,ZETA.NS,SELL,29,728.64,21130.56,42.261120000000005,21088.298880000002,target_rebalance,0.0
2023-04-03,EPSILON.NS,SELL,6,383.03,2298.18,4.59636,2293.58364,target_rebalance,0.0
2023-04-03,MU.NS,SELL,11,1031.86,11350.46,22.70092,11327.75908,target_rebalance,0.0
2023-04-03,OMICRON.NS,BUY,10,640.4,6404.0,12.808,-6416.808,target_rebalance,0.0
2023-04-03,IOTA.NS,SELL,13,479.28,6230.639999999999,12.461279999999999,6218.178719999999,target_rebalance,0.0
2023-04-03,ALPHA.NS,SELL,54,453.28,24477.12,48.95424,24428.16576,target_rebalance,0.0
2023-04-03,PI.NS,SELL,17,242.97,4130.49,8.26098,4122.22902,target_rebalance,0.0
2023-04-03,BETA.NS,BUY,1286,100.94,129808.84,259.61768,-130068.45767999999,target_rebalance,0.0
2023-04-03,ETA.NS,SELL,110,261.34,28747.399999999998,57.4948,28689.905199999997,target_rebalance,0.0
2023-04-03,XI.NS,SELL,23,488.82,11242.86,22.48572,11220.37428,target_rebalance,0.0
2023-04-03,NU.NS,BUY,359,361.18,129663.62,259.32724,-129922.94724,target_rebalance,0.0
2023-05-01,GAMMA.NS,SELL,49,107.8,5282.2,10.5644,5271.6356,target_rebalance,0.0
2023-05-01,DELTA.NS,SELL,20,714.44,14288.800000000001,28.577600000000004,14260.2224,target_rebalance,0.0
2023-05-01,EPSILON.NS,SELL,54,412.6,22280.4,44.5608,22235.839200000002,target_rebalance,0.0
2023-05-01,ZETA.NS,SELL,34,817.03,27779.02,55.558040000000005,27723.46196,target_rebalance,0.0
2023-05-01,IOTA.NS,SELL,43,514.05,22104.149999999998,44.208299999999994,22059.9417,target_rebalance,0.0
2023-05-01,OMICRON.NS,SELL,25,662.72,16568.0,33.136,16534.864,target_rebalance,0.0
2023-05-01,ALPHA.NS,SELL,35,468.06,16382.1,32.7642,16349.3358,target_rebalance,0.0
2023-05-01,MU.NS,SELL,8,1005.61,8044.88,16.089760000000002,8028.79024,target_rebalance,0.0
2023-05-01,PI.NS,SELL,66,251.17,16577.219999999998,33.154439999999994,16544.06556,target_rebalance,0.0
2023-05-01,BETA.NS,SELL,183,106.69,19524.27,39.04854,19485.22146,target_rebalance,0.0
2023-05-01,ETA.NS,SELL,66,272.61,17992.260000000002,35.98452,17956.27548,target_rebalance,0.0
2023-05-01,LAMBDA.NS,BUY,429,274.11,117593.19,235.18638,-117828.37638,target_rebalance,0.0
2023-05-01,XI.NS,SELL,16,471.14,7538.24,15.07648,7523.16352,target_rebalance,0.0
2023-05-01,NU.NS,SELL,56,388.37,21748.72,43.497440000000005,21705.222560000002,target_rebalance,0.0
2023-05-01,RHO.NS,BUY,403,291.63,117526.89,235.05378000000002,-117761.94378,target_rebalance,0.0
2023-06-01,LAMBDA.NS,SELL,429,279.23,119789.67000000001,239.57934000000003,119550.09066000002,rank_or_trend_exit,0.0
2023-06-01,RHO.NS,SELL,403,277.93,112005.79000000001,224.01158,111781.77842,rank_or_trend_exit,0.0
2023-06-01,ZETA.NS,SELL,4,874.47,3497.88,6.995760000000001,3490.8842400000003,target_rebalance,0.0
2023-06-01,GAMMA.NS,BUY,17,111.0,1887.0,3.774,-1890.774,target_rebalance,0.0
2023-06-01,MU.NS,SELL,7,1112.39,7786.7300000000005,15.57346,7771.156540000001,target_rebalance,0.0
2023-06-01,OMICRON.NS,BUY,3,683.29,2049.87,4.09974,-2053.96974,target_rebalance,0.0
2023-06-01,EPSILON.NS,SELL,9,444.29,3998.61,7.99722,3990.61278,target_rebalance,0.0
2023-06-01,DELTA.NS,BUY,1,742.93,742.93,1.48586,-744.41586,target_rebalance,0.0
2023-06-01,BETA.NS,BUY,11,110.38,1214.1799999999998,2.4283599999999996,-1216.60836,target_rebalance,0.0
2023-06-01,IOTA.NS,BUY,6,524.89,3149.34,6.29868,-3155.63868,target_rebalance,0.0
2023-06-01,ETA.NS,SELL,2,286.55,573.1,1.1462,571.9538,target_rebalance,0.0
2023-06-01,ALPHA.NS,BUY,30,437.82,13134.6,26.2692,-13160.869200000001,target_rebalance,0.0
2023-06-01,PI.NS,BUY,18,253.17,4557.0599999999995,9.11412,-4566.17412,target_rebalance,0.0
2023-06-01,XI.NS,SELL,13,520.1,6761.3,13.5226,6747.7774,target_rebalance,0.0
2023-06-01,KAPPA.NS,BUY,224,547.12,122554.88,245.10976000000002,-122799.98976000001,target_rebalance,0.0
2023-06-01,NU.NS,SELL,1,406.4,406.4,0.8128,405.5872,target_rebalance,0.0
2023-06-01,SIGMA.NS,BUY,133,920.86,122474.38,244.94876000000002,-122719.32876,target_rebalance,0.0
2023-07-03,KAPPA.NS,SELL,224,536.91,120267.84,240.53567999999999,120027.30432,rank_or_trend_exit,0.0
2023-07-03,GAMMA.NS,SELL,10,115.99,1159.8999999999999,2.3198,1157.5801999999999,target_rebalance,0.0
2023-07-03,ZETA.NS,BUY,7,866.38,6064.66,12.12932,-6076.78932,target_rebalance,0.0
2023-07-03,XI.NS,SELL,25,601.51,15037.75,30.0755,15007.6745,target_rebalance,0.0
2023-07-03,IOTA.NS,SELL,3,551.15,1653.4499999999998,3.3068999999999997,1650.1430999999998,target_rebalance,0.0
2023-07-03,EPSILON.NS,BUY,2,457.13,914.26,1.82852,-916.08852,target_rebalance,0.0
2023-07-03,BETA.NS,SELL,9,115.28,1037.52,2.07504,1035.44496,target_rebalance,0.0
2023-07-03,MU.NS,BUY,3,1126.23,3378.69,6.75738,-3385.44738,target_rebalance,0.0
2023-07-03,PI.NS,BUY,6,258.61,1551.66,3.10332,-1554.76332,target_rebalance,0.0
2023-07-03,ETA.NS,BUY,10,289.64,2896.3999999999996,5.7928,-2902.1928,target_rebalance,0.0
2023-07-03,DELTA.NS,SELL,2,777.34,1554.68,3.10936,1551.5706400000001,target_rebalance,0.0
2023-07-03,NU.NS,SELL,13,439.67,5715.71,11.431420000000001,5704.27858,target_rebalance,0.0
2023-07-03,OMICRON.NS,BUY,10,667.7,6677.0,13.354000000000001,-6690.354,target_rebalance,0.0
2023-07-03,ALPHA.NS,BUY,34,404.4,13749.599999999999,27.4992,-13777.099199999999,target_rebalance,0.0
2023-07-03,SIGMA.NS,BUY,4,928.57,3714.28,7.428560000000001,-3721.70856,target_rebalance,0.0
2023-07-03,LAMBDA.NS,BUY,420,303.2,127344.0,254.68800000000002,-127598.688,target_rebalance,0.0
2023-08-01,EPSILON.NS,SELL,278,406.81,113093.18000000001,226.18636,112866.99364,rank_or_trend_exit,0.0
2023-08-01,XI.NS,SELL,9,647.54,5827.86,11.655719999999999,5816.20428,target_rebalance,0.0
2023-08-01,ETA.NS,SELL,21,313.17,6576.570000000001,13.153140000000002,6563.41686,target_rebalance,0.0
2023-08-01,ZETA.NS,BUY,14,811.98,11367.720000000001,22.735440000000004,-11390.455440000002,target_rebalance,0.0
2023-08-01,OMICRON.NS,SELL,21,771.77,16207.17,32.41434,16174.75566,target_rebalance,0.0
2023-08-01,BETA.NS,SELL,135,135.05,18231.75,36.4635,18195.2865,target_rebalance,0.0
2023-08-01,ALPHA.NS,SELL,18,440.47,7928.460000000001,15.856920000000002,7912.603080000001,target_rebalance,0.0
2023-08-01,GAMMA.NS,BUY,93,110.06,10235.58,20.47116,-10256.051159999999,target_rebalance,0.0
2023-08-01,IOTA.NS,BUY,20,520.48,10409.6,20.819200000000002,-10430.4192,target_rebalance,0.0
2023-08-01,NU.NS,SELL,2,455.77,911.54,1.82308,909.71692,target_rebalance,0.0
2023-08-01,MU.NS,BUY,5,1107.57,5537.849999999999,11.0757,-5548.9257,target_rebalance,0.0
2023-08-01,DELTA.NS,BUY,6,774.3,4645.799999999999,9.291599999999999,-4655.091599999999,target_rebalance,0.0
2023-08-01,SIGMA.NS,BUY,3,935.67,2807.0099999999998,5.61402,-2812.6240199999997,target_rebalance,0.0
2023-08-01,THETA.NS,BUY,266,492.11,130901.26000000001,261.80252,-131163.06252,target_rebalance,0.0
2023-08-01,LAMBDA.NS,BUY,41,284.0,11644.0,23.288,-11667.288,target_rebalance,0.0
2023-09-01,GAMMA.NS,SELL,1191,101.32,120672.12,241.34423999999999,120430.77575999999,rank_or_trend_exit,0.0
2023-09-01,MU.NS,SELL,118,1016.26,119918.68,239.83736,119678.84263999999,rank_or_trend_exit,0.0
2023-09-01,LAMBDA.NS,SELL,461,266.22,122727.42000000001,245.45484000000002,122481.96516,rank_or_trend_exit,0.0
2023-09-01,XI.NS,BUY,40,694.49,27779.6,55.5592,-27835.1592,target_rebalance,0.0
2023-09-01,ETA.NS,BUY,64,349.51,22368.64,44.73728,-22413.37728,target_rebalance,0.0
2023-09-01,OMICRON.NS,BUY,16,906.98,14511.68,29.02336,-14540.70336,target_rebalance,0.0
2023-09-01,BETA.NS,BUY,160,149.19,23870.4,47.74080000000001,-23918.1408,target_rebalance,0.0
2023-09-01,NU.NS,BUY,52,496.11,25797.72,51.59544,-25849.315440000002,target_rebalance,0.0
2023-09-01,PI.NS,BUY,133,269.41,35831.530000000006,71.66306000000002,-35903.193060000005,target_rebalance,0.0
2023-09-01,IOTA.NS,BUY,67,528.6,35416.200000000004,70.8324,-35487.032400000004,target_rebalance,0.0
2023-09-01,DELTA.NS,BUY,60,733.54,44012.399999999994,88.02479999999998,-44100.42479999999,target_rebalance,0.0
2023-09-01,ALPHA.NS,BUY,90,435.0,39150.0,78.3,-39228.3,target_rebalance,0.0
2023-09-01,ZETA.NS,BUY,59,764.72,45118.48,90.23696000000001,-45208.716960000005,target_rebalance,0.0
2023-09-01,SIGMA.NS,BUY,38,944.72,35899.36,71.79872,-35971.15872,target_rebalance,0.0
2023-09-01,THETA.NS,BUY,62,513.59,31842.58,63.68516,-31906.265160000003,target_rebalance,0.0
2023-10-02,DELTA.NS,SELL,229,701.47,160636.63,321.27326,160315.35674000002,rank_or_trend_exit,0.0
2023-10-02,SIGMA.NS,SELL,178,894.14,159156.91999999998,318.31383999999997,158838.60616,rank_or_trend_exit,0.0
2023-10-02,XI.NS,BUY,22,781.53,17193.66,34.38732,-17228.04732,target_rebalance,0.0
2023-10-02,OMICRON.NS,BUY,36,930.48,33497.28,66.99455999999999,-33564.27456,target_rebalance,0.0
2023-10-02,NU.NS,BUY,47,535.01,25145.47,50.290940000000006,-25195.76094,target_rebalance,0.0
2023-10-02,ETA.NS,BUY,141,331.05,46678.05,93.35610000000001,-46771.4061,target_rebalance,0.0
2023-10-02,BETA.NS,BUY,211,154.02,32498.22,64.99644,-32563.21644,target_rebalance,0.0
2023-10-02,ZETA.NS,BUY,16,873.99,13983.84,27.96768,-14011.80768,target_rebalance,0.0
2023-10-02,IOTA.NS,BUY,76,523.84,39811.840000000004,79.62368000000001,-39891.46368,target_rebalance,0.0
2023-10-02,PI.NS,BUY,198,250.87,49672.26,99.34452,-49771.60452,target_rebalance,0.0
2023-10-02,THETA.NS,BUY,97,485.62,47105.14,94.21028,-47199.35028,target_rebalance,0.0
2023-10-02,ALPHA.NS,BUY,79,443.17,35010.43,70.02086,-35080.45086,target_rebalance,0.0
2023-11-01,IOTA.NS,SELL,394,503.02,198189.88,396.37976000000003,197793.50024,rank_or_trend_exit,0.0
2023-11-01,PI.NS,SELL,823,247.53,203717.19,407.43438000000003,203309.75562,rank_or_trend_exit,0.0
2023-11-01,XI.NS,SELL,11,841.69,9258.59,18.51718,9240.07282,target_rebalance,0.0
2023-11-01,OMICRON.NS,BUY,10,923.49,9234.9,18.4698,-9253.3698,target_rebalance,0.0
2023-11-01,ETA.NS,BUY,21,331.44,6960.24,13.92048,-6974.16048,target_rebalance,0.0
2023-11-01,BETA.NS,BUY,74,151.02,11175.480000000001,22.350960000000004,-11197.830960000001,target_rebalance,0.0
2023-11-01,NU.NS,BUY,9,540.85,4867.650000000001,9.7353,-4877.385300000001,target_rebalance,0.0
2023-11-01,ZETA.NS,BUY,2,895.88,1791.76,3.58352,-1795.34352,target_rebalance,0.0
2023-11-01,ALPHA.NS,SELL,20,479.07,9581.4,19.1628,9562.2372,target_rebalance,0.0
2023-11-01,THETA.NS,SELL,40,554.99,22199.6,44.3992,22155.2008,target_rebalance,0.0
2023-11-01,EPSILON.NS,BUY,484,441.56,213715.04,427.43008000000003,-214142.47008,target_rebalance,0.0
2023-11-01,SIGMA.NS,BUY,233,914.04,212971.31999999998,425.94264,-213397.26263999997,target_rebalance,0.0
2023-12-01,XI.NS,SELL,38,852.66,32401.079999999998,64.80216,32336.27784,target_rebalance,0.0
2023-12-01,OMICRON.NS,SELL,48,1000.94,48045.12,96.09024000000001,47949.029760000005,target_rebalance,0.0
2023-12-01,NU.NS,SELL,65,556.06,36143.899999999994,72.28779999999999,36071.612199999996,target_rebalance,0.0
2023-12-01,BETA.NS,SELL,192,150.07,28813.44,57.62688,28755.81312,target_rebalance,0.0
2023-12-01,ETA.NS,SELL,80,325.27,26021.6,52.0432,25969.5568,target_rebalance,0.0
2023-12-01,ZETA.NS,SELL,53,989.26,52430.78,104.86156,52325.91844,target_rebalance,0.0
2023-12-01,ALPHA.NS,SELL,59,473.63,27944.17,55.88834,27888.281659999997,target_rebalance,0.0
2023-12-01,THETA.NS,SELL,44,538.33,23686.52,47.37304,23639.146960000002,target_rebalance,0.0
2023-12-01,PI.NS,BUY,697,263.39,183582.83,367.16566,-183949.99566,target_rebalance,0.0
2023-12-01,MU.NS,BUY,93,1254.39,116658.27,233.31654,-116891.58654,target_rebalance,0.0
2023-12-01,EPSILON.NS,SELL,88,463.62,40798.56,81.59712,40716.96288,target_rebalance,0.0
2023-12-01,SIGMA.NS,SELL,35,924.69,32364.15,64.7283,32299.421700000003,target_rebalance,0.0
2024-01-01,XI.NS,SELL,49,910.27,44603.229999999996,89.20645999999999,44514.023539999995,target_rebalance,0.0
2024-01-01,OMICRON.NS,SELL,34,1017.83,34606.22,69.21244,34537.00756,target_rebalance,0.0
2024-01-01,BETA.NS,SELL,153,141.69,21678.57,43.35714,21635.21286,target_rebalance,0.0
2024-01-01,NU.NS,SELL,31,507.16,15721.960000000001,31.443920000000002,15690.516080000001,target_rebalance,0.0
2024-01-01,ZETA.NS,SELL,37,1021.12,37781.44,75.56288,37705.877120000005,target_rebalance,0.0
2024-01-01,ETA.NS,SELL,126,345.74,43563.24,87.12648,43476.11352,target_rebalance,0.0
2024-01-01,PI.NS,SELL,207,309.14,63991.979999999996,127.98396,63863.99604,target_rebalance,0.0
2024-01-01,THETA.NS,SELL,58,534.62,31007.96,62.01592,30945.944079999997,target_rebalance,0.0
2024-01-01,MU.NS,BUY,26,1264.43,32875.18,65.75036,-32940.93036,target_rebalance,0.0
2024-01-01,ALPHA.NS,SELL,65,470.21,30563.649999999998,61.1273,30502.522699999998,target_rebalance,0.0
2024-01-01,IOTA.NS,BUY,286,529.37,151399.82,302.79964,-151702.61964000002,target_rebalance,0.0
2024-01-01,DELTA.NS,BUY,193,785.86,151670.98,303.34196000000003,-151974.32196,target_rebalance,0.0
2024-01-01,EPSILON.NS,SELL,82,482.1,39532.200000000004,79.0644,39453.1356,target_rebalance,0.0
2024-01-01,SIGMA.NS,SELL,42,970.4,40756.799999999996,81.5136,40675.2864,target_rebalance,0.0
2024-01-01,KAPPA.NS,BUY,247,612.99,151408.53,302.81706,-151711.34706,target_rebalance,0.0
2024-02-01,DELTA.NS,SELL,193,730.28,140944.04,281.88808,140662.15192,rank_or_trend_exit,0.0
2024-02-01,XI.NS,SELL,8,977.68,7821.44,15.64288,7805.797119999999,target_rebalance,0.0
2024-02-01,ZETA.NS,BUY,3,1021.5,3064.5,6.1290000000000004,-3070.629,target_rebalance,0.0
2024-02-01,ETA.NS,SELL,11,361.83,3980.1299999999997,7.96026,3972.16974,target_rebalance,0.0
2024-02-01,NU.NS,BUY,3,511.24,1533.72,3.06744,-1536.78744,target_rebalance,0.0
2024-02-01,BETA.NS,SELL,30,148.61,4458.3,8.9166,4449.383400000001,target_rebalance,0.0
2024-02-01,OMICRON.NS,BUY,2,1022.63,2045.26,4.09052,-2049.35052,target_rebalance,0.0
2024-02-01,SIGMA.NS,SELL,16,1102.76,17644.16,35.28832,17608.87168,target_rebalance,0.0
2024-02-01,THETA.NS,SELL,9,563.45,5071.05,10.142100000000001,5060.9079,target_rebalance,0.0
2024-02-01,ALPHA.NS,BUY,5,471.45,2357.25,4.7145,-2361.9645,target_rebalance,0.0
2024-02-01,PI.NS,BUY,19,303.54,5767.26,11.53452,-5778.79452,target_rebalance,0.0
2024-02-01,IOTA.NS,BUY,2,536.72,1073.44,2.1468800000000003,-1075.58688,target_rebalance,0.0
2024-02-01,EPSILON.NS,BUY,22,459.2,10102.4,20.2048,-10122.6048,target_rebalance,0.0
2024-02-01,KAPPA.NS,BUY,11,598.41,6582.509999999999,13.165019999999998,-6595.67502,target_rebalance,0.0
2024-02-01,MU.NS,BUY,11,1184.67,13031.37,26.06274,-13057.43274,target_rebalance,0.0
2024-02-01,RHO.NS,BUY,517,298.66,154407.22,308.81444,-154716.03444,target_rebalance,0.0
2024-03-01,NU.NS,SELL,302,492.85,148840.7,297.68140000000005,148543.0186,rank_or_trend_exit,0.0
2024-03-01,EPSILON.NS,SELL,336,421.31,141560.16,283.12032,141277.03968000002,rank_or_trend_exit,0.0
2024-03-01,ETA.NS,BUY,47,381.56,17933.32,35.86664,-17969.18664,target_rebalance,0.0
2024-03-01,ZETA.NS,BUY,30,998.73,29961.9,59.92380000000001,-30021.823800000002,target_rebalance,0.0
2024-03-01,BETA.NS,BUY,85,161.04,13688.4,27.3768,-13715.7768,target_rebalance,0.0
2024-03-01,PI.NS,BUY,99,297.99,29501.010000000002,59.00202000000001,-29560.012020000002,target_rebalance,0.0
2024-03-01,THETA.NS,BUY,32,590.42,18893.44,37.78688,-18931.22688,target_rebalance,0.0
2024-03-01,OMICRON.NS,BUY,33,979.87,32335.71,64.67142,-32400.381419999998,target_rebalance,0.0
2024-03-01,ALPHA.NS,BUY,40,493.62,19744.8,39.489599999999996,-19784.2896,target_rebalance,0.0
2024-03-01,SIGMA.NS,BUY,37,1023.16,37856.92,75.71384,-37932.633839999995,target_rebalance,0.0
2024-03-01,KAPPA.NS,BUY,52,582.69,30299.880000000005,60.59976000000001,-30360.479760000006,target_rebalance,0.0
2024-03-01,IOTA.NS,BUY,43,545.9,23473.7,46.9474,-23520.6474,target_rebalance,0.0
2024-03-01,MU.NS,BUY,31,1121.77,34774.87,69.54974,-34844.419740000005,target_rebalance,0.0
2024-03-01,RHO.NS,BUY,62,312.42,19370.04,38.740080000000006,-19408.78008,target_rebalance,0.0
2024-04-01,MU.NS,SELL,161,1048.38,168789.18000000002,337.57836000000003,168451.60164,rank_or_trend_exit,0.0
2024-04-01,XI.NS,SELL,21,1183.85,24860.85,49.7217,24811.1283,target_rebalance,0.0
2024-04-01,ETA.NS,SELL,81,413.94,33529.14,67.05828,33462.08172,target_rebalance,0.0
2024-04-01,ZETA.NS,SELL,38,1138.36,43257.67999999999,86.51535999999999,43171.164639999995,target_rebalance,0.0
2024-04-01,OMICRON.NS,SELL,22,1002.28,22050.16,44.10032,22006.05968,target_rebalance,0.0
2024-04-01,PI.NS,SELL,112,328.17,36755.04,73.51008,36681.52992,target_rebalance,0.0
2024-04-01,THETA.NS,SELL,30,589.63,17688.9,35.3778,17653.522200000003,target_rebalance,0.0
2024-04-01,BETA.NS,SELL,72,154.7,11138.4,22.2768,11116.1232,target_rebalance,0.0
2024-04-01,SIGMA.NS,SELL,31,1113.94,34532.14,69.06428,34463.07572,target_rebalance,0.0
2024-04-01,NU.NS,BUY,304,535.79,162880.15999999997,325.76032,-163205.92031999998,target_rebalance,0.0
2024-04-01,EPSILON.NS,BUY,352,462.41,162768.32,325.53664000000003,-163093.85664,target_rebalance,0.0
2024-04-01,KAPPA.NS,SELL,29,579.72,16811.88,33.623760000000004,16778.256240000002,target_rebalance,0.0
2024-04-01,ALPHA.NS,SELL,51,515.08,26269.08,52.538160000000005,26216.54184,target_rebalance,0.0
2024-04-01,RHO.NS,SELL,66,317.29,20941.140000000003,41.88228000000001,20899.25772,target_rebalance,0.0
2024-04-01,IOTA.NS,SELL,24,530.32,12727.68,25.455360000000002,12702.22464,target_rebalance,0.0
2024-04-01,GAMMA.NS,BUY,1542,105.68,162958.56,325.91712,-163284.47712,target_rebalance,0.0
2024-05-01,THETA.NS,SELL,276,527.95,145714.2,291.4284,145422.7716,rank_or_trend_exit,0.0
2024-05-01,IOTA.NS,SELL,307,493.96,151645.72,303.29144,151342.42856,rank_or_trend_exit,0.0
2024-05-01,GAMMA.NS,SELL,1542,89.66,138255.72,276.51144,137979.20856,rank_or_trend_exit,0.0
2024-05-01,ETA.NS,BUY,25,421.93,10548.25,21.0965,-10569.3465,target_rebalance,0.0
2024-05-01,ZETA.NS,SELL,2,1244.41,2488.82,4.97764,2483.84236,target_rebalance,0.0
2024-05-01,OMICRON.NS,BUY,4,1059.39,4237.56,8.47512,-4246.0351200000005,target_rebalance,0.0
2024-05-01,SIGMA.NS,BUY,4,1174.09,4696.36,9.392719999999999,-4705.7527199999995,target_rebalance,0.0
2024-05-01,PI.NS,BUY,51,322.64,16454.64,32.90928,-16487.54928,target_rebalance,0.0
2024-05-01,BETA.NS,BUY,92,154.26,14191.919999999998,28.383839999999996,-14220.303839999999,target_rebalance,0.0
2024-05-01,NU.NS,BUY,21,543.1,11405.1,22.810200000000002,-11427.9102,target_rebalance,0.0
2024-05-01,RHO.NS,BUY,29,325.74,9446.460000000001,18.892920000000004,-9465.352920000001,target_rebalance,0.0
2024-05-01,MU.NS,BUY,151,1164.37,175819.87,351.63974,-176171.50974,target_rebalance,0.0
2024-05-01,ALPHA.NS,BUY,14,534.3,7480.199999999999,14.960399999999998,-7495.160399999999,target_rebalance,0.0
2024-05-01,KAPPA.NS,BUY,18,590.53,10629.539999999999,21.259079999999997,-10650.799079999999,target_rebalance,0.0
2024-05-01,DELTA.NS,BUY,232,761.15,176586.8,353.17359999999996,-176939.9736,target_rebalance,0.0
2024-05-01,EPSILON.NS,BUY,27,465.71,12574.17,25.14834,-12599.31834,target_rebalance,0.0
2024-06-03,NU.NS,SELL,325,528.22,171671.5,343.343,171328.157,rank_or_trend_exit,0.0
2024-06-03,XI.NS,BUY,12,1322.59,15871.079999999998,31.74216,-15902.822159999998,target_rebalance,0.0
2024-06-03,ZETA.NS,BUY,13,1279.64,16635.32,33.27064,-16668.59064,target_rebalance,0.0
2024-06-03,ETA.NS,BUY,39,433.14,16892.46,33.78492,-16926.244919999997,target_rebalance,0.0
2024-06-03,SIGMA.NS,SELL,11,1419.77,15617.47,31.234939999999998,15586.235059999999,target_rebalance,0.0
2024-06-03,OMICRON.NS,BUY,20,1064.77,21295.4,42.5908,-21337.990800000003,target_rebalance,0.0
2024-06-03,PI.NS,BUY,44,335.08,14743.519999999999,29.487039999999997,-14773.007039999999,target_rebalance,0.0
2024-06-03,BETA.NS,BUY,137,154.47,21162.39,42.32478,-21204.71478,target_rebalance,0.0
2024-06-03,RHO.NS,BUY,39,340.41,13275.990000000002,26.551980000000004,-13302.541980000002,target_rebalance,0.0
2024-06-03,ALPHA.NS,BUY,59,508.27,29987.93,59.975860000000004,-30047.90586,target_rebalance,0.0
2024-06-03,EPSILON.NS,BUY,19,497.16,9446.04,18.892080000000004,-9464.93208,target_rebalance,0.0
2024-06-03,KAPPA.NS,BUY,47,571.97,26882.59,53.76518,-26936.35518,target_rebalance,0.0
2024-06-03,MU.NS,BUY,4,1274.65,5098.6,10.1972,-5108.7972,target_rebalance,0.0
2024-06-03,DELTA.NS,BUY,19,789.17,14994.23,29.98846,-15024.21846,target_rebalance,0.0
2024-07-01,ALPHA.NS,SELL,389,452.61,176065.29,352.13058,175713.15942,rank_or_trend_exit,0.0
2024-07-01,BETA.NS,SELL,1282,146.21,187441.22,374.88244000000003,187066.33756,rank_or_trend_exit,0.0
2024-07-01,XI.NS,SELL,7,1467.68,10273.76,20.547520000000002,10253.21248,target_rebalance,0.0
2024-07-01,ZETA.NS,BUY,17,1221.85,20771.449999999997,41.542899999999996,-20812.992899999997,target_rebalance,0.0
2024-07-01,SIGMA.NS,BUY,19,1316.82,25019.579999999998,50.039159999999995,-25069.61916,target_rebalance,0.0
2024-07-01,OMICRON.NS,BUY,13,1049.76,13646.88,27.29376,-13674.17376,target_rebalance,0.0
2024-07-01,ETA.NS,BUY,70,396.68,27767.600000000002,55.5352,-27823.1352,target_rebalance,0.0
2024-07-01,EPSILON.NS,SELL,21,554.19,11637.990000000002,23.275980000000004,11614.714020000001,target_rebalance,0.0
2024-07-01,PI.NS,BUY,68,317.09,21562.12,43.12424,-21605.24424,target_rebalance,0.0
2024-07-01,RHO.NS,BUY,104,305.26,31747.04,63.494080000000004,-31810.53408,target_rebalance,0.0
2024-07-01,MU.NS,BUY,22,1181.52,25993.44,51.98688,-26045.42688,target_rebalance,0.0
2024-07-01,KAPPA.NS,BUY,13,582.36,7570.68,15.14136,-7585.82136,target_rebalance,0.0
2024-07-01,LAMBDA.NS,BUY,911,229.59,209156.49,418.31298,-209574.80297999998,target_rebalance,0.0
2024-07-01,DELTA.NS,BUY,30,744.4,22332.0,44.664,-22376.664,target_rebalance,0.0
2024-08-01,ETA.NS,SELL,527,375.3,197783.1,395.56620000000004,197387.5338,rank_or_trend_exit,0.0
2024-08-01,MU.NS,SELL,177,1149.34,203433.18,406.86636,203026.31364,rank_or_trend_exit,0.0
2024-08-01,DELTA.NS,SELL,281,719.88,202286.28,404.57256,201881.70744,rank_or_trend_exit,0.0
2024-08-01,XI.NS,BUY,9,1554.01,13986.09,27.97218,-14014.06218,target_rebalance,0.0
2024-08-01,ZETA.NS,BUY,5,1333.94,6669.700000000001,13.339400000000001,-6683.039400000001,target_rebalance,0.0
2024-08-01,OMICRON.NS,SELL,14,1271.9,17806.600000000002,35.613200000000006,17770.986800000002,target_rebalance,0.0
2024-08-01,SIGMA.NS,BUY,29,1258.76,36504.04,73.00808,-36577.04808,target_rebalance,0.0
2024-08-01,EPSILON.NS,BUY,70,528.02,36961.4,73.92280000000001,-37035.3228,target_rebalance,0.0
2024-08-01,PI.NS,BUY,28,343.4,9615.199999999999,19.2304,-9634.4304,target_rebalance,0.0
2024-08-01,KAPPA.NS,BUY,32,603.62,19315.84,38.63168,-19354.47168,target_rebalance,0.0
2024-08-01,RHO.NS,BUY,78,309.36,24130.08,48.260160000000006,-24178.340160000003,target_rebalance,0.0
2024-08-01,IOTA.NS,BUY,422,559.41,236071.02,472.14204,-236543.16204,target_rebalance,0.0
2024-08-01,GAMMA.NS,BUY,2364,99.86,236069.04,472.13808,-236541.17808,target_rebalance,0.0
2024-08-01,LAMBDA.NS,BUY,80,238.1,19048.0,38.096000000000004,-19086.096,target_rebalance,0.0
2024-09-02,SIGMA.NS,SELL,187,1149.98,215046.26,430.09252000000004,214616.16748,rank_or_trend_exit,0.0
2024-09-02,RHO.NS,SELL,763,302.01,230433.63,460.86726000000004,229972.76274,rank_or_trend_exit,0.0
2024-09-02,EPSILON.NS,SELL,447,481.48,215221.56,430.44312,214791.11688,rank_or_trend_exit,0.0
2024-09-02,XI.NS,BUY,26,1668.31,43376.06,86.75211999999999,-43462.812119999995,target_rebalance,0.0
2024-09-02,ZETA.NS,BUY,65,1225.43,79652.95,159.3059,-79812.2559,target_rebalance,0.0
2024-09-02,OMICRON.NS,BUY,53,1237.81,65603.93,131.20785999999998,-65735.13785999999,target_rebalance,0.0
2024-09-02,PI.NS,BUY,98,376.11,36858.78,73.71756,-36932.497559999996,target_rebalance,0.0
2024-09-02,ETA.NS,BUY,735,401.87,295374.45,590.7489,-295965.1989,target_rebalance,0.0
2024-09-02,KAPPA.NS,BUY,98,603.36,59129.28,118.25856,-59247.53856,target_rebalance,0.0
2024-09-02,GAMMA.NS,BUY,154,117.3,18064.2,36.1284,-18100.328400000002,target_rebalance,0.0
2024-09-02,IOTA.NS,BUY,86,580.72,49941.920000000006,99.88384,-50041.80384000001,target_rebalance,0.0
2024-09-02,LAMBDA.NS,BUY,123,265.03,32598.689999999995,65.19738,-32663.887379999996,target_rebalance,0.0
2024-10-01,XI.NS,SELL,33,1743.7,57542.1,115.0842,57427.0158,target_rebalance,0.0
2024-10-01,PI.NS,SELL,158,401.76,63478.08,126.95616000000001,63351.12384,target_rebalance,0.0
2024-10-01,ZETA.NS,SELL,39,1245.35,48568.649999999994,97.1373,48471.51269999999,target_rebalance,0.0
2024-10-01,SIGMA.NS,BUY,159,1218.12,193681.08,387.36215999999996,-194068.44215999998,target_rebalance,0.0
2024-10-01,GAMMA.NS,SELL,563,128.99,72621.37000000001,145.24274000000003,72476.12726000001,target_rebalance,0.0
2024-10-01,OMICRON.NS,SELL,42,1281.93,53841.060000000005,107.68212000000001,53733.37788000001,target_rebalance,0.0
2024-10-01,LAMBDA.NS,SELL,195,274.28,53484.59999999999,106.96919999999999,53377.63079999999,target_rebalance,0.0
2024-10-01,KAPPA.NS,SELL,68,598.88,40723.84,81.44767999999999,40642.39232,target_rebalance,0.0
2024-10-01,ETA.NS,SELL,142,425.08,60361.36,120.72272000000001,60240.63728,target_rebalance,0.0
2024-10-01,EPSILON.NS,BUY,517,487.05,251804.85,503.60970000000003,-252308.4597,target_rebalance,0.0
2024-10-01,IOTA.NS,SELL,66,569.78,37605.479999999996,75.21096,37530.26904,target_rebalance,0.0
2024-11-01,SIGMA.NS,SELL,159,1186.4,188637.6,377.27520000000004,188260.3248,rank_or_trend_exit,0.0
2024-11-01,XI.NS,SELL,39,1903.44,74234.16,148.46832,74085.69168,target_rebalance,0.0
2024-11-01,OMICRON.NS,SELL,46,1333.52,61341.92,122.68384,61219.23616,target_rebalance,0.0
2024-11-01,PI.NS,SELL,119,394.0,46886.0,93.772,46792.228,target_rebalance,0.0
2024-11-01,ETA.NS,SELL,117,420.63,49213.71,98.42742,49115.28258,target_rebalance,0.0
2024-11-01,ZETA.NS,SELL,51,1326.93,67673.43000000001,135.34686000000002,67538.08314,target_rebalance,0.0
2024-11-01,KAPPA.NS,SELL,100,622.92,62291.99999999999,124.58399999999999,62167.41599999999,target_rebalance,0.0
2024-11-01,EPSILON.NS,SELL,151,546.67,82547.17,165.09434,82382.07566,target_rebalance,0.0
2024-11-01,IOTA.NS,SELL,101,586.84,59270.840000000004,118.54168000000001,59152.29832,target_rebalance,0.0
2024-11-01,DELTA.NS,BUY,269,744.76,200340.44,400.68088,-200741.12088,target_rebalance,0.0
2024-11-01,GAMMA.NS,SELL,101,108.05,10913.05,21.8261,10891.223899999999,target_rebalance,0.0
2024-11-01,RHO.NS,BUY,615,325.54,200207.1,400.4142,-200607.5142,target_rebalance,0.0
2024-11-01,ALPHA.NS,BUY,407,492.02,200252.13999999998,400.50428,-200652.64427999998,target_rebalance,0.0
2024-11-01,LAMBDA.NS,SELL,86,240.44,20677.84,41.35568,20636.48432,target_rebalance,0.0
2024-11-01,NU.NS,BUY,377,530.99,200183.23,400.36646,-200583.59646,target_rebalance,0.0
2024-12-02,IOTA.NS,SELL,341,528.9,180354.9,360.7098,179994.19019999998,rank_or_trend_exit,0.0
2024-12-02,DELTA.NS,SELL,269,730.1,196396.9,392.7938,196004.10619999998,rank_or_trend_exit,0.0
2024-12-02,XI.NS,BUY,21,1769.98,37169.58,74.33916,-37243.919160000005,target_rebalance,0.0
2024-12-02,PI.NS,BUY,2,437.94,875.88,1.75176,-877.63176,target_rebalance,0.0
2024-12-02,ZETA.NS,BUY,9,1390.9,12518.1,25.0362,-12543.1362,target_rebalance,0.0
2024-12-02,ETA.NS,BUY,10,459.29,4592.900000000001,9.1858,-4602.085800000001,target_rebalance,0.0
2024-12-02,OMICRON.NS,BUY,12,1377.52,16530.239999999998,33.06048,-16563.300479999998,target_rebalance,0.0
2024-12-02,SIGMA.NS,BUY,174,1280.11,222739.13999999998,445.47828,-223184.61828,target_rebalance,0.0
2024-12-02,GAMMA.NS,BUY,136,112.26,15267.36,30.53472,-15297.89472,target_rebalance,0.0
2024-12-02,RHO.NS,BUY,40,341.05,13642.0,27.284,-13669.284,target_rebalance,0.0
2024-12-02,EPSILON.NS,BUY,32,560.4,17932.8,35.8656,-17968.6656,target_rebalance,0.0
2024-12-02,ALPHA.NS,SELL,4,553.39,2213.56,4.42712,2209.13288,target_rebalance,0.0
2024-12-02,LAMBDA.NS,BUY,20,261.79,5235.8,10.4716,-5246.2716,target_rebalance,0.0
2024-12-02,KAPPA.NS,BUY,41,617.3,25309.3,50.6186,-25359.9186,target_rebalance,0.0
2024-12-02,NU.NS,BUY,43,532.01,22876.43,45.75286,-22922.18286,target_rebalance,0.0
2025-01-01,EPSILON.NS,SELL,398,510.42,203147.16,406.29432,202740.86568000002,rank_or_trend_exit,0.0
2025-01-01,NU.NS,SELL,420,490.46,205993.19999999998,411.98639999999995,205581.2136,rank_or_trend_exit,0.0
2025-01-01,SIGMA.NS,SELL,174,1220.08,212293.91999999998,424.58783999999997,211869.33216,rank_or_trend_exit,0.0
2025-01-01,XI.NS,BUY,9,1774.86,15973.74,31.94748,-16005.68748,target_rebalance,0.0
2025-01-01,RHO.NS,SELL,41,392.03,16073.23,32.14646,16041.08354,target_rebalance,0.0
2025-01-01,ZETA.NS,BUY,5,1452.34,7261.7,14.5234,-7276.2234,target_rebalance,0.0
2025-01-01,OMICRON.NS,BUY,15,1356.16,20342.4,40.6848,-20383.0848,target_rebalance,0.0
2025-01-01,PI.NS,BUY,107,389.67,41694.69,83.38938,-41778.07938,target_rebalance,0.0
2025-01-01,LAMBDA.NS,BUY,34,271.39,9227.26,18.454520000000002,-9245.71452,target_rebalance,0.0
2025-01-01,GAMMA.NS,BUY,178,111.04,19765.120000000003,39.530240000000006,-19804.650240000003,target_rebalance,0.0
2025-01-01,ETA.NS,BUY,55,444.62,24454.1,48.9082,-24503.0082,target_rebalance,0.0
2025-01-01,ALPHA.NS,BUY,44,537.79,23662.76,47.32552,-23710.085519999997,target_rebalance,0.0
2025-01-01,DELTA.NS,BUY,298,806.29,240274.41999999998,480.54884,-240754.96884,target_rebalance,0.0
2025-01-01,KAPPA.NS,BUY,17,634.41,10784.97,21.56994,-10806.539939999999,target_rebalance,0.0
2025-01-01,MU.NS,BUY,192,1251.19,240228.48,480.45696000000004,-240708.93696000002,target_rebalance,0.0
2025-02-03,ZETA.NS,SELL,165,1280.85,211340.24999999997,422.68049999999994,210917.56949999998,rank_or_trend_exit,0.0
2025-02-03,OMICRON.NS,SELL,15,1403.73,21055.95,42.111900000000006,21013.8381,target_rebalance,0.0
2025-02-03,XI.NS,SELL,5,1754.71,8773.55,17.5471,8756.0029,target_rebalance,0.0
2025-02-03,RHO.NS,SELL,52,406.39,21132.28,42.264559999999996,21090.01544,target_rebalance,0.0
2025-02-03,GAMMA.NS,SELL,390,128.44,50091.6,100.1832,49991.4168,target_rebalance,0.0
2025-02-03,ETA.NS,SELL,37,453.05,16762.850000000002,33.52570000000001,16729.324300000004,target_rebalance,0.0
2025-02-03,LAMBDA.NS,SELL,41,269.79,11061.390000000001,22.122780000000002,11039.267220000002,target_rebalance,0.0
2025-02-03,SIGMA.NS,BUY,175,1300.81,227641.75,455.2835,-228097.0335,target_rebalance,0.0
2025-02-03,KAPPA.NS,SELL,55,703.44,38689.200000000004,77.37840000000001,38611.8216,target_rebalance,0.0
2025-02-03,PI.NS,SELL,50,402.43,20121.5,40.243,20081.257,target_rebalance,0.0
2025-02-03,ALPHA.NS,SELL,13,525.21,6827.7300000000005,13.655460000000001,6814.0745400000005,target_rebalance,0.0
2025-02-03,DELTA.NS,SELL,22,824.65,18142.3,36.2846,18106.0154,target_rebalance,0.0
2025-02-03,MU.NS,SELL,10,1254.47,12544.7,25.0894,12519.6106,target_rebalance,0.0
2025-02-03,BETA.NS,BUY,1607,142.1,228354.69999999998,456.70939999999996,-228811.40939999997,target_rebalance,0.0
2025-03-03,SIGMA.NS,SELL,175,1215.67,212742.25,425.4845,212316.7655,rank_or_trend_exit,0.0
2025-03-03,XI.NS,SELL,27,1943.63,52478.01,104.95602000000001,52373.053980000004,target_rebalance,0.0
2025-03-03,OMICRON.NS,SELL,22,1433.17,31529.74,63.05948000000001,31466.68052,target_rebalance,0.0
2025-03-03,RHO.NS,SELL,81,417.82,33843.42,67.68684,33775.733159999996,target_rebalance,0.0
2025-03-03,MU.NS,SELL,31,1324.16,41048.96,82.09792,40966.86208,target_rebalance,0.0
2025-03-03,LAMBDA.NS,SELL,65,257.31,16725.15,33.450300000000006,16691.6997,target_rebalance,0.0
2025-03-03,KAPPA.NS,SELL,46,721.97,33210.62,66.42124000000001,33144.19876,target_rebalance,0.0
2025-03-03,DELTA.NS,SELL,56,913.93,51180.079999999994,102.36016,51077.71984,target_rebalance,0.0
2025-03-03,GAMMA.NS,SELL,132,122.18,16127.76,32.255520000000004,16095.50448,target_rebalance,0.0
2025-03-03,PI.NS,SELL,51,389.64,19871.64,39.74328,19831.89672,target_rebalance,0.0
2025-03-03,ETA.NS,SELL,55,447.41,24607.550000000003,49.21510000000001,24558.3349,target_rebalance,0.0
2025-03-03,NU.NS,BUY,378,531.24,200808.72,401.61744,-201210.33744,target_rebalance,0.0
2025-03-03,ALPHA.NS,SELL,34,502.45,17083.3,34.1666,17049.1334,target_rebalance,0.0
2025-03-03,BETA.NS,SELL,240,147.18,35323.200000000004,70.64640000000001,35252.55360000001,target_rebalance,0.0
2025-03-03,IOTA.NS,BUY,366,549.0,200934.0,401.868,-201335.868,target_rebalance,0.0
2025-03-03,THETA.NS,BUY,434,462.84,200872.56,401.74512,-201274.30512,target_rebalance,0.0
2025-04-01,LAMBDA.NS,SELL,781,247.77,193508.37,387.01674,193121.35326,rank_or_trend_exit,0.0
2025-04-01,GAMMA.NS,SELL,1646,108.91,179265.86,358.53172,178907.32828,rank_or_trend_exit,0.0
2025-04-01,ALPHA.NS,SELL,400,481.82,192728.0,385.456,192342.544,rank_or_trend_exit,0.0
2025-04-01,RHO.NS,BUY,36,495.54,17839.440000000002,35.67888000000001,-17875.11888,target_rebalance,0.0
2025-04-01,XI.NS,BUY,11,2236.47,24601.17,49.20234,-24650.372339999998,target_rebalance,0.0
2025-04-01,KAPPA.NS,BUY,52,777.43,40426.36,80.85272,-40507.21272,target_rebalance,0.0
2025-04-01,OMICRON.NS,BUY,28,1524.56,42687.68,85.37536,-42773.05536,target_rebalance,0.0
2025-04-01,DELTA.NS,BUY,37,995.25,36824.25,73.6485,-36897.8985,target_rebalance,0.0
2025-04-01,MU.NS,BUY,48,1286.35,61744.799999999996,123.4896,-61868.2896,target_rebalance,0.0
2025-04-01,PI.NS,BUY,132,395.48,52203.36,104.40672,-52307.76672,target_rebalance,0.0
2025-04-01,NU.NS,BUY,88,549.95,48395.600000000006,96.79120000000002,-48492.391200000005,target_rebalance,0.0
2025-04-01,IOTA.NS,BUY,104,545.65,56747.6,113.4952,-56861.095199999996,target_rebalance,0.0
2025-04-01,ETA.NS,BUY,157,423.19,66440.83,132.88166,-66573.71166,target_rebalance,0.0
2025-04-01,BETA.NS,BUY,475,139.31,66172.25,132.3445,-66304.5945,target_rebalance,0.0
2025-04-01,THETA.NS,BUY,158,433.09,68428.22,136.85644,-68565.07644,target_rebalance,0.0
2025-05-01,IOTA.NS,SELL,470,536.32,252070.40000000002,504.14080000000007,251566.25920000003,rank_or_trend_exit,0.0
2025-05-01,THETA.NS,SELL,592,410.48,243004.16,486.00832,242518.15168,rank_or_trend_exit,0.0
2025-05-01,RHO.NS,SELL,26,532.0,13832.0,27.664,13804.336,target_rebalance,0.0
2025-05-01,XI.NS,BUY,15,2017.07,30256.05,60.5121,-30316.5621,target_rebalance,0.0
2025-05-01,OMICRON.NS,BUY,2,1533.03,3066.06,6.1321200000000005,-3072.19212,target_rebalance,0.0
2025-05-01,KAPPA.NS,BUY,27,731.56,19752.12,39.504239999999996,-19791.624239999997,target_rebalance,0.0
2025-05-01,DELTA.NS,BUY,4,997.98,3991.92,7.983840000000001,-3999.90384,target_rebalance,0.0
2025-05-01,PI.NS,SELL,33,424.47,14007.51,28.01502,13979.49498,target_rebalance,0.0
2025-05-01,SIGMA.NS,BUY,190,1372.06,260691.4,521.3828,-261212.7828,target_rebalance,0.0
2025-05-01,MU.NS,BUY,1,1300.78,1300.78,2.60156,-1303.38156,target_rebalance,0.0
2025-05-01,ETA.NS,SELL,50,469.87,23493.5,46.987,23446.513,target_rebalance,0.0
2025-05-01,NU.NS,SELL,26,593.83,15439.580000000002,30.879160000000002,15408.700840000001,target_rebalance,0.0
2025-05-01,BETA.NS,SELL,9,142.55,1282.95,2.5659,1280.3841,target_rebalance,0.0
2025-05-01,ALPHA.NS,BUY,521,501.07,261057.47,522.11494,-261579.58494,target_rebalance,0.0
2025-06-02,XI.NS,SELL,129,1733.28,223593.12,447.18624,223145.93375999999,rank_or_trend_exit,0.0
2025-06-02,PI.NS,SELL,615,400.41,246252.15000000002,492.50430000000006,245759.64570000002,rank_or_trend_exit,0.0
2025-06-02,ALPHA.NS,SELL,521,499.6,260291.6,520.5832,259771.0168,rank_or_trend_exit,0.0
2025-06-02,RHO.NS,BUY,5,526.1,2630.5,5.261,-2635.761,target_rebalance,0.0
2025-06-02,OMICRON.NS,SELL,3,1559.9,4679.700000000001,9.3594,4670.3406,target_rebalance,0.0
2025-06-02,NU.NS,SELL,24,627.7,15064.800000000001,30.129600000000003,15034.6704,target_rebalance,0.0
2025-06-02,DELTA.NS,BUY,20,928.76,18575.2,37.150400000000005,-18612.3504,target_rebalance,0.0
2025-06-02,KAPPA.NS,BUY,25,682.95,17073.75,34.1475,-17107.8975,target_rebalance,0.0
2025-06-02,SIGMA.NS,SELL,24,1570.09,37682.159999999996,75.36431999999999,37606.795679999996,target_rebalance,0.0
2025-06-02,ETA.NS,SELL,4,472.9,1891.6,3.7832,1887.8167999999998,target_rebalance,0.0
2025-06-02,IOTA.NS,BUY,477,547.41,261114.56999999998,522.2291399999999,-261636.79914,target_rebalance,0.0
2025-06-02,MU.NS,SELL,15,1408.28,21124.2,42.248400000000004,21081.9516,target_rebalance,0.0
2025-06-02,ZETA.NS,BUY,198,1313.47,260067.06,520.13412,-260587.19412,target_rebalance,0.0
2025-06-02,BETA.NS,BUY,55,138.4,7612.0,15.224,-7627.224,target_rebalance,0.0
2025-06-02,EPSILON.NS,BUY,479,545.39,261241.81,522.48362,-261764.29362,target_rebalance,0.0
2025-07-01,KAPPA.NS,SELL,382,680.54,259966.28,519.93256,259446.34744,rank_or_trend_exit,0.0
2025-07-01,IOTA.NS,SELL,477,518.95,247539.15000000002,495.07830000000007,247044.07170000003,rank_or_trend_exit,0.0
2025-07-01,EPSILON.NS,SELL,479,498.09,238585.11,477.17022,238107.93978,rank_or_trend_exit,0.0
2025-07-01,RHO.NS,SELL,19,553.83,10522.77,21.045540000000003,10501.724460000001,target_rebalance,0.0
2025-07-01,DELTA.NS,SELL,25,1031.12,25777.999999999996,51.55599999999999,25726.443999999996,target_rebalance,0.0
2025-07-01,OMICRON.NS,SELL,6,1637.82,9826.92,19.65384,9807.26616,target_rebalance,0.0
2025-07-01,SIGMA.NS,SELL,9,1677.41,15096.69,30.19338,15066.49662,target_rebalance,0.0
2025-07-01,PI.NS,BUY,585,451.45,264098.25,528.1965,-264626.4465,target_rebalance,0.0
2025-07-01,NU.NS,BUY,17,609.7,10364.900000000001,20.729800000000004,-10385.6298,target_rebalance,0.0
2025-07-01,GAMMA.NS,BUY,2308,114.58,264450.64,528.90128,-264979.54128,target_rebalance,0.0
2025-07-01,MU.NS,BUY,1,1417.11,1417.11,2.8342199999999997,-1419.9442199999999,target_rebalance,0.0
2025-07-01,ETA.NS,BUY,39,446.9,17429.1,34.8582,-17463.958199999997,target_rebalance,0.0
2025-07-01,LAMBDA.NS,BUY,987,267.82,264338.33999999997,528.6766799999999,-264867.01667999994,target_rebalance,0.0
2025-07-01,BETA.NS,BUY,36,137.41,4946.76,9.89352,-4956.65352,target_rebalance,0.0
2025-07-01,ZETA.NS,SELL,2,1346.44,2692.88,5.38576,2687.49424,target_rebalance,0.0
2025-08-01,MU.NS,SELL,186,1275.91,237319.26,474.63852,236844.62148,rank_or_trend_exit,0.0
2025-08-01,GAMMA.NS,SELL,2308,111.33,256949.63999999998,513.89928,256435.74071999997,rank_or_trend_exit,0.0
2025-08-01,RHO.NS,BUY,42,535.35,22484.7,44.9694,-22529.669400000002,target_rebalance,0.0
2025-08-01,OMICRON.NS,SELL,20,1967.0,39340.0,78.68,39261.32,target_rebalance,0.0
2025-08-01,SIGMA.NS,SELL,7,1846.39,12924.730000000001,25.849460000000004,12898.880540000002,target_rebalance,0.0
2025-08-01,DELTA.NS,SELL,13,1144.67,14880.710000000001,29.76142,14850.94858,target_rebalance,0.0
2025-08-01,NU.NS,SELL,1,643.55,643.55,1.2871,642.2629,target_rebalance,0.0
2025-08-01,PI.NS,SELL,25,496.46,12411.5,24.823,12386.677,target_rebalance,0.0
2025-08-01,ETA.NS,SELL,14,482.03,6748.42,13.49684,6734.92316,target_rebalance,0.0
2025-08-01,BETA.NS,SELL,171,158.8,27154.800000000003,54.30960000000001,27100.490400000002,target_rebalance,0.0
2025-08-01,KAPPA.NS,BUY,376,738.64,277728.64,555.4572800000001,-278284.09728,target_rebalance,0.0
2025-08-01,ZETA.NS,BUY,16,1309.84,20957.44,41.91488,-20999.35488,target_rebalance,0.0
2025-08-01,IOTA.NS,BUY,512,542.98,278005.76,556.01152,-278561.77152,target_rebalance,0.0
2025-08-01,LAMBDA.NS,BUY,100,256.02,25602.0,51.204,-25653.204,target_rebalance,0.0
2025-09-01,ZETA.NS,SELL,212,1291.94,273891.28,547.7825600000001,273343.49744,rank_or_trend_exit,0.0
2025-09-01,RHO.NS,SELL,90,563.69,50732.100000000006,101.46420000000002,50630.635800000004,target_rebalance,0.0
2025-09-01,SIGMA.NS,SELL,27,1955.77,52805.79,105.61158,52700.178420000004,target_rebalance,0.0
2025-09-01,OMICRON.NS,SELL,8,1811.01,14488.08,28.97616,14459.10384,target_rebalance,0.0
2025-09-01,PI.NS,SELL,64,487.86,31223.04,62.44608,31160.59392,target_rebalance,0.0
2025-09-01,DELTA.NS,SELL,5,1013.71,5068.55,10.1371,5058.4129,target_rebalance,0.0
2025-09-01,BETA.NS,SELL,317,168.5,53414.5,106.82900000000001,53307.671,target_rebalance,0.0
2025-09-01,NU.NS,SELL,58,646.26,37483.08,74.96616,37408.11384,target_rebalance,0.0
2025-09-01,KAPPA.NS,SELL,69,786.73,54284.37,108.56874,54175.80126,target_rebalance,0.0
2025-09-01,ALPHA.NS,BUY,451,536.43,241929.92999999996,483.8598599999999,-242413.78985999996,target_rebalance,0.0
2025-09-01,ETA.NS,SELL,72,478.7,34466.4,68.9328,34397.4672,target_rebalance,0.0
2025-09-01,LAMBDA.NS,SELL,173,264.73,45798.29,91.59658,45706.69342,target_rebalance,0.0
2025-09-01,XI.NS,BUY,133,1813.89,241247.37000000002,482.49474000000004,-241729.86474000002,target_rebalance,0.0
2025-09-01,IOTA.NS,SELL,95,579.27,55030.65,110.0613,54920.5887,target_rebalance,0.0
2025-09-01,GAMMA.NS,BUY,2045,118.34,242005.30000000002,484.01060000000007,-242489.31060000003,target_rebalance,0.0
2025-10-01,DELTA.NS,SELL,238,959.78,228427.63999999998,456.85528,227970.78472,rank_or_trend_exit,0.0
2025-10-01,LAMBDA.NS,SELL,914,245.94,224789.16,449.57832,224339.58168,rank_or_trend_exit,0.0
2025-10-01,KAPPA.NS,SELL,307,723.47,222105.29,444.21058000000005,221661.07942,rank_or_trend_exit,0.0
2025-10-01,SIGMA.NS,BUY,7,1971.1,13797.699999999999,27.595399999999998,-13825.295399999999,target_rebalance,0.0
2025-10-01,OMICRON.NS,BUY,13,1766.56,22965.28,45.93056,-23011.21056,target_rebalance,0.0
2025-10-01,NU.NS,BUY,19,655.87,12461.53,24.923060000000003,-12486.45306,target_rebalance,0.0
2025-10-01,RHO.NS,BUY,88,498.28,43848.64,87.69728,-43936.33728,target_rebalance,0.0
2025-10-01,PI.NS,BUY,44,477.6,21014.4,42.028800000000004,-21056.4288,target_rebalance,0.0
2025-10-01,ALPHA.NS,SELL,1,572.71,572.71,1.14542,571.5645800000001,target_rebalance,0.0
2025-10-01,BETA.NS,BUY,223,155.43,34660.89,69.32178,-34730.21178,target_rebalance,0.0
2025-10-01,ETA.NS,BUY,12,498.83,5985.96,11.97192,-5997.93192,target_rebalance,0.0
2025-10-01,ZETA.NS,BUY,182,1415.52,257624.63999999998,515.24928,-258139.88927999997,target_rebalance,0.0
2025-10-01,EPSILON.NS,BUY,483,533.44,257651.52000000002,515.30304,-258166.82304000002,target_rebalance,0.0
2025-10-01,XI.NS,BUY,3,1890.88,5672.64,11.34528,-5683.98528,target_rebalance,0.0
2025-10-01,GAMMA.NS,BUY,117,119.3,13958.1,27.9162,-13986.0162,target_rebalance,0.0
2025-10-01,IOTA.NS,BUY,8,605.77,4846.16,9.69232,-4855.85232,target_rebalance,0.0
2025-11-03,OMICRON.NS,SELL,146,1532.72,223777.12,447.55424,223329.56576,rank_or_trend_exit,0.0
2025-11-03,SIGMA.NS,BUY,9,1902.62,17123.579999999998,34.247159999999994,-17157.827159999997,target_rebalance,0.0
2025-11-03,NU.NS,SELL,30,731.82,21954.600000000002,43.909200000000006,21910.690800000004,target_rebalance,0.0
2025-11-03,RHO.NS,SELL,16,530.31,8484.96,16.96992,8467.99008,target_rebalance,0.0
2025-11-03,BETA.NS,BUY,19,158.61,3013.59,6.02718,-3019.61718,target_rebalance,0.0
2025-11-03,IOTA.NS,SELL,19,654.48,12435.12,24.870240000000003,12410.24976,target_rebalance,0.0
2025-11-03,ETA.NS,SELL,41,558.51,22898.91,45.79782,22853.11218,target_rebalance,0.0
2025-11-03,PI.NS,BUY,4,488.65,1954.6,3.9092,-1958.5092,target_rebalance,0.0
2025-11-03,GAMMA.NS,SELL,13,123.84,1609.92,3.21984,1606.70016,target_rebalance,0.0
2025-11-03,KAPPA.NS,BUY,349,762.29,266039.20999999996,532.0784199999999,-266571.28841999994,target_rebalance,0.0
2025-11-03,ZETA.NS,SELL,8,1529.11,12232.88,24.46576,12208.41424,target_rebalance,0.0
2025-11-03,ALPHA.NS,BUY,8,580.57,4644.56,9.28912,-4653.849120000001,target_rebalance,0.0
2025-11-03,XI.NS,BUY,8,1843.81,14750.48,29.50096,-14779.980959999999,target_rebalance,0.0
2025-11-03,EPSILON.NS,BUY,26,522.53,13585.779999999999,27.17156,-13612.95156,target_rebalance,0.0
2025-12-01,RHO.NS,SELL,501,512.9,256962.9,513.9258,256448.9742,rank_or_trend_exit,0.0
2025-12-01,XI.NS,SELL,144,1780.48,256389.12,512.77824,255876.34175999998,rank_or_trend_exit,0.0
2025-12-01,SIGMA.NS,SELL,3,1990.23,5970.6900000000005,11.94138,5958.74862,target_rebalance,0.0
2025-12-01,BETA.NS,SELL,113,173.44,19598.72,39.19744,19559.52256,target_rebalance,0.0
2025-12-01,KAPPA.NS,SELL,23,831.77,19130.71,38.26142,19092.44858,target_rebalance,0.0
2025-12-01,NU.NS,BUY,26,696.98,18121.48,36.24296,-18157.72296,target_rebalance,0.0
2025-12-01,IOTA.NS,BUY,37,612.7,22669.9,45.339800000000004,-22715.239800000003,target_rebalance,0.0
2025-12-01,ZETA.NS,SELL,12,1670.28,20043.36,40.08672,20003.27328,target_rebalance,0.0
2025-12-01,ETA.NS,BUY,36,529.97,19078.920000000002,38.15784000000001,-19117.07784,target_rebalance,0.0
2025-12-01,ALPHA.NS,SELL,30,633.51,19005.3,38.0106,18967.289399999998,target_rebalance,0.0
2025-12-01,GAMMA.NS,SELL,29,128.02,3712.5800000000004,7.425160000000001,3705.1548400000006,target_rebalance,0.0
2025-12-01,PI.NS,BUY,58,450.42,26124.36,52.24872,-26176.60872,target_rebalance,0.0
2025-12-01,MU.NS,BUY,199,1362.35,271107.64999999997,542.2153,-271649.86529999995,target_rebalance,0.0
2025-12-01,EPSILON.NS,SELL,15,548.96,8234.400000000001,16.4688,8217.9312,target_rebalance,0.0
2025-12-01,LAMBDA.NS,BUY,1034,262.43,271352.62,542.70524,-271895.32524,target_rebalance,0.0
